Model,IFEval,BBH,MATH Lvl 5,GPQA,MUSR,MMLU-PRO
0-hero/Matter-0.2-7B-DPO,0.3110271231658515,0.2000889284126278,0.1070475767007558,0.1186082703423744,0.2834593152512227,0.0771453979546465
01-ai/Yi-1.5-34B,0.2563361493997332,0.8185860382392174,0.6259448643841707,0.9171854157403292,0.5829257447754558,0.8554913294797688
01-ai/Yi-1.5-34B-32K,0.2899066251667407,0.8250333481547354,0.6277234326367275,0.9121831925300132,0.7718986216096043,0.8584926634059582
01-ai/Yi-1.5-34B-Chat,0.7285460204535349,0.8443752779012894,0.7999110715873722,0.9157403290351268,0.7199866607381058,0.840373499333037
01-ai/Yi-1.5-34B-Chat-16K,0.5106714095153402,0.8479324144064029,0.7331036016007114,0.837149844375278,0.7565584704313028,0.8440417963539351
01-ai/Yi-1.5-6B,0.2323254779902178,0.3288128056914184,0.3610493552690084,0.706980880391285,0.7347710093374833,0.4192974655402401
01-ai/Yi-1.5-6B-Chat,0.6151622943530458,0.3581591818586038,0.6428412627834593,0.5832592263228101,0.7702312138728323,0.4361938639395287
01-ai/Yi-1.5-9B,0.2681191640729213,0.5351267229879947,0.5187861271676301,0.9453090262338816,0.6529568697198755,0.7117607825700312
01-ai/Yi-1.5-9B-32K,0.1654068474877723,0.4808803912850156,0.4987772343263673,0.9039573143619386,0.5530235660293463,0.6321698532681191
01-ai/Yi-1.5-9B-Chat,0.7261004891062695,0.7630057803468208,0.7580035571365051,0.8231436193863939,0.7052023121387283,0.7318808359270788
01-ai/Yi-1.5-9B-Chat-16K,0.4359715429079591,0.5726989773232548,0.6714095153401511,0.661849710982659,0.5004446420631392,0.7363272565584704
01-ai/Yi-34B,0.2821253890618052,0.7183192530013339,0.2881280569141841,0.918297020898177,0.4746554024010671,0.8158070253445976
01-ai/Yi-34B-200K,0.0564695420186749,0.7345486883059137,0.3190306803023566,0.8982881280569142,0.459092930191196,0.841929746554024
01-ai/Yi-34B-Chat,0.5401289461983103,0.7730102267674522,0.344041796353935,0.837149844375278,0.4004001778568252,0.7458870609159627
01-ai/Yi-6B,0.2630057803468208,0.2896843041351712,0.117163183637172,0.2396620720320142,0.3325922632281013,0.3592707870164517
01-ai/Yi-6B-200K,0.0153401511783014,0.3014673188083592,0.1296131614050689,0.3680524677634504,0.8717207647843486,0.3208092485549133
01-ai/Yi-6B-Chat,0.3221431747443308,0.2572254335260115,0.1003779457536682,0.4969986660738106,0.1700755891507336,0.3865051133837261
01-ai/Yi-9B,0.242996887505558,0.4399733214762116,0.3101378390395731,0.7379946642952423,0.4301911960871498,0.5391285015562473
01-ai/Yi-9B-200K,0.1691863050244553,0.4148510449088484,0.3610493552690084,0.7194308581591818,0.6589595375722543,0.5586927523343709
01-ai/Yi-Coder-9B-Chat,0.5629168519341929,0.4017341040462427,0.2317696754112939,0.0262338817252112,0.3743886171631836,0.248888394842152
1-800-LLMs/Qwen-2.5-14B-Hindi,0.7032014228546021,0.9019564250778124,0.8411516229435304,0.9099599822143176,0.786571809693197,0.9158514895509116
1-800-LLMs/Qwen-2.5-14B-Hindi-Custom-Instruct,0.2859048465984882,0.8641618497109826,0.8260337927967986,0.9244108492663408,0.8303690529124055,0.8931747443308137
1024m/PHI-4-Hindi,0.002667852378835,0.9524232992441084,0.7675633614939973,0.9889951089373056,0.9713205869275232,0.9076256113828368
1024m/QWEN-14B-B100,0.9358603823921744,0.911293908403735,0.9889951089373056,0.878501556247221,0.4902178746109382,0.8969542018674966
152334H/miqu-1-70b-sf,0.6194975544686527,0.8319253001333926,0.5589150733659404,0.878501556247221,0.8808359270787016,0.7680080035571365
1TuanPham/T-VisStar-7B-v0.1,0.3473766118274788,0.5259004001778568,0.3190306803023566,0.4027345486883059,0.746776345042241,0.4405291240551356
1TuanPham/T-VisStar-v0.1,0.3473766118274788,0.5259004001778568,0.3190306803023566,0.4027345486883059,0.746776345042241,0.4405291240551356
3rd-Degree-Burn/L-3.1-Science-Writer-8B,0.4448643841707425,0.4893285904846599,0.4864384170742552,0.2944642063139173,0.6276122721209426,0.5699199644286349
3rd-Degree-Burn/Llama-3.1-8B-Squareroot,0.154290795909293,0.1831925300133392,0.7925744775455759,0.0914851044908848,0.0084481991996442,0.1887505558025789
3rd-Degree-Burn/Llama-3.1-8B-Squareroot-v1,0.2625611382836816,0.1320586927523343,0.4388617163183637,0.0852601156069364,0.0723654957759004,0.0433526011560693
3rd-Degree-Burn/Llama-Squared-8B,0.2463317029791018,0.3181413961760783,0.3190306803023566,0.2673410404624277,0.0830369052912405,0.242996887505558
4season/final_model_test_v2,0.2966874166296132,0.8734993330369053,0.4238550466874166,0.7922409959982214,0.6791907514450867,0.5240106714095153
AALF/FuseChat-Llama-3.1-8B-Instruct-preview,0.8560471320586928,0.5470208981769675,0.7786794130724767,0.6229435304579813,0.295131169408626,0.6163850600266785
AALF/FuseChat-Llama-3.1-8B-SFT-preview,0.868830591373944,0.6176078257003113,0.7568919519786572,0.6130502445531347,0.4793241440640284,0.6218319253001334
AALF/gemma-2-27b-it-SimPO-37K,0.1823032458870609,0.2383281458425967,0.094041796353935,0.3523788350377946,0.065028901734104,0.2140951534015117
AALF/gemma-2-27b-it-SimPO-37K-100steps,0.223654957759004,0.2374388617163183,0.1477323254779902,0.4331925300133392,0.0084481991996442,0.2229879946642952
AELLM/gemma-2-aeria-infinity-9b,0.9141840818141396,0.8114717652289907,0.7354379724321921,0.8200311249444198,0.4390840373499333,0.6884170742552246
AELLM/gemma-2-lyco-infinity-9b,0.8742774566473989,0.789239662072032,0.6569586482881281,0.7966874166296132,0.430635838150289,0.6469542018674966
AGI-0/Art-v0-3B,0.2972432192085371,0.1751889728768341,0.7771231658514896,0.1186082703423744,0.245664739884393,0.0901511783014673
AGI-0/Artificium-llama3.1-8B-001,0.6262783459315251,0.2890173410404624,0.5942641173855047,0.203757225433526,0.2542240995998221,0.4326367274344153
AGI-0/smartllama3.1-8B-001,0.3380391285015562,0.3799466429524233,0.5762561138283682,0.6321698532681191,0.7883503779457537,0.5105602489995553
AI-MO/NuminaMath-7B-CoT,0.240329035126723,0.2867941307247665,0.7944642063139173,0.203757225433526,0.0115606936416184,0.3255891507336594
AI-MO/NuminaMath-7B-TIR,0.2466651845264562,0.2550022232103157,0.6400622498888395,0.1066029346376167,0.2073143619386394,0.2945753668297021
AI-Sweden-Models/Llama-3-8B-instruct,0.1807469986660738,0.2759004001778568,0.2232103156958648,0.203757225433526,0.9470875944864384,0.2713428190306803
AI-Sweden-Models/gpt-sw3-40b,0.0471320586927523,0.1471765228990662,0.1258337038683859,0.0262338817252112,0.1318363717207648,0.1058248110271231
AI4free/Dhanishtha,0.1925300133392619,0.1742996887505558,0.7852378835037794,0.06447309915518,0.0827034237438861,0.1731880835927078
AI4free/t2,0.3832814584259671,0.0233437083148065,0.6920853712761227,0.098377056469542,0.2741218319253001,0.0616940862605602
AIDC-AI/Marco-o1,0.5544686527345487,0.6976433970653624,0.8792796798577145,0.1186082703423744,0.4957759004001779,0.7483325922632281
Aashraf995/Creative-7B-nerd,0.545131169408626,0.7652289906625167,0.8305913739439751,0.7885726989773233,0.8092485549132948,0.8352601156069365
Aashraf995/Gemma-Evo-10B,0.8778345931525122,0.8259226322810138,0.7525566918630503,0.8909515340151178,0.865051133837261,0.7747887950200089
Aashraf995/Qwen-Evo-7B,0.5514673188083593,0.7830146731880836,0.828479324144064,0.7851267229879947,0.8334815473543797,0.8277012005335704
Aashraf995/QwenStock-14B,0.5924855491329479,0.9273010226767452,0.8614939973321476,0.9723210315695864,0.9308581591818588,0.951645175633615
AbacusResearch/Jallabi-34B,0.3394842152067585,0.8285904846598489,0.2917963539350822,0.8407069808803913,0.9524232992441084,0.8568252556691863
Ahdoot/StructuredThinker-v0.3-MoreStructure,0.430080035571365,0.433303690529124,0.8095820364606492,0.5259004001778568,0.4982214317474433,0.5525789239662072
Ahdoot/Test_StealthThinker,0.437083148065807,0.3888394842152067,0.6728546020453535,0.5162294353045798,0.6447309915518008,0.5463539350822588
AicoresSecurity/Cybernet-Sec-3B-R1-V0,0.7590040017785683,0.3341485104490885,0.5247887950200089,0.1740773677189862,0.0810360160071142,0.3676078257003112
AicoresSecurity/Cybernet-Sec-3B-R1-V0-Coder,0.8425967096487328,0.3401511783014673,0.618830591373944,0.2673410404624277,0.0840373499333037,0.4313028012449977
AicoresSecurity/Cybernet-Sec-3B-R1-V1,0.7374388617163183,0.2859048465984882,0.622610048910627,0.1459537572254335,0.0810360160071142,0.3272565584704313
AicoresSecurity/Cybernet-Sec-3B-R1-V1.1,0.7979101823032458,0.305913739439751,0.6659626500666963,0.2584481991996443,0.2232103156958648,0.3950644730991551
Alepach/notHumpback-M0,0.1722987994664295,0.0042240995998221,0.1337261004891062,0.0262338817252112,0.1318363717207648,0.0320142285460204
Alepach/notHumpback-M1,0.1525122276567363,0.0164517563361494,0.117163183637172,0.0262338817252112,0.0909293019119608,0.008559359715429
Alepach/notHumpback-M1-v2,0.161293908403735,0.0040017785682525,0.151622943530458,0.1330591373943975,0.1066029346376167,0.0320142285460204
Alibaba-NLP/gte-Qwen2-7B-instruct,0.1578479324144064,0.3261449533125833,0.3508225878168075,0.0262338817252112,0.3023566029346376,0.4678746109381947
Alsebay/Qwen2.5-7B-test-novelist,0.6403957314361939,0.5329035126722989,0.7691196087149844,0.4605380168963984,0.9059582036460648,0.6896398399288572
Amaorynho/BBAI2006,0.0465762561138283,0.0101156069364161,0.0141173855046687,0.06447309915518,0.1258337038683859,0.0371276122721209
Amaorynho/BBAI270V4,0.1198310360160071,0.0535793686082703,0.0619164072921298,0.0262338817252112,0.1043797243219208,0.0264562027567807
Amaorynho/BBAIIFEV1,0.9786571809693198,0.6378390395731436,0.6996442863494886,0.6791907514450867,0.5562472209871053,0.6850822587816807
Amaorynho/BBAI_375,0.0465762561138283,0.0101156069364161,0.0141173855046687,0.06447309915518,0.1258337038683859,0.0371276122721209
Amu/t1-1.5B,0.3219208537127612,0.2361049355269008,0.2881280569141841,0.0262338817252112,0.0329035126722988,0.2654513116940862
Amu/t1-3B,0.3130280124499777,0.2372165406847488,0.5981547354379725,0.0262338817252112,0.0611382836816362,0.1071587372165406
ArliAI/ArliAI-RPMax-12B-v1.1,0.6400622498888395,0.3792796798577145,0.512894619831036,0.3680524677634504,0.2705646954201867,0.4841040462427746
ArliAI/Llama-3.1-8B-ArliAI-RPMax-v1.1,0.7594486438417074,0.4759893285904846,0.581702979101823,0.3861716318363717,0.2605602489995554,0.5323477100933748
Arthur-LAGACHERIE/Precis-1B-Instruct,0.3546020453534904,0.11827478879502,0.0420186749666518,0.203757225433526,0.1463983992885727,0.1201645175633615
Artples/L-MChat-7b,0.6307247665629169,0.3694975544686527,0.451089373054691,0.6229435304579813,0.3826144953312583,0.4613161405068919
Artples/L-MChat-Small,0.309693196976434,0.4221876389506447,0.2194308581591818,0.2218763895064473,0.4497554468652734,0.2521120497999111
Aryanne/QwentileSwap,0.8856158292574478,0.9902178746109382,0.9169630947087596,0.919853268119164,0.9295242329924412,0.9977767896843042
Aryanne/SHBA,0.944530902623388,0.614495331258337,0.6740773677189862,0.6229435304579813,0.5762561138283682,0.7014228546020453
Aryanne/SuperHeart,0.620942641173855,0.5907069808803913,0.6323921742996887,0.5744775455758114,0.8003557136505114,0.710204535349044
AtAndDev/Qwen2.5-1.5B-continuous-learnt,0.5202312138728323,0.2930191196087149,0.3930635838150289,0.203757225433526,0.1840818141396176,0.312361049355269
Ateron/Glowing-Forest-12B,0.3452645620275678,0.7176522899066252,0.4030680302356603,0.8172521120497999,0.8191418408181413,0.6084926634059582
Ateron/Lotus-Magpic,0.7514450867052023,0.6229435304579813,0.4751000444642063,0.5930413517118719,0.701645175633615,0.5118941751889728
Ateron/Way_of_MagPicaro,0.2345486883059137,0.678523788350378,0.3261449533125833,0.8200311249444198,0.8977323254779902,0.5274566473988439
AuraIndustries/Aura-4B,0.3771676300578034,0.3399288572698977,0.2433303690529124,0.4259670964873277,0.3445975989328591,0.2883503779457537
AuraIndustries/Aura-8B,0.8588261449533126,0.5520231213872833,0.622610048910627,0.4105157847932414,0.4470875944864384,0.6931969764339706
AuraIndustries/Aura-MoE-2x4B,0.5191196087149844,0.3076923076923077,0.1947532236549577,0.2673410404624277,0.4866607381058248,0.2785682525566919
AuraIndustries/Aura-MoE-2x4B-v2,0.555357936860827,0.3105824811027123,0.1976433970653623,0.4259670964873277,0.5253445975989328,0.2734548688305914
Aurel9/testmerge-7b,0.3990662516674077,0.6305024455313473,0.3571587372165407,0.5656958648288128,0.8788350377945754,0.3820586927523344
Ayush-Singh/Llama1B-sft-2,0.0385726989773232,0.0031124944419742,0.0141173855046687,0.0262338817252112,0.1258337038683859,0.0297910182303245
Azure99/Blossom-V6-14B,0.7646731880835927,0.5302356602934638,0.9793241440640283,0.1656291685193419,0.4299688750555802,0.8437083148065807
Azure99/Blossom-V6-7B,0.6705202312138728,0.4977767896843041,0.9399733214762116,0.6130502445531347,0.7396620720320143,0.7547799021787461
Azure99/blossom-v5-32b,0.6251667407736772,0.8210315695864829,0.6868608270342375,0.6859715429079591,0.3979546465095598,0.7685638061360605
Azure99/blossom-v5-llama3-8b,0.4610938194753223,0.2754557581147177,0.2881280569141841,0.1934192974655402,0.2605602489995554,0.2296576256113828
Azure99/blossom-v5.1-34b,0.6906402845709204,0.8405958203646064,0.7876834148510449,0.6706313917296576,0.3423743886171632,0.8448199199644286
Azure99/blossom-v5.1-9b,0.6082703423743886,0.6754112939084037,0.7309915518008003,0.8269230769230769,0.3775011116051578,0.733325922632281
BAAI/Gemma2-9B-IT-Simpo-Infinity-Preference,0.29568697198755,0.8125833703868386,0.4667630057803468,0.8431525122276567,0.38172521120498,0.6906402845709204
BAAI/Infinity-Instruct-3M-0613-Llama3-70B,0.8104713205869275,0.9424188528234771,0.7379946642952423,0.9020675855935972,0.861271676300578,0.8600489106269453
BAAI/Infinity-Instruct-3M-0613-Mistral-7B,0.6342819030680302,0.4837705646954202,0.4162961316140507,0.5162294353045798,0.7317696754112939,0.4259670964873277
BAAI/Infinity-Instruct-3M-0625-Llama3-70B,0.8953979546465095,0.9475322365495776,0.7568919519786572,0.9004001778568252,0.9072921298354824,0.8464873277012005
BAAI/Infinity-Instruct-3M-0625-Llama3-8B,0.7265451311694087,0.4835482436638506,0.4388617163183637,0.3030235660293464,0.2755669186305024,0.4484215206758559
BAAI/Infinity-Instruct-3M-0625-Mistral-7B,0.7067585593597154,0.4771009337483325,0.3979546465095598,0.4181858603823922,0.6674077367718986,0.4439751000444642
BAAI/Infinity-Instruct-3M-0625-Qwen2-7B,0.6731880835927079,0.6911960871498444,0.6979768786127167,0.6998666073810582,0.308581591818586,0.7284348599377501
BAAI/Infinity-Instruct-3M-0625-Yi-1.5-9B,0.6200533570475767,0.7149844375277902,0.6459537572254336,0.8909515340151178,0.8663850600266785,0.7487772343263672
BAAI/Infinity-Instruct-7M-0729-Llama3_1-8B,0.7362160960426857,0.5492441084926634,0.5689195197865718,0.4789906625166741,0.2595598043574922,0.4427523343708315
BAAI/Infinity-Instruct-7M-0729-mistral-7B,0.7392174299688751,0.4740995998221431,0.4211871943085816,0.4504224099599822,0.5007781236104936,0.4524232992441085
BAAI/Infinity-Instruct-7M-Gen-Llama3_1-70B,0.8788350377945754,0.9528679413072476,0.7813472654513117,0.939195197865718,0.8746109381947532,0.8492663405958204
BAAI/Infinity-Instruct-7M-Gen-Llama3_1-8B,0.7362160960426857,0.5492441084926634,0.5689195197865718,0.4789906625166741,0.2595598043574922,0.4427523343708315
BAAI/Infinity-Instruct-7M-Gen-mistral-7B,0.737661182747888,0.4740995998221431,0.4211871943085816,0.4504224099599822,0.5007781236104936,0.4524232992441085
BAAI/OPI-Llama-3.1-8B-Instruct,0.1320586927523343,0.1978657180969319,0.1003779457536682,0.2944642063139173,0.1718541574032903,0.222543352601156
BEE-spoke-data/Meta-Llama-3-8Bee,0.1133837261004891,0.3692752334370831,0.2734548688305914,0.706980880391285,0.3005780346820809,0.4420853712761227
BEE-spoke-data/smol_llama-101M-GQA,0.0397954646509559,0.0615829257447754,0.0520231213872832,0.098377056469542,0.2103156958648288,0.0192307692307692
BEE-spoke-data/smol_llama-220M-GQA,0.1783014673188083,0.0555802578923966,0.0780346820809248,0.0852601156069364,0.4400844819919964,0.0679190751445086
BEE-spoke-data/smol_llama-220M-GQA-fineweb_edu,0.1188305913739439,0.0300133392618941,0.0552467763450422,0.1186082703423744,0.7805691418408182,0.0433526011560693
BEE-spoke-data/smol_llama-220M-openhermes,0.058025789239662,0.0575811471765229,0.0780346820809248,0.2218763895064473,0.2994664295242329,0.0335704757670075
BEE-spoke-data/tFINE-900m-e16-d32-flan,0.0520231213872832,0.0880391285015562,0.0716985326811916,0.0262338817252112,0.1798577145397954,0.108603823921743
BEE-spoke-data/tFINE-900m-e16-d32-flan-infinity-instruct-7m-T2T_en-1024,0.032792352156514,0.0935971542907959,0.0780346820809248,0.0767007558915073,0.7605602489995553,0.1022676745220097
BEE-spoke-data/tFINE-900m-e16-d32-instruct_2e,0.0411293908403735,0.1013783903957314,0.1003779457536682,0.1186082703423744,0.5812583370386839,0.1022676745220097
BEE-spoke-data/tFINE-900m-instruct-orpo,0.0340151178301467,0.06447309915518,0.117163183637172,0.1186082703423744,0.0266785237883503,0.0694753223654957
BSC-LT/salamandra-7b,0.0377945753668297,0.200533570475767,0.0420186749666518,0.2485549132947976,0.0777012005335704,0.1263895064473099
BSC-LT/salamandra-7b-instruct,0.1921965317919075,0.2325477990217874,0.0619164072921298,0.1836371720764784,0.5120053357047577,0.19619831036016
Ba2han/Llama-Phi-3_DoRA,0.6142730102267675,0.7674522009782125,0.5473543797243219,0.7885726989773233,0.4675411293908403,0.711316140506892
Baptiste-HUVELLE-10/LeTriomphant2.2_ECE_iLAB,0.6058248110271232,0.9957759004001778,0.931191640729213,0.9901067140951534,0.8792796798577145,0.99466429524233
BenevolenceMessiah/Qwen2.5-72B-2x-Instruct-TIES-v1.0,0.661293908403735,0.9968875055580256,0.9953312583370388,0.919853268119164,0.6508448199199645,0.9886616273899512
BenevolenceMessiah/Yi-Coder-9B-Chat-Instruct-TIES-MoE-v1.0,0.2773454868830591,0.4228546020453534,0.2401067140951534,0.1656291685193419,0.4315251222765673,0.2840151178301467
BlackBeenie/Bloslain-8B-v0.2,0.5947087594486439,0.5402401067140952,0.6106047132058693,0.6321698532681191,0.52690084481992,0.57258781680747
BlackBeenie/Llama-3.1-8B-OpenO1-SFT-v0.1,0.6133837261004891,0.4044019564250778,0.6242774566473989,0.2312138728323699,0.2780124499777679,0.5122276567363273
BlackBeenie/Llama-3.1-8B-pythonic-passthrough-merge,0.167185415740329,0.1920853712761227,0.0839261894175188,0.2312138728323699,0.2259893285904846,0.1114939973321476
BlackBeenie/Neos-Gemma-2-9b,0.7072032014228546,0.7212094264117386,0.469875500222321,0.7700088928412628,0.2810137839039573,0.7336594041796354
BlackBeenie/Neos-Llama-3.1-8B,0.5814806580702534,0.3148065807025345,0.5842596709648733,0.2312138728323699,0.2787905735882614,0.449977767896843
BlackBeenie/Neos-Llama-3.1-base,0.0861493997332147,0.0269008448199199,0.0141173855046687,0.0262338817252112,0.1318363717207648,0.0247887950200088
BlackBeenie/Neos-Phi-3-14B-v0.1,0.4044019564250778,0.8646064917741219,0.6714095153401511,0.6229435304579813,0.5324588706091596,0.8452645620275678
BlackBeenie/llama-3-luminous-merged,0.4567585593597154,0.5400177856825256,0.4347487772343263,0.4789906625166741,0.5382392174299688,0.6373943975100045
BlackBeenie/llama-3.1-8B-Galore-openassistant-guanaco,0.2336594041796354,0.5709204090706981,0.3610493552690084,0.5656958648288128,0.7954646509559804,0.4396398399288572
Bllossom/llama-3.2-Korean-Bllossom-AICA-5B,0.6173855046687416,0.2799021787461094,0.5556914184081814,0.5455758114717653,0.2823477100933748,0.2899066251667407
BoltMonkey/DreadMix,0.8423743886171632,0.697865718096932,0.6310582481102712,0.5560248999555358,0.7503334815473544,0.6485104490884838
BoltMonkey/NeuralDaredevil-SuperNova-Lite-7B-DARETIES-abliterated,0.97309915518008,0.5442418852823477,0.5375722543352601,0.3608270342374388,0.4626500666963095,0.6169408626056024
BoltMonkey/SuperNeuralDreadDevil-8b,0.9308581591818588,0.6204979991107159,0.4534237438861716,0.4699866607381058,0.3952867941307247,0.5874833259226323
BrainWave-ML/llama3.2-3B-maths-orpo,0.1287238772787905,0.0317919075144508,0.0141173855046687,0.1186082703423744,0.2217652289906625,0.0824811027123165
BramVanroy/GEITje-7B-ultra,0.3634948866162739,0.2174299688750555,0.117163183637172,0.1656291685193419,0.0601378390395731,0.2167630057803468
BramVanroy/fietje-2,0.1347265451311694,0.2414406402845709,0.117163183637172,0.0767007558915073,0.2537794575366829,0.2156514006224988
BramVanroy/fietje-2-chat,0.266118274788795,0.2681191640729213,0.1337261004891062,0.0262338817252112,0.1522899066251667,0.2190973766118275
BramVanroy/fietje-2-instruct,0.2515562472209871,0.2654513116940862,0.154846598488217,0.0262338817252112,0.1372832369942196,0.2210982658959537
CYFRAGOVPL/Llama-PLLuM-8B-base,0.2636727434415296,0.3034682080924855,0.213428190306803,0.4027345486883059,0.5025566918630503,0.2996887505558026
CYFRAGOVPL/Llama-PLLuM-8B-chat,0.3372610048910627,0.2469986660738105,0.2050911516229435,0.1836371720764784,0.6393952867941307,0.2925744775455758
CYFRAGOVPL/PLLuM-12B-base,0.2548910626945309,0.3176967541129391,0.183303690529124,0.4504224099599822,0.565028901734104,0.2965762561138284
CYFRAGOVPL/PLLuM-12B-chat,0.2996887505558026,0.3183637172076478,0.1296131614050689,0.1330591373943975,0.7985771453979547,0.3265895953757225
CYFRAGOVPL/PLLuM-12B-nc-base,0.1820809248554913,0.2894619831036016,0.151622943530458,0.2485549132947976,0.1357269897732325,0.2637839039573144
CYFRAGOVPL/PLLuM-12B-nc-chat,0.2556691863050244,0.3479324144064028,0.0885949310804802,0.3765006669630947,0.7100933748332592,0.2713428190306803
CarrotAI/Llama-3.2-Rabbit-Ko-3B-Instruct,0.857492218763895,0.321476211649622,0.719875500222321,0.2584481991996443,0.1968652734548688,0.3159181858603824
CarrotAI/Llama-3.2-Rabbit-Ko-3B-Instruct-2412,0.5563583815028902,0.302134281903068,0.6659626500666963,0.4789906625166741,0.3221431747443308,0.4148510449088484
Casual-Autopsy/L3-Umbral-Mind-RP-v2.0-8B,0.8463761671854158,0.6151622943530458,0.5035571365051134,0.4181858603823922,0.2694530902623388,0.6119386393952868
CausalLM/14B,0.2512227656736327,0.3788350377945754,0.3951756336149399,0.5930413517118719,0.6051578479324144,0.4424188528234771
CausalLM/34b-beta,0.2814584259670964,0.757003112494442,0.2734548688305914,0.8663850600266785,0.3260337927967985,0.9328590484659848
CausalLM/preview-1-hf,0.6742996887505558,0.2003112494441974,0.1915295686971987,0.1567363272565584,0.0266785237883503,0.5463539350822588
Changgil/K2S3-14b-v0.2,0.3043574922187639,0.3706091596265006,0.3190306803023566,0.3608270342374388,0.3219208537127612,0.2781236104935526
Changgil/K2S3-v0.1,0.3082481102712316,0.3761671854157403,0.262338817252112,0.1836371720764784,0.3670520231213873,0.2646731880835927
ClaudioItaly/Albacus,0.5331258337038683,0.5789239662072032,0.3798354824366385,0.2673410404624277,0.5403512672298799,0.4270787016451756
ClaudioItaly/Book-Gut12B,0.4008448199199644,0.6900844819919965,0.4818808359270787,0.6421742996887505,0.9055135615829256,0.5821476211649622
ClaudioItaly/Evolutionstory-7B-v2.2,0.562361049355269,0.5778123610493553,0.3798354824366385,0.3030235660293464,0.5403512672298799,0.4249666518452645
ClaudioItaly/intelligence-cod-rag-7b-v3,0.8196976433970654,0.6951978657180969,0.8847265451311694,0.276345042240996,0.5425744775455759,0.7617830146731881
CohereForAI/aya-23-35B,0.7694530902623388,0.6991996442863495,0.2080924855491329,0.4969986660738106,0.7427745664739884,0.4777678968430413
CohereForAI/aya-23-8B,0.5401289461983103,0.3030235660293464,0.1219430858159181,0.3947309915518008,0.4055135615829257,0.2348821698532681
CohereForAI/aya-expanse-32b,0.872610048910627,0.7839039573143619,0.6259448643841707,0.7851267229879947,0.3061360604713206,0.7517785682525567
CohereForAI/aya-expanse-8b,0.7592263228101378,0.4690973766118275,0.4324144064028457,0.5930413517118719,0.2174299688750555,0.3639395286794131
CohereForAI/c4ai-command-r-plus,0.9240773677189862,0.7903512672298799,0.411293908403735,0.6229435304579813,0.954868830591374,0.7358826144953312
CohereForAI/c4ai-command-r-plus-08-2024,0.9095153401511784,0.8203646064917741,0.5556914184081814,0.878501556247221,0.9455313472654512,0.8190306803023566
CohereForAI/c4ai-command-r-v01,0.8010226767452201,0.6869719875500222,0.2080924855491329,0.6421742996887505,0.851044908848377,0.4805469097376612
CohereForAI/c4ai-command-r7b-12-2024,0.931191640729213,0.7347710093374833,0.8181413961760783,0.661849710982659,0.5137839039573143,0.5382392174299688
Columbia-NLP/LION-Gemma-2b-dpo-v1.0,0.308581591818586,0.2318808359270787,0.2473321476211649,0.0262338817252112,0.4868830591373944,0.176856380613606
Columbia-NLP/LION-Gemma-2b-odpo-v1.0,0.2847932414406403,0.2261004891062694,0.3737216540684748,0.0262338817252112,0.6547354379724322,0.1816362827923521
Columbia-NLP/LION-Gemma-2b-sft-v1.0,0.3588261449533126,0.2267674522009782,0.3679413072476656,0.0852601156069364,0.3950644730991551,0.1934192974655402
Columbia-NLP/LION-LLaMA-3-8b-dpo-v1.0,0.5829257447754558,0.5306803023566029,0.5296798577145398,0.3608270342374388,0.5157847932414407,0.4417518897287683
Columbia-NLP/LION-LLaMA-3-8b-odpo-v1.0,0.3977323254779902,0.5342374388617164,0.4942196531791907,0.4027345486883059,0.4777678968430413,0.4220764784348599
Columbia-NLP/LION-LLaMA-3-8b-sft-v1.0,0.3777234326367274,0.548910626945309,0.5187861271676301,0.3271453979546465,0.8321476211649622,0.4457536682970209
CombinHorizon/Josiefied-abliteratedV4-Qwen2.5-14B-Inst-BaseMerge-TIES,0.9901067140951534,0.8825033348154735,0.9827701200533572,0.7804579813250333,0.6944197421076034,0.8756113828368164
CombinHorizon/Rombos-Qwen2.5-7B-Inst-BaseMerge-TIES,0.9125166740773676,0.7029791018230325,0.9640951534015118,0.5355713650511338,0.424188528234771,0.7870164517563362
CombinHorizon/YiSM-blossom5.1-34B-SLERP,0.596820809248555,0.8626056024899955,0.7379946642952423,0.8959537572254336,0.7874610938194754,0.8613828368163629
CombinHorizon/huihui-ai-abliterated-Qwen2.5-32B-Inst-BaseMerge-TIES,0.9884393063583816,0.9808803912850156,0.9964428634948866,0.8407069808803913,0.6569586482881281,0.9911071587372166
CombinHorizon/huihui-ai-abliteratedV2-Qwen2.5-14B-Inst-BaseMerge-TIES,0.9875500222321032,0.8761671854157403,0.9904401956425076,0.7138728323699421,0.6818586038239217,0.8717207647843486
CombinHorizon/zetasepic-abliteratedV2-Qwen2.5-32B-Inst-BaseMerge-TIES,0.9931080480213428,0.9868830591373944,0.9957759004001778,0.919853268119164,0.7796798577145398,0.9899955535793686
ContactDoctor/Bio-Medical-3B-CoT-012025,0.3468208092485549,0.3330369052912405,0.7497776789684304,0.6130502445531347,0.1522899066251667,0.3441529568697198
ContactDoctor/Bio-Medical-Llama-3-8B,0.4813250333481547,0.4070698088039128,0.3652734548688306,0.8200311249444198,0.0723654957759004,0.5686971987550022
CoolSpring/Qwen2-0.5B-Abyme,0.1090484659848821,0.0282347710093374,0.1877501111605158,0.0703646064917741,0.0588039128501556,0.111827478879502
CoolSpring/Qwen2-0.5B-Abyme-merge2,0.1238328145842596,0.0753668297020898,0.2025344597598933,0.1330591373943975,0.1911960871498443,0.1260560248999555
CoolSpring/Qwen2-0.5B-Abyme-merge3,0.1783014673188083,0.0855935971542908,0.1976433970653623,0.1836371720764784,0.0948199199644286,0.1283903957314362
Corianas/Neural-Mistral-7B,0.6636282792352156,0.3365940417963539,0.1337261004891062,0.3861716318363717,0.2992441084926634,0.2957981325033348
Corianas/Quokka_2.7b,0.0858159181858603,0.0600266785237883,0.0619164072921298,0.0852601156069364,0.2927967985771454,0.0631391729657625
Corianas/llama-3-reactor,0.1649622054246331,0.3259226322810137,0.265562472209871,0.5355713650511338,0.3770564695420186,0.3092485549132948
CortexLM/btlm-7b-base-v0.2,0.0491329479768786,0.245664739884393,0.1123832814584259,0.0703646064917741,0.2690084481991996,0.2411071587372165
Cran-May/SCE-2-24B,0.7065362383281458,0.8617163183637172,0.6920853712761227,0.8335927078701645,0.8477100933748333,0.8497109826589595
Cran-May/SCE-3-24B,0.6602934637616719,0.8139172965762561,0.6888617163183637,0.8663850600266785,0.7961316140506892,0.8536016007114273
Cran-May/T.E-8.1,0.8409293019119609,0.7643397065362383,0.9318586038239216,0.6998666073810582,0.8268119164072921,0.8212538906180524
Cran-May/merge_model_20250308_2,0.7129835482436638,0.9395286794130724,0.926856380613606,0.9749888839484216,0.939195197865718,0.9751000444642064
Cran-May/merge_model_20250308_3,0.7229879946642952,0.8643841707425522,0.7839039573143619,0.7655624722098711,0.7461093819475323,0.8742774566473989
Cran-May/merge_model_20250308_4,0.5040017785682526,0.947309915518008,0.9151845264562029,0.9889951089373056,0.8955091151622944,0.9417518897287684
Cran-May/tempmotacilla-cinerea-0308,0.9822143174744332,0.930635838150289,0.9921076033792796,0.9099599822143176,0.6949755446865273,0.9109604268563806
CreitinGameplays/Llama-3.1-8B-R1-v0.1,0.303245887060916,0.0633614939973321,0.6773010226767452,0.1066029346376167,0.1187194308581591,0.1038239217429968
CultriX/Qwen2.5-14B-Broca,0.680635838150289,0.917741218319253,0.8624944419742108,0.9657625611382836,0.9230769230769232,0.9410849266340596
CultriX/Qwen2.5-14B-BrocaV9,0.8035793686082704,0.8803912850155625,0.8857269897732325,0.91396176078257,0.9090706980880392,0.9343041351711872
CultriX/Qwen2.5-14B-Brocav3,0.8261449533125834,0.8963983992885727,0.8921742996887505,0.9039573143619386,0.9304135171187194,0.9313028012449978
CultriX/Qwen2.5-14B-Brocav6,0.8301467318808359,0.876834148510449,0.8921742996887505,0.919853268119164,0.9212983548243664,0.931747443308137
CultriX/Qwen2.5-14B-Brocav7,0.7967985771453979,0.8941751889728768,0.888728323699422,0.919853268119164,0.9504224099599822,0.91396176078257
CultriX/Qwen2.5-14B-Emerged,0.8305913739439751,0.8594931080480214,0.8347043130280124,0.9004001778568252,0.911293908403735,0.898399288572699
CultriX/Qwen2.5-14B-Emergedv3,0.7636727434415296,0.8494886616273899,0.9248554913294798,0.9065140062249888,0.91396176078257,0.8955091151622944
CultriX/Qwen2.5-14B-FinalMerge,0.5722543352601156,0.7805691418408182,0.8857269897732325,0.8936193863939529,0.7941307247665629,0.8459315251222765
CultriX/Qwen2.5-14B-Hyper,0.6482881280569142,0.9110715873721654,0.8490440195642508,0.9771009337483326,0.9642063139172966,0.9460871498443753
CultriX/Qwen2.5-14B-HyperMarck-dl,0.7870164517563362,0.8314806580702534,0.9805469097376612,0.919853268119164,0.8148065807025344,0.8837261004891063
CultriX/Qwen2.5-14B-Hyperionv3,0.8122498888394842,0.915073365940418,0.8739439751000445,0.9261894175188972,0.9224099599822144,0.9366385060026678
CultriX/Qwen2.5-14B-Hyperionv4,0.6515117830146732,0.8970653623832815,0.8513783903957315,0.9889951089373056,0.94619831036016,0.9410849266340596
CultriX/Qwen2.5-14B-Hyperionv5,0.7974655402401067,0.8950644730991552,0.8865051133837261,0.927967985771454,0.9465317919075144,0.9283014673188084
CultriX/Qwen2.5-14B-MegaMerge-pt2,0.6885282347710093,0.9368608270342376,0.9004001778568252,0.9453090262338816,0.9179635393508224,0.9755446865273456
CultriX/Qwen2.5-14B-MergeStock,0.6887505558025789,0.939751000444642,0.912405513561583,0.9319697643397066,0.8979546465095598,0.9593152512227656
CultriX/Qwen2.5-14B-ReasoningMerge,0.5204535349044019,0.9361938639395286,0.977434415295687,0.9951089373054692,0.9942196531791908,0.9374166296131614
CultriX/Qwen2.5-14B-Ultimav2,0.665629168519342,0.9275233437083148,0.888728323699422,0.9614273010226768,0.9751000444642064,0.9732103156958648
CultriX/Qwen2.5-14B-Unity,0.799466429524233,0.8136949755446865,0.9232992441084926,0.8701645175633614,0.918185860382392,0.8826144953312584
CultriX/Qwen2.5-14B-Wernicke,0.624722098710538,0.9319697643397066,0.8857269897732325,0.980658070253446,0.9046242774566474,0.977434415295687
CultriX/Qwen2.5-14B-Wernicke-SFT,0.5795909293019119,0.902178746109382,0.8637172076478434,0.8909515340151178,0.3526011560693641,0.8816140506891952
CultriX/Qwen2.5-14B-Wernicke-SLERP,0.6787461093819476,0.9024010671409516,0.9328590484659848,0.8572698977323254,0.5764784348599378,0.884393063583815
CultriX/Qwen2.5-14B-Wernickev3,0.8379279679857714,0.8485993775011116,0.8577145397954646,0.9099599822143176,0.9166296131614052,0.8915073365940418
CultriX/Qwen2.5-14B-partialmergept1,0.7561138283681637,0.8488216985326812,0.9364161849710982,0.9079590929301912,0.943085815918186,0.9039573143619386
CultriX/Qwenfinity-2.5-14B,0.562361049355269,0.7681191640729212,0.9092930191196088,0.8743886171631836,0.8312583370386839,0.8360382392174299
CultriX/Qwestion-14B,0.7538906180524677,0.8923966207203201,0.876834148510449,0.9217429968875056,0.8815028901734104,0.9766562916851934
CultriX/SeQwence-14B,0.6403957314361939,0.9195197865718095,0.856491774121832,0.9065140062249888,0.9100711427301024,0.9744330813694976
CultriX/SeQwence-14B-EvolMerge,0.6462872387727879,0.9353045798132504,0.870942641173855,0.9502000889284128,0.952645620275678,0.9744330813694976
CultriX/SeQwence-14B-EvolMergev1,0.6736327256558471,0.9239662072032014,0.9165184526456204,0.9406402845709204,0.8777234326367275,0.9576478434859936
CultriX/SeQwence-14B-v5,0.7120942641173855,0.916184971098266,0.8388172521120498,0.9244108492663408,0.9070698088039127,0.9713205869275232
CultriX/SeQwence-14Bv1,0.7901289461983103,0.8710538016896399,0.8659404179635394,0.9079590929301912,0.91929746554024,0.9319697643397066
CultriX/SeQwence-14Bv2,0.6998666073810582,0.863939528679413,0.9519786571809692,0.9065140062249888,0.8899510893730547,0.9350822587816808
CultriX/SeQwence-14Bv3,0.6925300133392619,0.862383281458426,0.9527567807914628,0.9157403290351268,0.8837261004891063,0.93552690084482
DRXD1000/Atlas-7B,0.3617163183637172,0.1660738105824811,0.1337261004891062,0.098377056469542,0.0084481991996442,0.1183859493108048
DRXD1000/Phoenix-7B,0.2987994664295242,0.2416629613161405,0.1219430858159181,0.3351489550911516,0.3068030235660293,0.2402178746109382
DUAL-GPO/zephyr-7b-ipo-0k-15k-i1,0.2466651845264562,0.340818141396176,0.1915295686971987,0.4605380168963984,0.5344597598932859,0.4127389951089373
DZgas/GIGABATEMAN-7B,0.5211204979991108,0.5106714095153402,0.3073588261449533,0.44086260560249,0.6469542018674966,0.430635838150289
Daemontatox/AetherDrake-SFT,0.561805246776345,0.4293019119608715,0.6212761227212095,0.7541129390840373,0.4959982214317474,0.5132281013783904
Daemontatox/AetherSett,0.644619831036016,0.6945309026233881,0.8986216096042685,0.6528457092040907,0.852712316585149,0.7752334370831481
Daemontatox/AetherTOT,0.4748777234326367,0.4973321476211649,0.618830591373944,0.7750111160515785,0.4828812805691418,0.6552912405513561
Daemontatox/AetherUncensored,0.4079590929301911,0.3236994219653179,0.6106047132058693,0.4331925300133392,0.4655402401067141,0.2899066251667407
Daemontatox/Cogito-MIS,0.0971542907959092,0.485993775011116,0.4324144064028457,0.0914851044908848,0.2426634059582036,0.1218319253001334
Daemontatox/CogitoDistil,0.249444197421076,0.2120942641173855,0.8952867941307248,0.1186082703423744,0.235993775011116,0.2756780791462872
Daemontatox/CogitoZ,0.397287683414851,0.9630947087594488,0.9788795020008892,0.9857714539795464,0.9475322365495776,0.9868830591373944
Daemontatox/CogitoZ14,0.7856825255669186,0.8632725655847043,0.9169630947087596,0.7256558470431302,0.4400844819919964,0.7375500222321032
Daemontatox/DocumentCogito,0.6034904401956425,0.5097821253890618,0.6443975100044464,0.7256558470431302,0.4162961316140507,0.6545131169408626
Daemontatox/Llama3.3-70B-CogniLink,0.8240329035126723,0.9486438417074256,0.9120720320142286,0.9984437527790128,0.9702089817696754,0.8949533125833704
Daemontatox/Llama_cot,0.9106269453090262,0.4226322810137839,0.7136505113383727,0.4605380168963984,0.3149177412183193,0.5208981769675411
Daemontatox/MawaredT1,0.4313028012449977,0.5909293019119609,0.8201422854602045,0.8231436193863939,0.9164072921298356,0.8590484659848822
Daemontatox/Mini_QwQ,0.4952200978212538,0.7401067140951534,0.9147398843930636,0.6036016007114273,0.8830591373943976,0.799466429524233
Daemontatox/NemoR,0.1629613161405068,0.5767007558915074,0.4211871943085816,0.7922409959982214,0.4917741218319253,0.4580924855491329
Daemontatox/PathFinderAI2.0,0.5042240995998222,0.9584259670964872,0.9733214762116495,0.5832592263228101,0.5622498888394842,0.9862160960426856
Daemontatox/PathFinderAi3.0,0.4459759893285905,0.975322365495776,0.9717652289906624,0.9954424188528236,0.9490884837705648,0.9922187638950644
Daemontatox/PathfinderAI,0.3666073810582481,0.954868830591374,0.9519786571809692,0.983325922632281,0.9617607825700312,0.987105380168964
Daemontatox/Phi-4-COT,0.0942641173855046,0.8552690084481992,0.7553357047576701,0.8269230769230769,0.8176967541129391,0.8770564695420187
Daemontatox/PixelParse_AI,0.4719875500222321,0.4848821698532681,0.6158292574477545,0.7750111160515785,0.4481991996442863,0.6416184971098265
Daemontatox/RA2.0,0.3717207647843486,0.4659848821698533,0.8878390395731436,0.6229435304579813,0.4566473988439306,0.2738995108937305
Daemontatox/RA_Reasoner,0.6791907514450867,0.8221431747443309,0.7309915518008003,0.8106936416184971,0.350489106269453,0.7786794130724767
Daemontatox/RA_Reasoner2.0,0.6427301022676746,0.8219208537127612,0.7651178301467318,0.7804579813250333,0.3374833259226323,0.7901289461983103
Daemontatox/ReasonTest,0.4130724766562917,0.7147621164962206,0.7331036016007114,0.7428857269897733,0.6556247220987106,0.7743441529568698
Daemontatox/Research_PathfinderAI,0.3303690529124055,0.0066696309470875,0.654846598488217,0.0262338817252112,0.0723654957759004,0.0481325033348154
Daemontatox/SphinX,0.6931969764339706,0.6931969764339706,0.8239217429968875,0.5355713650511338,0.6971987550022232,0.7963539350822588
Daemontatox/Sphinx2.0,0.8465984882169854,0.9037349933303692,0.9018452645620276,0.487105380168964,0.7187638950644731,0.8979546465095598
Daemontatox/TinySphinx,0.2232103156958648,0.1340595820364606,0.2473321476211649,0.2853490440195642,0.065028901734104,0.1826367274344153
Daemontatox/TinySphinx2.0,0.2163183637172076,0.1009337483325922,0.2000889284126278,0.2312138728323699,0.0452423299244108,0.186527345486883
Daemontatox/Zirel-7B-Math,0.7859048465984882,0.7020898176967542,0.7067585593597154,0.7885726989773233,0.9137394397510004,0.7690084481991997
Daemontatox/Zirel_1.5,0.4257447754557581,0.235437972432192,0.5158959537572254,0.1330591373943975,0.1584037349933303,0.2246554024010671
Daemontatox/mini-Cogito-R1,0.1646287238772787,0.1173855046687416,0.7974655402401067,0.4181858603823922,0.1410626945309026,0.1244997776789684
Daemontatox/mini_Pathfinder,0.2707870164517563,0.2445531347265451,0.9512005335704756,0.1066029346376167,0.2398843930635838,0.3109159626500667
Dampfinchen/Llama-3.1-8B-Ultra-Instruct,0.981769675411294,0.6160515784793241,0.7475544686527346,0.4699866607381058,0.4170742552245442,0.6680746998666074
Danielbrdz/Barcenas-10b,0.7834593152512228,0.8305913739439751,0.7379946642952423,0.848377056469542,0.5180080035571365,0.7936860827034238
Danielbrdz/Barcenas-14b-Phi-3-medium-ORPO,0.5598043574922188,0.9399733214762116,0.7136505113383727,0.7885726989773233,0.9568697198755002,0.8592707870164518
Danielbrdz/Barcenas-14b-phi-4,0.0086705202312138,0.9599822143174744,0.7871276122721209,0.9573143619386394,0.9886616273899512,0.8960649177412183
Danielbrdz/Barcenas-14b-phi-4-v2,0.2491107158737216,0.9206313917296576,0.8335927078701645,0.9428634948866162,0.7832369942196532,0.9092930191196088
Danielbrdz/Barcenas-3b-GRPO,0.6571809693196976,0.3154735437972432,0.5981547354379725,0.4504224099599822,0.2916851934192974,0.3770564695420186
Danielbrdz/Barcenas-Llama3-8b-ORPO,0.8837261004891063,0.4708759448643841,0.3571587372165407,0.6421742996887505,0.5793686082703424,0.6706313917296576
Danielbrdz/Barcenas-R1-Qwen-1.5b,0.1886393952867941,0.2027567807914628,0.8537127612272121,0.6036016007114273,0.187083148065807,0.2084259670964873
Dans-DiscountModels/12b-mn-dans-reasoning-test-2,0.3623832814584259,0.4057358826144953,0.3474877723432636,0.2853490440195642,0.1949755446865273,0.2578923966207203
Dans-DiscountModels/12b-mn-dans-reasoning-test-3,0.6002667852378835,0.3995108937305469,0.4030680302356603,0.2584481991996443,0.5660293463761672,0.2585593597154291
Dans-DiscountModels/Dans-Instruct-CoreCurriculum-12b-ChatML,0.1360604713205869,0.4050689195197866,0.2473321476211649,0.3523788350377946,0.2772343263672743,0.3102489995553579
Dans-DiscountModels/Dans-Instruct-Mix-8b-ChatML,0.0148955091151622,0.4104046242774566,0.3073588261449533,0.4969986660738106,0.4759893285904846,0.4559804357492218
Dans-DiscountModels/Dans-Instruct-Mix-8b-ChatML-V0.1.0,0.0122276567363272,0.4197421076033792,0.3652734548688306,0.4105157847932414,0.3823921742996887,0.4548688305913739
Dans-DiscountModels/Dans-Instruct-Mix-8b-ChatML-V0.1.1,0.0175633614939973,0.4135171187194308,0.328479324144064,0.4605380168963984,0.3659404179635394,0.453757225433526
Dans-DiscountModels/Dans-Instruct-Mix-8b-ChatML-V0.2.0,0.6031569586482881,0.3786127167630058,0.387616718541574,0.487105380168964,0.1824144064028457,0.3624944419742107
Dans-DiscountModels/Mistral-7b-v0.3-Test-E0.7,0.6130502445531347,0.4210760337927968,0.2050911516229435,0.5162294353045798,0.377945753668297,0.2977990217874611
Dans-DiscountModels/mistral-7b-test-merged,0.7901289461983103,0.4817696754112939,0.2550022232103157,0.4969986660738106,0.2152067585593597,0.3564917741218319
Darkknight535/OpenCrystal-12B-L3,0.4108492663405958,0.588706091596265,0.4438639395286794,0.6321698532681191,0.2787905735882614,0.5645842596709649
DavidAU/DeepHermes-3-Llama-3-8B-Preview-16.5B-Brainstorm,0.2921298354824366,0.3803912850155624,0.4926634059582036,0.706980880391285,0.5533570475767008,0.4399733214762116
DavidAU/DeepSeek-BlackRoot-R1-Distill-Llama-3.1-8B,0.3574922187638951,0.439751000444642,0.3571587372165407,0.7379946642952423,0.6778568252556691,0.3559359715429079
DavidAU/DeepSeek-Grand-Horror-SMB-R1-Distill-Llama-3.1-16B,0.2083148065807025,0.3432636727434415,0.1877501111605158,0.706980880391285,0.5160071142730103,0.2894619831036016
DavidAU/DeepSeek-MOE-4X8B-R1-Distill-Llama-3.1-Deep-Thinker-Uncensored-24B,0.3863939528679413,0.4439751000444642,0.4162961316140507,0.7700088928412628,0.7287683414851045,0.3711649622054246
DavidAU/DeepSeek-MOE-4X8B-R1-Distill-Llama-3.1-Mad-Scientist-24B,0.3272565584704313,0.3941751889728768,0.3951756336149399,0.8335927078701645,0.6351711871943085,0.3541574032903513
DavidAU/DeepSeek-R1-Distill-Qwen-25.5B-Brainstorm,0.3251445086705202,0.782792352156514,0.9914406402845708,0.963428190306803,0.9933303690529124,0.8504891062694531
DavidAU/DeepSeek-V2-Grand-Horror-SMB-R1-Distill-Llama-3.1-Uncensored-16.5B,0.2581147176522899,0.3443752779012894,0.1258337038683859,0.6229435304579813,0.5480213428190307,0.3046909737661182
DavidAU/DeepThought-MOE-8X3B-R1-Llama-3.2-Reasoning-18B,0.3743886171631836,0.2812361049355269,0.4987772343263673,0.3432636727434415,0.2985771453979546,0.2930191196087149
DavidAU/Gemma-The-Writer-9B,0.0842596709648732,0.8039128501556247,0.4368608270342374,0.8628279235215651,0.5067807914628724,0.733325922632281
DavidAU/Gemma-The-Writer-DEADLINE-10B,0.1700755891507336,0.7999110715873722,0.4724321920853713,0.8511560693641619,0.5513561582925744,0.7240995998221432
DavidAU/Gemma-The-Writer-J.GutenBerg-10B,0.2590040017785682,0.8010226767452201,0.451089373054691,0.837149844375278,0.5411293908403735,0.7246554024010672
DavidAU/Gemma-The-Writer-Mighty-Sword-9B,0.9070698088039127,0.8054690973766119,0.6943085815918186,0.872610048910627,0.5207870164517563,0.7304357492218764
DavidAU/Gemma-The-Writer-N-Restless-Quill-10B-Uncensored,0.8399288572698977,0.7979101823032458,0.76345042240996,0.848377056469542,0.5248999555357937,0.7297687861271677
DavidAU/L3-DARKEST-PLANET-16.5B,0.7449977767896843,0.5842596709648733,0.4438639395286794,0.5068919519786572,0.3410404624277456,0.5608048021342819
DavidAU/L3-Dark-Planet-8B,0.4210760337927968,0.5093374833259227,0.4187416629613161,0.5656958648288128,0.3034682080924855,0.6190529124055135
DavidAU/L3-Jamet-12.2B-MK.V-Blackroot-Instruct,0.3968430413517119,0.4004001778568252,0.2361049355269008,0.3351489550911516,0.3955091151622943,0.4587594486438417
DavidAU/L3-Lumimaid-12.2B-v0.1-OAS-Instruct,0.3915073365940418,0.3746109381947532,0.262338817252112,0.3195864828812805,0.5880391285015563,0.4175188972876834
DavidAU/L3-SMB-Instruct-12.2B-F32,0.4535349044019564,0.4064028457092041,0.265562472209871,0.3680524677634504,0.4724321920853713,0.4662072032014228
DavidAU/L3-Stheno-Maid-Blackroot-Grand-HORROR-16B,0.3274788795020009,0.4188528234771009,0.151622943530458,0.2584481991996443,0.4119608714984437,0.5373499333036905
DavidAU/L3-Stheno-v3.2-12.2B-Instruct,0.4046242774566474,0.4355269008448199,0.2833481547354379,0.3030235660293464,0.5173410404624278,0.4739884393063583
DavidAU/L3.1-Dark-Planet-SpinFire-Uncensored-8B,0.8363717207647844,0.6138283681636283,0.4534237438861716,0.3432636727434415,0.114495331258337,0.5821476211649622
DavidAU/L3.1-MOE-2X8B-Deepseek-DeepHermes-e32-uncensored-abliterated-13.7B,0.3158070253445976,0.3165851489550911,0.7891285015562473,0.706980880391285,0.348377056469542,0.3314806580702534
DavidAU/Qwen2.5-MOE-2X1.5B-DeepSeek-Uncensored-Censored-4B,0.0923743886171631,0.0549132947976878,0.1644064028457092,0.1186082703423744,0.2245442418852823,0.0600266785237883
DavidAU/Qwen2.5-MOE-2X7B-DeepSeek-Abliterated-Censored-19B,0.2560026678523788,0.2049799911071587,0.7738995108937305,0.1934192974655402,0.2745664739884393,0.1714095153401511
DavidAU/Qwen2.5-MOE-6x1.5B-DeepSeek-Reasoning-e32,0.1353935082258781,0.1227212094264117,0.3610493552690084,0.0262338817252112,0.1544019564250778,0.0353490440195642
Davidsv/SUONG-1,0.2054246331702979,0.0140062249888839,0.0141173855046687,0.0262338817252112,0.206425077812361,0.0052245442418852
DavieLion/Llama-3.2-1B-SPIN-iter0,0.0522454424188528,0.0222321031569586,0.0141173855046687,0.0703646064917741,0.1258337038683859,0.0405735882614495
DavieLion/Llama-3.2-1B-SPIN-iter1,0.0622498888394842,0.0346820809248554,0.0364606491774121,0.0545798132503334,0.1220542463317029,0.0309026233881725
DavieLion/Llama-3.2-1B-SPIN-iter2,0.0391285015562472,0.0595820364606491,0.0469097376611827,0.0767007558915073,0.1153846153846153,0.0465762561138283
DavieLion/Llama-3.2-1B-SPIN-iter3,0.0342374388617163,0.05913739439751,0.0552467763450422,0.0703646064917741,0.1153846153846153,0.0452423299244108
DavieLion/Lllma-3.2-1B,0.0664739884393063,0.0351267229879946,0.0552467763450422,0.0262338817252112,0.1450644730991551,0.0415740329035126
DebateLabKIT/Llama-3.1-Argunaut-1-8B-SFT,0.6687416629613161,0.430635838150289,0.6106047132058693,0.3861716318363717,0.8423743886171632,0.5054468652734548
Deci/DeciLM-7B,0.2538906180524677,0.3179190751445087,0.183303690529124,0.5068919519786572,0.7183192530013339,0.2853490440195642
Deci/DeciLM-7B-instruct,0.5713650511338373,0.3614939973321476,0.1915295686971987,0.44086260560249,0.2883503779457537,0.2732325477990218
DeepAutoAI/Explore_Llama-3.1-8B-Inst,0.9407514450867052,0.5324588706091596,0.710760337927968,0.3861716318363717,0.4737661182747888,0.6496220542463317
DeepAutoAI/Explore_Llama-3.2-1B-Inst,0.6854157403290351,0.1780791462872387,0.3930635838150289,0.0852601156069364,0.04568697198755,0.1969764339706536
DeepAutoAI/Explore_Llama-3.2-1B-Inst_v0,0.6794130724766563,0.1522899066251667,0.328479324144064,0.1740773677189862,0.0020008892841262,0.1957536682970209
DeepAutoAI/Explore_Llama-3.2-1B-Inst_v1,0.5904846598488217,0.0840373499333037,0.1947532236549577,0.0262338817252112,0.2554468652734549,0.1051578479324144
DeepAutoAI/Explore_Llama-3.2-1B-Inst_v1.1,0.7052023121387283,0.1858603823921743,0.3828368163628279,0.1656291685193419,0.0055580257892396,0.1989773232547799
DeepAutoAI/causal_gpt2,0.0965984882169853,0.0422409959982214,0.0486883059137394,0.1330591373943975,0.6585148955091151,0.0492441084926634
DeepAutoAI/d2nwg_Llama-3.1-8B-Instruct-v0.0,0.9599822143174744,0.5364606491774122,0.6758559359715429,0.4699866607381058,0.5653623832814584,0.6953090262338817
DeepAutoAI/d2nwg_causal_gpt2,0.1096042685638061,0.0497999110715873,0.045131169408626,0.098377056469542,0.6957536682970209,0.068808359270787
DeepAutoAI/d2nwg_causal_gpt2_v1,0.1191640729212983,0.0335704757670075,0.0420186749666518,0.1066029346376167,0.7309915518008003,0.0532458870609159
DeepAutoAI/ldm_soup_Llama-3.1-8B-Inst,0.977434415295687,0.5562472209871053,0.6905291240551357,0.44086260560249,0.6124944419742108,0.6991996442863495
DeepAutoAI/ldm_soup_Llama-3.1-8B-Instruct-v0.0,0.9593152512227656,0.5588039128501556,0.6958648288128056,0.4605380168963984,0.6124944419742108,0.7026456202756781
DeepAutoAI/ldm_soup_Llama-3.1-8B-Instruct-v0.1,0.9593152512227656,0.5588039128501556,0.6958648288128056,0.4605380168963984,0.6124944419742108,0.7026456202756781
DeepMount00/Lexora-Lite-3B,0.6989773232547799,0.4646509559804357,0.7642285460204535,0.2944642063139173,0.3734993330369053,0.5496887505558026
DeepMount00/Lexora-Lite-3B_v2,0.581147176522899,0.4301911960871498,0.7618941751889728,0.2584481991996443,0.2759004001778568,0.5291240551356158
DeepMount00/Lexora-Medium-7B,0.4161849710982659,0.6256113828368164,0.7512227656736328,0.6229435304579813,0.8023566029346376,0.782792352156514
DeepMount00/Llama-3-8b-Ita,0.9078479324144064,0.4544241885282348,0.3610493552690084,0.6229435304579813,0.6262783459315251,0.6820809248554913
DeepMount00/Llama-3.1-8b-ITA,0.9635393508225878,0.5506891951978657,0.5016674077367719,0.4259670964873277,0.5987105380168964,0.6945309026233881
DeepMount00/Llama-3.1-8b-Ita,0.6422854602045354,0.5658070253445976,0.6569586482881281,0.6321698532681191,0.8172521120497999,0.7284348599377501
DeepMount00/Llama-3.1-Distilled,0.950533570475767,0.546242774566474,0.7156514006224989,0.6036016007114273,0.5060026678523788,0.6437305469097376
DeepMount00/Qwen2-1.5B-Ita,0.6176078257003113,0.240329035126723,0.5187861271676301,0.1656291685193419,0.0206758559359715,0.3033570475767007
DeepMount00/Qwen2-1.5B-Ita_v2,0.5907069808803913,0.2356602934637616,0.4637616718541574,0.1186082703423744,0.1874166296131614,0.3748332592263228
DeepMount00/Qwen2-1.5B-Ita_v3,0.5719208537127612,0.2369942196531791,0.4885504668741663,0.0703646064917741,0.2097598932859048,0.3700533570475767
DeepMount00/Qwen2-1.5B-Ita_v5,0.5891507336594042,0.2498888394842152,0.5324588706091596,0.0767007558915073,0.0771453979546465,0.3460426856380613
DeepMount00/Qwen2-1.5B-Ita_v6,0.2750111160515784,0.2856825255669186,0.426856380613606,0.3765006669630947,0.2353268119164072,0.3262561138283681
DeepMount00/Qwen2.5-7B-Instruct-MathCoder,0.0549132947976878,0.0425744775455758,0.0302356602934637,0.1656291685193419,0.2633392618941751,0.0309026233881725
DeepMount00/mergekit-ties-okvgjfz,0.0549132947976878,0.0425744775455758,0.0302356602934637,0.1656291685193419,0.2633392618941751,0.0309026233881725
Delta-Vector/Baldur-8B,0.5563583815028902,0.6180524677634505,0.608603823921743,0.5832592263228101,0.7692307692307693,0.5729212983548244
Delta-Vector/Control-8B,0.6638506002667852,0.4875500222321031,0.6009337483325923,0.7256558470431302,0.7278790573588262,0.6158292574477545
Delta-Vector/Control-8B-V1.1,0.6906402845709204,0.4744330813694976,0.5689195197865718,0.6421742996887505,0.5855935971542908,0.6224988883948421
Delta-Vector/Darkens-8B,0.2190973766118275,0.6347265451311694,0.3261449533125833,0.7804579813250333,0.4373054690973766,0.6183859493108048
Delta-Vector/Henbane-7b-attempt2,0.4239662072032014,0.5480213428190307,0.7605602489995553,0.4504224099599822,0.4194086260560249,0.7405513561582926
Delta-Vector/Odin-9B,0.3584926634059582,0.6974210760337928,0.6106047132058693,0.848377056469542,0.8906180524677635,0.7421076033792797
Delta-Vector/Tor-8B,0.1769675411293908,0.5827034237438862,0.3261449533125833,0.7750111160515785,0.4266340595820365,0.6147176522899066
DevQuasar/DevQuasar-R1-Uncensored-Llama-8B,0.3801689639839928,0.5248999555357937,0.8388172521120498,0.8701645175633614,0.8035793686082704,0.5550244553134727
Dongwei/DeepSeek-R1-Distill-Qwen-7B-GRPO,0.4071809693196976,0.1726322810137839,0.7028679413072476,0.3432636727434415,0.1694086260560249,0.2383281458425967
DoppelReflEx/L3-8B-R1-WolfCore,0.3708314806580702,0.6629613161405069,0.6443975100044464,0.8013561582925744,0.6763005780346821,0.608048021342819
DoppelReflEx/L3-8B-R1-WolfCore-V1.5-test,0.3955091151622943,0.6558470431302801,0.5529124055135616,0.7885726989773233,0.4012894619831036,0.6141618497109826
DoppelReflEx/L3-8B-WolfCore,0.4039573143619386,0.5640284570920409,0.469875500222321,0.6706313917296576,0.3584926634059582,0.6033792796798577
DoppelReflEx/MN-12B-FoxFrame-test,0.4375277901289462,0.6871943085815918,0.602712316585149,0.6528457092040907,0.7176522899066252,0.5152289906625167
DoppelReflEx/MN-12B-FoxFrame2-test,0.4550911516229435,0.7040907069808804,0.604268563806136,0.7138728323699421,0.6810804802134282,0.5364606491774122
DoppelReflEx/MN-12B-FoxFrame3-test,0.456425077812361,0.6696309470875945,0.5842596709648733,0.5744775455758114,0.905291240551356,0.5244553134726545
DoppelReflEx/MN-12B-Kakigori,0.345709204090707,0.6787461093819476,0.5375722543352601,0.7804579813250333,0.4548688305913739,0.541907514450867
DoppelReflEx/MN-12B-LilithFrame,0.4979991107158737,0.4384170742552245,0.5247887950200089,0.7479991107158738,0.4598710538016896,0.4488661627389951
DoppelReflEx/MN-12B-LilithFrame-Experiment-2,0.4522009782125389,0.4550911516229435,0.4959982214317474,0.7851267229879947,0.4278568252556692,0.453201422854602
DoppelReflEx/MN-12B-LilithFrame-Experiment-3,0.4201867496665185,0.70431302801245,0.5911516229435304,0.7966874166296132,0.4828812805691418,0.5508003557136505
DoppelReflEx/MN-12B-LilithFrame-Experiment-4,0.3995108937305469,0.7252112049799911,0.5506891951978657,0.7323254779902179,0.8103601600711428,0.569364161849711
DoppelReflEx/MN-12B-Mimicore-GreenSnake,0.5560248999555358,0.7152067585593597,0.6009337483325923,0.7804579813250333,0.7478879502000889,0.5712538906180524
DoppelReflEx/MN-12B-Mimicore-Nocturne,0.3957314361938639,0.7821253890618053,0.4926634059582036,0.7479991107158738,0.8848377056469542,0.5619164072921299
DoppelReflEx/MN-12B-Mimicore-Orochi,0.5230102267674522,0.7114273010226767,0.5942641173855047,0.6998666073810582,0.8823921742996887,0.4986660738105825
DoppelReflEx/MN-12B-Mimicore-Orochi-v2-Experiment,0.2567807914628724,0.6291685193419297,0.3361493997332148,0.5355713650511338,0.9039573143619386,0.4931080480213428
DoppelReflEx/MN-12B-Mimicore-Orochi-v3-Experiment,0.4157403290351267,0.6878612716763006,0.5473543797243219,0.4789906625166741,0.8401511783014673,0.4866607381058248
DoppelReflEx/MN-12B-Mimicore-Orochi-v4-Experiment,0.4556469542018675,0.7120942641173855,0.5441307247665629,0.6229435304579813,0.8323699421965318,0.5218986216096043
DoppelReflEx/MN-12B-Mimicore-WhiteSnake,0.4849933303690529,0.762338817252112,0.581702979101823,0.7379946642952423,0.8859493108048021,0.5739217429968875
DoppelReflEx/MN-12B-Mimicore-WhiteSnake-v2-Experiment-1,0.3897287683414851,0.4284126278345931,0.4061805246776345,0.6229435304579813,0.3945086705202312,0.4066251667407737
DoppelReflEx/MN-12B-Mimicore-WhiteSnake-v2-Experiment-2,0.2905735882614495,0.5404624277456648,0.512894619831036,0.5162294353045798,0.6124944419742108,0.4668741662961316
DoppelReflEx/MN-12B-Mimicore-WhiteSnake-v2-Experiment-3,0.4530902623388173,0.4095153401511783,0.4438639395286794,0.5832592263228101,0.3712761227212094,0.4377501111605157
DoppelReflEx/MN-12B-Mimicore-WhiteSnake-v2-Experiment-4,0.4406402845709204,0.5702534459759894,0.5187861271676301,0.6791907514450867,0.6044908848377056,0.4719875500222321
DoppelReflEx/MN-12B-Unleashed-Twilight,0.3365940417963539,0.7329924410849267,0.4614273010226767,0.8013561582925744,0.7934637616718542,0.5867052023121387
DoppelReflEx/MN-12B-WolFrame,0.4746554024010671,0.5180080035571365,0.581702979101823,0.6791907514450867,0.5460204535349044,0.4863272565584704
DoppelReflEx/MiniusLight-24B,0.2245442418852823,0.8599377501111605,0.5632503334815474,0.9020675855935972,0.7149844375277902,0.8839484215206759
DoppelReflEx/MiniusLight-24B-test,0.0057803468208092,0.8686082703423744,0.1678523788350377,0.9217429968875056,0.4528679413072476,0.8975100044464206
DoppelReflEx/MiniusLight-24B-v1b-test,0.3739439751000444,0.931747443308137,0.7726767452200978,0.9453090262338816,0.8490440195642508,0.9415295686971988
DoppelReflEx/MiniusLight-24B-v1c-test,0.3721654068474878,0.9573143619386394,0.8165851489550912,0.9857714539795464,0.8724988883948421,0.9846598488216984
DoppelReflEx/MiniusLight-24B-v1d-test,0.4064028457092041,0.9508670520231214,0.8149177412183193,0.9857714539795464,0.8666073810582481,0.9848821698532682
DreadPoor/Again-8B-Model_Stock,0.7971320586927524,0.6493997332147621,0.5409070698088039,0.5744775455758114,0.4194086260560249,0.5208981769675411
DreadPoor/Alita99-8B-LINEAR,0.8563806136060471,0.7045353490440196,0.647287683414851,0.7256558470431302,0.7112049799911072,0.6585148955091151
DreadPoor/AnotherTest,0.5407959092930191,0.3850600266785238,0.3403734993330369,0.5355713650511338,0.6007114273010227,0.3270342374388617
DreadPoor/Aspire-8B-model_stock,0.8497109826589595,0.617163183637172,0.619942196531792,0.7138728323699421,0.7421076033792797,0.6308359270787016
DreadPoor/Aspire_1.3-8B_model-stock,0.8388172521120498,0.623165851489551,0.6537349933303691,0.6528457092040907,0.6678523788350378,0.6073810582481103
DreadPoor/Aspire_V2-8B-Model_Stock,0.8835037794575367,0.6522899066251667,0.6659626500666963,0.7541129390840373,0.5071142730102267,0.5987105380168964
DreadPoor/Aspire_V2.1-8B-Model_Stock,0.8632725655847043,0.6020453534904402,0.667741218319253,0.6706313917296576,0.5770342374388617,0.6535126722987995
DreadPoor/Aspire_V2_ALT-8B-Model_Stock,0.8866162738995109,0.6128279235215651,0.6616273899510894,0.7804579813250333,0.5336816362827923,0.6137172076478434
DreadPoor/Aspire_V2_ALT_ROW-8B-Model_Stock,0.8866162738995109,0.6128279235215651,0.6616273899510894,0.7804579813250333,0.5336816362827923,0.6137172076478434
DreadPoor/Aspire_V3-8B-Model_Stock,0.6124944419742108,0.624722098710538,0.6848599377501111,0.6229435304579813,0.6216096042685638,0.5653623832814584
DreadPoor/Aspire_V4-8B-Model_Stock,0.929079590929302,0.6471765228990662,0.6979768786127167,0.6130502445531347,0.4610938194753223,0.60482436638506
DreadPoor/Aspire_V4_ALT-8B-Model_Stock,0.8830591373943976,0.6218319253001334,0.6773010226767452,0.7541129390840373,0.5244553134726545,0.5890395731436194
DreadPoor/Asymmetric_Linearity-8B-Model_Stock,0.8533792796798577,0.7160960426856381,0.647287683414851,0.7138728323699421,0.6667407736771899,0.6790795909293019
DreadPoor/Aurora_faustus-8B-LINEAR,0.8691640729212984,0.7423299244108492,0.6569586482881281,0.6421742996887505,0.67741218319253,0.6776345042240997
DreadPoor/Aurora_faustus-8B-LORABLATED,0.9061805246776344,0.6751889728768341,0.618830591373944,0.5832592263228101,0.7587816807469987,0.5838150289017341
DreadPoor/Aurora_faustus-8B-LORABLATED_ALT,0.8848377056469542,0.6756336149399733,0.6359493108048021,0.5455758114717653,0.7587816807469987,0.5964873277012005
DreadPoor/Autumn_Dawn-8B-LINEAR,0.870942641173855,0.7281013783903957,0.6848599377501111,0.487105380168964,0.6070475767007559,0.7304357492218764
DreadPoor/BaeZel-8B-LINEAR,0.8848377056469542,0.7180969319697643,0.6773010226767452,0.7603379279679857,0.7368830591373944,0.6879724321920854
DreadPoor/BaeZel-8B-Model_Stock,0.931191640729213,0.6905291240551357,0.6459537572254336,0.706980880391285,0.604268563806136,0.6968652734548688
DreadPoor/BaeZel_V2-8B-Model_Stock,0.9260782570031124,0.6841929746554024,0.6740773677189862,0.5560248999555358,0.6190529124055135,0.7246554024010672
DreadPoor/BaeZel_V2_ALT-8B-Model_Stock,0.9260782570031124,0.6841929746554024,0.6740773677189862,0.5560248999555358,0.6190529124055135,0.7246554024010672
DreadPoor/BaeZel_V3-8B-Model_Stock,0.947309915518008,0.6827478879502001,0.6920853712761227,0.7541129390840373,0.5781458425967096,0.6997554468652735
DreadPoor/Blunt_Edge-8B-SLERP,0.9008448199199643,0.6731880835927079,0.6848599377501111,0.6859715429079591,0.6056024899955536,0.6337261004891063
DreadPoor/BulkUp,0.0917074255224544,0.0095598043574922,0.0141173855046687,0.0262338817252112,0.0909293019119608,0.0222321031569586
DreadPoor/Cadence-8B-LINEAR,0.9270787016451756,0.7009782125389061,0.6525122276567363,0.5930413517118719,0.5500222321031569,0.6547354379724322
DreadPoor/Caelid-8B-Model_Stock,0.8646064917741219,0.7100933748332592,0.6212761227212095,0.6791907514450867,0.3886171631836371,0.6622943530457981
DreadPoor/Casuar-9B-Model_Stock,0.9365273454868832,0.833926189417519,0.7321031569586482,0.8601600711427301,0.5815918185860383,0.7561138283681637
DreadPoor/Condensed_Milk-8B-Model_Stock,0.9089595375722545,0.7074255224544241,0.6637394397510005,0.7603379279679857,0.5749221876389506,0.6945309026233881
DreadPoor/CoolerCoder-8B-LINEAR,0.4995553579368608,0.411293908403735,0.4089595375722543,0.4504224099599822,0.3639395286794131,0.4249666518452645
DreadPoor/Damasteel-8B-LINEAR,0.8872832369942196,0.6718541574032904,0.6512894619831036,0.5455758114717653,0.6393952867941307,0.6421742996887505
DreadPoor/Dearly_Beloved-8B-TIES,0.9909959982214316,0.2524455313472654,0.7291018230324589,0.5455758114717653,0.5276789684304135,0.3171409515340151
DreadPoor/Decayed-8B-LINEAR,0.9254112939084036,0.6856380613606047,0.6589595375722543,0.6706313917296576,0.5841485104490884,0.6308359270787016
DreadPoor/Derivative-8B-Model_Stock,0.9245220097821254,0.67741218319253,0.6728546020453535,0.7323254779902179,0.6202756780791463,0.6590706980880391
DreadPoor/Derivative_V2-8B-Model_Stock,0.9092930191196088,0.6854157403290351,0.6740773677189862,0.6421742996887505,0.5302356602934638,0.684415295686972
DreadPoor/Derivative_V2_ALT-8B-Model_Stock,0.9319697643397066,0.6711871943085816,0.6888617163183637,0.6859715429079591,0.5509115162294353,0.697865718096932
DreadPoor/Derivative_V3-8B-Model_Stock,0.8274788795020009,0.6116051578479325,0.614495331258337,0.4969986660738106,0.5775900400177857,0.5146731880835927
DreadPoor/Elusive_Dragon_Heart-8B-LINEAR,0.8480435749221876,0.7123165851489551,0.6172743441529569,0.6321698532681191,0.6303912850155625,0.6616273899510894
DreadPoor/Emu_Eggs-9B-Model_Stock,0.9166296131614052,0.8190306803023566,0.7255446865273455,0.8172521120497999,0.4524232992441085,0.7675633614939973
DreadPoor/Eunoia_Vespera-8B-LINEAR,0.86293908403735,0.6758559359715429,0.6277234326367275,0.6421742996887505,0.6927523343708315,0.6761894175188973
DreadPoor/Fu_sion_HA-8B-SLERP,0.9168519341929746,0.6698532681191641,0.664517563361494,0.7700088928412628,0.5641396176078257,0.6670742552245442
DreadPoor/HOT_STINKING_GARBAGE,0.6958648288128056,0.4466429524232992,0.3652734548688306,0.3030235660293464,0.6218319253001334,0.3694975544686527
DreadPoor/H_the_eighth-8B-LINEAR,0.8981769675411294,0.6736327256558471,0.6694086260560249,0.7966874166296132,0.6999777678968431,0.6662961316140507
DreadPoor/Happy_New_Year-8B-Model_Stock,0.9178523788350378,0.6687416629613161,0.6371720764784349,0.706980880391285,0.6303912850155625,0.6960871498443753
DreadPoor/Heart_Stolen-8B-Model_Stock,0.8642730102267675,0.6834148510449088,0.6600711427301023,0.7323254779902179,0.6765228990662516,0.6502890173410405
DreadPoor/Heart_Stolen-ALT-8B-Model_Stock,0.8546020453534905,0.6084926634059582,0.6323921742996887,0.5744775455758114,0.4796576256113828,0.6369497554468653
DreadPoor/Here_We_Go_Again-8B-SLERP,0.8953979546465095,0.7178746109381947,0.6616273899510894,0.7428857269897733,0.6798577145397955,0.6925300133392619
DreadPoor/Howdy-8B-LINEAR,0.8848377056469542,0.6763005780346821,0.6694086260560249,0.7138728323699421,0.6731880835927079,0.6566251667407736
DreadPoor/Incidental-8B-Model_Stock,0.8992885726989773,0.7087594486438417,0.641396176078257,0.5930413517118719,0.6722987994664296,0.6925300133392619
DreadPoor/Irina-8B-model_stock,0.8079146287238773,0.5989328590484659,0.4818808359270787,0.3947309915518008,0.4181858603823922,0.5391285015562473
DreadPoor/Kindling-8B-Model_Stock,0.8734993330369053,0.7254335260115607,0.664517563361494,0.7379946642952423,0.5728101378390396,0.6706313917296576
DreadPoor/L3.1-BaeZel-8B-Della,0.618830591373944,0.7085371276122722,0.6637394397510005,0.7479991107158738,0.6198310360160071,0.7063139172965762
DreadPoor/Laughing_Stock-8B-Model_Stock,0.8560471320586928,0.7018674966651846,0.6346153846153846,0.44086260560249,0.5433526011560693,0.6315028901734104
DreadPoor/Lava_Lamp-8B-SLERP,0.8866162738995109,0.6649622054246331,0.6629613161405069,0.6229435304579813,0.6496220542463317,0.6237216540684749
DreadPoor/LemonP-8B-Model_Stock,0.9254112939084036,0.714539795464651,0.667741218319253,0.5930413517118719,0.5035571365051134,0.7386616273899511
DreadPoor/Lydia_of_Whiterun-8B-LINEAR,0.9152956869719876,0.6667407736771899,0.667741218319253,0.7256558470431302,0.7217652289906625,0.6535126722987995
DreadPoor/Matryoshka-8B-LINEAR,0.8666073810582481,0.7072032014228546,0.664517563361494,0.7541129390840373,0.6823032458870609,0.6896398399288572
DreadPoor/Mercury_In_Retrograde-8b-Model-Stock,0.8718319253001334,0.6809693196976434,0.647287683414851,0.7256558470431302,0.6070475767007559,0.6699644286349489
DreadPoor/Minthy-8B-Model_Stock,0.9232992441084926,0.6742996887505558,0.6958648288128056,0.6036016007114273,0.496776345042241,0.7361049355269008
DreadPoor/Minthy_ALT-8B-Model_Stock,0.8299244108492664,0.6740773677189862,0.6659626500666963,0.6321698532681191,0.6229435304579813,0.5844819919964429
DreadPoor/Minthy_V2-8B-Model_Stock,0.8472654513116941,0.7269897732325478,0.6371720764784349,0.4969986660738106,0.5834815473543797,0.6190529124055135
DreadPoor/Minus_Penus-8B-Model_Stock,0.8739439751000445,0.658070253445976,0.7098710538016897,0.6706313917296576,0.474210760337928,0.6242774566473989
DreadPoor/Morphing-8B-Model_Stock,0.8962872387727879,0.6845264562027568,0.6905291240551357,0.487105380168964,0.5234548688305913,0.6820809248554913
DreadPoor/Not_Even_My_Final_Form-8B-Model_Stock,0.932192085371276,0.6616273899510894,0.6659626500666963,0.5068919519786572,0.5453534904401957,0.6765228990662516
DreadPoor/Nother_One-8B-Model_Stock,0.8154735437972432,0.5915962650066696,0.622610048910627,0.44086260560249,0.315584704313028,0.5453534904401957
DreadPoor/Noxis-8B-LINEAR,0.8216985326811916,0.6967541129390841,0.7067585593597154,0.7428857269897733,0.7317696754112939,0.5750333481547354
DreadPoor/Nullsworn-12B-LINEAR,0.4842152067585593,0.7174299688750556,0.512894619831036,0.6528457092040907,0.7905735882614495,0.5674744330813695
DreadPoor/Nwah-8B-Model_Stock,0.9315251222765674,0.67207647843486,0.6740773677189862,0.6791907514450867,0.4862160960426856,0.6572921298354825
DreadPoor/ONeil-model_stock-8B,0.8052467763450423,0.7485549132947977,0.4791018230324588,0.6229435304579813,0.5641396176078257,0.5476878612716763
DreadPoor/Oh_Boy-8B-LINEAR,0.9012894619831036,0.6734104046242775,0.6714095153401511,0.6528457092040907,0.6260560248999555,0.680635838150289
DreadPoor/OrangeJ-8B-Model_Stock,0.9498666073810582,0.7083148065807026,0.6659626500666963,0.5744775455758114,0.519897732325478,0.7308803912850156
DreadPoor/Promissum_Mane-8B-LINEAR,0.851044908848377,0.7105380168963984,0.6310582481102712,0.6130502445531347,0.7368830591373944,0.6815251222765674
DreadPoor/Promissum_Mane-8B-LINEAR-lorablated,0.8519341929746554,0.6894175188972876,0.6259448643841707,0.6036016007114273,0.7625611382836817,0.6211649622054246
DreadPoor/RPMash-8B-Model_Stock,0.5103379279679857,0.5566918630502445,0.4987772343263673,0.4181858603823922,0.4253001333926189,0.5508003557136505
DreadPoor/RPMash_V3-8B-Model_Stock,0.8383726100489106,0.5949310804802135,0.4885504668741663,0.5656958648288128,0.2909070698088039,0.5543574922187638
DreadPoor/Rusted_Gold-8B-LINEAR,0.8718319253001334,0.6725211204979991,0.6996442863494886,0.5455758114717653,0.6598488216985327,0.6428412627834593
DreadPoor/Rusted_Platinum-8B-LINEAR,0.8541574032903513,0.6960871498443753,0.6600711427301023,0.3523788350377946,0.4259670964873277,0.6147176522899066
DreadPoor/Rusted_Platinum-8B-Model_Stock,0.4782125389061805,0.609159626500667,0.4818808359270787,0.2312138728323699,0.2180969319697643,0.5300133392618942
DreadPoor/Sellen-8B-model_stock,0.8450422409959982,0.5671409515340151,0.5890395731436194,0.2944642063139173,0.5416851934192974,0.5369052912405513
DreadPoor/Something-8B-Model_Stock,0.5980435749221876,0.6865273454868831,0.6740773677189862,0.7323254779902179,0.6224988883948421,0.6988661627389952
DreadPoor/Spring_Dusk-8B-SCE,0.776345042240996,0.7756780791462873,0.3979546465095598,0.4259670964873277,0.885504668741663,0.4953312583370386
DreadPoor/Summer_Dawn-8B-SCE,0.7863494886616273,0.6898621609604269,0.6600711427301023,0.5656958648288128,0.5416851934192974,0.6255002223210315
DreadPoor/Summer_Dusk-8B-TIES,0.5771453979546465,0.6651845264562027,0.6758559359715429,0.6421742996887505,0.7574477545575812,0.6839706536238328
DreadPoor/Summer_Rain-8B-SCE,0.6592930191196087,0.7953534904401957,0.3767229879946643,0.6036016007114273,0.8282570031124944,0.5315695864828813
DreadPoor/Summer_Rain-8B-TIES,0.6569586482881281,0.7953534904401957,0.3767229879946643,0.6036016007114273,0.8282570031124944,0.5315695864828813
DreadPoor/Sun-8B-Model_Stock,0.9348599377501112,0.6373943975100045,0.7255446865273455,0.5560248999555358,0.5546909737661183,0.6744108492663407
DreadPoor/Sweetened_Condensed_Milk-8B-Model_Stock,0.8926189417518897,0.6918630502445531,0.6879724321920854,0.5930413517118719,0.5749221876389506,0.6803023566029346
DreadPoor/TEST02-Ignore,0.7349933303690529,0.766118274788795,0.4347487772343263,0.3947309915518008,0.5543574922187638,0.5035571365051134
DreadPoor/TEST03-ignore,0.8278123610493553,0.6814139617607826,0.6486216096042685,0.661849710982659,0.5841485104490884,0.6480658070253446
DreadPoor/TEST06-ignore,0.8756113828368164,0.7316585148955091,0.5324588706091596,0.4181858603823922,0.5991551800800355,0.5560248999555358
DreadPoor/TEST07-ignore,0.8893952867941307,0.7618941751889728,0.649955535793686,0.661849710982659,0.4753223654957759,0.6965317919075145
DreadPoor/TEST08-ignore,0.8977323254779902,0.7138728323699421,0.6784126278345931,0.6998666073810582,0.4764339706536238,0.6827478879502001
DreadPoor/Trinas_Nectar-8B-model_stock,0.866162738995109,0.5938194753223655,0.6242774566473989,0.4105157847932414,0.5993775011116051,0.5569141840818141
DreadPoor/UNTESTED-VENN_1.2-8B-Model_Stock,0.5435749221876389,0.7154290795909293,0.6277234326367275,0.7194308581591818,0.8165851489550912,0.6469542018674966
DreadPoor/VENN_1.2-8B-Model_Stock,0.8614939973321476,0.7076478434859937,0.6569586482881281,0.5259004001778568,0.6627389951089373,0.6106047132058693
DreadPoor/WIP-Acacia-8B-Model_Stock,0.746776345042241,0.5584704313028013,0.6512894619831036,0.6321698532681191,0.6602934637616719,0.6190529124055135
DreadPoor/WIP_Damascus-8B-TIES,0.5551356158292574,0.6863050244553135,0.6486216096042685,0.6421742996887505,0.6976433970653624,0.6295020008892841
DreadPoor/Wannabe-8B-Model_Stock,0.8583815028901735,0.6778568252556691,0.6694086260560249,0.5744775455758114,0.6731880835927079,0.6716318363717207
DreadPoor/What_A_Thrill-8B-Model_Stock,0.8390395731436194,0.6369497554468653,0.6784126278345931,0.5259004001778568,0.5611382836816363,0.5560248999555358
DreadPoor/Winter-8B-SCE,0.9089595375722545,0.6178301467318809,0.6958648288128056,0.5560248999555358,0.5057803468208093,0.6761894175188973
DreadPoor/Winter_Dawn-8B-TIES,0.6649622054246331,0.6614050689195198,0.6848599377501111,0.6706313917296576,0.7313250333481547,0.7095375722543352
DreadPoor/Winter_Dusk-8B-TIES,0.8513783903957315,0.459092930191196,0.3828368163628279,0.5560248999555358,0.1731880835927078,0.5077812361049355
DreadPoor/Winter_Night-8B-Model_Stock,0.8360382392174299,0.5764784348599378,0.6126056024899955,0.6321698532681191,0.4702089817696754,0.579035126722988
DreadPoor/Yafune-8B-Model_Stock,0.9084037349933304,0.7116496220542463,0.649955535793686,0.7922409959982214,0.601044908848377,0.6815251222765674
DreadPoor/Yearn_V3-8B-Model_Stock,0.8702756780791463,0.6545131169408626,0.6920853712761227,0.6229435304579813,0.4951089373054691,0.6541796353935082
DreadPoor/ZEUS-8B-V17-Abliterated_ALT,0.6669630947087595,0.604268563806136,0.6931969764339706,0.6528457092040907,0.588706091596265,0.7007558915073366
DreadPoor/Zelus-8B-Model_Stock,0.9395286794130724,0.6427301022676746,0.647287683414851,0.6321698532681191,0.6476211649622055,0.6768563806136061
DreadPoor/Zelus_V2-8B-Model_Stock,0.9608714984437527,0.659626500666963,0.719875500222321,0.6706313917296576,0.4012894619831036,0.6732992441084926
DreadPoor/felix_dies-mistral-7B-model_stock,0.2765673632725656,0.4788795020008893,0.2991329479768786,0.4699866607381058,0.831702979101823,0.4049577590040017
DreadPoor/hakuchido-8B-MODEL_STOCK,0.8840595820364606,0.6883059137394397,0.7015340151178302,0.5068919519786572,0.5914851044908849,0.6437305469097376
DreadPoor/ichor-8B-Model_Stock,0.6471765228990662,0.5142285460204535,0.5016674077367719,0.7750111160515785,0.6160515784793241,0.4215206758559359
DreadPoor/ichor_1.1-8B-Model_Stock,0.9832147621164962,0.620942641173855,0.6694086260560249,0.6321698532681191,0.4679857714539795,0.6839706536238328
DreadPoor/inexpertus-8B-Model_Stock,0.9410849266340596,0.6140506891951979,0.6569586482881281,0.6706313917296576,0.6366162738995109,0.6490662516674077
DreadPoor/inexpertus_1.1-8B-LINEAR,0.9061805246776344,0.7396620720320143,0.6616273899510894,0.5355713650511338,0.5749221876389506,0.6689639839928857
DreadPoor/inexpertus_1.2-8B-LINEAR,0.881169408626056,0.7356602934637617,0.6352823477100934,0.5068919519786572,0.5164517563361494,0.6477323254779902
DreadPoor/mergekit-nuslerp-nqzkedi,0.9365273454868832,0.6714095153401511,0.6888617163183637,0.5744775455758114,0.647287683414851,0.7123165851489551
DreadPoor/remember_to_breathe-8b-Model-Stock,0.8441529568697199,0.6925300133392619,0.618830591373944,0.5744775455758114,0.6026011560693642,0.6295020008892841
DreadPoor/test,0.5793686082703424,0.6780791462872388,0.6996442863494886,0.2584481991996443,0.7943530457981325,0.5681413961760783
DreadPoor/test_ALT,0.5902623388172521,0.6678523788350378,0.6569586482881281,0.2396620720320142,0.7839039573143619,0.5124499777678968
DreadPoor/tests_pending-do_not_use_yet,0.9286349488661628,0.6920853712761227,0.7067585593597154,0.5259004001778568,0.4248554913294797,0.6689639839928857
ECE-ILAB-PRYMMAL/ILAB-Merging-3B-V2,0.4049577590040017,0.7336594041796354,0.622610048910627,0.6229435304579813,0.757003112494442,0.6875277901289462
EVA-UNIT-01/EVA-Qwen2.5-14B-v0.2,0.407514450867052,0.8283681636282793,0.8470431302801245,0.983325922632281,0.9417518897287684,0.8895064473099156
EVA-UNIT-01/EVA-Qwen2.5-72B-v0.2,0.8180302356602934,0.9933303690529124,0.9232992441084926,0.9954424188528236,0.9444197421076034,0.9942196531791908
Edgerunners/meta-llama-3-8b-instruct-hf-ortho-baukit-34fail-3000total-bf16,0.8508225878168074,0.4608714984437528,0.446754112939084,0.1330591373943975,0.0402401067140951,0.5628056914184082
EleutherAI/gpt-j-6b,0.2120942641173855,0.0991551800800355,0.1003779457536682,0.0262338817252112,0.2575589150733659,0.1031569586482881
EleutherAI/gpt-neo-1.3B,0.1327256558470431,0.0551356158292574,0.0780346820809248,0.0852601156069364,0.2405513561582925,0.0771453979546465
EleutherAI/gpt-neo-125m,0.1079368608270342,0.0702534459759893,0.0520231213872832,0.0703646064917741,0.1193863939528679,0.0002223210315695
EleutherAI/gpt-neo-2.7B,0.2283236994219653,0.082258781680747,0.0780346820809248,0.203757225433526,0.1664072921298355,0.0762561138283681
EleutherAI/gpt-neox-20b,0.2277678968430413,0.0993775011116051,0.1003779457536682,0.0262338817252112,0.1302801244997777,0.0713650511338372
EleutherAI/pythia-1.4b,0.1748554913294797,0.0778123610493552,0.1123832814584259,0.1567363272565584,0.1990884837705647,0.0371276122721209
EleutherAI/pythia-12b,0.197309915518008,0.1004891062694531,0.1219430858159181,0.0262338817252112,0.1837483325922632,0.0212316585148955
EleutherAI/pythia-160m,0.0975989328590484,0.025789239662072,0.0668074699866607,0.1066029346376167,0.5422409959982214,0.0329035126722988
EleutherAI/pythia-1b,0.1528457092040907,0.0297910182303245,0.0668074699866607,0.0914851044908848,0.1258337038683859,0.0539128501556247
EleutherAI/pythia-2.8b,0.1456202756780791,0.1031569586482881,0.1003779457536682,0.0262338817252112,0.1749666518452645,0.0546909737661182
EleutherAI/pythia-410m,0.1493997332147621,0.0453534904401956,0.0716985326811916,0.1186082703423744,0.1450644730991551,0.0452423299244108
EleutherAI/pythia-6.9b,0.1620720320142285,0.1136060471320587,0.1070475767007558,0.0593597154290795,0.1856380613606047,0.0654735437972432
Enno-Ai/EnnoAi-Pro-French-Llama-3-8B-v0.4,0.4297465540240107,0.2554468652734549,0.213428190306803,0.2584481991996443,0.5495775900400178,0.2773454868830591
Enno-Ai/EnnoAi-Pro-Llama-3-8B,0.2974655402401067,0.26345042240996,0.151622943530458,0.1567363272565584,0.44086260560249,0.2259893285904846
Enno-Ai/EnnoAi-Pro-Llama-3-8B-v0.3,0.6073810582481103,0.2521120497999111,0.2734548688305914,0.1934192974655402,0.6727434415295687,0.3589373054690973
Enno-Ai/EnnoAi-Pro-Llama-3.1-8B-v0.9,0.5377945753668297,0.2631169408626056,0.2194308581591818,0.203757225433526,0.2650066696309471,0.2708981769675411
EnnoAi/EnnoAi-7B-French-Instruct-202502,0.6754112939084037,0.7625611382836817,0.876834148510449,0.5068919519786572,0.9092930191196088,0.7394397510004447
EnnoAi/EnnoAi-Pro-Llama-3.1-8B-v1.0,0.5415740329035127,0.2631169408626056,0.2194308581591818,0.203757225433526,0.2650066696309471,0.2708981769675411
Epiculous/Azure_Dusk-v0.2,0.3321476211649622,0.2605602489995554,0.1877501111605158,0.1459537572254335,0.3045798132503335,0.3761671854157403
Epiculous/Crimson_Dawn-v0.2,0.2885726989773232,0.3239217429968875,0.2473321476211649,0.311805246776345,0.5580257892396621,0.2932414406402845
Epiculous/NovaSpark,0.766118274788795,0.4997776789684304,0.622610048910627,0.5355713650511338,0.3260337927967985,0.569364161849711
Epiculous/Violet_Twilight-v0.2,0.5023343708314807,0.3623832814584259,0.1856380613606047,0.203757225433526,0.7489995553579368,0.4058470431302801
EpistemeAI/Alpaca-Llama3.1-8B,0.0661405068919519,0.4015117830146731,0.2833481547354379,0.4504224099599822,0.3130280124499777,0.4468652734548688
EpistemeAI/Athena-gemma-2-2b-it,0.291907514450867,0.29035126722988,0.2765673632725656,0.2312138728323699,0.7377723432636727,0.2482214317474433
EpistemeAI/Athena-gemma-2-2b-it-Philos,0.5237883503779458,0.2200978212538906,0.2164295242329924,0.3608270342374388,0.7067585593597154,0.2323254779902178
EpistemeAI/Athene-codegemma-2-7b-it-alpaca-v1.3,0.4054024010671409,0.312361049355269,0.3403734993330369,0.3523788350377946,0.805913739439751,0.2690084481991996
EpistemeAI/DeepPhi-3.5-mini-instruct,0.0335704757670075,0.0097821253890618,0.0552467763450422,0.0262338817252112,0.2003112494441974,0.0167852378835037
EpistemeAI/DeepThinkers-Phi4,0.8248110271231659,0.9626500666963096,0.9399733214762116,0.8454868830591374,0.3775011116051578,0.91396176078257
EpistemeAI/FineLlama3.1-8B-Instruct,0.0140062249888839,0.3552690084481992,0.2080924855491329,0.3523788350377946,0.2434415295686972,0.4062916851934193
EpistemeAI/Fireball-12B,0.0995998221431747,0.5406847487772344,0.2361049355269008,0.1567363272565584,0.6864161849710982,0.4732103156958648
EpistemeAI/Fireball-12B-v1.13a-philosophers,0.0164517563361494,0.529568697198755,0.262338817252112,0.5744775455758114,0.496776345042241,0.4794353045798132
EpistemeAI/Fireball-Alpaca-Llama-3.1-8B-Philos-DPO-200,0.5135615829257448,0.4124055135615829,0.5529124055135616,0.5656958648288128,0.325255669186305,0.5426856380613606
EpistemeAI/Fireball-Alpaca-Llama3.1.07-8B-Philos-Math-KTO-beta,0.8673855046687416,0.4235215651400622,0.6242774566473989,0.3523788350377946,0.2103156958648288,0.5286794130724767
EpistemeAI/Fireball-Alpaca-Llama3.1.08-8B-Philos-C-R2,0.5344597598932859,0.4606491774121832,0.5556914184081814,0.4105157847932414,0.8759448643841707,0.4762116496220542
EpistemeAI/Fireball-Meta-Llama-3.1-8B-Instruct-0.001-128K-auto,0.483325922632281,0.4215206758559359,0.5868163628279235,0.6927523343708315,0.4221876389506447,0.5196754112939084
EpistemeAI/Fireball-Meta-Llama-3.1-8B-Instruct-Agent-0.003-128K,0.4881058248110271,0.452645620275678,0.5441307247665629,0.4969986660738106,0.2412183192530013,0.5286794130724767
EpistemeAI/Fireball-Meta-Llama-3.1-8B-Instruct-Agent-0.003-128K-code,0.7183192530013339,0.457536682970209,0.5890395731436194,0.5832592263228101,0.4072921298354824,0.4927745664739884
EpistemeAI/Fireball-Meta-Llama-3.1-8B-Instruct-Agent-0.003-128K-code-ds,0.7916851934192974,0.3737216540684748,0.5890395731436194,0.276345042240996,0.2240995998221431,0.4854379724321921
EpistemeAI/Fireball-Meta-Llama-3.1-8B-Instruct-Agent-0.003-128K-code-ds-auto,0.8730546909737661,0.3770564695420186,0.602712316585149,0.203757225433526,0.0342374388617163,0.5082258781680747
EpistemeAI/Fireball-Meta-Llama-3.1-8B-Instruct-Agent-0.004-128K-code-COT,0.5138950644730992,0.3988439306358382,0.5994886616273899,0.487105380168964,0.3079146287238772,0.5046687416629613
EpistemeAI/Fireball-Meta-Llama-3.1-8B-Instruct-Agent-0.004-128K-code-ds-auto,0.8583815028901735,0.4137394397510004,0.608603823921743,0.0262338817252112,0.0909293019119608,0.5307914628723878
EpistemeAI/Fireball-Meta-Llama-3.1-8B-Instruct-Math,0.5244553134726545,0.4824366385060026,0.4987772343263673,0.4605380168963984,0.2879057358826145,0.4690973766118275
EpistemeAI/Fireball-Meta-Llama-3.2-8B-Instruct-agent-003-128k-code-DPO,0.5215651400622499,0.4090706980880391,0.5611382836816363,0.5656958648288128,0.3801689639839928,0.5223432636727434
EpistemeAI/Fireball-Mistral-Nemo-Base-2407-v1-DPO2,0.101600711427301,0.470431302801245,0.213428190306803,0.4699866607381058,0.4655402401067141,0.476878612716763
EpistemeAI/Fireball-R1-Llama-3.1-8B,0.4822143174744331,0.2016451756336149,0.8260337927967986,0.0262338817252112,0.0528012449977767,0.0277901289461983
EpistemeAI/Fireball-R1-Llama-3.1-8B-Medical-COT,0.3008003557136505,0.2136505113383726,0.8365940417963539,0.2944642063139173,0.0969319697643397,0.1188305913739439
EpistemeAI/Fireball-R1.1-Llama-3.1-8B,0.3556024899955536,0.1240551356158292,0.5994886616273899,0.0593597154290795,0.1088261449533125,0.0277901289461983
EpistemeAI/Llama-3.2-3B-Agent007-Coder,0.648955091151623,0.2843485993775011,0.5077812361049355,0.098377056469542,0.364495331258337,0.32258781680747
EpistemeAI/Mistral-Nemo-Instruct-12B-Philosophy-Math,0.0124499777678968,0.6658514895509116,0.4614273010226767,0.8106936416184971,0.7085371276122722,0.4604268563806136
EpistemeAI/OpenReasoner-Llama-3.2-3B-rs1.0,0.8673855046687416,0.3437083148065807,0.5911516229435304,0.2673410404624277,0.0867052023121387,0.4148510449088484
EpistemeAI/Polypsyche-Llama-3.1-8B-Instruct-Agent-0.003-128K-code-ds-auto-Empathy,0.8438194753223655,0.3732770120053357,0.602712316585149,0.3195864828812805,0.0402401067140951,0.4656514006224989
EpistemeAI/Polypsyche-Llama-3.1-8B-Instruct-Agent-0.003-128K-code-ds-auto-Logic,0.8460426856380614,0.3563806136060471,0.5589150733659404,0.3947309915518008,0.0402401067140951,0.4755446865273455
EpistemeAI/Polypsyche-Llama-3.1-8B-Instruct-Agent-0.003-128K-code-ds-auto-divergent,0.8221431747443309,0.3448199199644286,0.5733659404179635,0.2130947087594486,0.2678968430413517,0.4580924855491329
EpistemeAI/Reasoning-Llama-3.1-CoT-RE1-NMT,0.5640284570920409,0.3919519786571809,0.5762561138283682,0.1459537572254335,0.0160071142730102,0.4726545131169408
EpistemeAI/Reasoning-Llama-3.1-CoT-RE1-NMT-V2-ORPO,0.5075589150733659,0.401067140951534,0.5733659404179635,0.6421742996887505,0.3372610048910627,0.5469097376611828
EpistemeAI/Reasoning-Llama-3.2-1B-Instruct-v1.2,0.4142952423299244,0.1362827923521565,0.2833481547354379,0.1459537572254335,0.0266785237883503,0.0901511783014673
EpistemeAI/Reasoning-Llama-3.2-1B-Instruct-v1.3,0.3074699866607381,0.1198310360160071,0.2833481547354379,0.1066029346376167,0.0909293019119608,0.0871498443752779
EpistemeAI/Reasoning-Llama-3.2-3B-Math-Instruct-RE1,0.6127167630057804,0.3094708759448644,0.4987772343263673,0.1836371720764784,0.0955980435749221,0.3068030235660293
EpistemeAI/Reasoning-Llama-3.2-3B-Math-Instruct-RE1-ORPO,0.8702756780791463,0.3477100933748333,0.6259448643841707,0.2853490440195642,0.133837261004891,0.4006224988883948
EpistemeAI/ReasoningCore-1.0-3B-Instruct-r01-Reflect-Math,0.7096487327701201,0.2970208981769675,0.6172743441529569,0.1330591373943975,0.065028901734104,0.316140506891952
EpistemeAI/ReasoningCore-3B-0,0.8795020008892841,0.3319253001333926,0.6352823477100934,0.276345042240996,0.1164962205424633,0.4294130724766563
EpistemeAI/ReasoningCore-3B-Instruct-r01-Reflect,0.8786127167630058,0.3332592263228101,0.6277234326367275,0.2853490440195642,0.147287683414851,0.4192974655402401
EpistemeAI/ReasoningCore-3B-R01,0.2723432636727434,0.3081369497554468,0.5762561138283682,0.1459537572254335,0.0692530013339261,0.269897732325478
EpistemeAI/ReasoningCore-3B-RE1-V2,0.888172521120498,0.3374833259226323,0.6323921742996887,0.2853490440195642,0.0867052023121387,0.4320809248554913
EpistemeAI/ReasoningCore-3B-RE1-V2A,0.6936416184971098,0.2721209426411738,0.4534237438861716,0.3271453979546465,0.1258337038683859,0.2954646509559804
EpistemeAI/ReasoningCore-3B-RE1-V2B,0.5998221431747444,0.2663405958203646,0.4959982214317474,0.1567363272565584,0.0762561138283681,0.2830146731880836
EpistemeAI/ReasoningCore-3B-RE1-V2C,0.6012672298799466,0.2690084481991996,0.4667630057803468,0.1459537572254335,0.0611382836816362,0.2850155624722099
EpistemeAI/ReasoningCore-3B-T1-V1,0.8594931080480214,0.3490440195642508,0.6126056024899955,0.311805246776345,0.1239439751000444,0.4084037349933304
EpistemeAI/ReasoningCore-3B-T1_1,0.8681636282792352,0.3499333036905291,0.6277234326367275,0.311805246776345,0.1239439751000444,0.4076256113828368
EpistemeAI2/Athene-codegemma-2-7b-it-alpaca-v1.2,0.4624277456647399,0.2834593152512227,0.2433303690529124,0.2584481991996443,0.5230102267674522,0.2358826144953312
EpistemeAI2/Fireball-12B-v1.2,0.0366829702089817,0.5084481991996442,0.2401067140951534,0.5455758114717653,0.5883726100489106,0.4699866607381058
EpistemeAI2/Fireball-Alpaca-Llama3.1-8B-Philos,0.588706091596265,0.4913294797687861,0.5352378835037794,0.4789906625166741,0.6415073365940418,0.4901067140951534
EpistemeAI2/Fireball-Alpaca-Llama3.1.01-8B-Philos,0.4353045798132503,0.4726545131169408,0.5942641173855047,0.4331925300133392,0.7412183192530013,0.4835482436638506
EpistemeAI2/Fireball-Alpaca-Llama3.1.03-8B-Philos,0.3859493108048021,0.451089373054691,0.5711427301022677,0.3351489550911516,0.6534015117830146,0.4775455758114718
EpistemeAI2/Fireball-Alpaca-Llama3.1.04-8B-Philos,0.41396176078257,0.449977767896843,0.5409070698088039,0.4504224099599822,0.7547799021787461,0.4892174299688751
EpistemeAI2/Fireball-Alpaca-Llama3.1.06-8B-Philos-dpo,0.569364161849711,0.4315251222765673,0.5791462872387728,0.5355713650511338,0.3235882614495331,0.5550244553134727
EpistemeAI2/Fireball-Alpaca-Llama3.1.07-8B-Philos-Math,0.6062694530902624,0.4237438861716318,0.5409070698088039,0.5162294353045798,0.3686082703423743,0.5254557581147177
EpistemeAI2/Fireball-Alpaca-Llama3.1.08-8B-C-R1-KTO-Reflection,0.3952867941307247,0.4390840373499333,0.5589150733659404,0.5560248999555358,0.5240106714095153,0.5449088483770564
EpistemeAI2/Fireball-Alpaca-Llama3.1.08-8B-Philos-C-R1,0.6333926189417519,0.4201867496665185,0.5556914184081814,0.5259004001778568,0.4066251667407737,0.5232325477990218
EpistemeAI2/Fireball-Llama-3.1-8B-Philos-Reflection,0.3459315251222765,0.443530457981325,0.5711427301022677,0.6528457092040907,0.47309915518008,0.5315695864828813
EpistemeAI2/Fireball-MathMistral-Nemo-Base-2407-v2dpo,0.2879057358826145,0.3159181858603824,0.2164295242329924,0.1740773677189862,0.4337483325922632,0.0665851489550911
EpistemeAI2/Fireball-Meta-Llama-3.1-8B-Instruct-Agent-0.003-128K-code-math,0.6676300578034682,0.4199644286349488,0.5930413517118719,0.6130502445531347,0.321476211649622,0.4919964428634948
EpistemeAI2/Fireball-Meta-Llama-3.1-8B-Instruct-Agent-0.005-128K-code-COT,0.5262338817252112,0.4132947976878612,0.5296798577145398,0.6927523343708315,0.2461093819475322,0.5352378835037794
EpistemeAI2/Fireball-Phi-3-medium-4k-inst-Philos,0.6329479768786127,0.8610493552690085,0.6569586482881281,0.8140284570920409,0.545131169408626,0.8484882169853268
Eric111/CatunaMayo,0.4115162294353046,0.6511783014673188,0.426856380613606,0.4699866607381058,0.8274788795020009,0.4313028012449977
Eric111/CatunaMayo-DPO,0.4361938639395287,0.6445086705202312,0.4162961316140507,0.4699866607381058,0.798354824366385,0.4285237883503779
Etherll/Chocolatine-3B-Instruct-DPO-Revised-Ties,0.3639395286794131,0.720431302801245,0.6443975100044464,0.7750111160515785,0.8965095598043575,0.7328812805691418
Etherll/Chocolatine-3B-Instruct-DPO-Revised-Ties-v2,0.3659404179635394,0.720431302801245,0.6443975100044464,0.7750111160515785,0.8965095598043575,0.7328812805691418
Etherll/Herplete-LLM-Llama-3.1-8b,0.5337927967985772,0.4819919964428635,0.1794130724766563,0.4105157847932414,0.3173632725655847,0.5088928412627834
Etherll/Herplete-LLM-Llama-3.1-8b-Ties,0.739773232547799,0.6433970653623833,0.638728323699422,0.7323254779902179,0.4324144064028457,0.6248332592263228
Etherll/Qwen2.5-7B-della-test,0.918741662961316,0.7185415740329035,0.9610938194753224,0.661849710982659,0.4348599377501111,0.7936860827034238
Etherll/Qwen2.5-Coder-7B-Instruct-Ties,0.5917074255224545,0.4513116940862605,0.8105824811027124,0.8045798132503335,0.7407736771898622,0.5152289906625167
Etherll/Replete-LLM-V3-Llama-3.1-8b,0.627389951089373,0.3452645620275678,0.7605602489995553,0.2312138728323699,0.087594486438417,0.5043352601156069
Etherll/SuperHermes,0.6589595375722543,0.6325033348154735,0.6486216096042685,0.7750111160515785,0.808581591818586,0.7255446865273455
Eurdem/Defne-llama3.1-8B,0.5971542907959093,0.6313917296576256,0.638728323699422,0.5162294353045798,0.7458870609159627,0.6896398399288572
FINGU-AI/Chocolatine-Fusion-14B,0.8259226322810138,0.889284126278346,0.8897287683414851,0.927967985771454,0.9744330813694976,0.9155180080035572
FINGU-AI/L3-8B,0.9044019564250778,0.4764339706536238,0.7839039573143619,0.5068919519786572,0.4189639839928857,0.5641396176078257
FINGU-AI/Phi-4-RRStock,0.2583370386838595,0.8899510893730547,0.3235882614495331,0.9479768786127168,0.8099155180080035,0.8690529124055135
FINGU-AI/Q-Small-3B,0.4230769230769231,0.3194753223654957,0.4211871943085816,0.2130947087594486,0.3797243219208537,0.3070253445975989
FINGU-AI/QwQ-Buddy-32B-Alpha,0.329035126722988,0.8921742996887505,0.8897287683414851,0.9453090262338816,0.9899955535793686,0.925188972876834
FINGU-AI/RomboUltima-32B,0.7894619831036016,0.9857714539795464,0.9864384170742552,0.927967985771454,0.9726545131169408,0.9931080480213428
FINGU-AI/Ultimos-32B,0.0653623832814584,0.028457092040907,0.0141173855046687,0.0262338817252112,0.1088261449533125,0.0235660293463761
FallenMerick/Chewy-Lemon-Cookie-11B,0.5706980880391285,0.6398399288572699,0.3035793686082703,0.3432636727434415,0.8457092040907069,0.4508670520231214
Felladrin/Llama-160M-Chat-v1,0.0622498888394842,0.0604713205869275,0.0520231213872832,0.098377056469542,0.1497332147621164,0.0539128501556247
Felladrin/Minueza-32M-UltraChat,0.0389061805246776,0.034904401956425,0.045131169408626,0.0852601156069364,0.2294353045798132,0.0513561582925744
FlofloB/100k_fineweb_continued_pretraining_Qwen2.5-0.5B-Instruct_Unsloth_merged_16bit,0.2865718096931969,0.1611827478879502,0.2361049355269008,0.2396620720320142,0.0160071142730102,0.1275011116051578
FlofloB/10k_continued_pretraining_Phi-3-mini-4k-instruct_Unsloth_merged_16bit,0.6101600711427301,0.6200533570475767,0.4667630057803468,0.5560248999555358,0.7472209871053802,0.6358381502890174
FlofloB/10k_continued_pretraining_Qwen2.5-0.5B-Instruct_Unsloth_merged_16bit,0.2545575811471765,0.1656291685193419,0.1947532236549577,0.3432636727434415,0.0588039128501556,0.1363939528679413
FlofloB/40k_continued_pretraining_Qwen2.5-0.5B-Instruct_Unsloth_merged_16bit,0.2785682525566919,0.1658514895509115,0.2025344597598933,0.2218763895064473,0.0611382836816362,0.1257225433526011
FlofloB/83k_continued_pretraining_Qwen2.5-0.5B-Instruct_Unsloth_merged_16bit,0.259670964873277,0.1767452200978212,0.1915295686971987,0.2853490440195642,0.0476878612716763,0.1401734104046242
FlofloB/smollm2-135M_pretrained_1000k_fineweb,0.0494664295242329,0.0449088483770564,0.0668074699866607,0.1656291685193419,0.1576256113828368,0.0771453979546465
FlofloB/smollm2-135M_pretrained_1000k_fineweb_uncovai_human_removed,0.0575811471765229,0.0649177412183192,0.0520231213872832,0.0545798132503334,0.1564028457092041,0.0610271231658514
FlofloB/smollm2-135M_pretrained_1000k_fineweb_uncovai_selected,0.0469097376611827,0.0226767452200978,0.0552467763450422,0.203757225433526,0.4354157403290351,0.0722543352601156
FlofloB/smollm2-135M_pretrained_1200k_fineweb,0.0640284570920409,0.0275678079146287,0.0552467763450422,0.1836371720764784,0.1755224544241885,0.002667852378835
FlofloB/smollm2-135M_pretrained_1200k_fineweb_uncovai_human_removed,0.0631391729657625,0.0495775900400177,0.0302356602934637,0.1934192974655402,0.1626278345931525,0.0573588261449533
FlofloB/smollm2-135M_pretrained_1200k_fineweb_uncovai_selected,0.0649177412183192,0.0260115606936416,0.0582481102712316,0.1740773677189862,0.0723654957759004,0.0782570031124944
FlofloB/smollm2-135M_pretrained_1400k_fineweb,0.0894842152067585,0.0242329924410849,0.0839261894175188,0.203757225433526,0.2891285015562472,0.0035571365051133
FlofloB/smollm2-135M_pretrained_1400k_fineweb_uncovai_human_removed,0.081147176522899,0.0417963539350822,0.0780346820809248,0.1459537572254335,0.3305913739439751,0.0176745220097821
FlofloB/smollm2-135M_pretrained_1400k_fineweb_uncovai_selected,0.0562472209871053,0.0420186749666518,0.0780346820809248,0.2312138728323699,0.2321031569586482,0.0546909737661182
FlofloB/smollm2-135M_pretrained_200k_fineweb_uncovai_human_removed,0.0475767007558915,0.0484659848821698,0.0420186749666518,0.1066029346376167,0.1357269897732325,0.0329035126722988
FlofloB/smollm2-135M_pretrained_200k_fineweb_uncovai_selected,0.0355713650511338,0.0306803023566029,0.0582481102712316,0.0545798132503334,0.1328368163628279,0.0492441084926634
FlofloB/smollm2-135M_pretrained_400k_fineweb,0.0529124055135615,0.015562472209871,0.0885949310804802,0.06447309915518,0.2448866162738995,0.0762561138283681
FlofloB/smollm2-135M_pretrained_400k_fineweb_uncovai_human_removed,0.0589150733659404,0.0724766562916851,0.0668074699866607,0.0809248554913294,0.2891285015562472,0.0556914184081814
FlofloB/smollm2-135M_pretrained_400k_fineweb_uncovai_selected,0.0646954201867496,0.0208981769675411,0.0552467763450422,0.0767007558915073,0.2642285460204535,0.0728101378390395
FlofloB/smollm2-135M_pretrained_600k_fineweb,0.0712538906180524,0.0700311249444197,0.0520231213872832,0.203757225433526,0.2630057803468208,0.0415740329035126
FlofloB/smollm2-135M_pretrained_600k_fineweb_uncovai_human_removed,0.0719208537127612,0.0342374388617163,0.0668074699866607,0.1656291685193419,0.2367718986216096,0.0654735437972432
FlofloB/smollm2-135M_pretrained_600k_fineweb_uncovai_selected,0.0671409515340151,0.0246776345042241,0.0582481102712316,0.1459537572254335,0.2772343263672743,0.0754779902178746
FlofloB/smollm2-135M_pretrained_800k_fineweb,0.0719208537127612,0.0326811916407292,0.0619164072921298,0.0262338817252112,0.1829702089817697,0.0694753223654957
FlofloB/smollm2-135M_pretrained_800k_fineweb_uncovai_human_removed,0.0689195197865718,0.0626945309026233,0.0552467763450422,0.06447309915518,0.3883948421520676,0.0556914184081814
FlofloB/smollm2-135M_pretrained_800k_fineweb_uncovai_selected,0.0473543797243219,0.0162294353045798,0.045131169408626,0.1567363272565584,0.2254335260115607,0.0481325033348154
FlofloB/smollm2_pretrained_200k_fineweb,0.0542463317029791,0.0504668741662961,0.0420186749666518,0.0262338817252112,0.1811916407292129,0.0734771009337483
FlofloB/test_continued_pretraining_Phi-3-mini-4k-instruct_Unsloth_merged_16bit,0.623165851489551,0.6345042240995998,0.5054468652734548,0.6859715429079591,0.6814139617607826,0.6106047132058693
FuJhen/ft-openhermes-25-mistral-7b-irca-dpo-pairs,0.652178746109382,0.4161849710982659,0.2734548688305914,0.3351489550911516,0.582258781680747,0.3508225878168075
FuJhen/mistral-instruct-7B-DPO,0.585482436638506,0.3808359270787016,0.2232103156958648,0.3271453979546465,0.4598710538016896,0.3758337038683859
FuJhen/mistral_7b_v0.1_structedData_e2e,0.0829257447754557,0.2723432636727434,0.045131169408626,0.3432636727434415,0.2736771898621609,0.3119164072921298
FuJhen/mistral_7b_v0.1_structedData_viggo,0.0923743886171631,0.3632725655847043,0.183303690529124,0.3861716318363717,0.1941974210760338,0.345709204090707
FuseAI/FuseChat-7B-v2.0,0.3259226322810137,0.4944419742107603,0.3361493997332148,0.5832592263228101,0.9522009782125388,0.4264117385504669
FuseAI/FuseChat-Llama-3.1-8B-Instruct,0.8583815028901735,0.5470208981769675,0.7786794130724767,0.6229435304579813,0.295131169408626,0.6169408626056024
FuseAI/FuseChat-Llama-3.2-3B-Instruct,0.8130280124499778,0.3699421965317919,0.7742329924410849,0.5162294353045798,0.3581591818586038,0.4138506002667852
FuseAI/FuseChat-Qwen-2.5-7B-Instruct,0.7098710538016897,0.7412183192530013,0.937638950644731,0.5162294353045798,0.3192530013339262,0.7487772343263672
GalrionSoftworks/MN-LooseCannon-12B-v1,0.6518452645620275,0.5171187194308582,0.4299688750555802,0.4027345486883059,0.5624722098710538,0.4368608270342374
GalrionSoftworks/MagnusIntellectus-12B-v1,0.4811027123165851,0.6496220542463317,0.3543797243219208,0.3947309915518008,0.8196976433970654,0.4922187638950644
GenVRadmin/AryaBhatta-GemmaOrca-2-Merged,0.2840151178301467,0.2232103156958648,0.2794575366829702,0.2312138728323699,0.8739439751000445,0.2449977767896843
GenVRadmin/AryaBhatta-GemmaOrca-Merged,0.2840151178301467,0.2672298799466429,0.2881280569141841,0.0852601156069364,0.2035349044019564,0.2311027123165851
GenVRadmin/AryaBhatta-GemmaUltra-Merged,0.2791240551356158,0.2707870164517563,0.2991329479768786,0.0738105824811027,0.623165851489551,0.2341040462427745
GenVRadmin/llama38bGenZ_Vikas-Merged,0.275233437083148,0.3508225878168075,0.3190306803023566,0.5068919519786572,0.7507781236104936,0.2751222765673632
GoToCompany/gemma2-9b-cpt-sahabatai-v1-instruct,0.7794575366829702,0.8094708759448643,0.719875500222321,0.8231436193863939,0.9326367274344152,0.7732325477990218
GoToCompany/llama3-8b-cpt-sahabatai-v1-instruct,0.6256113828368164,0.4695420186749666,0.5689195197865718,0.2130947087594486,0.8183637172076479,0.5003334815473544
Goekdeniz-Guelmez/Josiefied-Qwen2.5-0.5B-Instruct-abliterated-v1,0.332814584259671,0.1456202756780791,0.4410849266340595,0.0593597154290795,0.0084481991996442,0.1725211204979991
Goekdeniz-Guelmez/Josiefied-Qwen2.5-1.5B-Instruct-abliterated-v1,0.5540240106714095,0.275233437083148,0.72309915518008,0.0262338817252112,0.1976433970653623,0.3058025789239662
Goekdeniz-Guelmez/Josiefied-Qwen2.5-1.5B-Instruct-abliterated-v2,0.4364161849710982,0.2503334815473543,0.566140506891952,0.0262338817252112,0.2332147621164962,0.2643397065362383
Goekdeniz-Guelmez/Josiefied-Qwen2.5-1.5B-Instruct-abliterated-v3,0.443530457981325,0.249444197421076,0.5791462872387728,0.0262338817252112,0.2085371276122721,0.2633392618941751
Goekdeniz-Guelmez/Josiefied-Qwen2.5-14B-Instruct-abliterated-v4,0.9923299244108492,0.8801689639839929,0.9884393063583816,0.8511560693641619,0.7245442418852823,0.8781680746998666
Goekdeniz-Guelmez/Josiefied-Qwen2.5-7B-Instruct-abliterated-v2,0.9437527790128948,0.6527345486883059,0.936082703423744,0.5455758114717653,0.7671187194308582,0.7493330369052913
Goekdeniz-Guelmez/j.o.s.i.e.v4o-1.5b-dpo-stage1-v1,0.4295242329924411,0.26878612716763,0.5409070698088039,0.0545798132503334,0.0576923076923076,0.2630057803468208
Goekdeniz-Guelmez/josie-3b-v6.0,0.7223210315695865,0.3441529568697198,0.8139172965762561,0.4504224099599822,0.2930191196087149,0.4420853712761227
Goekdeniz-Guelmez/josie-7b-v6.0,0.8921742996887505,0.5340151178301468,0.9248554913294798,0.3765006669630947,0.5340151178301468,0.6566251667407736
Goekdeniz-Guelmez/josie-7b-v6.0-step2000,0.9191863050244552,0.5215651400622499,0.0141173855046687,0.3523788350377946,0.8938417074255225,0.7412183192530013
GreenNode/GreenNode-small-9B-it,0.8948421520675856,0.8096931969764339,0.6637394397510005,0.7479991107158738,0.6239439751000445,0.7146509559804357
GritLM/GritLM-7B-KTO,0.6325033348154735,0.4484215206758559,0.1759670964873277,0.5355713650511338,0.315584704313028,0.2840151178301467
GritLM/GritLM-8x7B-KTO,0.6919742107603379,0.7974655402401067,0.5506891951978657,0.5162294353045798,0.6256113828368164,0.5686971987550022
Groq/Llama-3-Groq-8B-Tool-Use,0.7321031569586482,0.4330813694975545,0.3318141396176078,0.2218763895064473,0.2636727434415296,0.4878835037794575
Gryphe/Pantheon-RP-1.0-8b-Llama-3,0.3926189417518897,0.3572698977323255,0.3474877723432636,0.311805246776345,0.2670075589150734,0.3882836816362828
Gryphe/Pantheon-RP-1.5-12b-Nemo,0.552690084481992,0.5829257447754558,0.2765673632725656,0.276345042240996,0.8134726545131169,0.4626500666963095
Gryphe/Pantheon-RP-1.6-12b-Nemo,0.4917741218319253,0.581147176522899,0.262338817252112,0.3271453979546465,0.7109826589595376,0.4656514006224989
Gryphe/Pantheon-RP-1.6-12b-Nemo-KTO,0.5271231658514896,0.6405068919519786,0.295131169408626,0.5068919519786572,0.6625166740773677,0.4828812805691418
Gryphe/Pantheon-RP-Pure-1.6.2-22b-Small,0.8240329035126723,0.5809248554913294,0.7136505113383727,0.8013561582925744,0.216096042685638,0.7225433526011561
GuilhermeNaturaUmana/Nature-Reason-1.2-reallysmall,0.5884837705646955,0.7754557581147177,0.7863494886616273,0.5656958648288128,0.7674522009782125,0.8204757670075589
Gunulhona/Gemma-Ko-Merge,0.7667852378835038,0.7852378835037794,0.6888617163183637,0.8269230769230769,0.4428634948866162,0.6960871498443753
Gunulhona/Gemma-Ko-Merge-PEFT,0.2607825700311249,0.5242329924410849,0.0141173855046687,0.7804579813250333,0.4232992441084927,0.6629613161405069
HPAI-BSC/Llama3-Aloe-8B-Alpha,0.606491774121832,0.4297465540240107,0.3361493997332148,0.4969986660738106,0.2836816362827923,0.4600933748332592
HPAI-BSC/Llama3.1-Aloe-Beta-8B,0.8652734548688306,0.5313472654513117,0.6799688750555802,0.2312138728323699,0.3228101378390395,0.5412405513561583
HPAI-BSC/Qwen2.5-Aloe-Beta-7B,0.5077812361049355,0.5293463761671854,0.8577145397954646,0.4605380168963984,0.7103156958648288,0.7906847487772344
HarbingerX/Zeitgeist-3b-V1,0.7950200088928413,0.3230324588706091,0.4864384170742552,0.3680524677634504,0.2237661182747888,0.3671631836371721
HarbingerX/Zeitgeist-3b-V1.2,0.8024677634504224,0.3228101378390395,0.4791018230324588,0.3271453979546465,0.1926411738550467,0.3835037794575366
Hastagaras/L3.2-JametMini-3B-MK.III,0.7416629613161405,0.3348154735437972,0.6126056024899955,0.3765006669630947,0.2618941751889729,0.3573810582481103
Hastagaras/Llama-3.1-Jamet-8B-MK.I,0.879057358826145,0.4988883948421521,0.566140506891952,0.2944642063139173,0.2945753668297021,0.5094486438417074
Hastagaras/Zabuza-8B-Llama-3.1,0.7487772343263672,0.352156514006225,0.3073588261449533,0.1836371720764784,0.2415518008003557,0.3402623388172521
HelpingAI/Cipher-20B,0.6458425967096487,0.8261449533125834,0.7086482881280569,0.5068919519786572,0.3852823477100934,0.622054246331703
HelpingAI/Dhanishtha-Large,0.1943085815918185,0.3637172076478435,0.8897287683414851,0.5930413517118719,0.2761227212094264,0.2994664295242329
HelpingAI/Priya-10B,0.4081814139617608,0.2994664295242329,0.1337261004891062,0.0852601156069364,0.255891507336594,0.2552245442418853
HelpingAI/Priya-3B,0.5006669630947087,0.2296576256113828,0.1070475767007558,0.0914851044908848,0.1831925300133392,0.239773232547799
HeraiHench/DeepSeek-R1-Qwen-Coder-8B,0.1026011560693641,0.0236771898621609,0.0141173855046687,0.1330591373943975,0.186527345486883,0.0371276122721209
HeraiHench/Double-Down-Qwen-Math-7B,0.0764784348599377,0.0177856825255669,0.0302356602934637,0.1934192974655402,0.1893063583815029,0.0247887950200088
HeraiHench/Marge-Qwen-Math-7B,0.0291240551356158,0.0680302356602934,0.0486883059137394,0.0262338817252112,0.3454868830591374,0.0011116051578479
HeraiHench/Phi-4-slerp-ReasoningRP-14B,0.0622498888394842,0.2821253890618052,0.0141173855046687,0.487105380168964,0.0045575811471765,0.206980880391285
HiroseKoichi/Llama-Salad-4x8B-V3,0.7873499333036905,0.5922632281013784,0.4614273010226767,0.5930413517118719,0.3082481102712316,0.5208981769675411
HoangHa/Pensez-Llama3.1-8B,0.3870609159626501,0.3797243219208537,0.5216763005780347,0.4331925300133392,0.5186749666518453,0.4109604268563806
HuggingFaceH4/zephyr-7b-alpha,0.6206091596265007,0.3619386393952868,0.1387283236994219,0.5355713650511338,0.3501556247220987,0.3076923076923077
HuggingFaceH4/zephyr-7b-beta,0.5824811027123166,0.3208092485549133,0.183303690529124,0.4504224099599822,0.361271676300578,0.305357936860827
HuggingFaceH4/zephyr-7b-gemma-v0.1,0.3185860382392174,0.3588261449533126,0.4162961316140507,0.4969986660738106,0.2060915962650066,0.321476211649622
HuggingFaceH4/zephyr-orpo-141b-A35b-v0.1,0.7755669186305024,0.8739439751000445,0.7183192530013339,0.9428634948866162,0.8008003557136505,0.8464873277012005
HuggingFaceTB/SmolLM-1.7B,0.1740773677189862,0.0878168074699866,0.1219430858159181,0.0262338817252112,0.0948199199644286,0.0665851489550911
HuggingFaceTB/SmolLM-1.7B-Instruct,0.1719653179190751,0.0213428190306803,0.1477323254779902,0.1330591373943975,0.0909293019119608,0.0795909293019119
HuggingFaceTB/SmolLM-135M,0.1389506447309915,0.0660293463761671,0.1003779457536682,0.1066029346376167,0.7372165406847487,0.0353490440195642
HuggingFaceTB/SmolLM-135M-Instruct,0.0253445975989328,0.0440195642507781,0.0486883059137394,0.1186082703423744,0.1594041796353935,0.0889284126278345
HuggingFaceTB/SmolLM-360M,0.1398399288572699,0.0658070253445976,0.0839261894175188,0.2218763895064473,0.380613606047132,0.0389061805246776
HuggingFaceTB/SmolLM-360M-Instruct,0.1136060471320587,0.0213428190306803,0.1296131614050689,0.1836371720764784,0.1357269897732325,0.0795909293019119
HuggingFaceTB/SmolLM2-1.7B,0.1898621609604268,0.1918630502445531,0.1716318363717207,0.3432636727434415,0.226878612716763,0.2240995998221431
HuggingFaceTB/SmolLM2-1.7B-Instruct,0.6441751889728768,0.2056469542018675,0.3235882614495331,0.3432636727434415,0.2043130280124499,0.2187638950644731
HuggingFaceTB/SmolLM2-135M,0.097821253890618,0.0751445086705202,0.0885949310804802,0.0262338817252112,0.4996665184526456,0.0108937305469097
HuggingFaceTB/SmolLM2-135M-Instruct,0.2614495331258337,0.0931525122276567,0.0394619831036016,0.0262338817252112,0.1765228990662516,0.0271231658514895
HuggingFaceTB/SmolLM2-360M,0.1368385949310804,0.1089373054690973,0.0885949310804802,0.0262338817252112,0.3608270342374388,0.0845931525122276
HuggingFaceTB/SmolLM2-360M-Instruct,0.0151178301467318,0.0664739884393063,0.0619164072921298,0.1934192974655402,0.1281680746998666,0.0415740329035126
HumanLLMs/Humanish-LLama3-8B-Instruct,0.7738995108937305,0.4517563361493997,0.4844375277901289,0.0852601156069364,0.0847043130280124,0.6013783903957315
HumanLLMs/Humanish-Mistral-Nemo-Instruct-2407,0.658070253445976,0.6260560248999555,0.5961538461538461,0.4259670964873277,0.4578701645175633,0.5223432636727434
HumanLLMs/Humanish-Qwen2.5-7B-Instruct,0.8697198755002223,0.6851934192974656,0.9693196976433972,0.5455758114717653,0.4059582036460649,0.8114717652289907
IDEA-CCNL/Ziya-LLaMA-13B-v1,0.0792574477545575,0.0071142730102267,0.0141173855046687,0.0262338817252112,0.1905291240551356,0.0160071142730102
INSAIT-Institute/BgGPT-Gemma-2-27B-IT-v1.0,0.0008892841262783,0.0317919075144508,0.0141173855046687,0.1330591373943975,0.2217652289906625,0.0810360160071142
IlyaGusev/gemma-2-2b-it-abliterated,0.6357269897732325,0.2538906180524677,0.3361493997332148,0.1934192974655402,0.2418852823477101,0.2603379279679857
IlyaGusev/gemma-2-9b-it-abliterated,0.8985104490884838,0.7972432192085371,0.6694086260560249,0.8628279235215651,0.452645620275678,0.711316140506892
Infinirc/Infinirc-Llama3-8B-2G-Release-v1.0,0.1240551356158292,0.3119164072921298,0.1219430858159181,0.5560248999555358,0.867718986216096,0.2269897732325478
Intel/neural-chat-7b-v3,0.25,0.5246776345042241,0.1877501111605158,0.4699866607381058,0.9813250333481548,0.2867941307247665
Intel/neural-chat-7b-v3-1,0.5367941307247666,0.5071142730102267,0.2108714984437527,0.4504224099599822,0.9766562916851934,0.2835704757670075
Intel/neural-chat-7b-v3-2,0.5895953757225434,0.5255669186305024,0.2696754112939084,0.4504224099599822,0.9493108048021344,0.2819030680302357
Intel/neural-chat-7b-v3-3,0.5522454424188529,0.4430858159181858,0.2361049355269008,0.44086260560249,0.957536682970209,0.2754557581147177
IntervitensInc/internlm2_5-20b-llamafied,0.3245887060915963,0.998888394842152,0.6589595375722543,0.837149844375278,0.8090262338817252,0.7424410849266341
Invalid-Null/PeiYangMe-0.5,0.0417963539350822,0.0073365940417963,0.0141173855046687,0.0262338817252112,0.1843041351711871,0.0212316585148955
Invalid-Null/PeiYangMe-0.7,0.0504668741662961,0.0729212983548243,0.0839261894175188,0.0262338817252112,0.2727879057358826,0.0160071142730102
Isaak-Carter/JOSIEv4o-8b-stage1-v4,0.2206536238328146,0.3979546465095598,0.295131169408626,0.4699866607381058,0.2923521565140062,0.4670964873277012
Isaak-Carter/Josiefied-Qwen2.5-7B-Instruct-abliterated,0.8746109381947532,0.700533570475767,0.9632058692752334,0.5930413517118719,0.4716540684748777,0.7750111160515785
Isaak-Carter/Josiefied-Qwen2.5-7B-Instruct-abliterated-v2,0.9498666073810582,0.6507336594041796,0.9496442863494886,0.5455758114717653,0.7671187194308582,0.7512227656736328
J-LAB/Thynk_orpo,0.134948866162739,0.3299244108492663,0.6172743441529569,0.4789906625166741,0.8205869275233437,0.4443085815918186
JackFram/llama-160m,0.0935971542907959,0.0202312138728323,0.0619164072921298,0.1567363272565584,0.2307692307692307,0.0452423299244108
JackFram/llama-68m,0.0827034237438861,0.0402401067140951,0.0520231213872832,0.1066029346376167,0.3134726545131169,0.0616940862605602
Jacoby746/Casual-Magnum-34B,0.1109381947532236,0.8216985326811916,0.451089373054691,0.9298577145397956,0.4039573143619386,0.8979546465095598
Jacoby746/Inf-Silent-Kunoichi-v0.1-2x7B,0.3857269897732325,0.6100489106269453,0.3798354824366385,0.44086260560249,0.6745220097821254,0.4514228546020453
Jacoby746/Inf-Silent-Kunoichi-v0.2-2x7B,0.3503779457536683,0.6044908848377056,0.344041796353935,0.5656958648288128,0.7327701200533571,0.4518674966651845
Jacoby746/Proto-Athena-4x7B,0.3608270342374388,0.5482436638506003,0.3543797243219208,0.4969986660738106,0.7610048910626945,0.4396398399288572
Jacoby746/Proto-Athena-v0.2-4x7B,0.36827478879502,0.5297910182303246,0.3474877723432636,0.5455758114717653,0.5620275678079146,0.4373054690973766
Jacoby746/Proto-Harpy-Blazing-Light-v0.1-2x7B,0.5740329035126723,0.6216096042685638,0.3930635838150289,0.5068919519786572,0.7738995108937305,0.4623165851489551
Jacoby746/Proto-Harpy-Spark-v0.1-7B,0.4587594486438417,0.4244108492663406,0.3403734993330369,0.6229435304579813,0.6718541574032904,0.3900622498888395
JayHyeon/Qwen-0.5B-DPO-1epoch,0.2352156514006225,0.1091596265006669,0.183303690529124,0.06447309915518,0.1357269897732325,0.1417296576256113
JayHyeon/Qwen-0.5B-DPO-5epoch,0.2240995998221431,0.1024899955535793,0.2317696754112939,0.0262338817252112,0.1153846153846153,0.1332814584259671
JayHyeon/Qwen-0.5B-IRPO-1epoch,0.2281013783903957,0.1060471320586927,0.1976433970653623,0.0262338817252112,0.1011560693641618,0.1283903957314362
JayHyeon/Qwen-0.5B-IRPO-5epoch,0.2027567807914628,0.1109381947532236,0.2000889284126278,0.0262338817252112,0.0909293019119608,0.130057803468208
JayHyeon/Qwen-0.5B-eDPO-1epoch,0.232770120053357,0.114495331258337,0.2080924855491329,0.0262338817252112,0.0810360160071142,0.1389506447309915
JayHyeon/Qwen-0.5B-eDPO-5epoch,0.199977767896843,0.1049355269008448,0.1572921298354824,0.0262338817252112,0.1011560693641618,0.1318363717207648
JayHyeon/Qwen2.5-0.5B-Instruct-SFT,0.2483325922632281,0.1149399733214762,0.2275455758114717,0.3765006669630947,0.0402401067140951,0.1307247665629168
JayHyeon/Qwen2.5-0.5B-Instruct-SFT-DPO-1epoch_v1,0.1966429524232992,0.1202756780791462,0.3526011560693641,0.276345042240996,0.0969319697643397,0.1541796353935082
JayHyeon/Qwen2.5-0.5B-Instruct-SFT-IRPO-1epoch_v1,0.2305469097376611,0.137616718541574,0.2794575366829702,0.3523788350377946,0.0402401067140951,0.1691863050244553
JayHyeon/Qwen2.5-0.5B-Instruct-SFT-MDPO-1epoch_v1,0.2150955980435749,0.1207203201422854,0.3138061360604713,0.2312138728323699,0.0528012449977767,0.1551800800355713
JayHyeon/Qwen2.5-0.5B-SFT,0.115051133837261,0.088706091596265,0.1759670964873277,0.3351489550911516,0.065028901734104,0.1780791462872387
JayHyeon/Qwen2.5-0.5B-SFT-1e-4,0.12361049355269,0.0862605602489995,0.1337261004891062,0.0545798132503334,0.1011560693641618,0.1680746998666074
JayHyeon/Qwen2.5-0.5B-SFT-1e-4-2ep,0.1409515340151178,0.1102712316585148,0.1716318363717207,0.0262338817252112,0.1088261449533125,0.1345042240995998
JayHyeon/Qwen2.5-0.5B-SFT-1e-4-3ep,0.158070253445976,0.0964873277012005,0.1716318363717207,0.0262338817252112,0.1342819030680302,0.1328368163628279
JayHyeon/Qwen2.5-0.5B-SFT-1e-4-5ep,0.1184971098265895,0.0962650066696309,0.1387283236994219,0.0703646064917741,0.0909293019119608,0.1417296576256113
JayHyeon/Qwen2.5-0.5B-SFT-1e-5,0.11827478879502,0.0835927078701645,0.2194308581591818,0.2312138728323699,0.0810360160071142,0.1826367274344153
JayHyeon/Qwen2.5-0.5B-SFT-1e-5-2ep,0.1164962205424633,0.1100489106269453,0.295131169408626,0.2396620720320142,0.065028901734104,0.1751889728768341
JayHyeon/Qwen2.5-0.5B-SFT-1e-5-3ep,0.1560693641618497,0.1231658514895509,0.2991329479768786,0.2485549132947976,0.0909293019119608,0.1809693196976434
JayHyeon/Qwen2.5-0.5B-SFT-1e-5-5ep,0.1632947976878612,0.1336149399733214,0.2917963539350822,0.3432636727434415,0.0266785237883503,0.1804135171187194
JayHyeon/Qwen2.5-0.5B-SFT-2e-4,0.1258337038683859,0.0582481102712316,0.1604046242774566,0.098377056469542,0.0777012005335704,0.1192752334370831
JayHyeon/Qwen2.5-0.5B-SFT-2e-4-2ep,0.0993775011116051,0.061805246776345,0.1644064028457092,0.0262338817252112,0.180080035571365,0.1253890618052467
JayHyeon/Qwen2.5-0.5B-SFT-2e-4-3ep,0.1196087149844375,0.0884837705646954,0.1123832814584259,0.1459537572254335,0.0121164962205424,0.1196087149844375
JayHyeon/Qwen2.5-0.5B-SFT-2e-4-5ep,0.1073810582481102,0.0562472209871053,0.1296131614050689,0.2396620720320142,0.3043574922187639,0.1123832814584259
JayHyeon/Qwen2.5-0.5B-SFT-2e-5,0.131169408626056,0.1002667852378835,0.2164295242329924,0.2396620720320142,0.1066029346376167,0.1787461093819475
JayHyeon/Qwen2.5-0.5B-SFT-2e-5-2ep,0.151622943530458,0.1120497999110715,0.2361049355269008,0.3271453979546465,0.1239439751000444,0.1831925300133392
JayHyeon/Qwen2.5-0.5B-SFT-2e-5-2ep-DPOP_3e-7-3ep_0alp_5lam,0.1835260115606936,0.1407292129835482,0.2080924855491329,0.2584481991996443,0.0528012449977767,0.1443975100044464
JayHyeon/Qwen2.5-0.5B-SFT-2e-5-2ep-DPOP_5e-6-1ep_0alp_5lam,0.1745220097821254,0.1469542018674966,0.2585593597154291,0.311805246776345,0.1111605157847932,0.1500666963094708
JayHyeon/Qwen2.5-0.5B-SFT-2e-5-2ep-DPOP_5e-6-2ep_0alp_5lam,0.1585148955091151,0.1614050689195197,0.2080924855491329,0.3432636727434415,0.1058248110271231,0.1363939528679413
JayHyeon/Qwen2.5-0.5B-SFT-2e-5-2ep-DPOP_5e-6-3ep_0alp_5lam,0.2088706091596265,0.130057803468208,0.2361049355269008,0.311805246776345,0.0840373499333037,0.1401734104046242
JayHyeon/Qwen2.5-0.5B-SFT-2e-5-2ep-DPOP_5e-7-1ep_0alp_5lam,0.1791907514450867,0.1398399288572699,0.2317696754112939,0.2218763895064473,0.0528012449977767,0.1422854602045353
JayHyeon/Qwen2.5-0.5B-SFT-2e-5-2ep-DPOP_5e-7-2ep_0alp_5lam,0.1873054690973766,0.1298354824366385,0.2080924855491329,0.2218763895064473,0.0528012449977767,0.138172521120498
JayHyeon/Qwen2.5-0.5B-SFT-2e-5-2ep-DPOP_5e-7-3ep_0alp_5lam,0.2039795464650955,0.1476211649622054,0.2517785682525567,0.1934192974655402,0.0528012449977767,0.1428412627834593
JayHyeon/Qwen2.5-0.5B-SFT-2e-5-2ep-DPO_1e-6-1ep_0alp_0lam,0.2175411293908403,0.1253890618052467,0.2361049355269008,0.2673410404624277,0.0266785237883503,0.1562916851934193
JayHyeon/Qwen2.5-0.5B-SFT-2e-5-2ep-DPO_1e-6-2ep_0alp_0lam,0.1921965317919075,0.1385060026678523,0.2361049355269008,0.2944642063139173,0.0266785237883503,0.1428412627834593
JayHyeon/Qwen2.5-0.5B-SFT-2e-5-2ep-DPO_1e-6-3ep_0alp_0lam,0.2209871053801689,0.1249444197421076,0.2317696754112939,0.2944642063139173,0.0266785237883503,0.1541796353935082
JayHyeon/Qwen2.5-0.5B-SFT-2e-5-2ep-DPO_1e-7-2ep_0alp_0lam,0.2303245887060916,0.1293908403734993,0.213428190306803,0.2485549132947976,0.0528012449977767,0.1556247220987105
JayHyeon/Qwen2.5-0.5B-SFT-2e-5-2ep-DPO_1e-7-3ep_0alp_0lam,0.2251000444642063,0.1271676300578034,0.2108714984437527,0.1740773677189862,0.0528012449977767,0.1578479324144064
JayHyeon/Qwen2.5-0.5B-SFT-2e-5-2ep-DPO_2e-6-1ep_0alp_0lam,0.1702979101823032,0.1280569141840818,0.2232103156958648,0.3065807025344597,0.0160071142730102,0.156958648288128
JayHyeon/Qwen2.5-0.5B-SFT-2e-5-2ep-DPO_2e-6-2ep_0alp_0lam,0.1978657180969319,0.1480658070253446,0.2833481547354379,0.311805246776345,0.0160071142730102,0.1350600266785238
JayHyeon/Qwen2.5-0.5B-SFT-2e-5-2ep-DPO_2e-6-3ep_0alp_0lam,0.1984215206758559,0.1514006224988884,0.2401067140951534,0.276345042240996,0.0402401067140951,0.1358381502890173
JayHyeon/Qwen2.5-0.5B-SFT-2e-5-2ep-DPO_3e-6-1ep_0alp_0lam,0.1814139617607825,0.1371720764784348,0.2473321476211649,0.3680524677634504,0.0160071142730102,0.1520675855935971
JayHyeon/Qwen2.5-0.5B-SFT-2e-5-2ep-DPO_3e-6-2ep_0alp_0lam,0.1742996887505558,0.144064028457092,0.262338817252112,0.2944642063139173,0.0402401067140951,0.1305024455313472
JayHyeon/Qwen2.5-0.5B-SFT-2e-5-2ep-DPO_3e-6-3ep_0alp_0lam,0.1751889728768341,0.151622943530458,0.2696754112939084,0.2485549132947976,0.065028901734104,0.1385060026678523
JayHyeon/Qwen2.5-0.5B-SFT-2e-5-2ep-DPO_3e-7-3ep_0alp_0lam,0.2062027567807914,0.1396176078257003,0.2401067140951534,0.1934192974655402,0.0402401067140951,0.1529568697198755
JayHyeon/Qwen2.5-0.5B-SFT-2e-5-2ep-DPO_5e-6-1ep_0alp_0lam,0.1766340595820364,0.1289461983103601,0.2794575366829702,0.2944642063139173,0.0402401067140951,0.1512894619831036
JayHyeon/Qwen2.5-0.5B-SFT-2e-5-2ep-DPO_5e-6-2ep_0alp_0lam,0.186527345486883,0.1509559804357492,0.2317696754112939,0.3523788350377946,0.0402401067140951,0.1270564695420186
JayHyeon/Qwen2.5-0.5B-SFT-2e-5-2ep-DPO_5e-6-3ep_0alp_0lam,0.1761894175188973,0.158070253445976,0.2550022232103157,0.311805246776345,0.0692530013339261,0.1278345931525122
JayHyeon/Qwen2.5-0.5B-SFT-2e-5-2ep-DPO_5e-7_1ep_0alp_0lam,0.2143174744330813,0.1333926189417519,0.2517785682525567,0.2853490440195642,0.0402401067140951,0.1512894619831036
JayHyeon/Qwen2.5-0.5B-SFT-2e-5-2ep-DPO_5e-7_2ep_0alp_0lam,0.1947532236549577,0.1356158292574477,0.2550022232103157,0.276345042240996,0.0402401067140951,0.1507336594041796
JayHyeon/Qwen2.5-0.5B-SFT-2e-5-2ep-DPO_5e-7_3ep_0alp_0lam,0.1900844819919964,0.1491774121831925,0.2734548688305914,0.2853490440195642,0.0402401067140951,0.147843485993775
JayHyeon/Qwen2.5-0.5B-SFT-2e-5-2ep-DPO_7e-7_1ep_0alp_0lam,0.2297687861271676,0.1287238772787905,0.2108714984437527,0.311805246776345,0.0402401067140951,0.1487327701200533
JayHyeon/Qwen2.5-0.5B-SFT-2e-5-2ep-DPO_7e-7_2ep_0alp_0lam,0.2034237438861716,0.1307247665629168,0.2275455758114717,0.2584481991996443,0.0266785237883503,0.1498443752779013
JayHyeon/Qwen2.5-0.5B-SFT-2e-5-2ep-DPO_7e-7_3ep_0alp_0lam,0.2297687861271676,0.1233881725211205,0.2194308581591818,0.2944642063139173,0.0465762561138283,0.1469542018674966
JayHyeon/Qwen2.5-0.5B-SFT-2e-5-2ep-IRPO_1e-7-1ep_1alp_0lam,0.219875500222321,0.1416184971098266,0.2765673632725656,0.2485549132947976,0.065028901734104,0.1504001778568252
JayHyeon/Qwen2.5-0.5B-SFT-2e-5-2ep-IRPO_1e-7-2ep_1alp_0lam,0.200533570475767,0.1467318808359271,0.2433303690529124,0.2130947087594486,0.0528012449977767,0.1594041796353935
JayHyeon/Qwen2.5-0.5B-SFT-2e-5-2ep-IRPO_1e-7-3ep_1alp_0lam,0.1988661627389951,0.1540684748777234,0.2317696754112939,0.2584481991996443,0.0528012449977767,0.140840373499333
JayHyeon/Qwen2.5-0.5B-SFT-2e-5-2ep-IRPO_3e-7-3ep_1alp_0lam,0.2285460204535349,0.1409515340151178,0.213428190306803,0.276345042240996,0.0266785237883503,0.1586260560248999
JayHyeon/Qwen2.5-0.5B-SFT-2e-5-2ep-IRPO_5e-6-1ep_1alp_0lam,0.1689639839928857,0.1276122721209426,0.2585593597154291,0.3765006669630947,0.0201200533570475,0.138172521120498
JayHyeon/Qwen2.5-0.5B-SFT-2e-5-2ep-IRPO_5e-6-2ep_1alp_0lam,0.1669630947087594,0.1640729212983548,0.2401067140951534,0.2485549132947976,0.0195642507781236,0.1310582481102712
JayHyeon/Qwen2.5-0.5B-SFT-2e-5-2ep-IRPO_5e-6-3ep_1alp_0lam,0.1646287238772787,0.1791907514450867,0.2473321476211649,0.203757225433526,0.0160071142730102,0.1487327701200533
JayHyeon/Qwen2.5-0.5B-SFT-2e-5-2ep-IRPO_5e-7-1ep_1alp_0lam,0.1966429524232992,0.1358381502890173,0.2401067140951534,0.3432636727434415,0.0402401067140951,0.1541796353935082
JayHyeon/Qwen2.5-0.5B-SFT-2e-5-2ep-IRPO_5e-7-2ep_1alp_0lam,0.2117607825700311,0.1391729657625611,0.2164295242329924,0.3030235660293464,0.0402401067140951,0.1551800800355713
JayHyeon/Qwen2.5-0.5B-SFT-2e-5-2ep-IRPO_5e-7-3ep_1alp_0lam,0.2363272565584704,0.1447309915518008,0.2080924855491329,0.2673410404624277,0.0266785237883503,0.147843485993775
JayHyeon/Qwen2.5-0.5B-SFT-2e-5-2ep-MDPO_0.5_1e-7-1ep_0alp_0lam,0.2062027567807914,0.1351711871943086,0.2164295242329924,0.1934192974655402,0.0528012449977767,0.1443975100044464
JayHyeon/Qwen2.5-0.5B-SFT-2e-5-2ep-MDPO_0.5_1e-7-2ep_0alp_0lam,0.1858603823921743,0.1322810137839039,0.2317696754112939,0.2312138728323699,0.0528012449977767,0.1541796353935082
JayHyeon/Qwen2.5-0.5B-SFT-2e-5-2ep-MDPO_0.5_1e-7-3ep_0alp_0lam,0.2223210315695865,0.1425077812361049,0.2433303690529124,0.203757225433526,0.0528012449977767,0.1551800800355713
JayHyeon/Qwen2.5-0.5B-SFT-2e-5-2ep-MDPO_1e-6-3ep_0alp_0lam,0.1827478879502,0.1285015562472209,0.2473321476211649,0.2853490440195642,0.0266785237883503,0.141396176078257
JayHyeon/Qwen2.5-0.5B-SFT-2e-5-2ep-MDPO_1e-6_1ep_0alp_0lam,0.2015340151178301,0.140284570920409,0.2696754112939084,0.311805246776345,0.0266785237883503,0.1620720320142285
JayHyeon/Qwen2.5-0.5B-SFT-2e-5-2ep-MDPO_1e-6_2ep_0alp_0lam,0.2183192530013339,0.1347265451311694,0.2794575366829702,0.2673410404624277,0.0266785237883503,0.1428412627834593
JayHyeon/Qwen2.5-0.5B-SFT-2e-5-2ep-MDPO_2e-6-3ep_0alp_0lam,0.2114273010226767,0.1365051133837261,0.2275455758114717,0.276345042240996,0.0402401067140951,0.1350600266785238
JayHyeon/Qwen2.5-0.5B-SFT-2e-5-2ep-MDPO_2e-6_1ep_0alp_0lam,0.1667407736771898,0.134948866162739,0.2585593597154291,0.3523788350377946,0.0160071142730102,0.1574032903512672
JayHyeon/Qwen2.5-0.5B-SFT-2e-5-2ep-MDPO_2e-6_2ep_0alp_0lam,0.210204535349044,0.14517563361494,0.2473321476211649,0.2673410404624277,0.0160071142730102,0.1358381502890173
JayHyeon/Qwen2.5-0.5B-SFT-2e-5-2ep-MDPO_3e-6-1ep_0alp_0lam,0.1978657180969319,0.1220542463317029,0.2080924855491329,0.276345042240996,0.0266785237883503,0.1604046242774566
JayHyeon/Qwen2.5-0.5B-SFT-2e-5-2ep-MDPO_3e-6-2ep_0alp_0lam,0.1951978657180969,0.1518452645620275,0.2194308581591818,0.3432636727434415,0.0160071142730102,0.133837261004891
JayHyeon/Qwen2.5-0.5B-SFT-2e-5-2ep-MDPO_3e-6-3ep_0alp_0lam,0.2129835482436638,0.1529568697198755,0.2991329479768786,0.3271453979546465,0.0528012449977767,0.1322810137839039
JayHyeon/Qwen2.5-0.5B-SFT-2e-5-2ep-MDPO_5e-6-1ep_0alp_0lam,0.1587372165406847,0.1418408181413961,0.2696754112939084,0.2853490440195642,0.0402401067140951,0.1493997332147621
JayHyeon/Qwen2.5-0.5B-SFT-2e-5-2ep-MDPO_5e-6-2ep_0alp_0lam,0.1651845264562027,0.15051133837261,0.2517785682525567,0.3195864828812805,0.0528012449977767,0.1283903957314362
JayHyeon/Qwen2.5-0.5B-SFT-2e-5-2ep-MDPO_5e-6-3ep_0alp_0lam,0.2129835482436638,0.1622943530457981,0.2361049355269008,0.3271453979546465,0.0528012449977767,0.1310582481102712
JayHyeon/Qwen2.5-0.5B-SFT-2e-5-2ep-MDPO_5e-7-3ep_0alp_0lam,0.2356602934637616,0.1422854602045353,0.213428190306803,0.1567363272565584,0.0266785237883503,0.1541796353935082
JayHyeon/Qwen2.5-0.5B-SFT-2e-5-2ep-MDPO_5e-7_1ep_0alp_0lam,0.2029791018230324,0.1411738550466874,0.2194308581591818,0.2673410404624277,0.0266785237883503,0.1632947976878612
JayHyeon/Qwen2.5-0.5B-SFT-2e-5-2ep-MDPO_5e-7_2ep_0alp_0lam,0.2214317474433081,0.12361049355269,0.2194308581591818,0.3195864828812805,0.0266785237883503,0.1436193863939528
JayHyeon/Qwen2.5-0.5B-SFT-2e-5-2ep-MDPO_7e-7-3ep_0alp_0lam,0.2057581147176523,0.1296131614050689,0.2317696754112939,0.2485549132947976,0.0266785237883503,0.140840373499333
JayHyeon/Qwen2.5-0.5B-SFT-2e-5-2ep-MDPO_7e-7_1ep_0alp_0lam,0.2046465095598043,0.1278345931525122,0.2585593597154291,0.1656291685193419,0.0402401067140951,0.147843485993775
JayHyeon/Qwen2.5-0.5B-SFT-2e-5-2ep-MDPO_7e-7_2ep_0alp_0lam,0.210204535349044,0.131169408626056,0.2517785682525567,0.2485549132947976,0.0266785237883503,0.1393952867941307
JayHyeon/Qwen2.5-0.5B-SFT-2e-5-3ep,0.1618497109826589,0.1187194308581591,0.2585593597154291,0.1567363272565584,0.0528012449977767,0.1883059137394397
JayHyeon/Qwen2.5-0.5B-SFT-2e-5-5ep,0.1719653179190751,0.1562916851934193,0.2833481547354379,0.1836371720764784,0.0160071142730102,0.1820809248554913
JayHyeon/Qwen2.5-0.5B-SFT-2e-5-5ep-MDPO_5e-7_3ep_0alp_0lam,0.2138728323699422,0.1429524232992441,0.2275455758114717,0.2218763895064473,0.1058248110271231,0.1529568697198755
JayHyeon/Qwen2.5-0.5B-SFT-2e-5-5ep-MDPO_5e-7_3ep_0alp_0lam_1ep,0.2015340151178301,0.1158292574477545,0.2232103156958648,0.1656291685193419,0.0791462872387727,0.1644064028457092
JayHyeon/Qwen2.5-0.5B-SFT-2e-5-5ep-MDPO_5e-7_3ep_0alp_0lam_2ep,0.2190973766118275,0.1200533570475767,0.2232103156958648,0.1934192974655402,0.0402401067140951,0.1436193863939528
JayHyeon/Qwen2.5-0.5B-SFT-2e-5-5ep-MDPO_7e-7_3ep_0alp_0lam,0.1873054690973766,0.1229435304579813,0.2050911516229435,0.2485549132947976,0.0791462872387727,0.14517563361494
JayHyeon/Qwen2.5-0.5B-SFT-2e-5-5ep-MDPO_7e-7_3ep_0alp_0lam_1ep,0.2036460649177412,0.1242774566473988,0.2275455758114717,0.2312138728323699,0.0465762561138283,0.1620720320142285
JayHyeon/Qwen2.5-0.5B-SFT-2e-5-5ep-MDPO_7e-7_3ep_0alp_0lam_2ep,0.200533570475767,0.1262783459315251,0.2401067140951534,0.2396620720320142,0.0955980435749221,0.140840373499333
JayHyeon/Qwen2.5-0.5B-SFT-5e-5,0.1217207647843486,0.0947087594486438,0.2050911516229435,0.2218763895064473,0.065028901734104,0.1777456647398844
JayHyeon/Qwen2.5-0.5B-SFT-5e-5-2ep,0.1460649177412183,0.1124944419742107,0.2194308581591818,0.1330591373943975,0.0528012449977767,0.1696309470875945
JayHyeon/Qwen2.5-0.5B-SFT-5e-5-3ep,0.1506224988883948,0.1685193419297465,0.1915295686971987,0.0703646064917741,0.0909293019119608,0.1751889728768341
JayHyeon/Qwen2.5-0.5B-SFT-5e-5-5ep,0.1325033348154735,0.1565140062249888,0.1759670964873277,0.2312138728323699,0.2443308136949755,0.1594041796353935
JayHyeon/Qwen2.5-0.5B-SFT-7e-5,0.133837261004891,0.1265006669630947,0.1915295686971987,0.0914851044908848,0.1124944419742107,0.1685193419297465
JayHyeon/Qwen2.5-0.5B-SFT-7e-5-2ep,0.1436193863939528,0.1073810582481102,0.2275455758114717,0.0262338817252112,0.0723654957759004,0.1487327701200533
JayHyeon/Qwen2.5-0.5B-SFT-7e-5-3ep,0.1761894175188973,0.1162738995108937,0.2025344597598933,0.0262338817252112,0.1124944419742107,0.1315028901734104
JayHyeon/Qwen2.5-0.5B-SFT-7e-5-5ep,0.138172521120498,0.1064917741218319,0.151622943530458,0.0262338817252112,0.1811916407292129,0.169853268119164
JayHyeon/Qwen2.5-0.5B-SFT-DPO-1epoch_v1,0.1242774566473988,0.120942641173855,0.213428190306803,0.276345042240996,0.0084481991996442,0.1109381947532236
JayHyeon/Qwen2.5-0.5B-SFT-MDPO-1epoch_v1,0.1156069364161849,0.1325033348154735,0.265562472209871,0.311805246776345,0.0762561138283681,0.1127167630057803
JayHyeon/Qwen_0.5-DPOP_1e-6-3ep_0alp_5lam,0.2157625611382836,0.1211649622054246,0.2765673632725656,0.2944642063139173,0.0528012449977767,0.1469542018674966
JayHyeon/Qwen_0.5-DPOP_1e-7-3ep_0alp_5lam,0.2373277012005335,0.1389506447309915,0.2361049355269008,0.2130947087594486,0.0528012449977767,0.1443975100044464
JayHyeon/Qwen_0.5-DPOP_3e-6-1ep_0alp_5lam,0.2012005335704757,0.1493997332147621,0.2517785682525567,0.1330591373943975,0.0402401067140951,0.1461760782570031
JayHyeon/Qwen_0.5-DPOP_3e-6-2ep_0alp_5lam,0.1775233437083148,0.1556247220987105,0.2473321476211649,0.3432636727434415,0.0465762561138283,0.1289461983103601
JayHyeon/Qwen_0.5-DPOP_3e-6-3ep_0alp_5lam,0.197309915518008,0.1500666963094708,0.2317696754112939,0.2485549132947976,0.065028901734104,0.133837261004891
JayHyeon/Qwen_0.5-DPOP_3e-7-1ep_0alp_5lam,0.1909737661182748,0.1378390395731436,0.2517785682525567,0.1567363272565584,0.0528012449977767,0.1461760782570031
JayHyeon/Qwen_0.5-DPOP_3e-7-2ep_0alp_5lam,0.2203201422854602,0.1400622498888394,0.2550022232103157,0.1567363272565584,0.0402401067140951,0.147843485993775
JayHyeon/Qwen_0.5-DPOP_3e-7-3ep_0alp_5lam,0.2167630057803468,0.1260560248999555,0.2401067140951534,0.2218763895064473,0.0528012449977767,0.1578479324144064
JayHyeon/Qwen_0.5-DPOP_5e-7-1ep_0alp_5lam,0.1810804802134281,0.1316140506891952,0.2194308581591818,0.2673410404624277,0.0528012449977767,0.1493997332147621
JayHyeon/Qwen_0.5-DPOP_5e-7-2ep_0alp_5lam,0.2025344597598933,0.1433970653623832,0.2517785682525567,0.2485549132947976,0.0402401067140951,0.1520675855935971
JayHyeon/Qwen_0.5-DPOP_5e-7-3ep_0alp_5lam,0.2251000444642063,0.1445086705202312,0.2433303690529124,0.2584481991996443,0.0266785237883503,0.1578479324144064
JayHyeon/Qwen_0.5-DPO_1e-6-3ep_0alp_0lam,0.1674077367718986,0.1465095598043574,0.295131169408626,0.2396620720320142,0.0528012449977767,0.1562916851934193
JayHyeon/Qwen_0.5-DPO_1e-7-3ep_0alp_0lam,0.1738550466874166,0.154290795909293,0.2517785682525567,0.2584481991996443,0.0160071142730102,0.1638506002667852
JayHyeon/Qwen_0.5-DPO_3e-6-1ep_0alp_0lam,0.1707425522454424,0.1147176522899066,0.2080924855491329,0.1459537572254335,0.0465762561138283,0.1332814584259671
JayHyeon/Qwen_0.5-DPO_3e-6-2ep_0alp_0lam,0.2238772787905736,0.1618497109826589,0.3035793686082703,0.2673410404624277,0.0084481991996442,0.1461760782570031
JayHyeon/Qwen_0.5-DPO_3e-6-3ep_0alp_0lam,0.1951978657180969,0.1554024010671409,0.2473321476211649,0.2312138728323699,0.0452423299244108,0.1375055580257892
JayHyeon/Qwen_0.5-DPO_3e-7-1ep_0alp_0lam,0.2150955980435749,0.1489550911516229,0.3073588261449533,0.2218763895064473,0.0266785237883503,0.1644064028457092
JayHyeon/Qwen_0.5-DPO_3e-7-2ep_0alp_0lam,0.2074255224544242,0.1549577590040017,0.2696754112939084,0.2673410404624277,0.0402401067140951,0.1649622054246331
JayHyeon/Qwen_0.5-DPO_3e-7-3ep_0alp_0lam,0.1789684304135171,0.1585148955091151,0.2550022232103157,0.2944642063139173,0.0266785237883503,0.1610715873721654
JayHyeon/Qwen_0.5-DPO_5e-7-1ep_0alp_0lam,0.2157625611382836,0.1393952867941307,0.3474877723432636,0.2312138728323699,0.0266785237883503,0.1627389951089373
JayHyeon/Qwen_0.5-DPO_5e-7-2ep_0alp_0lam,0.1938639395286794,0.169853268119164,0.2991329479768786,0.2584481991996443,0.0528012449977767,0.1651845264562027
JayHyeon/Qwen_0.5-DPO_5e-7-3ep_0alp_0lam,0.1869719875500222,0.1574032903512672,0.2881280569141841,0.2944642063139173,0.0528012449977767,0.1632947976878612
JayHyeon/Qwen_0.5-IPO_5e-7-1ep_0alp_0lam,0.2243219208537127,0.1700755891507336,0.3101378390395731,0.2396620720320142,0.0266785237883503,0.1747443308136949
JayHyeon/Qwen_0.5-IPO_5e-7-3ep_0alp_0lam,0.285460204535349,0.1427301022676745,0.3235882614495331,0.0914851044908848,0.0020008892841262,0.1687416629613161
JayHyeon/Qwen_0.5-IRPO_1e-6-3ep_1alp_0lam,0.2200978212538906,0.1578479324144064,0.265562472209871,0.2130947087594486,0.0084481991996442,0.1529568697198755
JayHyeon/Qwen_0.5-IRPO_1e-7-3ep_1alp_0lam,0.2339928857269897,0.1473988439306358,0.2881280569141841,0.311805246776345,0.0402401067140951,0.1586260560248999
JayHyeon/Qwen_0.5-IRPO_3e-6-1ep_1alp_0lam,0.1687416629613161,0.1605157847932414,0.2164295242329924,0.0545798132503334,0.0342374388617163,0.1670742552245442
JayHyeon/Qwen_0.5-IRPO_3e-6-2ep_1alp_0lam,0.1845264562027568,0.1627389951089373,0.2080924855491329,0.0593597154290795,0.1190529124055135,0.1328368163628279
JayHyeon/Qwen_0.5-IRPO_3e-6-3ep_1alp_0lam,0.2387727879057359,0.1760782570031125,0.2881280569141841,0.0767007558915073,0.0762561138283681,0.1428412627834593
JayHyeon/Qwen_0.5-IRPO_3e-7-1ep_1alp_0lam,0.2216540684748777,0.1511783014673188,0.2991329479768786,0.2673410404624277,0.0160071142730102,0.1610715873721654
JayHyeon/Qwen_0.5-IRPO_3e-7-3ep_1alp_0lam,0.2347710093374833,0.1551800800355713,0.2696754112939084,0.2485549132947976,0.0266785237883503,0.1594041796353935
JayHyeon/Qwen_0.5-IRPO_5e-7-1ep_1alp_0lam,0.2106491774121832,0.1531791907514451,0.3190306803023566,0.2853490440195642,0.0160071142730102,0.1582925744775455
JayHyeon/Qwen_0.5-IRPO_5e-7-2ep_1alp_0lam,0.1894175188972877,0.163405958203646,0.3403734993330369,0.276345042240996,0.0160071142730102,0.1398399288572699
JayHyeon/Qwen_0.5-IRPO_5e-7-3ep_1alp_0lam,0.1960871498443752,0.1536238328145842,0.295131169408626,0.2673410404624277,0.0160071142730102,0.14517563361494
JayHyeon/Qwen_0.5-MDPO_0.1_3e-6-3ep_0alp_0lam,0.2078701645175633,0.1449533125833703,0.2794575366829702,0.3680524677634504,0.0465762561138283,0.1315028901734104
JayHyeon/Qwen_0.5-MDPO_0.1_5e-7-3ep_0alp_0lam,0.1943085815918185,0.1373943975100044,0.2080924855491329,0.1740773677189862,0.0266785237883503,0.1469542018674966
JayHyeon/Qwen_0.5-MDPO_0.3_3e-6-3ep_0alp_0lam,0.1934192974655402,0.1353935082258781,0.2833481547354379,0.3523788350377946,0.0266785237883503,0.1378390395731436
JayHyeon/Qwen_0.5-MDPO_0.3_5e-7-3ep_0alp_0lam,0.1711871943085816,0.1382836816362828,0.2317696754112939,0.2485549132947976,0.0402401067140951,0.1562916851934193
JayHyeon/Qwen_0.5-MDPO_0.5_1e-5-3ep_0alp_0lam,0.1679635393508226,0.1689639839928857,0.2275455758114717,0.2944642063139173,0.0588039128501556,0.13706091596265
JayHyeon/Qwen_0.5-MDPO_0.5_3e-7-1ep_0alp_0lam,0.1860827034237439,0.1342819030680302,0.2433303690529124,0.1656291685193419,0.0402401067140951,0.1562916851934193
JayHyeon/Qwen_0.5-MDPO_0.5_3e-7-2ep_0alp_0lam,0.2039795464650955,0.1442863494886616,0.2433303690529124,0.2485549132947976,0.0402401067140951,0.1504001778568252
JayHyeon/Qwen_0.5-MDPO_0.5_3e-7-3ep_0alp_0lam,0.2117607825700311,0.1309470875944864,0.2433303690529124,0.1740773677189862,0.0266785237883503,0.1387283236994219
JayHyeon/Qwen_0.5-MDPO_0.5_4e-6-3ep_0alp_0lam,0.2256558470431302,0.1547354379724322,0.2696754112939084,0.3030235660293464,0.0762561138283681,0.1358381502890173
JayHyeon/Qwen_0.5-MDPO_0.5_6e-6-3ep_0alp_0lam,0.1679635393508226,0.1625166740773677,0.2232103156958648,0.2633392618941751,0.0611382836816362,0.1345042240995998
JayHyeon/Qwen_0.5-MDPO_0.5_7e-6-3ep_0alp_0lam,0.203201422854602,0.1667407736771898,0.262338817252112,0.2673410404624277,0.0762561138283681,0.1322810137839039
JayHyeon/Qwen_0.5-MDPO_0.5_7e-7-3ep_0alp_0lam,0.2129835482436638,0.1238328145842596,0.2550022232103157,0.2584481991996443,0.0266785237883503,0.1456202756780791
JayHyeon/Qwen_0.5-MDPO_0.7_3e-6-3ep_0alp_0lam,0.2098710538016896,0.1436193863939528,0.2517785682525567,0.3030235660293464,0.0402401067140951,0.1353935082258781
JayHyeon/Qwen_0.5-MDPO_0.7_5e-7-3ep_0alp_0lam,0.1943085815918185,0.1387283236994219,0.2232103156958648,0.2130947087594486,0.0266785237883503,0.1512894619831036
JayHyeon/Qwen_0.5-MDPO_0.9_5e-7-3ep_0alp_0lam,0.2343263672743441,0.1331702979101823,0.2696754112939084,0.203757225433526,0.0266785237883503,0.1529568697198755
JayHyeon/Qwen_0.5-VDPO_3e-6-1ep_3vpo_const,0.2022009782125389,0.1193863939528679,0.2194308581591818,0.0767007558915073,0.0528012449977767,0.1420631391729657
JayHyeon/Qwen_0.5-VDPO_5e-7-1ep_0alp_0lam,0.2106491774121832,0.1460649177412183,0.295131169408626,0.2673410404624277,0.0402401067140951,0.1632947976878612
JayHyeon/Qwen_0.5-VDPO_5e-7-1ep_10vpo_const,0.2165406847487772,0.1545131169408626,0.2765673632725656,0.311805246776345,0.0160071142730102,0.1644064028457092
JayHyeon/Qwen_0.5-VDPO_5e-7-1ep_1vpo_const,0.1911960871498443,0.1502890173410404,0.3318141396176078,0.3030235660293464,0.0266785237883503,0.1594041796353935
JayHyeon/Qwen_0.5-VDPO_5e-7-1ep_3vpo_const,0.2074255224544242,0.1458425967096487,0.265562472209871,0.2584481991996443,0.0084481991996442,0.1610715873721654
JayHyeon/Qwen_0.5-VDPO_5e-7-3ep_0alp_0lam,0.1978657180969319,0.1589595375722543,0.2794575366829702,0.3030235660293464,0.0528012449977767,0.1594041796353935
JayHyeon/Qwen_0.5-VDPO_5e-7-3ep_1vpo_const,0.1855269008448199,0.1609604268563806,0.3235882614495331,0.276345042240996,0.0528012449977767,0.1443975100044464
JayHyeon/Qwen_0.5-VDPO_5e-7-3ep_3vpo_const,0.2145397954646509,0.1591818586038239,0.2991329479768786,0.3351489550911516,0.0402401067140951,0.1562916851934193
JayHyeon/Qwen_0.5-VIPO_5e-7-1ep_0alp_0lam,0.2368830591373944,0.1720764784348599,0.3798354824366385,0.2218763895064473,0.0402401067140951,0.170409070698088
JayHyeon/Qwen_0.5-VIPO_5e-7-1ep_10vpo_const,0.2423299244108492,0.1696309470875945,0.3902845709204091,0.3030235660293464,0.0528012449977767,0.1708537127612272
JayHyeon/Qwen_0.5-VIPO_5e-7-1ep_1vpo_const,0.2009782125389062,0.170964873277012,0.3679413072476656,0.1836371720764784,0.0402401067140951,0.1744108492663406
JayHyeon/Qwen_0.5-VIPO_5e-7-1ep_30vpo_const,0.2325477990217874,0.1680746998666074,0.3902845709204091,0.2396620720320142,0.0528012449977767,0.170409070698088
JayHyeon/Qwen_0.5-VIPO_5e-7-1ep_3vpo_const,0.2314361938639395,0.1687416629613161,0.3543797243219208,0.2485549132947976,0.0528012449977767,0.1751889728768341
JayHyeon/Qwen_0.5-VIPO_5e-7-3ep_0alp_0lam,0.2667852378835038,0.1191640729212983,0.344041796353935,0.2312138728323699,0.0084481991996442,0.1616273899510893
JayHyeon/Qwen_0.5-VIPO_5e-7-3ep_10vpo_const,0.2612272120942641,0.1302801244997777,0.3855046687416629,0.3030235660293464,0.0084481991996442,0.1571809693196976
JayHyeon/Qwen_0.5-VIPO_5e-7-3ep_1vpo_const,0.2618941751889729,0.1184971098265895,0.3930635838150289,0.3523788350377946,0.0084481991996442,0.1664072921298355
JayHyeon/Qwen_0.5-VIPO_5e-7-3ep_30vpo_const,0.2644508670520231,0.1369497554468652,0.40051133837261,0.2853490440195642,0.0084481991996442,0.1529568697198755
JayHyeon/Qwen_0.5-VIPO_5e-7-3ep_3vpo_const,0.2641173855046687,0.1164962205424633,0.3767229879946643,0.2853490440195642,0.0045575811471765,0.1620720320142285
JayHyeon/Qwen_0.5-cDPO_5e-7-3ep_0vpo_const_0.1,0.179524232992441,0.1571809693196976,0.2881280569141841,0.3271453979546465,0.0266785237883503,0.1520675855935971
JayHyeon/Qwen_0.5-cDPO_5e-7-3ep_0vpo_const_0.3,0.1988661627389951,0.1507336594041796,0.262338817252112,0.3608270342374388,0.0266785237883503,0.147843485993775
JayHyeon/Qwen_0.5-rDPO_3e-6-1ep_0vpo_const_0.1,0.1685193419297465,0.1482881280569142,0.2696754112939084,0.098377056469542,0.0266785237883503,0.1270564695420186
JayHyeon/Qwen_0.5-rDPO_5e-7-3ep_0vpo_const_0.1,0.2175411293908403,0.1567363272565584,0.295131169408626,0.2584481991996443,0.0528012449977767,0.1664072921298355
JayHyeon/Qwen_0.5-rDPO_5e-7-3ep_0vpo_const_0.3,0.2448866162738995,0.1438417074255224,0.262338817252112,0.0545798132503334,0.0084481991996442,0.1644064028457092
Jimmy19991222/Llama-3-Instruct-8B-SimPO-v0.2,0.7783459315251223,0.4866607381058248,0.3403734993330369,0.7138728323699421,0.4024010671409515,0.5928190306803024
Jimmy19991222/llama-3-8b-instruct-gapo-v2-bert-f1-beta10-gamma0.3-lr1.0e-6-1minus-rerun,0.7954646509559804,0.4433081369497554,0.3318141396176078,0.4969986660738106,0.4199644286349488,0.5619164072921299
Jimmy19991222/llama-3-8b-instruct-gapo-v2-bert_f1-beta10-gamma0.3-lr1.0e-6-scale-log,0.7799021787461093,0.4719875500222321,0.3035793686082703,0.6130502445531347,0.3848377056469542,0.5739217429968875
Jimmy19991222/llama-3-8b-instruct-gapo-v2-bert_p-beta10-gamma0.3-lr1.0e-6-scale-log,0.7536682970208982,0.4417518897287683,0.3543797243219208,0.4105157847932414,0.3339261894175189,0.5532458870609159
Jimmy19991222/llama-3-8b-instruct-gapo-v2-bleu-beta0.1-no-length-scale-gamma0.4,0.7504446420631392,0.4939973321476211,0.2881280569141841,0.4789906625166741,0.4404179635393508,0.5293463761671854
Jimmy19991222/llama-3-8b-instruct-gapo-v2-rouge2-beta10-1minus-gamma0.3-rerun,0.7896843041351712,0.462872387727879,0.3361493997332148,0.6321698532681191,0.3767229879946643,0.5739217429968875
Jimmy19991222/llama-3-8b-instruct-gapo-v2-rouge2-beta10-gamma0.3-lr1.0e-6-scale-log,0.7830146731880836,0.4542018674966652,0.3571587372165407,0.6036016007114273,0.3654957759004001,0.5777012005335704
Jimmy19991222/llama-3-8b-instruct-gapo-v2-rougeL-beta10-gamma0.3-lr1.0e-6-scale-log,0.772565584704313,0.4702089817696754,0.3508225878168075,0.5832592263228101,0.3461538461538461,0.6058248110271232
Joseph717171/Hermes-3-Llama-3.1-8B_TIES_with_Base_Embeds_Initialized_to_Special_Instruct_Toks_dtypeF32,0.7422187638950645,0.543019119608715,0.2881280569141841,0.3765006669630947,0.75,0.4192974655402401
Joseph717171/Llama-3.1-SuperNova-8B-Lite_TIES_with_Base,0.9832147621164962,0.5711427301022677,0.6816362827923521,0.6706313917296576,0.5484659848821698,0.6968652734548688
Josephgflowers/Cinder-Phi-2-V1-F16-gguf,0.1731880835927078,0.3368163628279235,0.1604046242774566,0.3680524677634504,0.0840373499333037,0.2272120942641174
Josephgflowers/Differential-Attention-Liquid-Metal-Tinyllama,0.1554024010671409,0.0391285015562472,0.2000889284126278,0.0545798132503334,0.0160071142730102,0.0989328590484659
Josephgflowers/TinyLlama-Cinder-Agent-v1,0.2373277012005335,0.0767007558915073,0.2080924855491329,0.0262338817252112,0.0988216985326811,0.0745887060915962
Josephgflowers/TinyLlama-v1.1-Cinders-World,0.1969764339706536,0.0578034682080924,0.2080924855491329,0.0262338817252112,0.0045575811471765,0.0958203646064917
Josephgflowers/TinyLlama_v1.1_math_code-world-test-1,0.0024455313472654,0.0815918185860382,0.1387283236994219,0.0262338817252112,0.1749666518452645,0.0503557136505113
Josephgflowers/Tinyllama-STEM-Cinder-Agent-v1,0.1391729657625611,0.075811471765229,0.3652734548688306,0.0262338817252112,0.0528012449977767,0.0056691863050244
Josephgflowers/Tinyllama-r1,0.1378390395731436,0.0622498888394842,0.2000889284126278,0.0914851044908848,0.0402401067140951,0.0524677634504224
JungZoona/T3Q-Qwen2.5-14B-Instruct-1M-e3,0.8760560248999555,0.999444197421076,0.8072476656291685,0.9972209871053802,0.9996665184526456,0.9956647398843932
JungZoona/T3Q-qwen2.5-14b-v1.0-e3,0.8760560248999555,0.999444197421076,0.8072476656291685,0.9972209871053802,0.9996665184526456,0.9956647398843932
Junhoee/Qwen-Megumin,0.8499333036905291,0.6587372165406847,0.9620942641173856,0.5162294353045798,0.3866162738995109,0.7625611382836817
KSU-HW-SEC/Llama3-70b-SVA-FT-1415,0.7414406402845709,0.9427523343708316,0.7454424188528235,0.9371943085815918,0.89517563361494,0.9088483770564696
KSU-HW-SEC/Llama3-70b-SVA-FT-500,0.7332147621164962,0.9459759893285904,0.7331036016007114,0.9502000889284128,0.8757225433526011,0.9055135615829256
KSU-HW-SEC/Llama3-70b-SVA-FT-final,0.7401067140951534,0.9427523343708316,0.7454424188528235,0.9371943085815918,0.89517563361494,0.9088483770564696
KSU-HW-SEC/Llama3.1-70b-SVA-FT-1000step,0.8634948866162739,0.9746554024010672,0.8329257447754558,0.9874388617163185,0.8970653623832815,0.9116273899510894
Khetterman/DarkAtom-12B-v3,0.740884837705647,0.5802578923966207,0.5077812361049355,0.5355713650511338,0.8506002667852379,0.5300133392618942
Khetterman/Kosmos-8B-v1,0.4208537127612272,0.5833703868385949,0.4724321920853713,0.5455758114717653,0.4270787016451756,0.5814806580702534
Kimargin/GPT-NEO-1.3B-wiki,0.1099377501111605,0.0698088039128501,0.1070475767007558,0.0262338817252112,0.3265895953757225,0.0141173855046687
KingNish/Qwen2.5-0.5b-Test-ft,0.2376611827478879,0.1180524677634504,0.2108714984437527,0.1740773677189862,0.0528012449977767,0.1809693196976434
KingNish/Reasoning-0.5b,0.1458425967096487,0.164517563361494,0.151622943530458,0.2218763895064473,0.0909293019119608,0.1725211204979991
KingNish/Reasoning-Llama-3b-v0.1,0.7447754557581148,0.2979101823032459,0.5762561138283682,0.1186082703423744,0.107492218763895,0.3728323699421965
KingNish/qwen-1b-continued,0.0286794130724766,0.0873721654068474,0.0668074699866607,0.2218763895064473,0.2755669186305024,0.1044908848377056
KingNish/qwen-1b-continued-v2,0.0634726545131169,0.1007114273010226,0.0780346820809248,0.0262338817252112,0.1220542463317029,0.0942641173855046
KingNish/qwen-1b-continued-v2.1,0.0222321031569586,0.0833703868385949,0.0668074699866607,0.2218763895064473,0.561805246776345,0.1061582925744775
KingNish/qwen-1b-continued-v2.2,0.0425744775455758,0.0998221431747443,0.1123832814584259,0.0914851044908848,0.1011560693641618,0.1047132058692752
Kquant03/CognitiveFusion2-4x7B-BF16,0.3423743886171632,0.2674522009782125,0.3190306803023566,0.4105157847932414,0.4946642952423299,0.3074699866607381
Kquant03/L3-Pneuma-8B,0.1754112939084037,0.4766562916851934,0.2833481547354379,0.6421742996887505,0.5114495331258337,0.4339706536238328
Krystalan/DRT-o1-14B,0.410182303245887,0.8808359270787016,0.957425522454424,0.8859493108048021,0.9457536682970208,0.8969542018674966
Krystalan/DRT-o1-7B,0.3923966207203201,0.7238772787905736,0.9326367274344152,0.7603379279679857,0.9877723432636728,0.755891507336594
Kukedlc/NeuralExperiment-7b-MagicCoder-v7.5,0.5072254335260116,0.2489995553579368,0.3610493552690084,0.5162294353045798,0.7199866607381058,0.3164739884393063
Kukedlc/NeuralLLaMa-3-8b-DT-v0.1,0.4682080924855491,0.4515340151178301,0.4135171187194308,0.5930413517118719,0.4766562916851934,0.6496220542463317
Kukedlc/NeuralLLaMa-3-8b-ORPO-v0.3,0.628501556247221,0.3357047576700755,0.2734548688305914,0.0262338817252112,0.1755224544241885,0.3841707425522454
Kukedlc/NeuralSynthesis-7B-v0.1,0.4286349488661627,0.5882614495331259,0.3474877723432636,0.3608270342374388,0.7249888839484215,0.3810582481102712
Kukedlc/NeuralSynthesis-7B-v0.3,0.4128501556247221,0.5867052023121387,0.4030680302356603,0.3523788350377946,0.7393285904846598,0.3813917296576256
Kukedlc/NeuralSynthesis-7b-v0.4-slerp,0.394619831036016,0.5953757225433526,0.344041796353935,0.3271453979546465,0.7196531791907514,0.3791685193419297
Kukedlc/Qwen-2.5-7b-Spanish-o1-CoT,0.4346376167185415,0.7616718541574032,0.7961316140506892,0.7541129390840373,0.9106269453090262,0.7949088483770564
Kumar955/Hemanth-llm,0.5989328590484659,0.6415073365940418,0.3767229879946643,0.3765006669630947,0.7937972432192085,0.4062916851934193
L-RAGE/3_PRYMMAL-ECE-7B-SLERP-V1,0.2454424188528234,0.2852378835037794,0.4987772343263673,0.3680524677634504,0.2979101823032459,0.3409293019119608
LEESM/llama-2-7b-hf-lora-oki100p,0.20964873277012,0.2014228546020453,0.1219430858159181,0.2396620720320142,0.169853268119164,0.2023121387283237
LEESM/llama-2-7b-hf-lora-oki10p,0.1598488216985326,0.1947532236549577,0.1219430858159181,0.0767007558915073,0.0266785237883503,0.1790795909293019
LEESM/llama-3-8b-bnb-4b-kowiki231101,0.0782570031124944,0.2563361493997332,0.1003779457536682,0.2584481991996443,0.1450644730991551,0.248888394842152
LEESM/llama-3-Korean-Bllossom-8B-trexlab-oki10p,0.1405068919519786,0.2963539350822587,0.265562472209871,0.3030235660293464,0.3572698977323255,0.430635838150289
LGAI-EXAONE/EXAONE-3.0-7.8B-Instruct,0.8568252556691863,0.2712316585148955,0.8210315695864829,0.203757225433526,0.1578479324144064,0.5401289461983103
LGAI-EXAONE/EXAONE-3.5-2.4B-Instruct,0.9675411293908404,0.2434415295686972,0.8718319253001334,0.203757225433526,0.1497332147621164,0.4539795464650956
LGAI-EXAONE/EXAONE-3.5-32B-Instruct,0.9944419742107604,0.7896843041351712,0.9749888839484216,0.4259670964873277,0.2531124944419742,0.8519341929746554
LGAI-EXAONE/EXAONE-3.5-7.8B-Instruct,0.9855491329479767,0.3952867941307247,0.9512005335704756,0.098377056469542,0.2432192085371276,0.7525566918630503
LLM360/K2,0.1574032903512672,0.4586482881280569,0.1759670964873277,0.3195864828812805,0.4115162294353046,0.3648288128056914
LLM360/K2-Chat,0.6157180969319698,0.6638506002667852,0.4864384170742552,0.6321698532681191,0.870386838594931,0.4811027123165851
LLM4Binary/llm4decompile-1.3b-v2,0.1596265006669631,0.1142730102267674,0.094041796353935,0.0262338817252112,0.4603156958648288,0.0977100933748332
Lambent/qwen2.5-reinstruct-alternate-lumen-14B,0.5582481102712317,0.8959537572254336,0.942530013339262,0.9406402845709204,0.9413072476656292,0.954868830591374
Langboat/Mengzi3-8B-Chat,0.6148288128056915,0.3841707425522454,0.446754112939084,0.2944642063139173,0.4386393952867941,0.4175188972876834
Lawnakk/BBA100,0.1322810137839039,0.0248999555357936,0.0716985326811916,0.0262338817252112,0.3901734104046243,0.0353490440195642
Lawnakk/BBALAW1,0.1079368608270342,0.0382392174299688,0.0716985326811916,0.0262338817252112,0.5192307692307693,0.0343485993775011
Lawnakk/BBALAW1.0,0.036016007114273,0.0035571365051133,0.0141173855046687,0.0852601156069364,0.1174966651845264,0.0452423299244108
Lawnakk/BBALAW1.2,0.0363494886616273,0.00533570475767,0.0141173855046687,0.1836371720764784,0.1174966651845264,0.018230324588706
Lawnakk/BBALAW1.3,0.0363494886616273,0.0028901734104046,0.0141173855046687,0.1459537572254335,0.1318363717207648,0.0100044464206313
Lawnakk/BBALAW1.6,0.6260560248999555,0.749444197421076,0.8648288128056915,0.7750111160515785,0.6900844819919965,0.8382614495331259
Lawnakk/BBALAW1.61,0.697865718096932,0.7481102712316585,0.8701645175633614,0.7323254779902179,0.6853045798132503,0.8302578923966207
Lawnakk/BBALAW1.62,0.5991551800800355,0.7656736327256558,0.8052467763450423,0.7479991107158738,0.6996442863494886,0.8440417963539351
Lawnakk/BBALAW1.63,0.4775455758114718,0.7458870609159627,0.8739439751000445,0.6927523343708315,0.6462872387727879,0.8302578923966207
Lawnakk/BBALAW1.64,0.0405735882614495,0.0126722987994664,0.0141173855046687,0.0262338817252112,0.0909293019119608,0.0277901289461983
LenguajeNaturalAI/leniachat-gemma-2b-v0,0.1427301022676745,0.081147176522899,0.0839261894175188,0.203757225433526,0.1749666518452645,0.0852601156069364
LenguajeNaturalAI/leniachat-qwen2-1.5B-v0,0.1549577590040017,0.2165406847487772,0.094041796353935,0.1567363272565584,0.1893063583815029,0.2052023121387283
LeroyDyer/CheckPoint_A,0.4982214317474433,0.3986216096042685,0.3261449533125833,0.3861716318363717,0.5969319697643397,0.3285904846598488
LeroyDyer/CheckPoint_B,0.4855491329479768,0.4077367718986216,0.3828368163628279,0.4504224099599822,0.32258781680747,0.3357047576700755
LeroyDyer/CheckPoint_C,0.3339261894175189,0.3686082703423743,0.3073588261449533,0.2584481991996443,0.713428190306803,0.3706091596265006
LeroyDyer/CheckPoint_R1,0.0831480658070253,0.2703423743886172,0.2473321476211649,0.2944642063139173,0.406958648288128,0.2294353045798132
LeroyDyer/LCARS_AI_001,0.2890173410404624,0.2912405513561583,0.1572921298354824,0.1740773677189862,0.7363272565584704,0.28223654957759
LeroyDyer/LCARS_AI_1x4_003_SuperAI,0.4169630947087595,0.463983992885727,0.3190306803023566,0.3765006669630947,0.8348154735437973,0.3550466874166296
LeroyDyer/LCARS_AI_StarTrek_Computer,0.3441529568697198,0.3245887060915963,0.2361049355269008,0.2218763895064473,0.3477100933748333,0.2512227656736327
LeroyDyer/LCARS_TOP_SCORE,0.4676522899066251,0.5818141396176079,0.3652734548688306,0.4105157847932414,0.6789684304135171,0.374166296131614
LeroyDyer/Mixtral_AI_SwahiliTron_7b,0.0558025789239662,0.0629168519341929,0.1003779457536682,0.1934192974655402,0.0810360160071142,0.0973766118274788
LeroyDyer/SpydazWebAI_Human_AGI,0.3208092485549133,0.1636282792352156,0.1070475767007558,0.3765006669630947,0.3458203646064918,0.1242774566473988
LeroyDyer/SpydazWebAI_Human_AGI_001,0.2896843041351712,0.1843041351711871,0.1387283236994219,0.5455758114717653,0.3888394842152067,0.1201645175633615
LeroyDyer/SpydazWeb_AI_CyberTron_Ultra_7b,0.0584704313028012,0.4428634948866162,0.1003779457536682,0.4789906625166741,0.5168963983992886,0.3250333481547354
LeroyDyer/SpydazWeb_AI_HumanAGI_001_M2,0.3941751889728768,0.4490884837705647,0.2232103156958648,0.44086260560249,0.8228101378390396,0.3657180969319697
LeroyDyer/SpydazWeb_AI_HumanAGI_002,0.4146287238772788,0.503779457536683,0.3610493552690084,0.4181858603823922,0.9659848821698532,0.3852823477100934
LeroyDyer/SpydazWeb_AI_HumanAI_001,0.1571809693196976,0.1754112939084037,0.1219430858159181,0.4331925300133392,0.2912405513561583,0.1053801689639839
LeroyDyer/SpydazWeb_AI_HumanAI_006,0.0440195642507781,0.1420631391729657,0.0780346820809248,0.3523788350377946,0.075255669186305,0.0532458870609159
LeroyDyer/SpydazWeb_AI_HumanAI_007,0.3165851489550911,0.1820809248554913,0.154846598488217,0.4331925300133392,0.4475322365495776,0.1138283681636282
LeroyDyer/SpydazWeb_AI_HumanAI_009_CHAT,0.2718986216096042,0.1520675855935971,0.1219430858159181,0.3608270342374388,0.5182303245887061,0.1216096042685638
LeroyDyer/SpydazWeb_AI_HumanAI_010_CHAT,0.2083148065807025,0.1616273899510893,0.1296131614050689,0.1186082703423744,0.4984437527790128,0.1211649622054246
LeroyDyer/SpydazWeb_AI_HumanAI_011_INSTRUCT,0.2931302801244997,0.1945309026233881,0.1070475767007558,0.3432636727434415,0.2816807469986661,0.1632947976878612
LeroyDyer/SpydazWeb_AI_HumanAI_011_INSTRUCT_ML,0.36827478879502,0.2412183192530013,0.1678523788350377,0.4789906625166741,0.5602489995553579,0.217207647843486
LeroyDyer/SpydazWeb_AI_HumanAI_011_INSTRUCT_ML_r1,0.4090706980880391,0.4308581591818586,0.3073588261449533,0.4789906625166741,0.3407069808803913,0.3508225878168075
LeroyDyer/SpydazWeb_AI_HumanAI_012_INSTRUCT_IA,0.2801244997776789,0.3506002667852378,0.2550022232103157,0.5744775455758114,0.5791462872387728,0.239217429968875
LeroyDyer/SpydazWeb_AI_HumanAI_012_INSTRUCT_MX,0.2845709204090706,0.1138283681636282,0.1123832814584259,0.4605380168963984,0.1680746998666074,0.0192307692307692
LeroyDyer/SpydazWeb_AI_HumanAI_012_INSTRUCT_XA,0.3434859937750111,0.3372610048910627,0.2433303690529124,0.6706313917296576,0.4817696754112939,0.2434415295686972
LeroyDyer/SpydazWeb_AI_HumanAI_RP,0.217207647843486,0.1560693641618497,0.094041796353935,0.3030235660293464,0.2832369942196532,0.1100489106269453
LeroyDyer/SpydazWeb_AI_HumanAI_TextVision,0.2836816362827923,0.1654068474877723,0.1070475767007558,0.4699866607381058,0.3499333036905291,0.1178301467318808
LeroyDyer/SpydazWeb_HumanAI_M1,0.3439306358381503,0.1998666073810582,0.1644064028457092,0.2218763895064473,0.2110938194753223,0.1761894175188973
LeroyDyer/SpydazWeb_HumanAI_M2,0.367718986216096,0.2394397510004446,0.183303690529124,0.3432636727434415,0.1971987550022232,0.2165406847487772
LeroyDyer/SpydazWeb_HumanAI_M3,0.0634726545131169,0.095153401511783,0.0668074699866607,0.2584481991996443,0.3353712761227212,0.0671409515340151
LeroyDyer/_Spydaz_Web_AI_12,0.2475544686527345,0.0895953757225433,0.1003779457536682,0.2312138728323699,0.0979324144064028,0.0546909737661182
LeroyDyer/_Spydaz_Web_AI_14,0.0960426856380613,0.0244553134726545,0.0885949310804802,0.203757225433526,0.0266785237883503,0.0573588261449533
LeroyDyer/_Spydaz_Web_AI_AGI_R1_001,0.4966651845264562,0.3772787905735882,0.3474877723432636,0.2218763895064473,0.6049355269008448,0.2950200088928412
LeroyDyer/_Spydaz_Web_AI_AGI_R1_002,0.6316140506891952,0.3821698532681191,0.3235882614495331,0.2312138728323699,0.634393063583815,0.3325922632281013
LeroyDyer/_Spydaz_Web_AI_AGI_R1_MUSR,0.5575811471765229,0.3959537572254335,0.3318141396176078,0.3947309915518008,0.9708759448643842,0.3176967541129391
LeroyDyer/_Spydaz_Web_AI_AGI_R1_MasterCoder,0.4226322810137839,0.4055135615829257,0.3361493997332148,0.311805246776345,0.9170742552245442,0.2925744775455758
LeroyDyer/_Spydaz_Web_AI_AGI_R1_Math_001,0.5117830146731881,0.4339706536238328,0.3737216540684748,0.3195864828812805,0.9468652734548688,0.2843485993775011
LeroyDyer/_Spydaz_Web_AI_AGI_R1_Math_003,0.7432192085371276,0.4184081814139617,0.3737216540684748,0.3608270342374388,0.5469097376611828,0.361827478879502
LeroyDyer/_Spydaz_Web_AI_AGI_R1_Math_AdvancedStudent,0.7154290795909293,0.456425077812361,0.3035793686082703,0.4699866607381058,0.9928857269897732,0.3624944419742107
LeroyDyer/_Spydaz_Web_AI_AGI_R1_Math_Student,0.6938639395286794,0.444642063139173,0.2881280569141841,0.4504224099599822,0.9904401956425076,0.3420409070698088
LeroyDyer/_Spydaz_Web_AI_AGI_R1_Math_Teacher,0.6983103601600712,0.4266340595820365,0.3035793686082703,0.4105157847932414,0.9939973321476212,0.3508225878168075
LeroyDyer/_Spydaz_Web_AI_AGI_R1_OmG_001,0.7020898176967542,0.4593152512227657,0.2833481547354379,0.5656958648288128,0.8352601156069365,0.3352601156069364
LeroyDyer/_Spydaz_Web_AI_AGI_R1_OmG_002,0.659626500666963,0.3837261004891062,0.2794575366829702,0.3351489550911516,0.8308136949755447,0.325255669186305
LeroyDyer/_Spydaz_Web_AI_AGI_R1_OmG_Coder,0.5775900400177857,0.3777234326367274,0.3035793686082703,0.2853490440195642,0.9984437527790128,0.3308136949755447
LeroyDyer/_Spydaz_Web_AI_AGI_R1_OmG_Math,0.596820809248555,0.3839484215206759,0.2696754112939084,0.3765006669630947,0.7258781680746998,0.3371498443752779
LeroyDyer/_Spydaz_Web_AI_AGI_R1_OmG_MathMaster,0.6740773677189862,0.4164072921298354,0.2991329479768786,0.4259670964873277,0.8417074255224545,0.2826811916407292
LeroyDyer/_Spydaz_Web_AI_AGI_R1_Student_Coder,0.6578479324144064,0.3823921742996887,0.3571587372165407,0.3947309915518008,0.7667852378835038,0.3019119608714984
LeroyDyer/_Spydaz_Web_AI_AGI_R1_Teacher_Coder,0.6068252556691863,0.4290795909293019,0.3543797243219208,0.4605380168963984,0.7483325922632281,0.3210315695864829
LeroyDyer/_Spydaz_Web_AI_AGI_R1_Top_Student,0.7252112049799911,0.4928857269897732,0.3855046687416629,0.276345042240996,0.9979991107158738,0.3711649622054246
LeroyDyer/_Spydaz_Web_AI_AGI_R1_X1,0.447309915518008,0.4141840818141396,0.3138061360604713,0.1330591373943975,0.6316140506891952,0.331147176522899
LeroyDyer/_Spydaz_Web_AI_AGI_R1_X2,0.6550689195197865,0.4324144064028457,0.3361493997332148,0.5355713650511338,0.9275233437083148,0.3388172521120498
LeroyDyer/_Spydaz_Web_AI_AGI_RP_R1,0.6536238328145842,0.3875055580257892,0.3318141396176078,0.2396620720320142,0.5964873277012005,0.3325922632281013
LeroyDyer/_Spydaz_Web_AI_BIBLE_002,0.1491774121831925,0.1258337038683859,0.1258337038683859,0.3947309915518008,0.1124944419742107,0.1156069364161849
LeroyDyer/_Spydaz_Web_AI_ChatML_002,0.183859493108048,0.0827034237438861,0.0839261894175188,0.098377056469542,0.1296131614050689,0.0108937305469097
LeroyDyer/_Spydaz_Web_AI_ChatQA,0.0429079590929301,0.1098265895953757,0.0716985326811916,0.203757225433526,0.1164962205424633,0.1233881725211205
LeroyDyer/_Spydaz_Web_AI_ChatQA_003,0.1535126722987994,0.0851489550911516,0.0780346820809248,0.2584481991996443,0.2825700311249444,0.0513561582925744
LeroyDyer/_Spydaz_Web_AI_TEMP_,0.5584704313028013,0.4724321920853713,0.5556914184081814,0.3432636727434415,0.6239439751000445,0.4087372165406847
LeroyDyer/_Spydaz_Web_AI_Top_Teacher_,0.4764339706536238,0.4424188528234771,0.5247887950200089,0.3271453979546465,0.7914628723877278,0.4211871943085816
LightningRodLabs/Flashlight-v1.0,0.8005780346820809,0.9708759448643842,0.9670964873277011,0.8511560693641619,0.4928857269897732,0.9635393508225878
LightningRodLabs/Flashlight-v1.1,0.7964650955980436,0.9739884393063584,0.9834370831480658,0.8431525122276567,0.4354157403290351,0.9720987105380168
LightningRodLabs/Flashlight-v1.2,0.4647621164962205,0.1216096042685638,0.6310582481102712,0.0262338817252112,0.8599377501111605,0.2543352601156069
Lil-R/2_PRYMMAL-ECE-2B-SLERP-V1,0.7029791018230325,0.2927967985771454,0.4490884837705647,0.6321698532681191,0.7652289906625167,0.2835704757670075
Lil-R/2_PRYMMAL-ECE-2B-SLERP-V2,0.6712983548243664,0.3028012449977768,0.4578701645175633,0.5355713650511338,0.8361493997332148,0.2977990217874611
Lil-R/2_PRYMMAL-ECE-7B-SLERP,0.6776345042240997,0.7518897287683415,0.8673855046687416,0.6791907514450867,0.7436638506002667,0.8382614495331259
Lil-R/2_PRYMMAL-ECE-7B-SLERP-V1,0.0203423743886171,0.0474655402401067,0.0302356602934637,0.0545798132503334,0.3431525122276567,0.0389061805246776
Lil-R/2_PRYMMAL-ECE-7B-SLERP-V2,0.0203423743886171,0.0474655402401067,0.0302356602934637,0.0545798132503334,0.3431525122276567,0.0389061805246776
Lil-R/2_PRYMMAL-ECE-7B-SLERP-V3,0.1556247220987105,0.2038683859493108,0.0520231213872832,0.0914851044908848,0.4784348599377501,0.1986438417074255
Lil-R/PRYMMAL-ECE-1B-SLERP-V1,0.2601156069364161,0.2716763005780346,0.4864384170742552,0.311805246776345,0.3441529568697198,0.3414851044908848
Lil-R/PRYMMAL-ECE-7B-SLERP-V8,0.0289017341040462,0.0280124499777678,0.0716985326811916,0.0262338817252112,0.1450644730991551,0.0452423299244108
LilRg/10PRYMMAL-3B-slerp,0.1129390840373499,0.6998666073810582,0.619942196531792,0.7603379279679857,0.838150289017341,0.697309915518008
LilRg/ECE-1B-merge-PRYMMAL,0.2432192085371276,0.2863494886616274,0.4791018230324588,0.3608270342374388,0.2588928412627834,0.335482436638506
LilRg/ECE_Finetunning,0.0071142730102267,0.4150733659404179,0.2585593597154291,0.3765006669630947,0.3584926634059582,0.4357492218763895
LilRg/PRYMMAL-6B-slerp,0.0231213872832369,0.0264562027567807,0.0141173855046687,0.0262338817252112,0.219319697643397,0.0202312138728323
LilRg/PRYMMAL-ECE-7B-SLERP-V3,0.0267896843041351,0.0291240551356158,0.0716985326811916,0.0914851044908848,0.1514006224988884,0.0433526011560693
LilRg/PRYMMAL-ECE-7B-SLERP-V4,0.0280124499777678,0.0291240551356158,0.0716985326811916,0.0914851044908848,0.1514006224988884,0.0433526011560693
LilRg/PRYMMAL-ECE-7B-SLERP-V5,0.0280124499777678,0.0291240551356158,0.0716985326811916,0.0914851044908848,0.1514006224988884,0.0433526011560693
LilRg/PRYMMAL-ECE-7B-SLERP-V6,0.0267896843041351,0.0291240551356158,0.0716985326811916,0.0914851044908848,0.1514006224988884,0.0433526011560693
LilRg/PRYMMAL-ECE-7B-SLERP-V7,0.0280124499777678,0.0291240551356158,0.0716985326811916,0.0914851044908848,0.1514006224988884,0.0433526011560693
LilRg/PRYMMAL-slerp-Merge,0.2816807469986661,0.7189862160960427,0.641396176078257,0.7541129390840373,0.8803912850155625,0.6889728768341485
LimYeri/CodeMind-Llama3-8B-unsloth_v2-merged,0.8254779902178746,0.417741218319253,0.3610493552690084,0.1934192974655402,0.0982658959537572,0.5163405958203646
LimYeri/CodeMind-Llama3-8B-unsloth_v3-merged,0.8035793686082704,0.4275233437083148,0.3679413072476656,0.1066029346376167,0.0324588706091596,0.5126722987994664
LimYeri/CodeMind-Llama3-8B-unsloth_v4-one-DPO-merged,0.7727879057358826,0.4115162294353046,0.3679413072476656,0.2312138728323699,0.1706313917296576,0.4773232547799022
LimYeri/CodeMind-Llama3-8B-unsloth_v4-one-merged,0.2990217874610938,0.3766118274788795,0.3073588261449533,0.6706313917296576,0.4582036460649177,0.476878612716763
LimYeri/CodeMind-Llama3.1-8B-unsloth-merged,0.7722321031569587,0.368830591373944,0.5016674077367719,0.1836371720764784,0.29035126722988,0.4714317474433081
Locutusque/CollectiveLM-Falcon-3-7B,0.3901734104046243,0.5449088483770564,0.7428857269897733,0.7851267229879947,0.32792352156514,0.5476878612716763
Locutusque/Hercules-6.0-Llama-3.1-8B,0.7850155624722098,0.4175188972876834,0.6512894619831036,0.1836371720764784,0.1106047132058692,0.5550244553134727
Locutusque/Hercules-6.1-Llama-3.1-8B,0.7216540684748777,0.3681636282792352,0.6659626500666963,0.1459537572254335,0.1630724766562916,0.58070253445976
Locutusque/Llama-3-NeuralHercules-5.0-8B,0.4942196531791907,0.2485549132947976,0.2473321476211649,0.2312138728323699,0.3212538906180525,0.3437083148065807
Locutusque/Llama-3-Yggdrasil-2.0-8B,0.6449533125833704,0.4255224544241885,0.4211871943085816,0.1656291685193419,0.3799466429524233,0.42741218319253
Locutusque/TinyMistral-248M-v2.5,0.0345709204090707,0.0606936416184971,0.0716985326811916,0.0545798132503334,0.2485549132947976,0.0532458870609159
Luni/StarDust-12b-v1,0.6592930191196087,0.6836371720764784,0.3979546465095598,0.311805246776345,0.7572254335260116,0.4908848377056469
Luni/StarDust-12b-v2,0.6839706536238328,0.7027567807914629,0.3708314806580702,0.487105380168964,0.7803468208092486,0.4963317029791018
Lunzima/NQLSG-Qwen2.5-14B-MegaFusion-v3,0.838150289017341,0.9017341040462428,0.9131836371720764,0.9527567807914628,0.94086260560249,0.958092485549133
Lunzima/NQLSG-Qwen2.5-14B-MegaFusion-v4,0.8250333481547354,0.891951978657181,0.8506002667852379,0.927967985771454,0.9350822587816808,0.9116273899510894
Lunzima/NQLSG-Qwen2.5-14B-MegaFusion-v5,0.8997332147621165,0.9050689195197864,0.9248554913294798,0.9099599822143176,0.8719430858159182,0.8899510893730547
Lunzima/NQLSG-Qwen2.5-14B-MegaFusion-v6,0.8368163628279235,0.8977323254779902,0.8969542018674966,0.9416407292129836,0.9235215651400622,0.9570920409070698
Lunzima/NQLSG-Qwen2.5-14B-MegaFusion-v6-cpt,0.5315695864828813,0.851044908848377,0.8395953757225434,0.939195197865718,0.9699866607381058,0.9020675855935972
Lunzima/NQLSG-Qwen2.5-14B-MegaFusion-v7,0.8070253445975989,0.9168519341929746,0.9092930191196088,0.9453090262338816,0.9539795464650956,0.9470875944864384
Lunzima/NQLSG-Qwen2.5-14B-MegaFusion-v7-rebase,0.8235882614495331,0.893508225878168,0.8470431302801245,0.9371943085815918,0.968875055580258,0.91929746554024
Lunzima/NQLSG-Qwen2.5-14B-MegaFusion-v8,0.9552023121387284,0.8961760782570031,0.992441084926634,0.8269230769230769,0.8199199644286349,0.9028457092040908
Lunzima/NQLSG-Qwen2.5-14B-MegaFusion-v8.5,0.7123165851489551,0.897287683414851,0.8694975544686527,0.9479768786127168,0.9364161849710982,0.9237438861716318
Lunzima/NQLSG-Qwen2.5-14B-MegaFusion-v8.6,0.7118719430858159,0.895731436193864,0.9050689195197864,0.9594264117385504,0.975322365495776,0.9615384615384616
Lunzima/NQLSG-Qwen2.5-14B-MegaFusion-v8.7,0.9552023121387284,0.9132947976878611,0.9877723432636728,0.8823921742996887,0.8174744330813695,0.9084037349933304
Lunzima/NQLSG-Qwen2.5-14B-MegaFusion-v8.8,0.8345931525122277,0.9348599377501112,0.9178523788350378,0.939195197865718,0.9649844375277902,0.9326367274344152
Lunzima/NQLSG-Qwen2.5-14B-MegaFusion-v8.9,0.971987550022232,0.9148510449088484,0.9861049355269008,0.8045798132503335,0.7810137839039573,0.9006224988883949
Lunzima/NQLSG-Qwen2.5-14B-MegaFusion-v9,0.6249444197421076,0.9221876389506448,0.9255224544241886,0.9706536238328146,0.9339706536238328,0.9766562916851934
Lunzima/NQLSG-Qwen2.5-14B-MegaFusion-v9-stock,0.7761227212094264,0.9313028012449978,0.9144064028457092,0.9594264117385504,0.9438639395286794,0.9696531791907514
Lunzima/NQLSG-Qwen2.5-14B-MegaFusion-v9.1,0.9735437972432192,0.9346376167185416,0.9899955535793686,0.8538239217429969,0.8016896398399288,0.911293908403735
Lunzima/NQLSG-Qwen2.5-14B-MegaFusion-v9.2,0.9535349044019564,0.9277456647398844,0.9839928857269896,0.8959537572254336,0.8232547799021788,0.9216318363717207
Lunzima/NQLSG-Qwen2.5-14B-OriginalFusion,0.7369942196531792,0.9390840373499332,0.9206313917296576,0.9502000889284128,0.987105380168964,0.9072921298354824
Lyte/Llama-3.1-8B-Instruct-Reasoner-1o1_v0.3,0.8429301911960871,0.44619831036016,0.6931969764339706,0.2485549132947976,0.2415518008003557,0.5569141840818141
Lyte/Llama-3.2-1B-Instruct-COT-RL-Expriement1-EP04,0.6985326811916407,0.1869719875500222,0.411293908403735,0.1330591373943975,0.1160515784793241,0.2014228546020453
Lyte/Llama-3.2-3B-Overthinker,0.7658959537572254,0.3008003557136505,0.6323921742996887,0.1186082703423744,0.1926411738550467,0.3579368608270342
M4-ai/TinyMistral-248M-v3,0.070920409070698,0.012894619831036,0.045131169408626,0.0262338817252112,0.2531124944419742,0.0503557136505113
MEscriva/ECE-PRYMMAL-0.5B-FT-V5-MUSR-Mathis,0.0162294353045798,0.0638061360604713,0.0740329035126723,0.0593597154290795,0.417741218319253,0.070920409070698
MLP-KTLim/llama-3-Korean-Bllossom-8B,0.611827478879502,0.4259670964873277,0.4818808359270787,0.1656291685193419,0.1745220097821254,0.545131169408626
MTSAIR/Cotype-Nano,0.3672743441529568,0.2309915518008003,0.4667630057803468,0.2485549132947976,0.0941529568697198,0.2538906180524677
MTSAIR/MultiVerse_70B,0.6265006669630947,0.8603823921742997,0.6979768786127167,0.8909515340151178,0.9197421076033792,0.8679413072476656
Magpie-Align/Llama-3-8B-Magpie-Align-SFT-v0.1,0.4653179190751445,0.3634948866162739,0.3190306803023566,0.1656291685193419,0.0002223210315695,0.3248110271231658
Magpie-Align/Llama-3-8B-Magpie-Align-SFT-v0.3,0.6029346376167185,0.3583815028901734,0.387616718541574,0.203757225433526,0.0008892841262783,0.3347043130280124
Magpie-Align/Llama-3-8B-Magpie-Align-v0.1,0.4190751445086705,0.4186305024455313,0.2050911516229435,0.3030235660293464,0.0810360160071142,0.3661627389951089
Magpie-Align/Llama-3-8B-Magpie-Align-v0.3,0.4952200978212538,0.3710538016896398,0.3138061360604713,0.1934192974655402,0.1811916407292129,0.4148510449088484
Magpie-Align/Llama-3.1-8B-Magpie-Align-SFT-v0.1,0.5566918630502445,0.4066251667407737,0.4438639395286794,0.1459537572254335,0.0783681636282792,0.3460426856380613
Magpie-Align/Llama-3.1-8B-Magpie-Align-v0.1,0.4884393063583815,0.3643841707425522,0.3610493552690084,0.1740773677189862,0.147287683414851,0.449977767896843
Magpie-Align/MagpieLM-8B-Chat-v0.1,0.3606047132058693,0.2743441529568697,0.3361493997332148,0.1567363272565584,0.1308359270787016,0.436527345486883
Magpie-Align/MagpieLM-8B-SFT-v0.1,0.5440195642507781,0.3570475767007559,0.3951756336149399,0.2218763895064473,0.190306803023566,0.358603823921743
MagusCorp/grpo_lora_enem_llama3_7b,0.5455758114717653,0.4012894619831036,0.5473543797243219,0.6706313917296576,0.375277901289462,0.5391285015562473
ManoloPueblo/ContentCuisine_1-7B-slerp,0.3890618052467763,0.6301689639839929,0.387616718541574,0.5930413517118719,0.8833926189417519,0.3825033348154735
ManoloPueblo/LLM_MERGE_CC2,0.38172521120498,0.6491774121831926,0.3508225878168075,0.6130502445531347,0.859715429079591,0.3748332592263228
ManoloPueblo/LLM_MERGE_CC3,0.3960649177412183,0.6485104490884838,0.4089595375722543,0.6706313917296576,0.8863939528679413,0.4231880835927079
MarinaraSpaghetti/NemoReRemix-12B,0.315028901734104,0.7381058248110272,0.446754112939084,0.7379946642952423,0.8377056469542019,0.5469097376611828
MarinaraSpaghetti/Nemomix-v4.0-12B,0.6770787016451756,0.6340595820364606,0.4987772343263673,0.4699866607381058,0.6991996442863495,0.5540240106714095
Marsouuu/MiniMathExpert-2_61B-ECE-PRYMMAL-Martial,0.2194308581591818,0.2381058248110271,0.3902845709204091,0.3030235660293464,0.450533570475767,0.2343263672743441
Marsouuu/MiniQwenMathExpert-ECE-PRYMMAL-Martial,0.2522232103156959,0.2840151178301467,0.5187861271676301,0.3680524677634504,0.3103601600711427,0.3394842152067585
Marsouuu/MistralBase-4x7B-MoE-ECE-PRYMMAL-Martial,0.0797020898176967,0.1867496665184526,0.1070475767007558,0.1186082703423744,0.3679413072476656,0.1176078257003112
Marsouuu/general3B-ECE-PRYMMAL-Martial,0.2438861716318363,0.7223210315695865,0.629613161405069,0.7479991107158738,0.9041796353935082,0.6945309026233881
Marsouuu/general3Bv2-ECE-PRYMMAL-Martial,0.6891951978657181,0.7745664739884393,0.870942641173855,0.6791907514450867,0.7336594041796354,0.8360382392174299
Marsouuu/lareneg1_78B-ECE-PRYMMAL-Martial,0.2522232103156959,0.2840151178301467,0.5187861271676301,0.3680524677634504,0.3103601600711427,0.3394842152067585
Marsouuu/lareneg3B-ECE-PRYMMAL-Martial,0.311249444197421,0.7445531347265452,0.622610048910627,0.7804579813250333,0.9088483770564696,0.6337261004891063
Marsouuu/lareneg3Bv2-ECE-PRYMMAL-Martial,0.6951978657180969,0.7705646954201868,0.8694975544686527,0.7479991107158738,0.7042018674966651,0.8390395731436194
MaziyarPanahi/Calme-4x7B-MoE-v0.1,0.4544241885282348,0.5631391729657625,0.411293908403735,0.3680524677634504,0.5373499333036905,0.3841707425522454
MaziyarPanahi/Calme-4x7B-MoE-v0.2,0.451089373054691,0.5689195197865718,0.3902845709204091,0.3432636727434415,0.6880835927078701,0.3848377056469542
MaziyarPanahi/Llama-3-70B-Instruct-v0.1,0.5431302801244998,0.6262783459315251,0.6758559359715429,0.3947309915518008,0.8263672743441529,0.8499333036905291
MaziyarPanahi/Llama-3-8B-Instruct-v0.10,0.9245220097821254,0.4493108048021342,0.3190306803023566,0.661849710982659,0.5522454424188529,0.6884170742552246
MaziyarPanahi/Llama-3-8B-Instruct-v0.8,0.9070698088039127,0.4613161405068919,0.4030680302356603,0.6229435304579813,0.5606936416184971,0.6827478879502001
MaziyarPanahi/Llama-3-8B-Instruct-v0.9,0.9199644286349488,0.4481991996442863,0.387616718541574,0.6528457092040907,0.4886616273899511,0.6796353935082259
MaziyarPanahi/Qwen1.5-MoE-A2.7B-Wikihow,0.2701200533570476,0.2407736771898621,0.4187416629613161,0.3030235660293464,0.0853712761227212,0.2441084926634059
MaziyarPanahi/Qwen2-7B-Instruct-v0.1,0.3170297910182303,0.5918185860382392,0.7497776789684304,0.4027345486883059,0.76345042240996,0.6850822587816807
MaziyarPanahi/Qwen2-7B-Instruct-v0.8,0.2491107158737216,0.3915073365940418,0.667741218319253,0.487105380168964,0.655402401067141,0.5357936860827034
MaziyarPanahi/calme-2.1-llama3.1-70b,0.9966651845264562,0.8879502000889284,0.9092930191196088,0.7966874166296132,0.7557803468208093,0.9212983548243664
MaziyarPanahi/calme-2.1-phi3-4b,0.6691863050244553,0.7803468208092486,0.581702979101823,0.8045798132503335,0.3910626945309026,0.6229435304579813
MaziyarPanahi/calme-2.1-phi3.5-4b,0.6861938639395286,0.737661182747888,0.7169853268119164,0.8572698977323254,0.4811027123165851,0.7192085371276122
MaziyarPanahi/calme-2.1-qwen2-72b,0.987105380168964,0.9886616273899512,0.9059582036460648,0.9502000889284128,0.9506447309915518,0.9713205869275232
MaziyarPanahi/calme-2.1-qwen2-7b,0.3775011116051578,0.5531347265451312,0.7651178301467318,0.44086260560249,0.7601156069364162,0.5955980435749222
MaziyarPanahi/calme-2.1-qwen2.5-72b,0.9993330369052912,0.9959982214317474,0.996220542463317,0.9121831925300132,0.7343263672743442,0.9877723432636728
MaziyarPanahi/calme-2.1-rys-78b,0.9852156514006224,0.9937750111160516,0.895731436193864,0.983325922632281,0.924188528234771,0.9815473543797244
MaziyarPanahi/calme-2.2-llama3-70b,0.9886616273899512,0.888172521120498,0.7726767452200978,0.848377056469542,0.8257003112494442,0.9034015117830146
MaziyarPanahi/calme-2.2-llama3.1-70b,0.998332592263228,0.9648732770120052,0.9255224544241886,0.7804579813250333,0.8772787905735883,0.9713205869275232
MaziyarPanahi/calme-2.2-phi3-4b,0.6046020453534905,0.7750111160515785,0.6106047132058693,0.7603379279679857,0.3588261449533126,0.6616273899510894
MaziyarPanahi/calme-2.2-qwen2-72b,0.9737661182747888,0.9864384170742552,0.936082703423744,0.9347487772343264,0.8608270342374389,0.9802134281903068
MaziyarPanahi/calme-2.2-qwen2-7b,0.3463761671854157,0.6458425967096487,0.7354379724321921,0.4605380168963984,0.7332147621164962,0.7045353490440196
MaziyarPanahi/calme-2.2-qwen2.5-72b,0.9971098265895952,0.996220542463317,0.9959982214317474,0.9039573143619386,0.6508448199199645,0.9875500222321032
MaziyarPanahi/calme-2.2-rys-78b,0.970987105380169,0.993552690084482,0.9050689195197864,0.9947754557581148,0.8706091596265007,0.9533125833703868
MaziyarPanahi/calme-2.3-llama3-70b,0.9739884393063584,0.879057358826145,0.7667852378835038,0.837149844375278,0.6896398399288572,0.9020675855935972
MaziyarPanahi/calme-2.3-llama3.1-70b,0.9986660738105824,0.9757670075589152,0.8952867941307248,0.8572698977323254,0.893508225878168,0.9405291240551356
MaziyarPanahi/calme-2.3-phi3-4b,0.5782570031124944,0.7738995108937305,0.6158292574477545,0.7379946642952423,0.3621609604268563,0.6695197865718097
MaziyarPanahi/calme-2.3-qwen2-72b,0.380613606047132,0.9415295686971988,0.831147176522899,0.927967985771454,0.5860382392174299,0.9744330813694976
MaziyarPanahi/calme-2.3-qwen2-7b,0.3789461983103601,0.5513561582925744,0.7212094264117386,0.5259004001778568,0.7354379724321921,0.5532458870609159
MaziyarPanahi/calme-2.3-rys-78b,0.9808803912850156,0.9942196531791908,0.8992885726989773,0.9934415295686972,0.8761671854157403,0.9842152067585592
MaziyarPanahi/calme-2.4-llama3-70b,0.5949310804802135,0.8846153846153846,0.7760115606936416,0.8431525122276567,0.7214317474433082,0.901622943530458
MaziyarPanahi/calme-2.4-qwen2-7b,0.3105824811027123,0.5869275233437083,0.7156514006224989,0.3861716318363717,0.7899066251667408,0.7324366385060027
MaziyarPanahi/calme-2.4-rys-78b,0.974210760337928,0.9975544686527346,0.9050689195197864,0.9923299244108492,0.9986660738105824,0.9991107158737216
MaziyarPanahi/calme-2.5-qwen2-7b,0.2925744775455758,0.4615384615384615,0.7580035571365051,0.6791907514450867,0.8410404624277457,0.5890395731436194
MaziyarPanahi/calme-2.6-qwen2-7b,0.3281458425967096,0.4933303690529124,0.5473543797243219,0.3986216096042685,0.8621609604268564,0.6158292574477545
MaziyarPanahi/calme-2.7-qwen2-7b,0.3454868830591374,0.4797687861271676,0.5994886616273899,0.4605380168963984,0.947309915518008,0.6033792796798577
MaziyarPanahi/calme-3.1-baguette-3b,0.7456647398843931,0.3910626945309026,0.7852378835037794,0.4105157847932414,0.4126278345931525,0.4878835037794575
MaziyarPanahi/calme-3.1-instruct-3b,0.4598710538016896,0.434415295686972,0.6694086260560249,0.4105157847932414,0.3465984882169853,0.5332369942196532
MaziyarPanahi/calme-3.1-instruct-78b,0.9852156514006224,0.9979991107158738,0.8952867941307248,0.9874388617163185,0.9991107158737216,0.9995553579368608
MaziyarPanahi/calme-3.1-llamaloi-3b,0.8840595820364606,0.3597154290795909,0.6616273899510894,0.3608270342374388,0.0266785237883503,0.4390840373499333
MaziyarPanahi/calme-3.2-baguette-3b,0.7565584704313028,0.3999555357936861,0.8052467763450423,0.4969986660738106,0.4155180080035571,0.4702089817696754
MaziyarPanahi/calme-3.2-instruct-3b,0.6700755891507336,0.4504224099599822,0.7404401956425077,0.3861716318363717,0.4246331702979102,0.5721431747443309
MaziyarPanahi/calme-3.2-instruct-78b,0.9804357492218764,0.9982214317474432,0.9026233881725212,0.9923299244108492,0.9993330369052912,0.9997776789684304
MaziyarPanahi/calme-3.3-baguette-3b,0.759670964873277,0.3935082258781681,0.8847265451311694,0.3523788350377946,0.3359270787016452,0.4719875500222321
MaziyarPanahi/calme-3.3-instruct-3b,0.7674522009782125,0.3955091151622943,0.8786127167630058,0.3765006669630947,0.4578701645175633,0.463428190306803
Minami-su/Amara-o1-7B-Qwen,0.8877278790573588,0.6309470875944865,0.9766562916851934,0.487105380168964,0.3977323254779902,0.7447754557581148
Minami-su/Amara-o2-7B-Qwen,0.8504891062694531,0.584926634059582,0.9068474877723433,0.1740773677189862,0.2516674077367719,0.7574477545575812
Minami-su/test-7B-00,0.7914628723877278,0.3212538906180525,0.9346376167185416,0.5930413517118719,0.5192307692307693,0.5442418852823477
Minami-su/test-7B-01,0.7987994664295243,0.3116940862605602,0.9368608270342376,0.6421742996887505,0.5645842596709649,0.5274566473988439
Minami-su/test-v2-7B-00,0.8008003557136505,0.3163628279235215,0.9291907514450868,0.4699866607381058,0.5662516674077368,0.5054468652734548
ModelCloud/Llama-3.2-1B-Instruct-gptqmodel-4bit-vortex-v1,0.6280569141840818,0.1129390840373499,0.3318141396176078,0.0703646064917741,0.0201200533570475,0.1910849266340595
ModelSpace/GemmaX2-28-9B-v0.1,0.0018897287683414,0.2107603379279679,0.1759670964873277,0.3195864828812805,0.1893063583815029,0.2314361938639395
MoonRide/Llama-3.2-3B-Khelavaster,0.57792352156514,0.3412627834593152,0.641396176078257,0.3271453979546465,0.2673410404624277,0.4090706980880391
Mostafa8Mehrabi/llama-3.2-1b-Insomnia-ChatBot-merged,0.032792352156514,0.0355713650511338,0.0582481102712316,0.0262338817252112,0.0402401067140951,0.0492441084926634
MrRobotoAI/MrRoboto-ProLong-8b-v4i,0.3795020008892841,0.3608270342374388,0.3073588261449533,0.44086260560249,0.4707647843485993,0.3896176078257003
MrRobotoAI/MrRoboto-ProLongBASE-pt8-unaligned-8b,0.3337038683859493,0.3465984882169853,0.2433303690529124,0.3608270342374388,0.661849710982659,0.2652289906625166
MultivexAI/Gladiator-Mini-Exp-1211-3B,0.8174744330813695,0.3314806580702534,0.5981547354379725,0.276345042240996,0.0909293019119608,0.4217429968875055
MultivexAI/Gladiator-Mini-Exp-1221-3B-Instruct,0.7298799466429524,0.3054690973766118,0.5930413517118719,0.1740773677189862,0.0528012449977767,0.3807247665629168
MultivexAI/Gladiator-Mini-Exp-1221-3B-Instruct-V2,0.744108492663406,0.308581591818586,0.6058248110271232,0.1740773677189862,0.0402401067140951,0.3716096042685638
MultivexAI/Gladiator-Mini-Exp-1222-3B-Instruct,0.7394397510004447,0.3068030235660293,0.6058248110271232,0.1740773677189862,0.065028901734104,0.3694975544686527
MultivexAI/Phi-3.5-Mini-Instruct-MultiVex-v0.25-GGUF,0.045131169408626,0.0093374833259226,0.0520231213872832,0.0809248554913294,0.2217652289906625,0.0212316585148955
Mxode/NanoLM-0.3B-Instruct-v1,0.0560248999555357,0.0573588261449533,0.1070475767007558,0.2673410404624277,0.5262338817252112,0.018230324588706
Mxode/NanoLM-0.3B-Instruct-v1.1,0.0920409070698088,0.0569141840818141,0.1003779457536682,0.0262338817252112,0.6662961316140507,0.0343485993775011
Mxode/NanoLM-0.3B-Instruct-v2,0.0762561138283681,0.0262338817252112,0.0552467763450422,0.1459537572254335,0.353712761227212,0.0524677634504224
Mxode/NanoLM-1B-Instruct-v1.1,0.1801911960871498,0.1196087149844375,0.213428190306803,0.1740773677189862,0.1220542463317029,0.0991551800800355
Mxode/NanoLM-1B-Instruct-v2,0.2334370831480658,0.0989328590484659,0.2401067140951534,0.1740773677189862,0.2145397954646509,0.1027123165851489
NAPS-ai/naps-gemma-2-27b-v-0.1.0,0.0008892841262783,0.0317919075144508,0.0141173855046687,0.1330591373943975,0.2217652289906625,0.0824811027123165
NAPS-ai/naps-gemma-2-27b-v0.1.0,0.0008892841262783,0.0317919075144508,0.0141173855046687,0.1330591373943975,0.2217652289906625,0.0824811027123165
NAPS-ai/naps-llama-3_1-8b-instruct-v0.3,0.6480658070253446,0.4079590929301911,0.6931969764339706,0.5560248999555358,0.3389284126278346,0.4875500222321031
NAPS-ai/naps-llama-3_1-8b-instruct-v0.4,0.8799466429524233,0.4459759893285905,0.7042018674966651,0.3432636727434415,0.7678968430413518,0.5065584704313028
NAPS-ai/naps-llama-3_1-instruct-v0.5.0,0.5938194753223655,0.2727879057358826,0.213428190306803,0.2312138728323699,0.1760782570031125,0.2736771898621609
NAPS-ai/naps-llama-3_1_instruct-v0.6.0,0.3090262338817252,0.3345931525122276,0.3508225878168075,0.3680524677634504,0.1960871498443752,0.4460871498443752
NAPS-ai/naps-llama3.1-70B-v0.2-fp16,0.1000444642063139,0.0564695420186749,0.0141173855046687,0.0262338817252112,0.1220542463317029,0.0141173855046687
NCSOFT/Llama-VARCO-8B-Instruct,0.4899955535793686,0.4879946642952423,0.4942196531791907,0.5259004001778568,0.5502445531347265,0.4353045798132503
NJS26/NJS_777,0.1051578479324144,0.0598043574922187,0.0141173855046687,0.0262338817252112,0.1544019564250778,0.0762561138283681
NLPark/AnFeng_v3.1-Avocet,0.6098265895953757,0.7932414406402846,0.6371720764784349,0.7804579813250333,0.8110271231658515,0.82258781680747
NLPark/B-and-W_Flycatcher-3AD1E,0.5749221876389506,0.8301467318808359,0.7717874610938195,0.8075811471765229,0.7643397065362383,0.8613828368163629
NLPark/Shi-Ci-Robin-Test_3AD80,0.8620497999110716,0.9496442863494886,0.8298132503334815,0.905402401067141,0.920964873277012,0.887616718541574
NTQAI/NxMobileLM-1.5B-SFT,0.7640062249888839,0.2452200978212539,0.426856380613606,0.1186082703423744,0.1111605157847932,0.3140284570920409
NTQAI/Nxcode-CQ-7B-orpo,0.4017341040462427,0.2656736327256558,0.151622943530458,0.0767007558915073,0.332814584259671,0.1670742552245442
NYTK/PULI-GPTrio,0.1467318808359271,0.0544686527345486,0.0885949310804802,0.203757225433526,0.2614495331258337,0.0546909737661182
NYTK/PULI-LlumiX-32K,0.0800355713650511,0.1040462427745664,0.094041796353935,0.0703646064917741,0.3603823921742997,0.1794130724766563
Naveenpoliasetty/llama3-8B-V2,0.4194086260560249,0.5486883059137394,0.4061805246776345,0.4504224099599822,0.4457536682970209,0.6197198755002223
NbAiLab/nb-llama-3.1-8B-Instruct,0.3488216985326812,0.1067140951534015,0.154846598488217,0.2853490440195642,0.065028901734104,0.0952645620275678
NbAiLab/nb-llama-3.1-8B-sft,0.348377056469542,0.1153846153846153,0.151622943530458,0.0767007558915073,0.0723654957759004,0.1002667852378835
Nekochu/Llama-3.1-8B-German-ORPO,0.5213428190306802,0.4968875055580258,0.5296798577145398,0.7256558470431302,0.8724988883948421,0.4863272565584704
Nekochu/Llama-3.1-8B-french-DPO,0.5306803023566029,0.5195642507781236,0.4667630057803468,0.4605380168963984,0.6176078257003113,0.4914406402845709
Nekochu/Luminia-13B-v3,0.2125389061805246,0.2676745220097821,0.1296131614050689,0.2485549132947976,0.4297465540240107,0.2304357492218764
Nekochu/Luminia-8B-RP,0.6767452200978212,0.5858159181858604,0.5942641173855047,0.5259004001778568,0.5709204090706981,0.5613606047132059
NeverSleep/Lumimaid-v0.2-12B,0.0211204979991107,0.6829702089817696,0.3138061360604713,0.7138728323699421,0.9684304135171188,0.5180080035571365
NeverSleep/Lumimaid-v0.2-8B,0.5973766118274789,0.5931525122276567,0.608603823921743,0.6859715429079591,0.6736327256558471,0.5628056914184082
Nexesenex/Dolphin3.0-Llama3.1-1B-abliterated,0.6327256558470431,0.1462872387727879,0.2232103156958648,0.0262338817252112,0.0005558025789239,0.1162738995108937
Nexesenex/Llama_3.1_8b_DeepDive_3_Prev_v1.0,0.80913739439751,0.5571365051133838,0.6868608270342375,0.4605380168963984,0.4618719430858159,0.4955535793686083
Nexesenex/Llama_3.1_8b_DeepDive_3_R1_Prev_v1.0,0.8438194753223655,0.5435749221876389,0.6979768786127167,0.5656958648288128,0.4978879502000889,0.4968875055580258
Nexesenex/Llama_3.1_8b_DobHerWild_R1_v1.1R,0.9147398843930636,0.6316140506891952,0.7660071142730103,0.5560248999555358,0.4904401956425078,0.5934859937750111
Nexesenex/Llama_3.1_8b_DoberWild_v2.01,0.972543352601156,0.6093819475322365,0.7098710538016897,0.5930413517118719,0.5349044019564251,0.6490662516674077
Nexesenex/Llama_3.1_8b_DoberWild_v2.02,0.9337483325922632,0.6538461538461539,0.7086482881280569,0.4969986660738106,0.4618719430858159,0.6315028901734104
Nexesenex/Llama_3.1_8b_DoberWild_v2.03,0.9361938639395286,0.6407292129835482,0.7220987105380169,0.6176078257003113,0.4973321476211649,0.6111605157847932
Nexesenex/Llama_3.1_8b_DodoWild_v2.01,0.9703201422854602,0.6004891062694531,0.7078701645175633,0.6036016007114273,0.6864161849710982,0.620386838594931
Nexesenex/Llama_3.1_8b_DodoWild_v2.02,0.9748777234326368,0.6069364161849711,0.7605602489995553,0.6130502445531347,0.5851489550911516,0.6295020008892841
Nexesenex/Llama_3.1_8b_DodoWild_v2.03,0.9662072032014228,0.640284570920409,0.7512227656736328,0.6528457092040907,0.5175633614939973,0.6463983992885727
Nexesenex/Llama_3.1_8b_DodoWild_v2.10,0.9799911071587372,0.6282792352156514,0.7054246331702979,0.5162294353045798,0.6168297020898177,0.6835260115606936
Nexesenex/Llama_3.1_8b_Dolermed_R1_V1.01,0.9086260560249,0.6502890173410405,0.7117607825700312,0.6229435304579813,0.4538683859493108,0.6163850600266785
Nexesenex/Llama_3.1_8b_Dolermed_R1_V1.03,0.9125166740773676,0.6500666963094709,0.7240995998221432,0.7379946642952423,0.4707647843485993,0.6096042685638061
Nexesenex/Llama_3.1_8b_Dolermed_V1.01,0.6087149844375278,0.582258781680747,0.5911516229435304,0.4969986660738106,0.5114495331258337,0.5373499333036905
Nexesenex/Llama_3.1_8b_Dolerstormed_V1.04,0.9585371276122722,0.5791462872387728,0.6979768786127167,0.7655624722098711,0.4450867052023121,0.7002000889284127
Nexesenex/Llama_3.1_8b_Hermedash_R1_V1.04,0.9546465095598043,0.5800355713650511,0.6868608270342375,0.7700088928412628,0.5564695420186749,0.697865718096932
Nexesenex/Llama_3.1_8b_Hermedive_R1_V1.01,0.5909293019119609,0.5580257892396621,0.6694086260560249,0.3765006669630947,0.6939751000444642,0.493552690084482
Nexesenex/Llama_3.1_8b_Hermedive_R1_V1.03,0.7867941307247666,0.5453534904401957,0.6848599377501111,0.5355713650511338,0.4434192974655402,0.5108937305469098
Nexesenex/Llama_3.1_8b_Hermedive_V1.01,0.6026011560693642,0.44086260560249,0.647287683414851,0.44086260560249,0.4045131169408626,0.5315695864828813
Nexesenex/Llama_3.1_8b_Mediver_V1.01,0.1058248110271231,0.3063583815028902,0.0334593152512227,0.3271453979546465,0.3145842596709648,0.3606047132058693
Nexesenex/Llama_3.1_8b_Medusa_v1.01,0.9275233437083148,0.5191196087149844,0.614495331258337,0.4699866607381058,0.4377501111605157,0.5260115606936416
Nexesenex/Llama_3.1_8b_Smarteaz_0.2_R1,0.7572254335260116,0.5417963539350823,0.7891285015562473,0.5656958648288128,0.6731880835927079,0.5674744330813695
Nexesenex/Llama_3.1_8b_Smarteaz_V1.01,0.9864384170742552,0.6056024899955536,0.7683414851044909,0.6706313917296576,0.387616718541574,0.6183859493108048
Nexesenex/Llama_3.1_8b_Stormeder_v1.04,0.9517563361493996,0.5844819919964429,0.6833036905291241,0.7541129390840373,0.3992885726989773,0.6820809248554913
Nexesenex/Llama_3.1_8b_Typhoon_v1.03,0.9815473543797244,0.6520675855935971,0.7605602489995553,0.6421742996887505,0.364495331258337,0.6776345042240997
Nexesenex/Llama_3.2_1b_AquaSyn_0.1,0.2452200978212539,0.1224988883948421,0.151622943530458,0.0262338817252112,0.0810360160071142,0.1173855046687416
Nexesenex/Llama_3.2_1b_AquaSyn_0.11,0.1891951978657181,0.0742552245442418,0.1572921298354824,0.1934192974655402,0.065028901734104,0.0286794130724766
Nexesenex/Llama_3.2_1b_Dolto_0.1,0.6550689195197865,0.1367274344152957,0.2164295242329924,0.0262338817252112,0.114495331258337,0.1151622943530458
Nexesenex/Llama_3.2_1b_Odyssea_V1,0.2206536238328146,0.0431302801244997,0.1070475767007558,0.1066029346376167,0.0810360160071142,0.0703646064917741
Nexesenex/Llama_3.2_1b_Odyssea_V1.01,0.2043130280124499,0.0493552690084482,0.1258337038683859,0.0852601156069364,0.0810360160071142,0.0694753223654957
Nexesenex/Llama_3.2_1b_OpenTree_R1_0.1,0.6427301022676746,0.1222765673632725,0.2696754112939084,0.06447309915518,0.0673632725655847,0.1783014673188083
Nexesenex/Llama_3.2_1b_OrcaSun_V1,0.7152067585593597,0.1980880391285015,0.328479324144064,0.0262338817252112,0.1664072921298355,0.2078701645175633
Nexesenex/Llama_3.2_1b_RandomLego_RP_R1_0.1,0.6712983548243664,0.1745220097821254,0.3138061360604713,0.0262338817252112,0.062361049355269,0.14517563361494
Nexesenex/Llama_3.2_1b_SunOrca_V1,0.6542907959092931,0.1722987994664295,0.3652734548688306,0.2944642063139173,0.0941529568697198,0.2058692752334371
Nexesenex/Llama_3.2_1b_Sydonia_0.1,0.1496220542463317,0.0942641173855046,0.1438417074255224,0.0262338817252112,0.0791462872387727,0.1008225878168074
Nexesenex/Llama_3.2_1b_Syneridol_0.2,0.1438417074255224,0.0955980435749221,0.151622943530458,0.0262338817252112,0.0476878612716763,0.1012672298799466
Nexesenex/Llama_3.2_1b_Synopsys_0.1,0.0894842152067585,0.1000444642063139,0.1219430858159181,0.0262338817252112,0.1379502000889284,0.101600711427301
Nexesenex/Llama_3.2_1b_Synopsys_0.11,0.2565584704313028,0.0706980880391285,0.094041796353935,0.1656291685193419,0.1489550911516229,0.0371276122721209
Nexesenex/Llama_3.2_3b_Kermes_v1,0.5671409515340151,0.316140506891952,0.1947532236549577,0.2853490440195642,0.4517563361493997,0.2614495331258337
Nexesenex/Llama_3.2_3b_Kermes_v2,0.6955313472654513,0.3292574477545575,0.3035793686082703,0.1934192974655402,0.230102267674522,0.2950200088928412
Nexesenex/Llama_3.2_3b_Kermes_v2.1,0.6780791462872388,0.331702979101823,0.2917963539350822,0.3432636727434415,0.350489106269453,0.2853490440195642
Nexesenex/Nemotron_W_4b_Halo_0.1,0.3492663405958203,0.2774566473988439,0.2433303690529124,0.3567140951534015,0.5497999110715873,0.2574477545575811
Nexesenex/Nemotron_W_4b_MagLight_0.1,0.4386393952867941,0.2883503779457537,0.2317696754112939,0.3861716318363717,0.493552690084482,0.2612272120942641
Nexesenex/Qwen_2.5_3b_Smarteaz_0.01a,0.4024010671409515,0.3721654068474878,0.6758559359715429,0.3271453979546465,0.7074255224544241,0.3242552245442419
Nexesenex/pankajmathur_orca_mini_v9_6_1B-instruct-Abliterated-LPL,0.7083148065807026,0.1971987550022232,0.3919519786571809,0.2130947087594486,0.1299466429524233,0.1954201867496665
Nexusflow/NexusRaven-V2-13B,0.0933748332592263,0.2387727879057359,0.1877501111605158,0.1330591373943975,0.1787461093819475,0.2045353490440195
NikolaSigmoid/AceMath-1.5B-Instruct-1epoch,0.2577812361049355,0.2973543797243219,0.8219208537127612,0.3271453979546465,0.3399288572698977,0.2434415295686972
NikolaSigmoid/AceMath-1.5B-Instruct-dolphin-r1-200,0.0953757225433526,0.009115162294353,0.0141173855046687,0.0852601156069364,0.2123165851489551,0.0610271231658514
NikolaSigmoid/DeepSeek-R1-Distill-Qwen-1.5B-500,0.0855935971542908,0.0004446420631391,0.0141173855046687,0.0262338817252112,0.1011560693641618,0.0399066251667407
NikolaSigmoid/acemath-200,0.2577812361049355,0.2973543797243219,0.8219208537127612,0.3271453979546465,0.3399288572698977,0.2434415295686972
NikolaSigmoid/phi-4-14b,0.0098932859048465,0.9530902623388172,0.8139172965762561,0.9928857269897732,0.9873277012005336,0.9199644286349488
NikolaSigmoid/phi-4-1steps,0.009115162294353,0.9562027567807916,0.8175855935971543,0.9919964428634948,0.9839928857269896,0.9185193419297466
NikolaSigmoid/phi-4-300steps,0.0098932859048465,0.9546465095598043,0.8149177412183193,0.9938861716318363,0.9849933303690528,0.923188083592708
Nitral-AI/Captain-Eris-BMO_Violent-GRPO-v0.420,0.7534459759893286,0.5335704757670076,0.581702979101823,0.6706313917296576,0.6542907959092931,0.5457981325033349
Nitral-AI/Captain-Eris_BMO-Violent-12B,0.7381058248110272,0.5535793686082704,0.5961538461538461,0.6706313917296576,0.7025344597598933,0.5379057358826145
Nitral-AI/Captain-Eris_Violet-GRPO-v0.420,0.7479991107158738,0.5564695420186749,0.4987772343263673,0.5455758114717653,0.6820809248554913,0.5270120053357048
Nitral-AI/Captain-Eris_Violet-V0.420-12B,0.4604268563806136,0.7129835482436638,0.4959982214317474,0.6859715429079591,0.7650066696309471,0.6113828368163629
Nitral-AI/Captain_BMO-12B,0.5504668741662961,0.6124944419742108,0.602712316585149,0.7479991107158738,0.3510449088483771,0.5364606491774122
Nitral-AI/Hathor_Stable-v0.2-L3-8B,0.8537127612272121,0.6318363717207648,0.4906625166740773,0.4181858603823922,0.2703423743886172,0.5979324144064029
Nitral-AI/Hathor_Tahsin-L3-8B-v0.85,0.8447087594486439,0.6265006669630947,0.477434415295687,0.4027345486883059,0.2080924855491329,0.6096042685638061
Nitral-AI/Nera_Noctis-12B,0.5094486438417074,0.5900400177856825,0.4368608270342374,0.1740773677189862,0.4092930191196087,0.5035571365051134
Nohobby/MS-Schisandra-22B-v0.1,0.7555580257892397,0.7914628723877278,0.7525566918630503,0.8140284570920409,0.4773232547799022,0.7468875055580257
Nohobby/MS-Schisandra-22B-v0.2,0.7632281013783904,0.7950200088928413,0.7156514006224989,0.8269230769230769,0.5413517118719431,0.7534459759893286
Norquinal/Alpha,0.253223654957759,0.1845264562027568,0.3190306803023566,0.1934192974655402,0.2810137839039573,0.3633837261004891
Norquinal/Bravo,0.2796798577145398,0.2040907069808804,0.3190306803023566,0.3680524677634504,0.348377056469542,0.4120720320142285
Norquinal/Charlie,0.2834593152512227,0.1985326811916407,0.3235882614495331,0.2584481991996443,0.315584704313028,0.3961760782570031
Norquinal/Delta,0.2169853268119164,0.1894175188972877,0.3361493997332148,0.1459537572254335,0.213428190306803,0.3520453534904402
Norquinal/Echo,0.2942418852823477,0.1991996442863494,0.3190306803023566,0.3432636727434415,0.2960204535349044,0.3980658070253446
Norquinal/Foxtrot,0.2773454868830591,0.2007558915073365,0.3235882614495331,0.4181858603823922,0.302690084481992,0.3813917296576256
Norquinal/Golf,0.3401511783014673,0.1987550022232103,0.2991329479768786,0.4504224099599822,0.2347710093374833,0.3835037794575366
Norquinal/Hotel,0.3001333926189417,0.20964873277012,0.295131169408626,0.3432636727434415,0.1336149399733214,0.4239662072032014
NotASI/FineTome-Llama3.2-1B-0929,0.4001778568252557,0.1113828368163628,0.213428190306803,0.276345042240996,0.1212761227212094,0.1207203201422854
NotASI/FineTome-Llama3.2-3B-1002,0.6616273899510894,0.2921298354824366,0.344041796353935,0.0545798132503334,0.1954201867496665,0.2501111605157848
NotASI/FineTome-v1.5-Llama3.2-1B-1007,0.3912850155624722,0.1122721209426411,0.1976433970653623,0.0262338817252112,0.114495331258337,0.1204979991107158
NotASI/FineTome-v1.5-Llama3.2-3B-1007,0.6661849710982659,0.2910182303245887,0.3508225878168075,0.1567363272565584,0.2029791018230324,0.2505558025789239
NousResearch/DeepHermes-3-Mistral-24B-Preview,0.5030013339261894,0.8952867941307248,0.7863494886616273,0.9244108492663408,0.8459315251222765,0.8477100933748333
NousResearch/Hermes-2-Pro-Llama-3-8B,0.6420631391729658,0.5409070698088039,0.4238550466874166,0.4789906625166741,0.5864828812805691,0.38172521120498
NousResearch/Hermes-2-Pro-Mistral-7B,0.6870831480658071,0.4971098265895953,0.3318141396176078,0.2853490440195642,0.7745664739884393,0.3471542907959093
NousResearch/Hermes-2-Theta-Llama-3-8B,0.7765673632725656,0.5969319697643397,0.4637616718541574,0.6036016007114273,0.3992885726989773,0.4802134281903068
NousResearch/Hermes-3-Llama-3.1-70B,0.9237438861716318,0.96242774566474,0.7255446865273455,0.9079590929301912,0.983325922632281,0.859715429079591
NousResearch/Hermes-3-Llama-3.1-8B,0.740329035126723,0.543019119608715,0.2696754112939084,0.5355713650511338,0.75,0.4162961316140507
NousResearch/Hermes-3-Llama-3.2-3B,0.3789461983103601,0.3025789239662072,0.2275455758114717,0.3030235660293464,0.4137394397510004,0.2610048910626945
NousResearch/Nous-Hermes-2-Mistral-7B-DPO,0.6970875944864384,0.4444197421076034,0.2674522009782125,0.4789906625166741,0.3965095598043575,0.3687194308581591
NousResearch/Nous-Hermes-2-Mixtral-8x7B-DPO,0.7092040907069809,0.7658959537572254,0.5506891951978657,0.7603379279679857,0.8652734548688306,0.579035126722988
NousResearch/Nous-Hermes-2-Mixtral-8x7B-SFT,0.6934192974655402,0.5391285015562473,0.1477323254779902,0.5832592263228101,0.5773677189862161,0.3878390395731436
NousResearch/Nous-Hermes-2-SOLAR-10.7B,0.629057358826145,0.7038683859493108,0.3190306803023566,0.487105380168964,0.7612272120942641,0.5015562472209871
NousResearch/Nous-Hermes-llama-2-7b,0.0833703868385949,0.2245442418852823,0.0668074699866607,0.1740773677189862,0.6266118274788796,0.2109826589595375
NousResearch/Yarn-Llama-2-13b-128k,0.0740329035126723,0.2214317474433081,0.1258337038683859,0.1066029346376167,0.1606269453090262,0.2378835037794575
NousResearch/Yarn-Llama-2-7b-128k,0.0497999110715873,0.1213872832369942,0.1123832814584259,0.1330591373943975,0.3906180524677634,0.194086260560249
NousResearch/Yarn-Llama-2-7b-64k,0.0802578923966207,0.1525122276567363,0.117163183637172,0.1836371720764784,0.3268119164072921,0.1949755446865273
NousResearch/Yarn-Mistral-7b-128k,0.1113828368163628,0.3083592707870164,0.1976433970653623,0.5455758114717653,0.4326367274344153,0.3319253001333926
NousResearch/Yarn-Mistral-7b-64k,0.1330591373943975,0.3036905291240551,0.2164295242329924,0.4504224099599822,0.4899955535793686,0.337594486438417
NousResearch/Yarn-Solar-10b-32k,0.1120497999110715,0.4839928857269898,0.1915295686971987,0.5930413517118719,0.5364606491774122,0.4518674966651845
NousResearch/Yarn-Solar-10b-64k,0.1193863939528679,0.4630947087594486,0.183303690529124,0.5832592263228101,0.437083148065807,0.4206313917296576
Novaciano/ASTAROTH-3.2-1B,0.6820809248554913,0.1951978657180969,0.387616718541574,0.0852601156069364,0.0342374388617163,0.2084259670964873
Novaciano/BLAST_PROCESSING-3.2-1B,0.3905068919519786,0.1925300133392619,0.3930635838150289,0.203757225433526,0.1450644730991551,0.2112049799911071
Novaciano/Cerberus-3.2-1B,0.5933748332592264,0.2565584704313028,0.3235882614495331,0.1066029346376167,0.0160071142730102,0.1761894175188973
Novaciano/Cultist-3.2-1B,0.6305024455313473,0.1649622054246331,0.3261449533125833,0.1459537572254335,0.0787016451756336,0.1840818141396176
Novaciano/FuseChat-3.2-1B-GRPO_Creative_RP,0.6796353935082259,0.1878612716763005,0.411293908403735,0.0852601156069364,0.0342374388617163,0.1867496665184526
Novaciano/Fusetrix-3.2-1B-GRPO_RP_Creative,0.6427301022676746,0.1856380613606047,0.5216763005780347,0.0262338817252112,0.062361049355269,0.1896398399288572
Novaciano/Fusetrix-Dolphin-3.2-1B-GRPO_Creative_RP,0.6389506447309915,0.196754112939084,0.4906625166740773,0.2312138728323699,0.0020008892841262,0.1994219653179191
Novaciano/HarmfulProject-3.2-1B,0.3842819030680302,0.1318363717207648,0.2696754112939084,0.2130947087594486,0.1258337038683859,0.1991996442863494
Novaciano/LEWD-Mental-Cultist-3.2-1B,0.6318363717207648,0.1836371720764784,0.295131169408626,0.0914851044908848,0.0476878612716763,0.1919742107603379
Novaciano/La_Mejor_Mezcla-3.2-1B,0.6667407736771899,0.1943085815918185,0.4438639395286794,0.098377056469542,0.0045575811471765,0.1996442863494886
Novaciano/Sigil-Of-Satan-3.2-1B,0.6644064028457092,0.1938639395286794,0.3035793686082703,0.1459537572254335,0.0476878612716763,0.2020898176967541
NucleusAI/nucleus-22B-token-500B,0.0046687416629613,0.0153401511783014,0.0141173855046687,0.0262338817252112,0.1680746998666074,0.0754779902178746
NyxKrage/Microsoft_Phi-4,0.0106714095153401,0.9519786571809692,0.8181413961760783,0.9943308136949756,0.985993775011116,0.9228546020453536
OEvortex/Emotional-llama-8B,0.3374833259226323,0.41396176078257,0.4162961316140507,0.4969986660738106,0.1332814584259671,0.5270120053357048
OEvortex/HelpingAI-15B,0.1251667407736771,0.0133392618941751,0.0141173855046687,0.098377056469542,0.1258337038683859,0.0235660293463761
OEvortex/HelpingAI-3B-reloaded,0.5285682525566918,0.2567807914628724,0.1003779457536682,0.1740773677189862,0.2110938194753223,0.2704535349044019
OEvortex/HelpingAI2-9B,0.4799911071587372,0.4281903068030235,0.3261449533125833,0.1066029346376167,0.302690084481992,0.3335927078701645
OEvortex/HelpingAI2.5-10B,0.3082481102712316,0.3152512227656736,0.1438417074255224,0.2396620720320142,0.3012449977767897,0.2672298799466429
OliveiraJLT/Sagui-7B-Instruct-v0.1,0.262338817252112,0.1020453534904402,0.1123832814584259,0.0262338817252112,0.5369052912405513,0.1257225433526011
Omkar1102/code-yi,0.1420631391729657,0.0144508670520231,0.0141173855046687,0.0545798132503334,0.2325477990217874,0.0415740329035126
OmnicromsBrain/NeuralStar_FusionWriter_4x7b,0.717207647843486,0.4048465984882169,0.2765673632725656,0.3351489550911516,0.3880613606047132,0.2730102267674522
OnlyCheeini/greesychat-turbo,0.0040017785682525,0.0793686082703423,0.0141173855046687,0.1330591373943975,0.065028901734104,0.0556914184081814
Open-Orca/Mistral-7B-OpenOrca,0.5867052023121387,0.3992885726989773,0.2108714984437527,0.2673410404624277,0.2839039573143619,0.2803468208092485
OpenAssistant/oasst-sft-1-pythia-12b,0.0197865718096931,0.0958203646064917,0.1123832814584259,0.098377056469542,0.1410626945309026,0.0256780791462872
OpenBuddy/openbuddy-falcon3-10b-v24.2-131k,0.6084926634059582,0.8179190751445087,0.7321031569586482,0.5560248999555358,0.5409070698088039,0.6738550466874166
OpenBuddy/openbuddy-llama3-70b-v21.2-32k,0.8319253001333926,0.9155180080035572,0.7156514006224989,0.8511560693641619,0.9004001778568252,0.8663850600266785
OpenBuddy/openbuddy-llama3-8b-v21.1-8k,0.6760782570031125,0.4059582036460649,0.2473321476211649,0.2584481991996443,0.519897732325478,0.3500444642063139
OpenBuddy/openbuddy-llama3-8b-v21.2-32k,0.7425522454424188,0.4328590484659849,0.4061805246776345,0.3432636727434415,0.2862383281458426,0.4613161405068919
OpenBuddy/openbuddy-llama3.1-70b-v22.1-131k,0.8782792352156514,0.9466429524232992,0.8962872387727879,0.9371943085815918,0.9044019564250778,0.9294130724766564
OpenBuddy/openbuddy-llama3.1-8b-v22.2-131k,0.7877945753668297,0.4855491329479768,0.5216763005780347,0.3432636727434415,0.4848821698532681,0.4648732770120053
OpenBuddy/openbuddy-llama3.1-8b-v22.3-131k,0.7207647843485994,0.5291240551356158,0.5441307247665629,0.3432636727434415,0.3958425967096487,0.4535349044019564
OpenBuddy/openbuddy-llama3.2-1b-v23.1-131k,0.3450422409959982,0.1176078257003112,0.1644064028457092,0.1066029346376167,0.0342374388617163,0.2012005335704757
OpenBuddy/openbuddy-llama3.2-3b-v23.2-131k,0.4553134726545131,0.2512227656736327,0.1716318363717207,0.311805246776345,0.0020008892841262,0.2541129390840373
OpenBuddy/openbuddy-llama3.3-70b-v24.1-131k,0.9844375277901288,0.9642063139172966,0.9288572698977324,0.9977767896843042,0.9777678968430412,0.9331925300133392
OpenBuddy/openbuddy-mixtral-7bx8-v18.1-32k,0.6640729212983548,0.3755002223210316,0.4987772343263673,0.6130502445531347,0.2592263228101378,0.6552912405513561
OpenBuddy/openbuddy-nemotron-70b-v23.1-131k,0.9115162294353044,0.9595375722543352,0.8329257447754558,0.9121831925300132,0.8581591818586038,0.8960649177412183
OpenBuddy/openbuddy-nemotron-70b-v23.2-131k,0.8620497999110716,0.9496442863494886,0.8298132503334815,0.905402401067141,0.920964873277012,0.887616718541574
OpenBuddy/openbuddy-qwen2.5llamaify-14b-v23.1-200k,0.753223654957759,0.8241440640284571,0.782792352156514,0.8172521120497999,0.6136060471320587,0.855935971542908
OpenBuddy/openbuddy-qwen2.5llamaify-14b-v23.3-200k,0.7358826144953312,0.8428190306803024,0.7651178301467318,0.7922409959982214,0.6983103601600712,0.8648288128056915
OpenBuddy/openbuddy-qwen2.5llamaify-7b-v23.1-200k,0.6874166296131614,0.7474433081369497,0.6905291240551357,0.7138728323699421,0.7603379279679857,0.7252112049799911
OpenBuddy/openbuddy-qwq-32b-v24.1-200k,0.7132058692752334,0.965540240106714,0.8786127167630058,0.9502000889284128,0.9675411293908404,0.9851044908848378
OpenBuddy/openbuddy-qwq-32b-v24.2-200k,0.7176522899066252,0.9644286349488662,0.882836816362828,0.9406402845709204,0.93552690084482,0.981769675411294
OpenBuddy/openbuddy-yi1.5-34b-v21.3-32k,0.652178746109382,0.857492218763895,0.6714095153401511,0.8743886171631836,0.7992441084926634,0.8488216985326812
OpenBuddy/openbuddy-zero-14b-v22.3-32k,0.3686082703423743,0.4086260560248999,0.4557581147176522,0.6421742996887505,0.5931525122276567,0.4347487772343263
OpenBuddy/openbuddy-zero-3b-v21.2-32k,0.3755002223210316,0.2378835037794575,0.1337261004891062,0.1330591373943975,0.1011560693641618,0.2180969319697643
OpenBuddy/openbuddy-zero-56b-v21.2-32k,0.6012672298799466,0.8501556247220987,0.6428412627834593,0.7379946642952423,0.7014228546020453,0.811805246776345
OpenGenerativeAI/Bifrost,0.7577812361049355,0.970431302801245,0.7839039573143619,0.9217429968875056,0.8730546909737661,0.8928412627834593
OpenGenerativeAI/Bifrost-14B,0.7836816362827923,0.9699866607381058,0.7697865718096932,0.9453090262338816,0.8781680746998666,0.8819475322365495
OpenLLM-France/Lucie-7B,0.2050911516229435,0.1989773232547799,0.1070475767007558,0.276345042240996,0.3223654957759004,0.1275011116051578
OpenLLM-France/Lucie-7B-Instruct,0.2530013339261894,0.1598488216985326,0.1219430858159181,0.3432636727434415,0.1530680302356603,0.140840373499333
OpenLLM-France/Lucie-7B-Instruct-human-data,0.26878612716763,0.167185415740329,0.151622943530458,0.3030235660293464,0.2012005335704757,0.120942641173855
OpenLLM-France/Lucie-7B-Instruct-v1.1,0.2805691418408181,0.2329924410849266,0.1976433970653623,0.3680524677634504,0.1877501111605158,0.2036460649177412
OpenLeecher/llama3-8b-lima,0.4676522899066251,0.2934637616718542,0.2833481547354379,0.0262338817252112,0.1811916407292129,0.2760115606936416
OpenScholar/Llama-3.1_OpenScholar-8B,0.7276567363272566,0.6113828368163629,0.6486216096042685,0.3680524677634504,0.638728323699422,0.60482436638506
Orenguteng/Llama-3.1-8B-Lexi-Uncensored,0.938194753223655,0.4906625166740773,0.6336149399733215,0.2673410404624277,0.3072476656291685,0.6485104490884838
Orenguteng/Llama-3.1-8B-Lexi-Uncensored-V2,0.9401956425077812,0.5057803468208093,0.7054246331702979,0.3765006669630947,0.3634948866162739,0.6431747443308137
Orion-zhen/Qwen2.5-7B-Instruct-Uncensored,0.8579368608270342,0.7276567363272566,0.953201422854602,0.5930413517118719,0.7476656291685193,0.8201422854602045
Orion-zhen/phi-4-abliterated,0.0104490884837705,0.9522009782125388,0.8201422854602045,0.9934415295686972,0.9819919964428636,0.9242996887505558
P0x0/Astra-v1-12B,0.2536682970208981,0.5864828812805691,0.5158959537572254,0.706980880391285,0.5959315251222765,0.5018897287683415
PJMixers/LLaMa-3-CursedStock-v2.0-8B,0.7552245442418852,0.6191640729212984,0.4578701645175633,0.2944642063139173,0.378501556247221,0.5329035126722989
PJMixers-Dev/L3.2-Instruct-Thinking-v0.1-1B,0.5251222765673633,0.127389951089373,0.3035793686082703,0.098377056469542,0.0160071142730102,0.124722098710538
PJMixers-Dev/LLaMa-3.1-Instruct-Interleaved-Zeroed-13B,0.9544241885282349,0.512894619831036,0.7098710538016897,0.4699866607381058,0.4045131169408626,0.6346153846153846
PJMixers-Dev/LLaMa-3.1-RomboTiesTest-8B,0.9458648288128056,0.512894619831036,0.7098710538016897,0.4699866607381058,0.4045131169408626,0.6346153846153846
PJMixers-Dev/LLaMa-3.1-RomboTiesTest2-8B,0.9458648288128056,0.512894619831036,0.7098710538016897,0.4699866607381058,0.4045131169408626,0.6346153846153846
PJMixers-Dev/LLaMa-3.2-Instruct-JankMix-v0.1-SFT-3B,0.8235882614495331,0.361271676300578,0.5473543797243219,0.2944642063139173,0.2022009782125389,0.4120720320142285
PJMixers-Dev/LLaMa-3.2-Instruct-JankMix-v0.2-SFT-3B,0.7520008892841262,0.3528234771009337,0.5762561138283682,0.276345042240996,0.2402178746109382,0.406958648288128
PJMixers-Dev/LLaMa-3.2-Instruct-JankMix-v0.2-SFT-HailMary-v0.1-KTO-3B,0.7744553134726545,0.3337038683859493,0.5632503334815474,0.2673410404624277,0.2323254779902178,0.404290795909293
PJMixers-Dev/LLaMa-3.2-Instruct-JankMixBread-v0.1-3B,0.597821253890618,0.3428190306803023,0.5791462872387728,0.3765006669630947,0.2309915518008003,0.3936193863939529
PJMixers-Dev/Qwen2.5-RomboTiesTest-7B,0.911738550466874,0.7014228546020453,0.9664295242329924,0.5355713650511338,0.4212983548243664,0.776345042240996
Parissa3/test-model,0.3863939528679413,0.632281013783904,0.3543797243219208,0.4969986660738106,0.888728323699422,0.3841707425522454
Pinkstack/PARM-V1.5-base-QwQ-Qwen-2.5-o1-3B,0.6078257003112495,0.4099599822143174,0.6537349933303691,0.5259004001778568,0.8265895953757225,0.5176745220097821
Pinkstack/SuperThoughts-CoT-14B-16k-o1-QwQ,0.0088928412627834,0.957536682970209,0.9151845264562029,0.9785460204535348,0.97309915518008,0.9176300578034682
Pinkstack/Superthoughts-lite-1.8B-experimental-o1,0.0055580257892396,0.1898621609604268,0.1976433970653623,0.3030235660293464,0.0723654957759004,0.2018674966651845
Pinkstack/Superthoughts-lite-v1,0.0748110271231658,0.1874166296131614,0.1877501111605158,0.3608270342374388,0.163405958203646,0.1891951978657181
PocketDoc/Dans-Instruct-CoreCurriculum-12b,0.1485104490884837,0.2203201422854602,0.3035793686082703,0.3765006669630947,0.469319697643397,0.1000444642063139
PocketDoc/Dans-PersonalityEngine-V1.1.0-12b,0.8401511783014673,0.6600711427301023,0.4906625166740773,0.4181858603823922,0.8846153846153846,0.449977767896843
PocketDoc/Dans-PersonalityEngine-V1.2.0-24b,0.9578701645175632,0.8746109381947532,0.7767896843041352,0.7428857269897733,0.7387727879057359,0.8788350377945754
PocketDoc/Dans-PersonalityEngine-v1.0.0-8b,0.5878168074699867,0.3957314361938639,0.4162961316140507,0.4027345486883059,0.1947532236549577,0.3875055580257892
PocketDoc/Dans-SakuraKaze-V1.0.0-12b,0.77690084481992,0.6818586038239217,0.4534237438861716,0.487105380168964,0.9406402845709204,0.5340151178301468
PowerInfer/SmallThinker-3B-Preview,0.742996887505558,0.3297020898176968,0.8008003557136505,0.1459537572254335,0.1727434415295687,0.3700533570475767
PranavHarshan/LaMistral-V4,0.7461093819475323,0.555357936860827,0.3708314806580702,0.7966874166296132,0.2736771898621609,0.5476878612716763
PranavHarshan/MedNarra-X1,0.460204535349044,0.3557136505113383,0.2517785682525567,0.6528457092040907,0.1124944419742107,0.4945531347265451
Pretergeek/OpenChat-3.5-0106_10.7B_48Layers-Appended,0.7165406847487772,0.3652734548688306,0.4089595375722543,0.6421742996887505,0.6329479768786127,0.4570920409070698
Pretergeek/OpenChat-3.5-0106_10.7B_48Layers-Interleaved,0.7165406847487772,0.3652734548688306,0.4030680302356603,0.6130502445531347,0.6329479768786127,0.4613161405068919
Pretergeek/OpenChat-3.5-0106_32K-PoSE,0.3981769675411294,0.1863050244553134,0.1716318363717207,0.311805246776345,0.5927078701645175,0.2178746109381947
Pretergeek/OpenChat-3.5-0106_8.11B_36Layers-Appended,0.7186527345486883,0.3652734548688306,0.4089595375722543,0.6421742996887505,0.6329479768786127,0.4570920409070698
Pretergeek/OpenChat-3.5-0106_8.11B_36Layers-Interleaved,0.7165406847487772,0.3664962205424633,0.4030680302356603,0.6130502445531347,0.611271676300578,0.4613161405068919
Pretergeek/OpenChat-3.5-0106_8.99B_40Layers-Appended,0.7165406847487772,0.3652734548688306,0.4089595375722543,0.6421742996887505,0.6329479768786127,0.4570920409070698
Pretergeek/OpenChat-3.5-0106_8.99B_40Layers-Interleaved,0.7186527345486883,0.3664962205424633,0.4030680302356603,0.6130502445531347,0.611271676300578,0.4613161405068919
Pretergeek/OpenChat-3.5-0106_9.86B_44Layers-Appended,0.7165406847487772,0.3652734548688306,0.4089595375722543,0.6421742996887505,0.6329479768786127,0.4570920409070698
Pretergeek/openchat-3.5-0106_Rebased_Mistral-7B-v0.2,0.3619386393952868,0.2054246331702979,0.2585593597154291,0.2673410404624277,0.9573143619386394,0.3181413961760783
PrimeIntellect/INTELLECT-1,0.0871498443752779,0.0015562472209871,0.0141173855046687,0.0703646064917741,0.1088261449533125,0.0371276122721209
PrimeIntellect/INTELLECT-1-Instruct,0.0008892841262783,0.0121164962205424,0.154846598488217,0.0262338817252112,0.1787461093819475,0.0015562472209871
PuxAI/LUA_model,0.1622943530457981,0.0135615829257447,0.0141173855046687,0.1330591373943975,0.1680746998666074,0.0371276122721209
PygmalionAI/pygmalion-6b,0.1336149399733214,0.1036016007114273,0.0619164072921298,0.0262338817252112,0.1787461093819475,0.0918185860382392
Q-bert/MetaMath-1B,0.6309470875944865,0.1816362827923521,0.344041796353935,0.0593597154290795,0.0084481991996442,0.1267229879946643
Quazim0t0/1up-14b,0.8190306803023566,0.97843485993775,0.9131836371720764,0.9099599822143176,0.863939528679413,0.9662072032014228
Quazim0t0/Adamant-14B-sce,0.8145842596709649,0.968875055580258,0.8997332147621165,0.878501556247221,0.8606047132058693,0.9447532236549576
Quazim0t0/Alice-14B,0.8122498888394842,0.9799911071587372,0.9384170742552246,0.8823921742996887,0.8297020898176968,0.9744330813694976
Quazim0t0/Alien-CoT-14B-sce,0.0133392618941751,0.8797243219208537,0.977434415295687,0.9771009337483326,0.9550911516229436,0.8943975100044464
Quazim0t0/Aura-8B-Linear,0.9673188083592708,0.4979991107158737,0.6758559359715429,0.2396620720320142,0.2393285904846598,0.6535126722987995
Quazim0t0/Casa-14b-sce,0.7873499333036905,0.9735437972432192,0.9479768786127168,0.8172521120497999,0.7351044908848378,0.9778790573588262
Quazim0t0/Charlie-8B-Linear,0.886060471320587,0.574699866607381,0.7922409959982214,0.2584481991996443,0.2524455313472654,0.5384615384615384
Quazim0t0/Chromatic-8b-sce,0.608048021342819,0.4779902178746109,0.6310582481102712,0.7479991107158738,0.4875500222321031,0.6261671854157403
Quazim0t0/CoT_Phi,0.7387727879057359,0.960204535349044,0.8388172521120498,0.9020675855935972,0.6031569586482881,0.8706091596265007
Quazim0t0/Dyson-14b,0.7058692752334371,0.9673188083592708,0.9868830591373944,0.706980880391285,0.7076478434859937,0.9606491774121833
Quazim0t0/Edu-14B-Linear,0.7385504668741663,0.9597598932859048,0.7760115606936416,0.7323254779902179,0.7845709204090707,0.8832814584259671
Quazim0t0/Fugazi14b,0.8303690529124055,0.9815473543797244,0.9456425077812362,0.8823921742996887,0.8588261449533126,0.9732103156958648
Quazim0t0/GZA-14B-sce,0.7489995553579368,0.952645620275678,0.9496442863494886,0.5832592263228101,0.7105380168963984,0.9059582036460648
Quazim0t0/Geedorah-14B,0.8169186305024455,0.9842152067585592,0.931191640729213,0.8701645175633614,0.862383281458426,0.9761004891062696
Quazim0t0/GivingTree-8b-sce,0.5920409070698088,0.4673188083592708,0.6242774566473989,0.7655624722098711,0.4513116940862605,0.6295020008892841
Quazim0t0/GuiltySpark-14B-ties,0.8140284570920409,0.976878612716763,0.8878390395731436,0.9157403290351268,0.85482436638506,0.9615384615384616
Quazim0t0/Halo-14B-sce,0.802134281903068,0.9722098710538016,0.9219653179190752,0.8701645175633614,0.780124499777679,0.9476433970653624
Quazim0t0/Heretic1.5b,0.1305024455313472,0.1963094708759448,0.7752334370831481,0.2312138728323699,0.2165406847487772,0.1861938639395287
Quazim0t0/Hyde-14b-sce,0.7952423299244108,0.9684304135171188,0.7964650955980436,0.848377056469542,0.5356825255669186,0.92741218319253
Quazim0t0/Imagine-v0.5-16bit,0.2472209871053801,0.9622054246331704,0.602712316585149,0.9157403290351268,0.7563361493997333,0.9394175188972876
Quazim0t0/Imbue-14b,0.6212761227212095,0.9657625611382836,0.9827701200533572,0.6998666073810582,0.6077145397954646,0.9635393508225878
Quazim0t0/Insom,0.8099155180080035,0.9728768341485104,0.8897287683414851,0.8761671854157403,0.7481102712316585,0.9385282347710092
Quazim0t0/InspectorDeck-14B-sce,0.3039128501556247,0.9468652734548688,0.8305913739439751,0.5259004001778568,0.3730546909737661,0.9151845264562029
Quazim0t0/Jekyl-8b-sce,0.5391285015562473,0.4595375722543353,0.641396176078257,0.837149844375278,0.6168297020898177,0.5928190306803024
Quazim0t0/Jigsaw-14B-Linear,0.7707870164517563,0.9675411293908404,0.7922409959982214,0.8454868830591374,0.8450422409959982,0.9066251667407736
Quazim0t0/Katana-8b-sce,0.6113828368163629,0.4843263672743441,0.6212761227212095,0.7804579813250333,0.4465317919075144,0.6363939528679413
Quazim0t0/Knot-CoT-14B-sce,0.565028901734104,0.9433081369497556,0.9004001778568252,0.487105380168964,0.5466874166296132,0.8922854602045354
Quazim0t0/Lineage-14B,0.8397065362383281,0.9802134281903068,0.9185193419297466,0.905402401067141,0.8766118274788796,0.9685415740329036
Quazim0t0/Lo-Phi-14b,0.58070253445976,0.9670964873277011,0.9771009337483326,0.7966874166296132,0.6725211204979991,0.9426411738550466
Quazim0t0/Loke-14B-sce,0.8125833703868386,0.9782125389061804,0.8943975100044464,0.9157403290351268,0.8903957314361939,0.9630947087594488
Quazim0t0/MFDOOM-14B,0.7987994664295243,0.9751000444642064,0.9797687861271676,0.7700088928412628,0.7783459315251223,0.9778790573588262
Quazim0t0/MFGRIMM-14B,0.8192530013339262,0.9748777234326368,0.9724321920853712,0.8200311249444198,0.7592263228101378,0.9726545131169408
Quazim0t0/Math_Phi4_Reason,0.3014673188083592,0.8534904401956425,0.8372610048910627,0.4504224099599822,0.4108492663405958,0.879057358826145
Quazim0t0/Mithril-14B-sce,0.8264784348599378,0.9791018230324589,0.8865051133837261,0.9229657625611384,0.8861716318363717,0.9642063139172966
Quazim0t0/Mononoke-14B-sce,0.3359270787016452,0.9593152512227656,0.9479768786127168,0.7700088928412628,0.5847043130280124,0.9264117385504668
Quazim0t0/Motion-8B-Linear,0.9278568252556691,0.4955535793686083,0.6905291240551357,0.2584481991996443,0.2237661182747888,0.6458425967096487
Quazim0t0/Mouse-9B,0.0333481547354379,0.0377945753668297,0.0486883059137394,0.0767007558915073,0.2003112494441974,0.0564695420186749
Quazim0t0/Nova-14b-sce,0.8337038683859493,0.980658070253446,0.9131836371720764,0.9121831925300132,0.8592707870164518,0.9703201422854602
Quazim0t0/NovaScotia-14b-stock,0.8054690973766119,0.9804357492218764,0.9434192974655402,0.8743886171631836,0.8379279679857714,0.9676522899066252
Quazim0t0/ODB-14B-sce,0.2663405958203646,0.9335260115606936,0.7839039573143619,0.203757225433526,0.341929746554024,0.9034015117830146
Quazim0t0/ODB-14b-sce,0.8328145842596709,0.9828812805691418,0.9108492663405958,0.9099599822143176,0.8603823921742997,0.9689862160960429
Quazim0t0/Oasis-14B-ties,0.8245887060915963,0.9771009337483326,0.8799466429524233,0.9157403290351268,0.8641618497109826,0.9649844375277902
Quazim0t0/Origami-14B-sce,0.3060248999555358,0.9435304579813252,0.8105824811027124,0.3861716318363717,0.436527345486883,0.909626500666963
Quazim0t0/Phi4.Turn.R1Distill.16bit,0.2910182303245887,0.9284126278345932,0.7651178301467318,0.4969986660738106,0.3277012005335705,0.9132947976878611
Quazim0t0/Phi4.Turn.R1Distill_v1.5.1-Tensors,0.2743441529568697,0.8992885726989773,0.7442196531791907,0.2312138728323699,0.3321476211649622,0.8869497554468653
Quazim0t0/Phi4Basis-14B-sce,0.7741218319253002,0.9762116496220542,0.95431302801245,0.8013561582925744,0.7696754112939084,0.955424633170298
Quazim0t0/Ponder-14B-linear,0.8209204090706981,0.9831036016007114,0.9212983548243664,0.9020675855935972,0.8563806136060471,0.9670964873277011
Quazim0t0/RZA-14B-sce,0.5549132947976878,0.9504224099599822,0.976878612716763,0.4504224099599822,0.5124499777678968,0.9519786571809692
Quazim0t0/Rosemary-14b,0.8221431747443309,0.9839928857269896,0.9276345042240997,0.8982881280569142,0.8341485104490884,0.9599822143174744
Quazim0t0/Rune-14b,0.8328145842596709,0.9811027123165852,0.9399733214762116,0.8823921742996887,0.8546020453534905,0.9689862160960429
Quazim0t0/SZA-14B-sce,0.6861938639395286,0.9715429079590928,0.9788795020008892,0.8075811471765229,0.7687861271676301,0.9389728768341484
Quazim0t0/Sake-20b,0.7921298354824367,0.9633170297910182,0.9456425077812362,0.7428857269897733,0.840373499333037,0.9565362383281458
Quazim0t0/Spok-14b-sce,0.7910182303245887,0.9702089817696754,0.7954646509559804,0.8628279235215651,0.5406847487772344,0.9264117385504668
Quazim0t0/Sumatra-20b,0.7992441084926634,0.9706536238328146,0.870942641173855,0.7885726989773233,0.871498443752779,0.9713205869275232
Quazim0t0/SuperNova14b,0.8404846598488217,0.981769675411294,0.9281903068030236,0.8859493108048021,0.8554913294797688,0.9802134281903068
Quazim0t0/TB0-8B-sce,0.6113828368163629,0.4843263672743441,0.6212761227212095,0.7804579813250333,0.4465317919075144,0.6363939528679413
Quazim0t0/TBL-8B-sce,0.5148955091151622,0.4626500666963095,0.6259448643841707,0.8200311249444198,0.6482881280569142,0.5939306358381503
Quazim0t0/ThinkPhi1.1-Tensors,0.3893952867941307,0.898399288572699,0.6784126278345931,0.5455758114717653,0.5900400177856825,0.871498443752779
Quazim0t0/Venti-20b,0.7861271676300579,0.9775455758114716,0.8452645620275678,0.8140284570920409,0.8203646064917741,0.9538683859493108
Quazim0t0/Venti-Blend-sce,0.8183637172076479,0.9690973766118276,0.903846153846154,0.7256558470431302,0.7910182303245887,0.9706536238328146
Quazim0t0/Vine-14b-sce,0.7981325033348154,0.97309915518008,0.9700978212538908,0.8200311249444198,0.7414406402845709,0.9670964873277011
Quazim0t0/Wendy-14B,0.8043574922187638,0.9824366385060028,0.9579813250333482,0.8140284570920409,0.8041351711871944,0.9802134281903068
Quazim0t0/Wu-14b-sce,0.7959092930191196,0.9686527345486884,0.789795464650956,0.8663850600266785,0.5063361493997333,0.92463317029791
Quazim0t0/bloom-14b-stock,0.7812361049355269,0.9724321920853712,0.9566473988439308,0.8106936416184971,0.7256558470431302,0.9455313472654512
Quazim0t0/caramel-14B,0.8002445531347265,0.9773232547799022,0.9488661627389952,0.8601600711427301,0.8143619386393953,0.9809915518008004
Quazim0t0/graphite-14b-sce,0.3010226767452201,0.9444197421076034,0.8191418408181413,0.44086260560249,0.3812805691418408,0.9206313917296576
Quazim0t0/mocha-14B,0.7085371276122722,0.9717652289906624,0.9797687861271676,0.8075811471765229,0.704868830591374,0.9525344597598931
Quazim0t0/mosaic-14b-sce,0.8172521120497999,0.9766562916851934,0.9022899066251668,0.9099599822143176,0.8594931080480214,0.9599822143174744
Quazim0t0/tesseract-14b-stock,0.7054246331702979,0.9693196976433972,0.9755446865273456,0.7922409959982214,0.6807469986660738,0.9550911516229436
Quazim0t0/time-14b-stock,0.7932414406402846,0.9733214762116495,0.9739884393063584,0.8231436193863939,0.742996887505558,0.9744330813694976
Qwen/QwQ-32B,0.3986216096042685,0.0502445531347265,0.6400622498888395,0.1330591373943975,0.5691418408181413,0.0947087594486438
Qwen/QwQ-32B-Preview,0.4066251667407737,0.9604268563806136,0.9331925300133392,0.371498443752779,0.4844375277901289,0.989773232547799
Qwen/Qwen1.5-0.5B,0.0804802134281903,0.1018230324588706,0.1258337038683859,0.0767007558915073,0.2123165851489551,0.108603823921743
Qwen/Qwen1.5-0.5B-Chat,0.095153401511783,0.0860382392174299,0.0552467763450422,0.2396620720320142,0.2914628723877279,0.0984882169853268
Qwen/Qwen1.5-1.8B,0.1433970653623832,0.1974210760337928,0.1976433970653623,0.6229435304579813,0.1954201867496665,0.2054246331702979
Qwen/Qwen1.5-1.8B-Chat,0.1232770120053357,0.1140506891951978,0.1387283236994219,0.5355713650511338,0.6632947976878613,0.1957536682970209
Qwen/Qwen1.5-110B,0.3257003112494442,0.8454868830591374,0.7776789684304135,0.8859493108048021,0.7550022232103157,0.9399733214762116
Qwen/Qwen1.5-110B-Chat,0.713428190306803,0.8523788350377945,0.7683414851044909,0.848377056469542,0.8539350822587817,0.866162738995109
Qwen/Qwen1.5-14B,0.2644508670520231,0.5208981769675411,0.7136505113383727,0.4969986660738106,0.5284570920409071,0.5660293463761672
Qwen/Qwen1.5-14B-Chat,0.5538016896398399,0.6280569141840818,0.6242774566473989,0.2485549132947976,0.7658959537572254,0.5569141840818141
Qwen/Qwen1.5-32B,0.3103601600711427,0.7863494886616273,0.8206980880391285,0.8045798132503335,0.6536238328145842,0.8363717207647844
Qwen/Qwen1.5-32B-Chat,0.6696309470875945,0.848377056469542,0.7028679413072476,0.6321698532681191,0.5105602489995553,0.8264784348599378
Qwen/Qwen1.5-4B,0.190306803023566,0.2463317029791018,0.295131169408626,0.3195864828812805,0.237105380168964,0.2514450867052023
Qwen/Qwen1.5-4B-Chat,0.2939084037349933,0.2476656291685193,0.1794130724766563,0.2130947087594486,0.3443752779012894,0.2458870609159626
Qwen/Qwen1.5-7B,0.2394397510004446,0.3494886616273899,0.4534237438861716,0.5455758114717653,0.444642063139173,0.3384837705646954
Qwen/Qwen1.5-7B-Chat,0.4679857714539795,0.3352601156069364,0.344041796353935,0.5930413517118719,0.2291018230324588,0.348932859048466
Qwen/Qwen1.5-MoE-A2.7B,0.2361049355269008,0.2814584259670964,0.4534237438861716,0.1186082703423744,0.3748332592263228,0.3046909737661182
Qwen/Qwen1.5-MoE-A2.7B-Chat,0.3746109381947532,0.3003557136505113,0.3474877723432636,0.2944642063139173,0.3040240106714095,0.3402623388172521
Qwen/Qwen2-0.5B,0.1037127612272121,0.1737438861716318,0.1716318363717207,0.1459537572254335,0.226878612716763,0.1850822587816807
Qwen/Qwen2-0.5B-Instruct,0.1567363272565584,0.1133837261004891,0.183303690529124,0.0262338817252112,0.1088261449533125,0.1322810137839039
Qwen/Qwen2-1.5B,0.1363939528679413,0.2112049799911071,0.3767229879946643,0.1836371720764784,0.1727434415295687,0.2624499777678968
Qwen/Qwen2-1.5B-Instruct,0.3192530013339262,0.2240995998221431,0.3828368163628279,0.1567363272565584,0.6526233881725211,0.2563361493997332
Qwen/Qwen2-57B-A14B,0.289239662072032,0.7859048465984882,0.6868608270342375,0.6321698532681191,0.5329035126722989,0.8721654068474878
Qwen/Qwen2-57B-A14B-Instruct,0.7563361493997333,0.8088039128501556,0.8043574922187638,0.8106936416184971,0.7774566473988439,0.8461538461538461
Qwen/Qwen2-72B,0.3783903957314362,0.9457536682970208,0.8260337927967986,0.983325922632281,0.9441974210760338,0.9916629613161404
Qwen/Qwen2-72B-Instruct,0.9713205869275232,0.9891062694530902,0.9141840818141396,0.9298577145397956,0.8799466429524233,0.9642063139172966
Qwen/Qwen2-7B,0.2931302801244997,0.6929746554024011,0.7169853268119164,0.6130502445531347,0.7847932414406403,0.7603379279679857
Qwen/Qwen2-7B-Instruct,0.6880835927078701,0.776345042240996,0.7991329479768786,0.5355713650511338,0.3450422409959982,0.6800800355713651
Qwen/Qwen2-Math-72B-Instruct,0.6894175188972876,0.877945753668297,0.9914406402845708,0.9217429968875056,0.8385949310804802,0.7745664739884393
Qwen/Qwen2-Math-7B,0.2401067140951534,0.2265451311694086,0.7786794130724767,0.1740773677189862,0.1101600711427301,0.0952645620275678
Qwen/Qwen2-VL-72B-Instruct,0.7194308581591818,0.9837705646954202,0.8497109826589595,0.968319253001334,0.8437083148065807,0.9906625166740772
Qwen/Qwen2-VL-7B-Instruct,0.5174522009782125,0.7289906625166741,0.7078701645175633,0.7479991107158738,0.746776345042241,0.7463317029791018
Qwen/Qwen2.5-0.5B,0.0691418408181414,0.1496220542463317,0.2275455758114717,0.0262338817252112,0.0909293019119608,0.2080924855491329
Qwen/Qwen2.5-0.5B-Instruct,0.2852378835037794,0.1818586038239217,0.0141173855046687,0.098377056469542,0.0160071142730102,0.1823032458870609
Qwen/Qwen2.5-1.5B,0.2383281458425967,0.2518897287683415,0.4490884837705647,0.4027345486883059,0.2585593597154291,0.3236994219653179
Qwen/Qwen2.5-1.5B-Instruct,0.4904401956425078,0.296798577145398,0.7475544686527346,0.0852601156069364,0.1506224988883948,0.3090262338817252
Qwen/Qwen2.5-14B,0.3594931080480213,0.8541574032903513,0.8092485549132948,0.9527567807914628,0.8443752779012894,0.9104046242774566
Qwen/Qwen2.5-14B-Instruct,0.9868830591373944,0.8841707425522455,0.9904401956425076,0.7655624722098711,0.5082258781680747,0.8712761227212095
Qwen/Qwen2.5-14B-Instruct-1M,0.9954424188528236,0.8578257003112495,0.9818808359270788,0.8538239217429969,0.5937083148065807,0.867163183637172
Qwen/Qwen2.5-32B,0.4117385504668742,0.9635393508225878,0.8603823921742997,0.9961093819475324,0.9799911071587372,0.9937750111160516
Qwen/Qwen2.5-32B-Instruct,0.9937750111160516,0.9844375277901288,0.9991107158737216,0.837149844375278,0.744108492663406,0.9893285904846598
Qwen/Qwen2.5-3B,0.2405513561582925,0.3708314806580702,0.6172743441529569,0.5355713650511338,0.631169408626056,0.4387505558025789
Qwen/Qwen2.5-3B-Instruct,0.7703423743886172,0.3983992885726989,0.8718319253001334,0.276345042240996,0.353712761227212,0.4486438417074255
Qwen/Qwen2.5-72B,0.4217429968875055,0.9659848821698532,0.8947309915518008,0.9938861716318363,0.9424188528234771,0.9979991107158738
Qwen/Qwen2.5-72B-Instruct,0.998888394842152,0.9966651845264562,0.9971098265895952,0.9371943085815918,0.629613161405069,0.9884393063583816
Qwen/Qwen2.5-7B,0.3194753223654957,0.7265451311694087,0.7809026233881725,0.7804579813250333,0.7747887950200089,0.7957981325033349
Qwen/Qwen2.5-7B-Instruct,0.9137394397510004,0.7003112494441974,0.9693196976433972,0.4605380168963984,0.4064028457092041,0.7767896843041352
Qwen/Qwen2.5-7B-Instruct-1M,0.8968430413517119,0.7049799911071587,0.9240773677189862,0.5355713650511338,0.4668741662961316,0.5160071142730103
Qwen/Qwen2.5-Coder-14B,0.3331480658070253,0.7945753668297021,0.7568919519786572,0.4789906625166741,0.3050244553134726,0.8405958203646064
Qwen/Qwen2.5-Coder-14B-Instruct,0.8212538906180524,0.8434859937750111,0.8347043130280124,0.6130502445531347,0.3319253001333926,0.7213205869275233
Qwen/Qwen2.5-Coder-32B,0.4657625611382837,0.8872832369942196,0.8243663850600267,0.8663850600266785,0.8429301911960871,0.9289684304135172
Qwen/Qwen2.5-Coder-32B-Instruct,0.8669408626056024,0.9499777678968432,0.9654290795909292,0.8743886171631836,0.7561138283681637,0.8173632725655847
Qwen/Qwen2.5-Coder-7B,0.3288128056914184,0.4648732770120053,0.6958648288128056,0.1186082703423744,0.0955980435749221,0.5882614495331259
Qwen/Qwen2.5-Coder-7B-Instruct,0.7326589595375722,0.4812138728323699,0.8756113828368164,0.4699866607381058,0.4632058692752334,0.4762116496220542
Qwen/Qwen2.5-Math-1.5B-Instruct,0.101044908848377,0.217207647843486,0.7910182303245887,0.1934192974655402,0.1668519341929746,0.1951978657180969
Qwen/Qwen2.5-Math-72B-Instruct,0.4015117830146731,0.8955091151622944,0.998888394842152,0.8106936416184971,0.8567140951534015,0.8654957759004002
Qwen/Qwen2.5-Math-7B,0.1951978657180969,0.3281458425967096,0.8219208537127612,0.487105380168964,0.2448866162738995,0.291907514450867
Qwen/Qwen2.5-Math-7B-Instruct,0.2339928857269897,0.3210315695864829,0.9955535793686082,0.1567363272565584,0.1342819030680302,0.3152512227656736
RDson/WomboCombo-R1-Coder-14B-Preview,0.7510004446420632,0.8810582481102712,0.997332147621165,0.7603379279679857,0.9746554024010672,0.8937305469097376
RESMPDEV/EVA-Qwen2.5-1.5B-FRFR,0.2861271676300578,0.2418852823477101,0.4844375277901289,0.3432636727434415,0.2364384170742552,0.3024677634504224
RESMPDEV/Qwen2-Wukong-0.5B,0.1007114273010226,0.0829257447754557,0.0334593152512227,0.0262338817252112,0.1584037349933303,0.1104935526900844
RLHFlow/ArmoRM-Llama3-8B-v0.1,0.1071587372165406,0.0121164962205424,0.0141173855046687,0.0262338817252112,0.316140506891952,0.003223654957759
RLHFlow/LLaMA3-iterative-DPO-final,0.6380613606047132,0.5086705202312138,0.4388617163183637,0.3861716318363717,0.2489995553579368,0.4491996442863495
RWKV/rwkv-raven-14b,0.0135615829257447,0.1431747443308137,0.045131169408626,0.0262338817252112,0.338150289017341,0.0684748777234326
Rakuten/RakutenAI-2.0-mini-instruct,0.8070253445975989,0.0344597598932859,0.2917963539350822,0.2130947087594486,0.0084481991996442,0.0309026233881725
Rakuten/RakutenAI-7B,0.0586927523343708,0.3136949755446865,0.1387283236994219,0.44086260560249,0.2304357492218764,0.3275900400177857
Rakuten/RakutenAI-7B-chat,0.2396620720320142,0.3043574922187639,0.1877501111605158,0.0914851044908848,0.2841262783459315,0.308581591818586
Replete-AI/L3-Pneuma-8B,0.1841929746554024,0.4568697198755002,0.3035793686082703,0.7379946642952423,0.4455313472654513,0.4301911960871498
Replete-AI/L3.1-Pneuma-8B,0.8404846598488217,0.5266785237883503,0.7454424188528235,0.5930413517118719,0.2960204535349044,0.5947087594486439
Replete-AI/Llama3-8B-Instruct-Replete-Adapted,0.8221431747443309,0.4232992441084927,0.3798354824366385,0.3608270342374388,0.1308359270787016,0.485993775011116
Replete-AI/Replete-Coder-Instruct-8b-Merged,0.6475100044464206,0.3269230769230769,0.4030680302356603,0.2396620720320142,0.1640729212983548,0.19619831036016
Replete-AI/Replete-Coder-Llama3-8B,0.5475767007558915,0.1527345486883059,0.2696754112939084,0.1518452645620275,0.3508225878168075,0.1111605157847932
Replete-AI/Replete-Coder-Qwen2-1.5b,0.2780124499777679,0.2025344597598933,0.2232103156958648,0.2312138728323699,0.4789906625166741,0.2252112049799911
Replete-AI/Replete-LLM-Qwen2-7b,0.0173410404624277,0.0491329479768786,0.0141173855046687,0.0703646064917741,0.282792352156514,0.0728101378390395
Replete-AI/Replete-LLM-Qwen2-7b_Beta-Preview,0.015562472209871,0.0180080035571365,0.0141173855046687,0.0262338817252112,0.3627167630057804,0.1073810582481102
Replete-AI/Replete-LLM-V2-Llama-3.1-8b,0.6674077367718986,0.6473988439306358,0.604268563806136,0.706980880391285,0.4012894619831036,0.6255002223210315
RezVortex/JAJUKA-WEWILLNEVERFORGETYOU-3B,0.8149177412183193,0.3594931080480213,0.629613161405069,0.098377056469542,0.315584704313028,0.4184081814139617
RezVortex/Jajuka-3b,0.8231436193863939,0.3519341929746554,0.6371720764784349,0.203757225433526,0.312361049355269,0.4155180080035571
Ro-xe/FMixIA-7B-DARE-0,0.3145842596709648,0.5337927967985772,0.295131169408626,0.44086260560249,0.869386393952868,0.3690529124055136
Ro-xe/FMixIA-7B-SLERP-27,0.3699421965317919,0.5927078701645175,0.3474877723432636,0.5068919519786572,0.7987994664295243,0.3667185415740329
Ro-xe/FMixIA-7B-TIES-1,0.3297020898176968,0.5578034682080925,0.3138061360604713,0.4331925300133392,0.9155180080035572,0.3597154290795909
Ro-xe/FMixIA-FrankenMerge-9.5B-PT-9,0.111827478879502,0.5426856380613606,0.0394619831036016,0.6528457092040907,0.4624277456647399,0.5733659404179635
Rombo-Org/Rombo-LLM-V2.5-Qwen-7b,0.8992885726989773,0.7007558915073366,0.9727656736327256,0.5744775455758114,0.3681636282792352,0.7760115606936416
RubielLabarta/LogoS-7Bx2-MoE-13B-v0.2,0.4708759448643841,0.6307247665629169,0.3190306803023566,0.3271453979546465,0.608048021342819,0.3947309915518008
SaisExperiments/Evil-Alpaca-3B-L3.2,0.3054690973766118,0.3121387283236994,0.3767229879946643,0.1740773677189862,0.5609159626500667,0.2747887950200089
SaisExperiments/Gemma-2-2B-Opus-Instruct,0.5502445531347265,0.2925744775455758,0.2833481547354379,0.3861716318363717,0.4135171187194308,0.2789017341040462
SaisExperiments/Gemma-2-2B-Stheno-Filtered,0.4308581591818586,0.2618941751889729,0.262338817252112,0.2485549132947976,0.3815028901734104,0.2765673632725656
SaisExperiments/Not-So-Small-Alpaca-24B,0.7463317029791018,0.6400622498888395,0.6799688750555802,0.9039573143619386,0.6562916851934193,0.5964873277012005
SaisExperiments/QwOwO-7B-V1,0.5085593597154291,0.7078701645175633,0.890840373499333,0.1330591373943975,0.2887950200088928,0.7662294353045798
SaisExperiments/RightSheep-Llama3.2-3B,0.4237438861716318,0.2796798577145398,0.4135171187194308,0.4181858603823922,0.2375500222321031,0.2605602489995554
Sakalti/Anemoi-3B,0.3757225433526011,0.4853268119164073,0.6694086260560249,0.6229435304579813,0.7003112494441974,0.632836816362828
Sakalti/Euphrates-14B,0.2349933303690529,0.8490440195642508,0.8219208537127612,0.980658070253446,0.846820809248555,0.912405513561583
Sakalti/Llama3.2-3B-Uranus-1,0.6369497554468653,0.3196976433970653,0.619942196531792,0.5259004001778568,0.3260337927967985,0.3973988439306358
Sakalti/Magro-7B-v1.1,0.0248999555357936,0.2899066251667407,0.1644064028457092,0.5162294353045798,0.7243219208537127,0.3009115162294353
Sakalti/Neptuno-3B,0.4515340151178301,0.438194753223655,0.7847932414406403,0.5162294353045798,0.368830591373944,0.6373943975100045
Sakalti/Neptuno-Alpha,0.3712761227212094,0.4846598488216985,0.6816362827923521,0.6421742996887505,0.7089817696754113,0.6346153846153846
Sakalti/Oxyge1-33B,0.5060026678523788,0.990884837705647,0.9664295242329924,0.9552023121387284,0.9895509115162294,0.9964428634948866
Sakalti/Phi3.5-Comets-3.8B,0.1342819030680302,0.1329479768786127,0.0302356602934637,0.0262338817252112,0.2605602489995554,0.0703646064917741
Sakalti/Qwen2.5-1B-Instruct,0.0864828812805691,0.0704757670075589,0.0520231213872832,0.0852601156069364,0.0160071142730102,0.0987105380168964
Sakalti/QwenTest-7,0.0771453979546465,0.0738105824811027,0.0420186749666518,0.1330591373943975,0.0266785237883503,0.0982658959537572
Sakalti/SJT-0.5B,0.1881947532236549,0.1811916407292129,0.2917963539350822,0.2673410404624277,0.0084481991996442,0.2062027567807914
Sakalti/SJT-1.5B-Alpha,0.3294797687861271,0.2772343263672743,0.4751000444642063,0.4699866607381058,0.5738105824811027,0.3527123165851489
Sakalti/SJT-1.5B-Alpha-1.1,0.3278123610493553,0.2781236104935526,0.4614273010226767,0.44086260560249,0.587594486438417,0.353712761227212
Sakalti/SJT-1.7B,0.0912627834593152,0.0513561582925744,0.0334593152512227,0.0262338817252112,0.3719430858159182,0.0513561582925744
Sakalti/SJT-14B,0.6644064028457092,0.9159626500666964,0.888728323699422,0.9657625611382836,0.9237438861716318,0.9499777678968432
Sakalti/SJT-2.4B,0.2534459759893286,0.1798577145397954,0.151622943530458,0.0852601156069364,0.2202089817696754,0.2026456202756781
Sakalti/SJT-24B-Alpha,0.298354824366385,0.8470431302801245,0.7820142285460204,0.9502000889284128,0.8479324144064029,0.8674966651845265
Sakalti/SJT-2B,0.1429524232992441,0.0148955091151622,0.0302356602934637,0.0262338817252112,0.1606269453090262,0.0930413517118719
Sakalti/SJT-2B-V1.1,0.3988439306358382,0.2409959982214317,0.2734548688305914,0.2218763895064473,0.6885282347710093,0.222543352601156
Sakalti/SJT-3.7B,0.0206758559359715,0.1714095153401511,0.0885949310804802,0.0852601156069364,0.2147621164962205,0.1297243219208537
Sakalti/SJT-4B,0.4124055135615829,0.4802134281903068,0.5247887950200089,0.4969986660738106,0.9359715429079593,0.4544241885282348
Sakalti/SJT-7.5B,0.4380835927078702,0.6766340595820365,0.7404401956425077,0.7885726989773233,0.7792352156514006,0.7259893285904847
Sakalti/SJT-7B-V1.1,0.5412405513561583,0.706980880391285,0.7747887950200089,0.8200311249444198,0.7512227656736328,0.8158070253445976
Sakalti/SJT-7B-V1.1-Multilingal,0.1131614050689195,0.0558025789239662,0.045131169408626,0.1330591373943975,0.1106047132058692,0.0546909737661182
Sakalti/SJT-8B,0.7779012894619831,0.6525122276567363,0.782792352156514,0.8045798132503335,0.407514450867052,0.7737883503779458
Sakalti/SJT-8B-V1.1,0.5234548688305913,0.5651400622498889,0.7212094264117386,0.8304802134281903,0.6173855046687416,0.7683414851044909
Sakalti/SJT-900M,0.1831925300133392,0.0858159181858603,0.1003779457536682,0.0703646064917741,0.1395064473099155,0.0600266785237883
Sakalti/SJT-Moe2x7.5B,0.4187416629613161,0.6771898621609604,0.7354379724321921,0.7885726989773233,0.7792352156514006,0.7267674522009782
Sakalti/SJTPass-2,0.1805246776345042,0.1796353935082258,0.295131169408626,0.276345042240996,0.0084481991996442,0.2074255224544242
Sakalti/SJTPass-4,0.108603823921743,0.0353490440195642,0.0364606491774121,0.1330591373943975,0.3054690973766118,0.0046687416629613
Sakalti/SJTPass-5,0.1881947532236549,0.0800355713650511,0.117163183637172,0.2130947087594486,0.2426634059582036,0.1104935526900844
Sakalti/Saba-Passthrough-2,0.0787016451756336,0.2118719430858159,0.0302356602934637,0.1740773677189862,0.2645620275678079,0.2200978212538906
Sakalti/Saba1-1.8B,0.3140284570920409,0.2640062249888839,0.6277234326367275,0.3765006669630947,0.5679190751445087,0.3414851044908848
Sakalti/Saba1-7B,0.5160071142730103,0.7098710538016897,0.8701645175633614,0.7256558470431302,0.925744775455758,0.8011338372610048
Sakalti/Saba1.5-1.5B,0.3140284570920409,0.2640062249888839,0.6277234326367275,0.3765006669630947,0.5679190751445087,0.3414851044908848
Sakalti/Saba1.5-Pro-3B,0.1783014673188083,0.2065362383281458,0.1759670964873277,0.2312138728323699,0.7690084481991997,0.2127612272120942
Sakalti/Saba2-14B-Preview,0.545131169408626,0.9086260560249,0.8272565584704313,0.9552023121387284,0.9410849266340596,0.9525344597598931
Sakalti/Saba2-3B,0.2594486438417074,0.0195642507781236,0.0520231213872832,0.1617385504668741,0.3412627834593152,0.0980435749221876
Sakalti/Sailor-japanese,0.0669186305024455,0.0111160515784793,0.0394619831036016,0.0703646064917741,0.3205869275233437,0.0782570031124944
Sakalti/Saka-1.5B,0.2441084926634059,0.2443308136949755,0.411293908403735,0.4504224099599822,0.212872387727879,0.2475544686527345
Sakalti/Saka-14B,0.8533792796798577,0.9106269453090262,0.9079590929301912,0.9874388617163185,0.960204535349044,0.9593152512227656
Sakalti/Saka-24B,0.377945753668297,0.8243663850600267,0.6758559359715429,0.8511560693641619,0.8383726100489106,0.8637172076478434
Sakalti/Saka-7.2B,0.0569141840818141,0.0251222765673632,0.0141173855046687,0.0262338817252112,0.1856380613606047,0.0739217429968875
Sakalti/Saka-7.6B,0.5004446420631392,0.7787905735882614,0.8353712761227212,0.7256558470431302,0.8094708759448643,0.8428190306803024
Sakalti/SakaMoe-3x1.6B-Instruct,0.1748554913294797,0.1651845264562027,0.3035793686082703,0.2130947087594486,0.0160071142730102,0.2056469542018675
Sakalti/SakalFusion-7B-Alpha,0.6298354824366386,0.7598932859048466,0.888728323699422,0.7851267229879947,0.8433748332592264,0.8312583370386839
Sakalti/SakalFusion-7B-Beta,0.0958203646064917,0.0077812361049355,0.0141173855046687,0.0262338817252112,0.2936860827034237,0.0076700755891507
Sakalti/Tara-3.8B-v1.1,0.4098488216985327,0.4802134281903068,0.5247887950200089,0.4969986660738106,0.9359715429079593,0.4544241885282348
Sakalti/light-1.1-3B,0.2445531347265451,0.0146731880835927,0.0839261894175188,0.1617385504668741,0.3421520675855936,0.0977100933748332
Sakalti/light-3B,0.637616718541574,0.4377501111605157,0.7876834148510449,0.5068919519786572,0.3803912850155624,0.6386171631836371
Sakalti/light-3b-beta,0.6634059582036461,0.4335260115606936,0.7999110715873722,0.5355713650511338,0.3757225433526011,0.627389951089373
Sakalti/light-7b-beta,0.7453312583370387,0.7468875055580257,0.8813917296576256,0.7603379279679857,0.6383948421520675,0.8257003112494442
Sakalti/llama-3-yanyuedao-8b-instruct,0.1482881280569142,0.3072476656291685,0.2232103156958648,0.4504224099599822,0.5457981325033349,0.3361493997332148
Sakalti/magro-7B,0.0353490440195642,0.2932414406402845,0.1438417074255224,0.5068919519786572,0.7495553579368608,0.3013561582925745
Sakalti/mergekit-01,0.7453312583370387,0.7468875055580257,0.8813917296576256,0.7603379279679857,0.6383948421520675,0.8257003112494442
Sakalti/mergekit-della_linear-vmeykci,0.022009782125389,0.0011116051578479,0.0780346820809248,0.1740773677189862,0.304802134281903,0.0071142730102267
Sakalti/model-3,0.7484437527790129,0.744108492663406,0.874722098710538,0.7603379279679857,0.6100489106269453,0.825255669186305
Sakalti/qwen2.5-2.3B,0.0311249444197421,0.0022232103156958,0.0486883059137394,0.0593597154290795,0.26878612716763,0.0871498443752779
Sakalti/tara-3.8B,0.4124055135615829,0.4802134281903068,0.5247887950200089,0.4969986660738106,0.9359715429079593,0.4544241885282348
Sakalti/ultiima-14B,0.6911960871498444,0.9055135615829256,0.9479768786127168,0.9347487772343264,0.9228546020453536,0.9499777678968432
Sakalti/ultiima-14B-v0.2,0.8394842152067585,0.9057358826144952,0.9004001778568252,0.9552023121387284,0.929079590929302,0.9545353490440196
Sakalti/ultiima-14B-v0.3,0.8360382392174299,0.8859493108048021,0.8977323254779902,0.9406402845709204,0.9168519341929746,0.9359715429079593
Sakalti/ultiima-14B-v0.4,0.2767896843041352,0.8830591373943976,0.856491774121832,0.9874388617163185,0.966651845264562,0.9199644286349488
Sakalti/ultiima-32B,0.8140284570920409,0.9913294797687862,0.9664295242329924,0.9502000889284128,0.988216985326812,0.9966651845264562
Sakalti/ultiima-72B,0.8494886616273899,0.9953312583370388,0.9851044908848378,0.9966651845264562,0.902178746109382,0.9959982214317474
Sakalti/ultiima-72B-v1.5,0.7792352156514006,0.9986660738105824,0.9281903068030236,0.9964428634948866,0.912850155624722,0.9982214317474432
Salesforce/LLaMA-3-8B-SFR-Iterative-DPO-R,0.3771676300578034,0.487105380168964,0.4490884837705647,0.4259670964873277,0.2694530902623388,0.4294130724766563
SanjiWatsuki/Kunoichi-DPO-v2-7B,0.6545131169408626,0.3125833703868386,0.3979546465095598,0.5162294353045798,0.5732547799021788,0.403734993330369
SanjiWatsuki/Silicon-Maid-7B,0.6441751889728768,0.2530013339261894,0.3543797243219208,0.4504224099599822,0.5732547799021788,0.3936193863939529
Sao10K/70B-L3.3-Cirrus-x1,0.7907959092930191,0.9877723432636728,0.8786127167630058,0.998888394842152,0.9706536238328146,0.948421520675856
Sao10K/Fimbulvetr-11B-v2,0.6109381947532236,0.3403734993330369,0.3679413072476656,0.4699866607381058,0.8079146287238773,0.4623165851489551
Sao10K/L3-70B-Euryale-v2.1,0.8872832369942196,0.8912850155624722,0.7331036016007114,0.8106936416184971,0.668297020898177,0.8850600266785238
Sao10K/L3-8B-Lunaris-v1,0.8194753223654958,0.6007114273010227,0.446754112939084,0.5744775455758114,0.2694530902623388,0.6473988439306358
Sao10K/L3-8B-Niitama-v1,0.8064695420186749,0.6476211649622055,0.469875500222321,0.6528457092040907,0.2925744775455758,0.6004891062694531
Sao10K/L3-8B-Stheno-v3.2,0.8169186305024455,0.5964873277012005,0.4534237438861716,0.6791907514450867,0.3082481102712316,0.6352823477100934
Sao10K/L3-8B-Stheno-v3.3-32K,0.5197865718096932,0.2216540684748777,0.1070475767007558,0.0914851044908848,0.2029791018230324,0.2067585593597154
Sao10K/MN-12B-Lyra-v3,0.4925522454424189,0.4006224988883948,0.4557581147176522,0.3271453979546465,0.438194753223655,0.4475322365495776
Saxo/Linkbricks-Horizon-AI-Avengers-V1-32B,0.9695420186749668,0.9895509115162294,0.9977767896843042,0.9099599822143176,0.90329035126723,0.9933303690529124
Saxo/Linkbricks-Horizon-AI-Avengers-V2-32B,0.9682080924855492,0.9911071587372166,0.9943308136949756,0.203757225433526,0.5803690529124055,0.990884837705647
Saxo/Linkbricks-Horizon-AI-Avengers-V3-32B,0.9904401956425076,0.9846598488216984,0.9982214317474432,0.837149844375278,0.7614495331258337,0.9891062694530902
Saxo/Linkbricks-Horizon-AI-Avengers-V4-32B,0.9201867496665184,0.9851044908848378,0.9856602934637616,0.9079590929301912,0.9373054690973768,0.9919964428634948
Saxo/Linkbricks-Horizon-AI-Avengers-V5-32B,0.9040684748777236,0.985993775011116,0.9895509115162294,0.8959537572254336,0.9577590040017786,0.992441084926634
Saxo/Linkbricks-Horizon-AI-Avengers-V6-32B,0.9888839484215208,0.9826589595375722,0.9984437527790128,0.8231436193863939,0.7530013339261894,0.9895509115162294
Saxo/Linkbricks-Horizon-AI-Korean-Avengers-V2-27B,0.9862160960426856,0.9084037349933304,0.8035793686082704,0.8701645175633614,0.5614717652289907,0.8484882169853268
Saxo/Linkbricks-Horizon-AI-Korean-Avengers-V3-27B,0.9857714539795464,0.8910626945309026,0.779568697198755,0.9039573143619386,0.8221431747443309,0.8409293019119609
Saxo/Linkbricks-Horizon-AI-Korean-Superb-22B,0.8040240106714095,0.7538906180524677,0.7710093374833259,0.7885726989773233,0.2865718096931969,0.6915295686971987
Saxo/Linkbricks-Horizon-AI-Korean-Superb-27B,0.9369719875500222,0.9310804802134282,0.7954646509559804,0.905402401067141,0.939751000444642,0.8536016007114273
Saxo/Linkbricks-Horizon-AI-Superb-27B,0.8728323699421965,0.8581591818586038,0.7512227656736328,0.9004001778568252,0.9132947976878611,0.7433303690529124
SeaLLMs/SeaLLM-7B-v2,0.35482436638506,0.4368608270342374,0.4299688750555802,0.3351489550911516,0.4562027567807915,0.3931747443308137
SeaLLMs/SeaLLM-7B-v2.5,0.5,0.4746554024010671,0.5016674077367719,0.311805246776345,0.6207203201422855,0.4387505558025789
SeaLLMs/SeaLLMs-v3-7B-Chat,0.469319697643397,0.6647398843930635,0.6848599377501111,0.5455758114717653,0.5289017341040463,0.7023121387283237
SenseLLM/ReflectionCoder-CL-34B,0.4019564250778124,0.228990662516674,0.2025344597598933,0.0545798132503334,0.5242329924410849,0.1198310360160071
SenseLLM/ReflectionCoder-DS-33B,0.3727212094264117,0.1789684304135171,0.1915295686971987,0.2944642063139173,0.0020008892841262,0.0963761671854157
SentientAGI/Dobby-Mini-Leashed-Llama-3.1-8B,0.951089373054691,0.5446865273454868,0.6848599377501111,0.5832592263228101,0.6449533125833704,0.5964873277012005
SentientAGI/Dobby-Mini-Unhinged-Llama-3.1-8B,0.8975100044464206,0.5315695864828813,0.6323921742996887,0.6321698532681191,0.3740551356158292,0.5431302801244998
SeppeV/SmolLM_pretrained_with_sft_trained_with_1pc_data_on_a_preference_dpo,0.018230324588706,0.0731436193863939,0.0885949310804802,0.1186082703423744,0.4035126722987994,0.0745887060915962
Sharathhebbar24/SSH_355M,0.0435749221876389,0.0713650511338372,0.0668074699866607,0.1066029346376167,0.5315695864828813,0.0889284126278345
Sharathhebbar24/chat_gpt2_dpo,0.0184526456202756,0.0106714095153401,0.0486883059137394,0.1330591373943975,0.2650066696309471,0.0600266785237883
Shreyash2010/Uma-4x4B-Instruct-v0.1,0.6685193419297466,0.742996887505558,0.6694086260560249,0.8231436193863939,0.8163628279235216,0.6910849266340596
Sicarius-Prototyping/Brainy_LLAMA,0.622054246331703,0.5282347710093375,0.5890395731436194,0.706980880391285,0.4643174744330813,0.680635838150289
Sicarius-Prototyping/Micropenis_1B,0.3310360160071143,0.1682970208981769,0.262338817252112,0.1656291685193419,0.1258337038683859,0.2029791018230324
Sicarius-Prototyping/bacon_and_food,0.7063139172965762,0.3810582481102712,0.469875500222321,0.6706313917296576,0.3312583370386838,0.4504224099599822
SicariusSicariiStuff/2B-ad,0.4708759448643841,0.2441084926634059,0.2833481547354379,0.3608270342374388,0.3828368163628279,0.2815695864828813
SicariusSicariiStuff/2B_or_not_2B,0.1307247665629168,0.1691863050244553,0.1387283236994219,0.0262338817252112,0.2389951089373054,0.1180524677634504
SicariusSicariiStuff/Dusk_Rainbow,0.3448199199644286,0.4019564250778124,0.3930635838150289,0.661849710982659,0.3479324144064028,0.4974433081369497
SicariusSicariiStuff/Eximius_Persona_5B,0.780124499777679,0.3325922632281013,0.4818808359270787,0.1836371720764784,0.3434859937750111,0.4168519341929746
SicariusSicariiStuff/Impish_LLAMA_3B,0.5253445975989328,0.2570031124944419,0.512894619831036,0.4259670964873277,0.272565584704313,0.3454868830591374
SicariusSicariiStuff/Impish_Mind_8B,0.2963539350822587,0.3763895064473099,0.4906625166740773,0.6130502445531347,0.4339706536238328,0.4640951534015118
SicariusSicariiStuff/Impish_QWEN_14B-1M,0.9542018674966652,0.871498443752779,0.8977323254779902,0.878501556247221,0.8883948421520675,0.880057803468208
SicariusSicariiStuff/Impish_QWEN_7B-1M,0.7627834593152513,0.6867496665184526,0.8243663850600267,0.5162294353045798,0.4688750555802579,0.7734548688305913
SicariusSicariiStuff/LLAMA-3_8B_Unaligned_BETA,0.3626056024899955,0.38172521120498,0.4238550466874166,0.6229435304579813,0.4690973766118275,0.502667852378835
SicariusSicariiStuff/Phi-Line_14B,0.7732325477990218,0.831702979101823,0.890840373499333,0.8885060026678524,0.8039128501556247,0.9824366385060028
SicariusSicariiStuff/Phi-lthy4,0.9266340595820364,0.7921298354824367,0.5961538461538461,0.4181858603823922,0.4379724321920853,0.7853490440195643
SicariusSicariiStuff/Qwen2.5-14B_Uncencored,0.2942418852823477,0.8653846153846154,0.831702979101823,0.9527567807914628,0.8249221876389506,0.9169630947087596
SicariusSicariiStuff/Qwen2.5-14B_Uncensored,0.2954646509559804,0.8653846153846154,0.831702979101823,0.9527567807914628,0.8249221876389506,0.9169630947087596
SicariusSicariiStuff/Qwen2.5-14B_Uncensored_Instruct,0.3732770120053357,0.8116940862605603,0.8378168074699867,0.8045798132503335,0.2170964873277012,0.888728323699422
SicariusSicariiStuff/Redemption_Wind_24B,0.206980880391285,0.8850600266785238,0.6848599377501111,0.9573143619386394,0.58070253445976,0.979546465095598
SicariusSicariiStuff/Winged_Imp_8B,0.8938417074255225,0.5387950200088928,0.5409070698088039,0.3765006669630947,0.5568030235660294,0.5636949755446865
SicariusSicariiStuff/Wingless_Imp_8B,0.8938417074255225,0.5387950200088928,0.5409070698088039,0.3765006669630947,0.5568030235660294,0.5636949755446865
SicariusSicariiStuff/Zion_Alpha,0.3125833703868386,0.4877723432636727,0.2917963539350822,0.4504224099599822,0.9108492663405958,0.4138506002667852
SicariusSicariiStuff/dn_ep02,0.6034904401956425,0.6224988883948421,0.6071587372165407,0.7194308581591818,0.6638506002667852,0.737105380168964
SkyOrbis/SKY-Ko-Llama3.1-8B-lora,0.6019341929746554,0.4888839484215206,0.629613161405069,0.7603379279679857,0.4097376611827479,0.6411738550466874
SkyOrbis/SKY-Ko-Llama3.1-8B-lora-epoch1,0.6019341929746554,0.4888839484215206,0.629613161405069,0.7603379279679857,0.4097376611827479,0.6411738550466874
SkyOrbis/SKY-Ko-Llama3.2-1B-lora-epoch3,0.3045798132503335,0.1078257003112494,0.1759670964873277,0.0593597154290795,0.088150289017341,0.1066029346376167
SkyOrbis/SKY-Ko-Llama3.2-1B-lora-epoch5,0.4647621164962205,0.1764117385504668,0.2917963539350822,0.1186082703423744,0.2052023121387283,0.2117607825700311
SkyOrbis/SKY-Ko-Llama3.2-1B-lora-v2-epoch3,0.4647621164962205,0.1764117385504668,0.2917963539350822,0.1186082703423744,0.2052023121387283,0.2117607825700311
SkyOrbis/SKY-Ko-Llama3.2-1B-lora-v2-epoch5,0.4418630502445531,0.1776345042240996,0.2833481547354379,0.0767007558915073,0.1954201867496665,0.2117607825700311
SkyOrbis/SKY-Ko-Llama3.2-3B-lora-epoch1,0.6362827923521566,0.3110271231658515,0.6126056024899955,0.4699866607381058,0.2871276122721209,0.3648288128056914
SkyOrbis/SKY-Ko-Llama3.2-3B-lora-epoch2,0.6362827923521566,0.3110271231658515,0.6126056024899955,0.4699866607381058,0.2871276122721209,0.3648288128056914
SkyOrbis/SKY-Ko-Llama3.2-3B-lora-epoch3,0.6362827923521566,0.3110271231658515,0.6126056024899955,0.4699866607381058,0.2871276122721209,0.3648288128056914
SkyOrbis/SKY-Ko-Qwen2.5-3B-Instruct,0.3403734993330369,0.2865718096931969,0.3737216540684748,0.3432636727434415,0.4493108048021342,0.312361049355269
SkyOrbis/SKY-Ko-Qwen2.5-7B-Instruct-SFT-step-15000,0.3781680746998666,0.5653623832814584,0.6868608270342375,0.7922409959982214,0.7663405958203646,0.7106491774121831
SkyOrbis/SKY-Ko-Qwen2.5-7B-Instruct-SFT-step-5000,0.3763895064473099,0.7025344597598933,0.7255446865273455,0.5930413517118719,0.5594708759448643,0.769341929746554
Skywork/Skywork-Reward-Gemma-2-27B-v0.2,0.9421965317919077,0.8812805691418408,0.7605602489995553,0.8572698977323254,0.6487327701200534,0.7475544686527346
Skywork/Skywork-o1-Open-Llama-3.1-8B,0.3384837705646954,0.3481547354379724,0.9778790573588262,0.1186082703423744,0.0601378390395731,0.2176522899066251
Solshine/Brimful-merged-replete,0.0878168074699866,0.019341929746554,0.0394619831036016,0.098377056469542,0.0528012449977767,0.0048910626945309
Solshine/Llama-3-1-big-thoughtful-passthrough-merge-2,0.2186527345486883,0.1011560693641618,0.0780346820809248,0.1186082703423744,0.3196976433970653,0.0922632281013784
Sorawiz/Gemma-9B-Base,0.0760337927967985,0.8041351711871944,0.469875500222321,0.8431525122276567,0.4550911516229435,0.7687861271676301
Sorawiz/Gemma-Creative-9B-Base,0.0531347265451311,0.6896398399288572,0.4030680302356603,0.8045798132503335,0.3880613606047132,0.7389951089373055
Sourjayon/DeepSeek-R1-8b-Sify,0.3559359715429079,0.1487327701200533,0.7760115606936416,0.06447309915518,0.0020008892841262,0.2149844375277901
Sourjayon/DeepSeek-R1-ForumNXT,0.2294353045798132,0.1498443752779013,0.7863494886616273,0.2944642063139173,0.1174966651845264,0.1740773677189862
SpaceYL/ECE_Poirot,0.2887950200088928,0.2787905735882614,0.4490884837705647,0.5355713650511338,0.3965095598043575,0.3292574477545575
Spestly/Athena-1-3B,0.6758559359715429,0.4088483770564695,0.7717874610938195,0.487105380168964,0.7341040462427746,0.5215651400622499
Spestly/Atlas-Pro-1.5B-Preview,0.1889728768341485,0.1891951978657181,0.8321476211649622,0.5259004001778568,0.0777012005335704,0.2100933748332592
Spestly/Atlas-Pro-7B-Preview,0.293574922187639,0.3870609159626501,0.9739884393063584,0.8335927078701645,0.3164739884393063,0.3543797243219208
Stark2008/GutenLaserPi,0.4384170742552245,0.6382836816362828,0.4061805246776345,0.4181858603823922,0.875277901289462,0.4034015117830147
Stark2008/LayleleFlamPi,0.449977767896843,0.5606936416184971,0.3610493552690084,0.4027345486883059,0.8626056024899955,0.3968430413517119
Stark2008/VisFlamCat,0.466651845264562,0.6342819030680302,0.3979546465095598,0.4504224099599822,0.7990217874610939,0.4192974655402401
Steelskull/L3.3-MS-Nevoria-70b,0.8272565584704313,0.9855491329479767,0.8969542018674966,0.9997776789684304,0.9147398843930636,0.9857714539795464
Steelskull/L3.3-Nevoria-R1-70b,0.7235437972432192,0.9822143174744332,0.9434192974655402,0.9995553579368608,0.9517563361493996,0.983325922632281
StelleX/Qwen2.5_Math_7B_Cot,0.141396176078257,0.2961316140506892,0.8358159181858604,0.4969986660738106,0.3254779902178746,0.3114717652289906
StelleX/Vorisatex-7B-preview,0.0533570475767007,0.0809248554913294,0.183303690529124,0.0593597154290795,0.6104935526900844,0.0795909293019119
SultanR/SmolTulu-1.7b-Instruct,0.7786794130724767,0.213983992885727,0.4089595375722543,0.2396620720320142,0.0810360160071142,0.1835260115606936
SultanR/SmolTulu-1.7b-Reinforced,0.8064695420186749,0.1994219653179191,0.3828368163628279,0.311805246776345,0.1088261449533125,0.1904179635393508
SultanR/SmolTulu-1.7b-it-v0,0.7786794130724767,0.213983992885727,0.4089595375722543,0.2396620720320142,0.0810360160071142,0.1835260115606936
Supichi/BBA-123,0.1330591373943975,0.0266785237883503,0.0141173855046687,0.1330591373943975,0.1174966651845264,0.0810360160071142
Supichi/BBA99,0.0414628723877278,0.0051133837261004,0.0141173855046687,0.1740773677189862,0.1357269897732325,0.0247887950200088
Supichi/BBAIK29,0.5165629168519342,0.76345042240996,0.8718319253001334,0.6927523343708315,0.8112494441974211,0.8294797687861272
Supichi/BBAI_135_Gemma,0.0120053357047576,0.2047576700755891,0.0141173855046687,0.2218763895064473,0.2396620720320142,0.1777456647398844
Supichi/BBAI_250_Xia0_gZ,0.536016007114273,0.7563361493997333,0.8680524677634505,0.7603379279679857,0.8452645620275678,0.8283681636282793
Supichi/BBAI_275_Tsunami_gZ,0.644619831036016,0.7414406402845709,0.8378168074699867,0.7603379279679857,0.7647843485993775,0.8352601156069365
Supichi/BBAI_525_Tsu_gZ_Xia0,0.6378390395731436,0.7525566918630503,0.8485993775011116,0.6927523343708315,0.793019119608715,0.8321476211649622
Supichi/BBAI_78B_Calme_3_1_Ties,0.0984882169853268,0.0084481991996442,0.0141173855046687,0.0262338817252112,0.1011560693641618,0.0616940862605602
Supichi/BBAI_QWEEN_V000000_LUMEN_14B,0.0971542907959092,0.0538016896398399,0.0141173855046687,0.0262338817252112,0.1258337038683859,0.0739217429968875
Supichi/HF_TOKEN,0.0393508225878168,0.0024455313472654,0.0302356602934637,0.1740773677189862,0.1357269897732325,0.0222321031569586
Supichi/NJS26,0.0073365940417963,0.4219653179190751,0.2000889284126278,0.7379946642952423,0.2766785237883504,0.3770564695420186
Svak/MN-12B-Inferor-v0.0,0.691418408181414,0.5466874166296132,0.4818808359270787,0.661849710982659,0.9011783014673188,0.5337927967985772
Svak/MN-12B-Inferor-v0.1,0.7574477545575812,0.5473543797243219,0.5632503334815474,0.7851267229879947,0.8130280124499778,0.5759226322810138
Syed-Hasan-8503/Phi-3-mini-4K-instruct-cpo-simpo,0.6919742107603379,0.7870164517563362,0.6336149399733215,0.8075811471765229,0.4239662072032014,0.6875277901289462
T145/KRONOS-8B-V1-P1,0.9514228546020452,0.5168963983992886,0.7067585593597154,0.5068919519786572,0.4077367718986216,0.628501556247221
T145/KRONOS-8B-V1-P2,0.7971320586927524,0.3997332147621165,0.638728323699422,0.4699866607381058,0.2483325922632281,0.5003334815473544
T145/KRONOS-8B-V1-P3,0.8492663405958204,0.52690084481992,0.6979768786127167,0.1330591373943975,0.2871276122721209,0.489773232547799
T145/KRONOS-8B-V2,0.618830591373944,0.5413517118719431,0.7592263228101378,0.5455758114717653,0.3910626945309026,0.6197198755002223
T145/KRONOS-8B-V3,0.661849710982659,0.5277901289461983,0.7883503779457537,0.4331925300133392,0.3668297020898177,0.620386838594931
T145/KRONOS-8B-V4,0.9593152512227656,0.5228990662516674,0.7015340151178302,0.44086260560249,0.3634948866162739,0.6463983992885727
T145/KRONOS-8B-V5,0.6496220542463317,0.5237883503779458,0.7941307247665629,0.4504224099599822,0.5272343263672743,0.6278345931525122
T145/KRONOS-8B-V6,0.833926189417519,0.5046687416629613,0.7883503779457537,0.3432636727434415,0.4853268119164073,0.5144508670520231
T145/KRONOS-8B-V7,0.3397065362383281,0.3617163183637172,0.5077812361049355,0.2130947087594486,0.1990884837705647,0.2863494886616274
T145/KRONOS-8B-V8,0.9375277901289462,0.5202312138728323,0.7183192530013339,0.44086260560249,0.3992885726989773,0.6443975100044464
T145/KRONOS-8B-V9,0.9522009782125388,0.5211204979991108,0.7078701645175633,0.5162294353045798,0.3958425967096487,0.6242774566473989
T145/Llama-3.1-8B-Instruct-Zeus,0.9662072032014228,0.568252556691863,0.7028679413072476,0.5744775455758114,0.4130724766562917,0.7019786571809693
T145/Llama-3.1-8B-Zeus,0.3377056469542018,0.2034237438861716,0.1070475767007558,0.1934192974655402,0.062361049355269,0.1114939973321476
T145/Meta-Llama-3.1-8B-Instruct-TIES,0.6532903512672299,0.5082258781680747,0.7255446865273455,0.4969986660738106,0.378501556247221,0.6428412627834593
T145/ZEUS-8B-V10,0.9300800355713652,0.6253890618052468,0.7291018230324589,0.7804579813250333,0.4417518897287683,0.7070920409070698
T145/ZEUS-8B-V11,0.983881725211205,0.5609159626500667,0.7042018674966651,0.7138728323699421,0.3364828812805691,0.698421520675856
T145/ZEUS-8B-V12,0.9439751000444642,0.6131614050689195,0.7291018230324589,0.7541129390840373,0.4087372165406847,0.710204535349044
T145/ZEUS-8B-V13,0.9615384615384616,0.6269453090262339,0.7331036016007114,0.7750111160515785,0.4029568697198755,0.7098710538016897
T145/ZEUS-8B-V13-abliterated,0.9557581147176524,0.5847043130280124,0.6728546020453535,0.6859715429079591,0.4029568697198755,0.6919742107603379
T145/ZEUS-8B-V14,0.930635838150289,0.6249444197421076,0.7321031569586482,0.7541129390840373,0.3928412627834593,0.7106491774121831
T145/ZEUS-8B-V15,0.8321476211649622,0.7394397510004447,0.7642285460204535,0.311805246776345,0.4593152512227657,0.7428857269897733
T145/ZEUS-8B-V16,0.9644286349488662,0.6169408626056024,0.7475544686527346,0.6421742996887505,0.466651845264562,0.7143174744330814
T145/ZEUS-8B-V17,0.9657625611382836,0.6078257003112495,0.7553357047576701,0.7655624722098711,0.4737661182747888,0.7186527345486883
T145/ZEUS-8B-V17-abliterated,0.9132947976878611,0.5742552245442419,0.2517785682525567,0.6036016007114273,0.7234326367274344,0.5586927523343709
T145/ZEUS-8B-V17-abliterated-V2,0.7774566473988439,0.4388617163183637,0.5101156069364162,0.2853490440195642,0.0723654957759004,0.4888839484215206
T145/ZEUS-8B-V17-abliterated-V4,0.862383281458426,0.5518008003557137,0.4557581147176522,0.3861716318363717,0.6204979991107159,0.6379502000889284
T145/ZEUS-8B-V18,0.9475322365495776,0.6167185415740329,0.7428857269897733,0.7603379279679857,0.5447976878612717,0.7225433526011561
T145/ZEUS-8B-V19,0.9568697198755002,0.6222765673632725,0.7475544686527346,0.7655624722098711,0.5447976878612717,0.7180969319697643
T145/ZEUS-8B-V2,0.976878612716763,0.5769230769230769,0.7393285904846598,0.5832592263228101,0.3899510893730546,0.7033125833703868
T145/ZEUS-8B-V2-ORPO,0.8554913294797688,0.5022232103156958,0.6799688750555802,0.6791907514450867,0.4796576256113828,0.5867052023121387
T145/ZEUS-8B-V2-abliterated,0.9604268563806136,0.5522454424188529,0.7291018230324589,0.6998666073810582,0.3712761227212094,0.6670742552245442
T145/ZEUS-8B-V20,0.9678746109381948,0.6036016007114273,0.7442196531791907,0.7700088928412628,0.5153401511783015,0.7159848821698532
T145/ZEUS-8B-V21,0.3719430858159182,0.1620720320142285,0.6371720764784349,0.1836371720764784,0.0611382836816362,0.1840818141396176
T145/ZEUS-8B-V22,0.9722098710538016,0.602712316585149,0.7525566918630503,0.7966874166296132,0.4559804357492218,0.7206536238328146
T145/ZEUS-8B-V23,0.918297020898177,0.5715873721654069,0.6784126278345931,0.6706313917296576,0.3378168074699866,0.579035126722988
T145/ZEUS-8B-V24,0.7212094264117386,0.4068474877723432,0.6126056024899955,0.1567363272565584,0.2336594041796354,0.4552023121387283
T145/ZEUS-8B-V25,0.3116940862605602,0.3254779902178746,0.7169853268119164,0.1836371720764784,0.1190529124055135,0.3294797687861271
T145/ZEUS-8B-V26,0.7943530457981325,0.6040462427745664,0.5589150733659404,0.5068919519786572,0.4737661182747888,0.7083148065807026
T145/ZEUS-8B-V27,0.779012894619831,0.6033792796798577,0.5911516229435304,0.6528457092040907,0.4881058248110271,0.7063139172965762
T145/ZEUS-8B-V28,0.7582258781680747,0.6211649622054246,0.566140506891952,0.6036016007114273,0.4281903068030235,0.7063139172965762
T145/ZEUS-8B-V29,0.8929524232992441,0.6082703423743886,0.638728323699422,0.7885726989773233,0.4673188083592708,0.7129835482436638
T145/ZEUS-8B-V2L1,0.2970208981769675,0.4737661182747888,0.5556914184081814,0.6998666073810582,0.4394175188972877,0.5632503334815474
T145/ZEUS-8B-V2L2,0.9759893285904848,0.5962650066696309,0.7117607825700312,0.5560248999555358,0.4141840818141396,0.698421520675856
T145/ZEUS-8B-V3,0.9582036460649176,0.6002667852378835,0.6525122276567363,0.7655624722098711,0.4421965317919075,0.6552912405513561
T145/ZEUS-8B-V30,0.8945086705202312,0.6022676745220098,0.6359493108048021,0.7541129390840373,0.5028901734104047,0.7234326367274344
T145/ZEUS-8B-V4,0.9421965317919077,0.5971542907959093,0.6979768786127167,0.6421742996887505,0.4951089373054691,0.6477323254779902
T145/ZEUS-8B-V6,0.9491996442863496,0.5987105380168964,0.7136505113383727,0.6130502445531347,0.4917741218319253,0.6278345931525122
T145/ZEUS-8B-V7,0.939195197865718,0.5008892841262783,0.6172743441529569,0.5259004001778568,0.5728101378390396,0.6601823032458871
T145/ZEUS-8B-V8,0.9632058692752334,0.4957759004001779,0.5868163628279235,0.4259670964873277,0.6358381502890174,0.6295020008892841
T145/ZEUS-8B-V9,0.6727434415295687,0.5889284126278346,0.7331036016007114,0.4605380168963984,0.4224099599822143,0.7057581147176523
T145/qwen-2.5-3B-merge-test,0.6949755446865273,0.4477545575811472,0.8324811027123166,0.4027345486883059,0.3931747443308137,0.4570920409070698
THUDM/glm-4-9b,0.0437972432192085,0.7263228101378391,0.0141173855046687,0.7256558470431302,0.7776789684304135,0.7551133837261005
THUDM/glm-4-9b-chat,0.0008892841262783,0.3855046687416629,0.0141173855046687,0.706980880391285,0.3795020008892841,0.42741218319253
THUDM/glm-4-9b-chat-1m,0.0008892841262783,0.2578923966207203,0.0141173855046687,0.6036016007114273,0.2567807914628724,0.4267452200978212
THUDM/glm-4-9b-chat-1m-hf,0.6382836816362828,0.2305469097376611,0.2734548688305914,0.4699866607381058,0.167185415740329,0.1983103601600711
THUDM/glm-4-9b-chat-hf,0.7759004001778568,0.3088039128501556,0.426856380613606,0.5930413517118719,0.1011560693641618,0.3036905291240551
TIGER-Lab/AceCodeRM-7B,0.7056469542018675,0.4081814139617608,0.8506002667852379,0.6130502445531347,0.5700311249444198,0.4788795020008893
TIGER-Lab/AceCoder-Qwen2.5-7B-Ins-Rule,0.8932859048465985,0.7052023121387283,0.9682080924855492,0.5744775455758114,0.3606047132058693,0.7816807469986661
TIGER-Lab/AceCoder-Qwen2.5-Coder-7B-Base-Rule,0.4777678968430413,0.4964428634948866,0.7117607825700312,0.2673410404624277,0.0160071142730102,0.6224988883948421
TIGER-Lab/AceCoder-Qwen2.5-Coder-7B-Ins-Rule,0.7445531347265452,0.5377945753668297,0.8648288128056915,0.3271453979546465,0.4202979101823032,0.4941084926634059
TIGER-Lab/MAmmoTH2-7B-Plus,0.6770787016451756,0.2830146731880836,0.6848599377501111,0.3523788350377946,0.5051133837261005,0.3694975544686527
TIGER-Lab/Qwen2.5-Math-7B-CFT,0.2496665184526456,0.3768341485104491,0.9927745664739884,0.4105157847932414,0.3143619386393952,0.3464873277012005
TTTXXX01/Mistral-7B-Base-SimPO2-5e-7,0.4735437972432192,0.3092485549132948,0.1716318363717207,0.5355713650511338,0.2575589150733659,0.3016896398399288
Tarek07/Progenitor-V1.1-LLaMa-70B,0.8209204090706981,0.983325922632281,0.8614939973321476,0.9993330369052912,0.9415295686971988,0.9835482436638506
Tarek07/Thalassic-Alpha-LLaMa-70B,0.8310360160071143,0.979546465095598,0.8291462872387728,0.9982214317474432,0.9597598932859048,0.9802134281903068
TeeZee/DoubleBagel-57B-v1.0,0.1705202312138728,0.1084926634059582,0.0716985326811916,0.311805246776345,0.7485549132947977,0.1239439751000444
Telugu-LLM-Labs/Indic-gemma-2b-finetuned-sft-Navarasa-2.0,0.1351711871943086,0.1167185415740329,0.1759670964873277,0.0262338817252112,0.3334815473543797,0.1066029346376167
Telugu-LLM-Labs/Indic-gemma-7b-finetuned-sft-Navarasa-2.0,0.3034682080924855,0.2465540240106714,0.1678523788350377,0.2485549132947976,0.4439751000444642,0.2414406402845709
TencentARC/LLaMA-Pro-8B,0.161293908403735,0.1916407292129835,0.1337261004891062,0.1330591373943975,0.4150733659404179,0.1978657180969319
TencentARC/LLaMA-Pro-8B-Instruct,0.4925522454424189,0.2916851934192974,0.1644064028457092,0.2944642063139173,0.5753668297020899,0.2117607825700311
TencentARC/MetaMath-Mistral-Pro,0.1375055580257892,0.3350377945753668,0.3979546465095598,0.2396620720320142,0.2445531347265451,0.2527790128946198
TencentARC/Mistral_Pro_8B_v0.1,0.1368385949310804,0.3450422409959982,0.3138061360604713,0.3523788350377946,0.637616718541574,0.3013561582925745
TheDrummer/Cydonia-22B-v1.2,0.6847487772343264,0.7905735882614495,0.7156514006224989,0.8075811471765229,0.5304579813250333,0.7541129390840373
TheDrummer/Gemmasutra-9B-v1,0.1851934192974655,0.8025789239662072,0.4211871943085816,0.6791907514450867,0.9630947087594488,0.7418852823477101
TheDrummer/Gemmasutra-Mini-2B-v1,0.2196531791907514,0.1983103601600711,0.2194308581591818,0.2584481991996443,0.0326811916407292,0.2190973766118275
TheDrummer/Llama-3SOME-8B-v2,0.4971098265895953,0.5813694975544687,0.4557581147176522,0.5832592263228101,0.339261894175189,0.6255002223210315
TheDrummer/Ministrations-8B-v1,0.2552245442418853,0.4273010226767452,0.6826367274344153,0.7804579813250333,0.8035793686082704,0.5660293463761672
TheDrummer/Rocinante-12B-v1,0.7293241440640285,0.5188972876834148,0.566140506891952,0.4605380168963984,0.5895953757225434,0.5075589150733659
TheDrummer/Tiger-Gemma-9B-v1,0.8694975544686527,0.7672298799466429,0.6816362827923521,0.8407069808803913,0.529568697198755,0.7487772343263672
TheDrummer/Tiger-Gemma-9B-v2,0.8294797687861272,0.7169853268119164,0.6784126278345931,0.8431525122276567,0.4522009782125389,0.7478879502000889
TheDrummer/Tiger-Gemma-9B-v3,0.8101378390395731,0.7856825255669186,0.6428412627834593,0.8407069808803913,0.3594931080480213,0.7428857269897733
TheDrunkenSnail/Daughter-of-Rhodia-12B,0.8205869275233437,0.5718096931969764,0.5506891951978657,0.7323254779902179,0.7965762561138283,0.565028901734104
TheDrunkenSnail/Mother-of-Rhodia-12B,0.7750111160515785,0.4682080924855491,0.5506891951978657,0.5455758114717653,0.6234993330369053,0.5323477100933748
TheDrunkenSnail/Son-of-Rhodia,0.8373721654068474,0.5253445975989328,0.581702979101823,0.6998666073810582,0.6585148955091151,0.5522454424188529
TheHierophant/Underground-Cognitive-V0.3-test,0.5606936416184971,0.6598488216985327,0.3261449533125833,0.5455758114717653,0.7950200088928413,0.4674299688750555
TheTsar1209/nemo-carpmuscle-v0.1,0.1605157847932414,0.5197865718096932,0.2696754112939084,0.5259004001778568,0.5131169408626056,0.4901067140951534
TheTsar1209/qwen-carpmuscle-r-v0.3,0.4873277012005336,0.8621609604268564,0.8191418408181413,0.878501556247221,0.6492885726989773,0.8848377056469542
TheTsar1209/qwen-carpmuscle-v0.1,0.6834148510449088,0.8932859048465985,0.7910182303245887,0.8572698977323254,0.5075589150733659,0.9009559804357492
TheTsar1209/qwen-carpmuscle-v0.2,0.6271676300578035,0.8819475322365495,0.805913739439751,0.8959537572254336,0.6989773232547799,0.8909515340151178
TheTsar1209/qwen-carpmuscle-v0.3,0.4906625166740773,0.8563806136060471,0.8278123610493553,0.8982881280569142,0.4828812805691418,0.8810582481102712
TheTsar1209/qwen-carpmuscle-v0.4,0.8577145397954646,0.90329035126723,0.7999110715873722,0.8859493108048021,0.8337038683859493,0.8903957314361939
TheTsar1209/qwen-carpmuscle-v0.4.1,0.8823921742996887,0.9166296131614052,0.8008003557136505,0.8628279235215651,0.8076923076923077,0.8991774121831926
Tijmen2/cosmosage-v3,0.4921076033792796,0.3414851044908848,0.2833481547354379,0.3765006669630947,0.5435749221876389,0.2545575811471765
TinyLlama/TinyLlama-1.1B-Chat-v0.1,0.0480213428190306,0.0678079146287238,0.0520231213872832,0.0262338817252112,0.1926411738550467,0.0131169408626056
TinyLlama/TinyLlama-1.1B-Chat-v0.5,0.0702534459759893,0.0693641618497109,0.0420186749666518,0.0262338817252112,0.1706313917296576,0.0122276567363272
TinyLlama/TinyLlama-1.1B-Chat-v0.6,0.061805246776345,0.0689195197865718,0.117163183637172,0.1066029346376167,0.1036016007114273,0.0671409515340151
TinyLlama/TinyLlama-1.1B-Chat-v1.0,0.0111160515784793,0.0791462872387727,0.1123832814584259,0.0262338817252112,0.2132058692752334,0.0160071142730102
TinyLlama/TinyLlama-1.1B-intermediate-step-1431k-3T,0.1608492663405958,0.0722543352601156,0.0885949310804802,0.06447309915518,0.0969319697643397,0.0335704757670075
TinyLlama/TinyLlama_v1.1,0.120942641173855,0.0624722098710538,0.0885949310804802,0.0262338817252112,0.1965317919075144,0.0007781236104935
ToastyPigeon/Sto-vo-kor-12B,0.6658514895509116,0.5017785682525567,0.5016674077367719,0.6229435304579813,0.4087372165406847,0.487105380168964
Trappu/Magnum-Picaro-0.7-v2-12b,0.2754557581147177,0.7240995998221432,0.3610493552690084,0.7700088928412628,0.9401956425077812,0.5412405513561583
Trappu/Nemo-Picaro-12B,0.2247665629168519,0.7327701200533571,0.426856380613606,0.7922409959982214,0.9175188972876834,0.5514673188083593
Tremontaine/L3-12B-Lunaris-v1,0.821476211649622,0.6018230324588706,0.4368608270342374,0.6706313917296576,0.2022009782125389,0.6386171631836371
Triangle104/Annunaki-12b,0.3839484215206759,0.7127612272120942,0.5473543797243219,0.7603379279679857,0.7816807469986661,0.6106047132058693
Triangle104/BigTalker-Lite-8B,0.3579368608270342,0.6244997776789685,0.4818808359270787,0.6791907514450867,0.568808359270787,0.4945531347265451
Triangle104/Chatty-Harry_V2.0,0.3128056914184082,0.628501556247221,0.6009337483325923,0.7700088928412628,0.6151622943530458,0.5899288572698977
Triangle104/Chatty-Harry_V3.0,0.3552690084481992,0.7294353045798132,0.512894619831036,0.7700088928412628,0.8125833703868386,0.6013783903957315
Triangle104/Chronos-Prism_V1.0,0.3060248999555358,0.7536682970208982,0.5409070698088039,0.6706313917296576,0.7829035126722989,0.5838150289017341
Triangle104/DS-Distilled-Hermes-Llama-3.1,0.3018008003557136,0.5289017341040463,0.8130280124499778,0.7428857269897733,0.4828812805691418,0.4054024010671409
Triangle104/DS-Distilled-Hermes-Llama-3.1_TIES,0.0374610938194753,0.0224544241885282,0.0668074699866607,0.0262338817252112,0.1136060471320587,0.0172298799466429
Triangle104/DS-R1-Distill-Q2.5-10B-Harmony,0.0861493997332147,0.0082258781680747,0.0141173855046687,0.0262338817252112,0.065028901734104,0.0871498443752779
Triangle104/DS-R1-Distill-Q2.5-14B-Harmony_V0.1,0.4986660738105825,0.7841262783459315,0.9921076033792796,0.980658070253446,0.9982214317474432,0.8490440195642508
Triangle104/DS-R1-Distill-Q2.5-7B-RP,0.328479324144064,0.3101378390395731,0.9468652734548688,0.706980880391285,0.3859493108048021,0.331147176522899
Triangle104/DS-R1-Llama-8B-Harmony,0.3421520675855936,0.2627834593152512,0.9212983548243664,0.4699866607381058,0.2932414406402845,0.2974655402401067
Triangle104/DSR1-Distill-Llama-Lit-8B,0.1060471320586927,0.2879057358826145,0.85482436638506,0.5930413517118719,0.3189195197865718,0.3081369497554468
Triangle104/DSR1-Distill-Qwen-7B-RP,0.3479324144064028,0.2976878612716763,0.9558692752334372,0.7479991107158738,0.4250778123610493,0.3722765673632726
Triangle104/Dark-Chivalry_V1.0,0.4572032014228546,0.4528679413072476,0.581702979101823,0.487105380168964,0.6939751000444642,0.4978879502000889
Triangle104/Distilled-DarkPlanet-Allades-8B,0.3308136949755447,0.3485993775011116,0.9012894619831036,0.6229435304579813,0.1936416184971098,0.3342596709648733
Triangle104/Distilled-DarkPlanet-Allades-8B_TIES,0.3873943975100044,0.5160071142730103,0.446754112939084,0.7138728323699421,0.3789461983103601,0.4885504668741663
Triangle104/Distilled-Whiskey-8b,0.3292574477545575,0.493552690084482,0.7839039573143619,0.8106936416184971,0.5834815473543797,0.4794353045798132
Triangle104/Dolphin3-Llama3.2-Smart,0.4215206758559359,0.2389951089373054,0.2517785682525567,0.2396620720320142,0.3840595820364606,0.228990662516674
Triangle104/Gemmadevi-Stock-10B,0.0642507781236104,0.829035126722988,0.4637616718541574,0.8885060026678524,0.8821698532681191,0.7730102267674522
Triangle104/Hermes-Llama-3.2-CoT,0.427967985771454,0.3610493552690084,0.45964873277012,0.3432636727434415,0.2497776789684304,0.3475989328590484
Triangle104/Hermes-Llama-3.2-CoT-Summary,0.5646954201867497,0.2603379279679857,0.4211871943085816,0.0852601156069364,0.2315473543797243,0.3342596709648733
Triangle104/Hermes3-L3.1-DirtyHarry-8B,0.3041351711871943,0.5051133837261005,0.3828368163628279,0.5832592263228101,0.4448643841707425,0.4706536238328145
Triangle104/Herodotos-14B,0.5331258337038683,0.8943975100044464,0.9717652289906624,0.9319697643397066,0.9465317919075144,0.9237438861716318
Triangle104/Herodotos-14B_V0.1,0.1046020453534904,0.0529124055135615,0.0141173855046687,0.0262338817252112,0.1856380613606047,0.0782570031124944
Triangle104/L3.1-8B-Dusky-Ink,0.5017785682525567,0.536016007114273,0.5529124055135616,0.44086260560249,0.5789239662072032,0.5899288572698977
Triangle104/L3.1-8B-Dusky-Ink_v0.r1,0.1178301467318808,0.3019119608714984,0.2473321476211649,0.6036016007114273,0.3663850600266785,0.4393063583815029
Triangle104/LThreePointOne-8B-HermesBlackroot,0.0938194753223655,0.4917741218319253,0.1387283236994219,0.6421742996887505,0.4270787016451756,0.4552023121387283
Triangle104/LThreePointOne-8B-HermesInk,0.4059582036460649,0.5722543352601156,0.6600711427301023,0.7700088928412628,0.4986660738105825,0.5030013339261894
Triangle104/Llama3.1-Allades-Lit-8b,0.1956425077812361,0.2616718541574033,0.0364606491774121,0.3947309915518008,0.2565584704313028,0.2936860827034237
Triangle104/Llama3.1-cc-Lit-8b,0.2741218319253001,0.2252112049799911,0.0394619831036016,0.3271453979546465,0.3005780346820809,0.3648288128056914
Triangle104/Minerva-1.5b,0.2414406402845709,0.2487772343263672,0.4844375277901289,0.6791907514450867,0.3016896398399288,0.2865718096931969
Triangle104/Minerva-1.5b_V0.2,0.2867941307247665,0.2349933303690529,0.5187861271676301,0.4027345486883059,0.3285904846598488,0.3361493997332148
Triangle104/Minerva-10b,0.1046020453534904,0.3417074255224544,0.0141173855046687,0.3608270342374388,0.2721209426411738,0.2374388617163183
Triangle104/Minerva-14b,0.3323699421965317,0.869942196531792,0.8219208537127612,0.9347487772343264,0.9250778123610494,0.8998443752779013
Triangle104/Minerva-14b-V0.1,0.0157847932414406,0.8288128056914184,0.8219208537127612,0.9171854157403292,0.9066251667407736,0.8872832369942196
Triangle104/Minerva-7b,0.3637172076478435,0.7361049355269008,0.8062472209871053,0.7700088928412628,0.451089373054691,0.8234771009337484
Triangle104/Minerva-8b,0.082258781680747,0.3895064473099155,0.045131169408626,0.6927523343708315,0.5953757225433526,0.3952867941307247
Triangle104/Mistral-Redemption-Arc,0.4049577590040017,0.8614939973321476,0.9092930191196088,0.8701645175633614,0.8801689639839929,0.8388172521120498
Triangle104/Mistral-Small-24b-Harmony,0.078479324144064,0.8852823477100934,0.6943085815918186,0.9594264117385504,0.606491774121832,0.9792129835482436
Triangle104/Pans_Gutenbergum_V0.1,0.2876834148510449,0.73654957759004,0.4926634059582036,0.7700088928412628,0.8558248110271232,0.5987105380168964
Triangle104/Pans_Gutenbergum_V0.2,0.3001333926189417,0.7309915518008003,0.3708314806580702,0.6927523343708315,0.907514450867052,0.5435749221876389
Triangle104/Pantheon_ChatWaifu_V0.2,0.239217429968875,0.7585593597154291,0.3138061360604713,0.7379946642952423,0.9421965317919077,0.4971098265895953
Triangle104/Phi-4-AbliteratedRP,0.5773677189862161,0.9544241885282349,0.8234771009337484,0.9857714539795464,0.9902178746109382,0.9297465540240106
Triangle104/Phi4-RP-o1,0.0037794575366829,0.9453090262338816,0.882836816362828,0.9319697643397066,0.9288572698977324,0.8861716318363717
Triangle104/Phi4-RP-o1-Ablit,0.0042240995998221,0.9413072476656292,0.8930635838150289,0.9121831925300132,0.922632281013784,0.8852823477100934
Triangle104/Porpoise-R1-Llama3.2-3b,0.4626500666963095,0.2176522899066251,0.2433303690529124,0.2130947087594486,0.3074699866607381,0.2220987105380168
Triangle104/Q2.5-14B-Instruct-1M-Harmony,0.7196531791907514,0.8717207647843486,0.8813917296576256,0.9371943085815918,0.9433081369497556,0.882281013783904
Triangle104/Q2.5-AthensCOT,0.5122276567363273,0.7501111605157847,0.8105824811027124,0.5656958648288128,0.8397065362383281,0.802134281903068
Triangle104/Q2.5-CodeR1-3B,0.3445975989328591,0.3877278790573588,0.6459537572254336,0.6036016007114273,0.661293908403735,0.3568252556691863
Triangle104/Q2.5-EVACOT-7b,0.6995331258337039,0.723654957759004,0.8052467763450423,0.7379946642952423,0.8045798132503335,0.7845709204090707
Triangle104/Q2.5-EvaHumane-RP,0.3556024899955536,0.6627389951089373,0.8120275678079146,0.7428857269897733,0.5971542907959093,0.8163628279235216
Triangle104/Q2.5-Humane-RP,0.479546465095598,0.7736771898621609,0.8452645620275678,0.7428857269897733,0.8270342374388617,0.8352601156069365
Triangle104/Q2.5-Instruct-1M_Harmony,0.7249888839484215,0.6585148955091151,0.840373499333037,0.7700088928412628,0.9017341040462428,0.7963539350822588
Triangle104/Q2.5-R1-3B,0.4357492218763895,0.4310804802134282,0.7934637616718542,0.6706313917296576,0.6987550022232103,0.6610715873721654
Triangle104/Q2.5-R1-7B,0.0357936860827034,0.038683859493108,0.1219430858159181,0.06447309915518,0.1230546909737661,0.0907069808803912
Triangle104/Robo-Gutenberg_V1.0,0.7218763895064473,0.9232992441084926,0.937638950644731,0.963428190306803,0.9293019119608716,0.9565362383281458
Triangle104/Rocinante-Prism_V2.0,0.2321031569586482,0.6482881280569142,0.5077812361049355,0.7541129390840373,0.8294797687861272,0.5645842596709649
Triangle104/Rocinante-Prism_V2.1,0.2212094264117385,0.6389506447309915,0.512894619831036,0.7479991107158738,0.8523788350377945,0.5712538906180524
Triangle104/RomboHermes3-R1-Llama3.2-3b,0.276345042240996,0.285460204535349,0.4162961316140507,0.3861716318363717,0.2170964873277012,0.3512672298799466
Triangle104/Rombos-Novasky-7B_V1c,0.4132947976878612,0.3056914184081814,0.4299688750555802,0.5162294353045798,0.7705646954201868,0.2957981325033348
Triangle104/Set-70b,0.9211871943085816,0.987105380168964,0.8680524677634505,0.9986660738105824,0.9232992441084926,0.9813250333481548
Tsunami-th/Tsunami-0.5-7B-Instruct,0.8897287683414851,0.7387727879057359,0.9717652289906624,0.661849710982659,0.666073810582481,0.8173632725655847
Tsunami-th/Tsunami-0.5x-7B-Instruct,0.8432636727434415,0.7692307692307693,0.9158514895509116,0.7138728323699421,0.9135171187194308,0.8268119164072921
Tsunami-th/Tsunami-1.0-14B-Instruct,0.9468652734548688,0.8986216096042685,0.9399733214762116,0.8982881280569142,0.8567140951534015,0.9104046242774566
Tsunami-th/Tsunami-1.0-7B-Instruct,0.8737216540684749,0.7285460204535349,0.9240773677189862,0.6998666073810582,0.8394842152067585,0.8196976433970654
UCLA-AGI/Gemma-2-9B-It-SPPO-Iter1,0.2863494886616274,0.8092485549132948,0.4438639395286794,0.8304802134281903,0.5033348154735438,0.7083148065807026
UCLA-AGI/Gemma-2-9B-It-SPPO-Iter2,0.2883503779457537,0.812361049355269,0.4135171187194308,0.8231436193863939,0.5614717652289907,0.6910849266340596
UCLA-AGI/Gemma-2-9B-It-SPPO-Iter3,0.2952423299244108,0.8163628279235216,0.3798354824366385,0.8407069808803913,0.5931525122276567,0.6680746998666074
UCLA-AGI/Llama-3-Instruct-8B-SPPO-Iter1,0.8723877278790574,0.4984437527790128,0.5216763005780347,0.2218763895064473,0.095153401511783,0.6058248110271232
UCLA-AGI/Llama-3-Instruct-8B-SPPO-Iter2,0.8297020898176968,0.5120053357047577,0.4864384170742552,0.2130947087594486,0.0844819919964428,0.5950422409959982
UCLA-AGI/Llama-3-Instruct-8B-SPPO-Iter3,0.8119164072921299,0.5068919519786572,0.4614273010226767,0.1934192974655402,0.1469542018674966,0.5668074699866608
UCLA-AGI/Mistral7B-PairRM-SPPO,0.4635393508225878,0.3308136949755447,0.1947532236549577,0.3608270342374388,0.365051133837261,0.2745664739884393
UCLA-AGI/Mistral7B-PairRM-SPPO-Iter1,0.5993775011116051,0.3461538461538461,0.1644064028457092,0.3861716318363717,0.3937305469097377,0.2859048465984882
UCLA-AGI/Mistral7B-PairRM-SPPO-Iter2,0.4862160960426856,0.3377056469542018,0.151622943530458,0.4331925300133392,0.4839928857269898,0.2832369942196532
UCLA-AGI/Mistral7B-PairRM-SPPO-Iter3,0.4620942641173855,0.3250333481547354,0.1572921298354824,0.3030235660293464,0.463983992885727,0.2806803023566029
UKzExecution/LlamaExecutor-8B-3.0.5,0.8906180524677635,0.4637616718541574,0.4818808359270787,0.0852601156069364,0.2298799466429524,0.5596931969764339
Unbabel/TowerInstruct-Mistral-7B-v0.2,0.2570031124944419,0.2283236994219653,0.1438417074255224,0.0262338817252112,0.8461538461538461,0.2136505113383726
Undi95/MG-FinalMix-72B,0.9744330813694976,0.9893285904846598,0.8986216096042685,0.9614273010226768,0.96776345042241,0.9782125389061804
Undi95/Phi4-abliterated,0.7839039573143619,0.963983992885727,0.8739439751000445,0.8075811471765229,0.431191640729213,0.920964873277012
V3N0M/Jenna-Tiny-2.0,0.1664072921298355,0.0975989328590484,0.0885949310804802,0.0262338817252112,0.1066029346376167,0.0654735437972432
VAGOsolutions/Llama-3-SauerkrautLM-70b-Instruct,0.9781013783903956,0.9477545575811472,0.7618941751889728,0.7966874166296132,0.7463317029791018,0.9570920409070698
VAGOsolutions/Llama-3-SauerkrautLM-8b-Instruct,0.8962872387727879,0.453757225433526,0.3610493552690084,0.661849710982659,0.5893730546909738,0.6850822587816807
VAGOsolutions/Llama-3.1-SauerkrautLM-70b-Instruct,0.9991107158737216,0.9884393063583816,0.8729435304579813,0.848377056469542,0.9341929746554024,0.93552690084482
VAGOsolutions/Llama-3.1-SauerkrautLM-8b-Instruct,0.9752112049799913,0.5529124055135616,0.700533570475767,0.4504224099599822,0.6124944419742108,0.7007558915073366
VAGOsolutions/SauerkrautLM-1.5b,0.1817474433081369,0.2209871053801689,0.213428190306803,0.2584481991996443,0.2438861716318363,0.2259893285904846
VAGOsolutions/SauerkrautLM-7b-HerO,0.6396176078257003,0.4508670520231214,0.2275455758114717,0.276345042240996,0.3241440640284571,0.3801689639839928
VAGOsolutions/SauerkrautLM-7b-LaserChat,0.719875500222321,0.3474877723432636,0.4030680302356603,0.5656958648288128,0.4923299244108493,0.4629835482436638
VAGOsolutions/SauerkrautLM-Gemma-2b,0.1993108048021342,0.1900844819919964,0.1794130724766563,0.0914851044908848,0.1660738105824811,0.1229435304579813
VAGOsolutions/SauerkrautLM-Gemma-7b,0.3241440640284571,0.2767896843041352,0.3652734548688306,0.4105157847932414,0.1379502000889284,0.3527123165851489
VAGOsolutions/SauerkrautLM-Mixtral-8x7B-Instruct,0.6803023566029346,0.6669630947087595,0.469875500222321,0.5355713650511338,0.5918185860382392,0.5704757670075589
VAGOsolutions/SauerkrautLM-Nemo-12b-Instruct,0.7343263672743442,0.608048021342819,0.5506891951978657,0.6706313917296576,0.8795020008892841,0.4844375277901289
VAGOsolutions/SauerkrautLM-Phi-3-medium,0.4788795020008893,0.9081814139617608,0.638728323699422,0.8231436193863939,0.9592040907069808,0.8552690084481992
VAGOsolutions/SauerkrautLM-SOLAR-Instruct,0.5759226322810138,0.5884837705646955,0.3474877723432636,0.6229435304579813,0.397287683414851,0.4336371720764784
VAGOsolutions/SauerkrautLM-gemma-2-2b-it,0.0323477100933748,0.282792352156514,0.151622943530458,0.276345042240996,0.4230769230769231,0.2856825255669186
VAGOsolutions/SauerkrautLM-gemma-2-9b-it,0.2794575366829702,0.8239217429968875,0.4238550466874166,0.7922409959982214,0.6756336149399733,0.7454424188528235
VAGOsolutions/SauerkrautLM-v2-14b-DPO,0.8921742996887505,0.9375277901289462,0.8305913739439751,0.7479991107158738,0.7594486438417074,0.8869497554468653
VAGOsolutions/SauerkrautLM-v2-14b-SFT,0.8257003112494442,0.8590484659848822,0.8378168074699867,0.8269230769230769,0.5700311249444198,0.9025122276567364
VIRNECT/llama-3-Korean-8B,0.6019341929746554,0.4346376167185415,0.4534237438861716,0.2584481991996443,0.1571809693196976,0.5280124499777679
VIRNECT/llama-3-Korean-8B-r-v-0.1,0.5755891507336593,0.4008448199199644,0.4324144064028457,0.0262338817252112,0.1803023566029346,0.4495331258337038
ValiantLabs/Llama3-70B-Fireplace,0.9379724321920854,0.906402845709204,0.7354379724321921,0.8936193863939529,0.8686082703423744,0.8697198755002223
ValiantLabs/Llama3-70B-ShiningValiant2,0.7352156514006225,0.865051133837261,0.7220987105380169,0.8075811471765229,0.7514450867052023,0.869942196531792
ValiantLabs/Llama3.1-70B-ShiningValiant2,0.6411738550466874,0.9515340151178302,0.8105824811027124,0.9785460204535348,0.9115162294353044,0.8949533125833704
ValiantLabs/Llama3.1-8B-Cobalt,0.335482436638506,0.4361938639395287,0.566140506891952,0.6036016007114273,0.4862160960426856,0.5668074699866608
ValiantLabs/Llama3.1-8B-Enigma,0.2389951089373054,0.3283681636282792,0.4410849266340595,0.4259670964873277,0.5126722987994664,0.4904401956425078
ValiantLabs/Llama3.1-8B-Esper2,0.2234326367274344,0.3323699421965317,0.3261449533125833,0.276345042240996,0.2766785237883504,0.3350377945753668
ValiantLabs/Llama3.1-8B-Fireplace2,0.6631836371720765,0.3661627389951089,0.3235882614495331,0.4331925300133392,0.2158737216540684,0.2465540240106714
ValiantLabs/Llama3.1-8B-ShiningValiant2,0.7732325477990218,0.4106269453090262,0.3138061360604713,0.6791907514450867,0.348377056469542,0.4828812805691418
ValiantLabs/Llama3.2-3B-Enigma,0.2510004446420631,0.2145397954646509,0.2517785682525567,0.1567363272565584,0.3789461983103601,0.2496665184526456
ValiantLabs/Llama3.2-3B-Esper2,0.2458870609159626,0.2247665629168519,0.213428190306803,0.2485549132947976,0.2003112494441974,0.2329924410849266
ValiantLabs/Llama3.2-3B-ShiningValiant2,0.2329924410849266,0.2823477100933748,0.4187416629613161,0.3523788350377946,0.4162961316140507,0.3179190751445087
Vikhrmodels/Vikhr-Llama3.1-8B-Instruct-R-21-09-24,0.7685638061360605,0.6238328145842597,0.7415518008003558,0.0262338817252112,0.2505558025789239,0.5304579813250333
Vikhrmodels/Vikhr-Nemo-12B-Instruct-R-21-09-24,0.720987105380169,0.5695864828812806,0.6589595375722543,0.4605380168963984,0.4613161405068919,0.487105380168964
Weyaxi/Bagel-Hermes-2x34B,0.6547354379724322,0.4359715429079591,0.3318141396176078,0.7966874166296132,0.8363717207647844,0.8471542907959093
Weyaxi/Bagel-Hermes-34B-Slerp,0.5195642507781236,0.8101378390395731,0.3318141396176078,0.8231436193863939,0.87638950644731,0.8579368608270342
Weyaxi/Einstein-v4-7B,0.5422409959982214,0.2292129835482436,0.1337261004891062,0.3680524677634504,0.9248554913294798,0.2334370831480658
Weyaxi/Einstein-v6.1-Llama3-8B,0.5113383726100489,0.4953312583370386,0.3679413072476656,0.3680524677634504,0.5844819919964429,0.4132947976878612
Weyaxi/Einstein-v6.1-developed-by-Weyaxi-Llama3-8B,0.3921742996887505,0.5060026678523788,0.3828368163628279,0.2853490440195642,0.7393285904846598,0.3961760782570031
Weyaxi/Einstein-v7-Qwen2-7B,0.4155180080035571,0.6327256558470431,0.7086482881280569,0.5560248999555358,0.7714539795464651,0.7468875055580257
Weyaxi/Einstein-v8-Llama3.2-1B,0.1020453534904402,0.0540240106714095,0.0302356602934637,0.1066029346376167,0.1544019564250778,0.0745887060915962
Weyaxi/SauerkrautLM-UNA-SOLAR-Instruct,0.5125611382836817,0.587594486438417,0.262338817252112,0.6859715429079591,0.4168519341929746,0.4225211204979991
WizardLMTeam/WizardLM-13B-V1.0,0.1002667852378835,0.0236771898621609,0.0141173855046687,0.1186082703423744,0.1680746998666074,0.0795909293019119
WizardLMTeam/WizardLM-13B-V1.2,0.321476211649622,0.3445975989328591,0.1337261004891062,0.1459537572254335,0.7702312138728323,0.2590040017785682
WizardLMTeam/WizardLM-70B-V1.0,0.5827034237438862,0.7716763005780347,0.2275455758114717,0.203757225433526,0.772565584704313,0.4986660738105825
Wladastic/Mini-Think-Base-1B,0.678523788350378,0.1927523343708314,0.387616718541574,0.1740773677189862,0.1485104490884837,0.1923076923076923
Xclbr7/Arcanum-12b,0.2647843485993775,0.5904846598488217,0.5375722543352601,0.7541129390840373,0.7456647398843931,0.5437972432192085
Xclbr7/Hyena-12b,0.3235882614495331,0.691418408181414,0.5158959537572254,0.5355713650511338,0.5709204090706981,0.4963317029791018
Xclbr7/caliburn-12b,0.3430413517118719,0.720987105380169,0.512894619831036,0.8304802134281903,0.7587816807469987,0.5852601156069365
Xclbr7/caliburn-v2-12b,0.2712316585148955,0.5320142285460204,0.4906625166740773,0.7885726989773233,0.7743441529568698,0.6452867941307248
Xiaojian9992024/Llama3.2-1B-THREADRIPPER,0.67741218319253,0.1896398399288572,0.3902845709204091,0.1459537572254335,0.1050466874166296,0.1904179635393508
Xiaojian9992024/Llama3.2-1B-THREADRIPPER-v0.2,0.6336149399733215,0.1787461093819475,0.3571587372165407,0.203757225433526,0.2067585593597154,0.1880835927078701
Xiaojian9992024/Phi-4-Megatron-Empathetic,0.0035571365051133,0.94619831036016,0.7944642063139173,0.963428190306803,0.9855491329479767,0.8830591373943976
Xiaojian9992024/Phi-4-mini-UNOFFICAL,0.0304579813250333,0.036016007114273,0.0141173855046687,0.0262338817252112,0.0402401067140951,0.062361049355269
Xiaojian9992024/Qwen2.5-7B-MS-Destroyer,0.871498443752779,0.7245442418852823,0.94086260560249,0.6130502445531347,0.7012005335704757,0.8163628279235216
Xiaojian9992024/Qwen2.5-Dyanka-7B-Preview,0.9208537127612272,0.7552245442418852,0.9600933748332592,0.7323254779902179,0.8330369052912405,0.8011338372610048
Xiaojian9992024/Qwen2.5-Dyanka-7B-Preview-v0.2,0.7936860827034238,0.6796353935082259,0.9496442863494886,0.487105380168964,0.8314806580702534,0.798910626945309
Xiaojian9992024/Qwen2.5-THREADRIPPER-Medium-Censored,0.9842152067585592,0.8979546465095598,0.9844375277901288,0.8231436193863939,0.5431302801244998,0.8730546909737661
Xiaojian9992024/Qwen2.5-THREADRIPPER-Small,0.9284126278345932,0.7258781680746998,0.9504224099599822,0.6791907514450867,0.766118274788795,0.7923521565140063
Xiaojian9992024/Qwen2.5-THREADRIPPER-Small-AnniversaryEdition,0.8910626945309026,0.7118719430858159,0.9733214762116495,0.2312138728323699,0.2581147176522899,0.8101378390395731
Xiaojian9992024/Qwen2.5-Ultra-1.5B-25.02-Exp,0.4110715873721654,0.2574477545575811,0.4211871943085816,0.1066029346376167,0.0352378835037794,0.2777901289461983
Xiaojian9992024/Reflection-L3.2-JametMiniMix-3B,0.5224544241885283,0.3041351711871943,0.5375722543352601,0.4969986660738106,0.4012894619831036,0.3583815028901734
Xkev/Llama-3.2V-11B-cot,0.424188528234771,0.4604268563806136,0.6310582481102712,0.5068919519786572,0.5223432636727434,0.5440195642507781
YOYO-AI/Qwen2.5-14B-1M-YOYO-V3,0.9948866162738996,0.904846598488217,0.9851044908848378,0.8013561582925744,0.5742552245442419,0.9034015117830146
YOYO-AI/Qwen2.5-14B-YOYO-0505,0.7077590040017786,0.9258559359715428,0.9297465540240106,0.9319697643397066,0.9367496665184526,0.9438639395286794
YOYO-AI/Qwen2.5-14B-YOYO-0510-v2,0.714539795464651,0.9280791462872388,0.9305246776345042,0.9527567807914628,0.9319697643397066,0.9499777678968432
YOYO-AI/Qwen2.5-14B-YOYO-0805,0.7077590040017786,0.9258559359715428,0.9297465540240106,0.9319697643397066,0.9367496665184526,0.9438639395286794
YOYO-AI/Qwen2.5-14B-YOYO-1005,0.7178746109381947,0.9235215651400622,0.9354157403290352,0.9502000889284128,0.9284126278345932,0.951645175633615
YOYO-AI/Qwen2.5-14B-YOYO-1005-v2,0.7156514006224989,0.929079590929302,0.9297465540240106,0.9594264117385504,0.9266340595820364,0.9447532236549576
YOYO-AI/Qwen2.5-14B-YOYO-1010,0.7094264117385505,0.9224099599822144,0.9339706536238328,0.9573143619386394,0.9319697643397066,0.9470875944864384
YOYO-AI/Qwen2.5-14B-YOYO-1010-v2,0.714539795464651,0.9280791462872388,0.9305246776345042,0.9527567807914628,0.9319697643397066,0.9499777678968432
YOYO-AI/Qwen2.5-14B-YOYO-SCE,0.7049799911071587,0.9046242774566474,0.941974210760338,0.9347487772343264,0.9172965762561138,0.9499777678968432
YOYO-AI/Qwen2.5-14B-YOYO-V4,0.99466429524233,0.9092930191196088,0.9846598488216984,0.7655624722098711,0.5391285015562473,0.8939528679413072
YOYO-AI/Qwen2.5-14B-YOYO-V4-p1,0.988216985326812,0.921520675855936,0.9839928857269896,0.8628279235215651,0.6291685193419297,0.8783903957314362
YOYO-AI/Qwen2.5-14B-YOYO-V4-p2,0.978990662516674,0.8692752334370831,0.9763228101378392,0.7922409959982214,0.8463761671854158,0.8750555802578924
YOYO-AI/Qwen2.5-14B-YOYO-latest,0.7105380168963984,0.9479768786127168,0.9291907514450868,0.9552023121387284,0.9219653179190752,0.9438639395286794
YOYO-AI/Qwen2.5-14B-YOYO-latest-V2,0.9377501111605158,0.8721654068474878,0.9759893285904848,0.8909515340151178,0.7534459759893286,0.9050689195197864
YOYO-AI/Qwen2.5-14B-it-restore,0.9891062694530902,0.885504668741663,0.9861049355269008,0.8335927078701645,0.4857714539795464,0.870386838594931
YOYO-AI/Qwen2.5-7B-it-restore,0.9081814139617608,0.7067585593597154,0.9693196976433972,0.5744775455758114,0.3903957314361939,0.7770120053357048
YOYO-AI/Qwen2.5-Coder-14B-YOYO-1010,0.6371720764784349,0.8543797243219209,0.8335927078701645,0.8859493108048021,0.7583370386838595,0.7443308136949756
YOYO-AI/ZYH-LLM-Qwen2.5-14B,0.7136505113383727,0.9481991996442865,0.9108492663405958,0.963428190306803,0.9459759893285904,0.93808359270787
YOYO-AI/ZYH-LLM-Qwen2.5-14B-V2,0.605380168963984,0.8975100044464206,0.8577145397954646,0.9453090262338816,0.9081814139617608,0.9447532236549576
YOYO-AI/ZYH-LLM-Qwen2.5-14B-V3,0.9979991107158738,0.8821698532681191,0.9802134281903068,0.8140284570920409,0.436527345486883,0.868830591373944
YOYO-AI/ZYH-LLM-Qwen2.5-14B-V4,0.9939973321476212,0.922632281013784,0.9868830591373944,0.7138728323699421,0.8372610048910627,0.901622943530458
Yash21/TinyYi-7B-Test,0.1013783903957314,0.0277901289461983,0.0141173855046687,0.1836371720764784,0.1544019564250778,0.008559359715429
Youlln/1PARAMMYL-8B-ModelStock,0.6453979546465095,0.5851489550911516,0.618830591373944,0.7750111160515785,0.7829035126722989,0.7379946642952423
Youlln/2PRYMMAL-Yi1.5-6B-SLERP,0.2554468652734549,0.374166296131614,0.5158959537572254,0.6421742996887505,0.9030680302356604,0.4285237883503779
Youlln/3PRYMMAL-PHI3-3B-SLERP,0.3526011560693641,0.727434415295687,0.6589595375722543,0.7885726989773233,0.894619831036016,0.7383281458425968
Youlln/4PRYMMAL-GEMMA2-9B-SLERP,0.2434415295686972,0.8112494441974211,0.446754112939084,0.8075811471765229,0.8875055580257892,0.7644508670520231
Youlln/ECE-MIRAGE-1-12B,0.13172521120498,0.0407959092930191,0.0141173855046687,0.1740773677189862,0.1088261449533125,0.0222321031569586
Youlln/ECE-MIRAGE-1-15B,0.13172521120498,0.0407959092930191,0.0141173855046687,0.1740773677189862,0.1088261449533125,0.0222321031569586
Youlln/ECE-PRYMMAL-0.5B-FT-V3,0.0722543352601156,0.0735882614495331,0.0394619831036016,0.098377056469542,0.1544019564250778,0.0745887060915962
Youlln/ECE-PRYMMAL-0.5B-FT-V3-MUSR,0.0555802578923966,0.1027123165851489,0.1604046242774566,0.0262338817252112,0.1564028457092041,0.1734104046242774
Youlln/ECE-PRYMMAL-0.5B-FT-V4-MUSR,0.0226767452200978,0.0995998221431747,0.0885949310804802,0.2485549132947976,0.0588039128501556,0.1098265895953757
Youlln/ECE-PRYMMAL-0.5B-SLERP-V2,0.0678079146287238,0.0160071142730102,0.0302356602934637,0.2944642063139173,0.2622276567363272,0.0108937305469097
Youlln/ECE-PRYMMAL-0.5B-SLERP-V3,0.0768119164072921,0.0304579813250333,0.0141173855046687,0.0593597154290795,0.075255669186305,0.0062249888839484
Youlln/ECE-PRYMMAL-YL-1B-SLERP-V1,0.3054690973766118,0.2746776345042241,0.4959982214317474,0.4605380168963984,0.6194975544686527,0.3444864384170742
Youlln/ECE-PRYMMAL-YL-1B-SLERP-V2,0.3054690973766118,0.2746776345042241,0.4959982214317474,0.4605380168963984,0.6194975544686527,0.3444864384170742
Youlln/ECE-PRYMMAL-YL-7B-SLERP-V4,0.2092040907069808,0.2194308581591818,0.2991329479768786,0.1934192974655402,0.3309248554913295,0.223654957759004
Youlln/ECE-PRYMMAL0.5-FT,0.1004891062694531,0.1044908848377056,0.1572921298354824,0.0852601156069364,0.0528012449977767,0.12361049355269
Youlln/ECE-PRYMMAL0.5B-Youri,0.0453534904401956,0.0080035571365051,0.0141173855046687,0.0262338817252112,0.1980880391285015,0.0115606936416184
Youlln/ECE-PRYMMAL1B-FT-V1,0.1416184971098266,0.2454424188528234,0.3508225878168075,0.3351489550911516,0.1893063583815029,0.2972432192085371
Youlln/ECE-Qwen0.5B-FT-V2,0.2138728323699422,0.1674077367718986,0.1438417074255224,0.2130947087594486,0.0121164962205424,0.176856380613606
Youlln/ECE.EIFFEIL.ia-0.5B-SLERP,0.2218763895064473,0.1809693196976434,0.328479324144064,0.1934192974655402,0.0160071142730102,0.2076478434859937
YoungPanda/qwenqwen,0.0293463761671854,0.1771898621609604,0.2108714984437527,0.0262338817252112,0.1124944419742107,0.0824811027123165
Yuma42/KangalKhan-RawRuby-7B,0.6620720320142286,0.4126278345931525,0.3610493552690084,0.4259670964873277,0.3568252556691863,0.3708314806580702
Yuma42/Llama3.1-IgneousIguana-8B,0.9848821698532682,0.5944864384170743,0.7454424188528235,0.6791907514450867,0.6831925300133392,0.7314361938639395
Yuma42/Llama3.1-SuperHawk-8B,0.970987105380169,0.5933748332592264,0.7691196087149844,0.6998666073810582,0.5218986216096043,0.7238772787905736
Z1-Coder/Z1-Coder-7B,0.3001333926189417,0.4566473988439306,0.8347043130280124,0.276345042240996,0.127389951089373,0.6278345931525122
ZHLiu627/zephyr-7b-gemma-dpo-avg,0.2872387727879057,0.2761227212094264,0.2585593597154291,0.3351489550911516,0.4842152067585593,0.3221431747443308
ZHLiu627/zephyr-7b-gemma-rpo-avg,0.2761227212094264,0.2836816362827923,0.2794575366829702,0.3195864828812805,0.4682080924855491,0.3183637172076478
ZeroXClem/L3-Aspire-Heart-Matrix-8B,0.5653623832814584,0.6783014673188084,0.6799688750555802,0.7804579813250333,0.7203201422854602,0.6458425967096487
ZeroXClem/Llama-3.1-8B-AthenaSky-MegaMix,0.7525566918630503,0.5680302356602934,0.8028012449977768,0.3271453979546465,0.324699866607381,0.5157847932414407
ZeroXClem/Llama-3.1-8B-RainbowLight-EtherealMix,0.5860382392174299,0.5546909737661183,0.5473543797243219,0.4181858603823922,0.4895509115162294,0.5608048021342819
ZeroXClem/Llama-3.1-8B-SpecialTitanFusion,0.8903957314361939,0.6969764339706537,0.7675633614939973,0.5560248999555358,0.3497109826589595,0.5580257892396621
ZeroXClem/Llama-3.1-8B-SuperNova-EtherealHermes,0.8792796798577145,0.597821253890618,0.6637394397510005,0.4789906625166741,0.5920409070698088,0.6224988883948421
ZeroXClem/Llama-3.1-8B-SuperTulu-LexiNova,0.4255224544241885,0.5355713650511338,0.7820142285460204,0.4105157847932414,0.5851489550911516,0.4798799466429524
ZeroXClem/Qwen-2.5-Aether-SlerpFusion-7B,0.7479991107158738,0.733881725211205,0.7964650955980436,0.5455758114717653,0.5902623388172521,0.7834593152512228
ZeroXClem/Qwen2.5-7B-CelestialHarmony-1M,0.7140951534015118,0.6858603823921743,0.8513783903957315,0.7428857269897733,0.8670520231213873,0.8056914184081814
ZeroXClem/Qwen2.5-7B-HomerAnvita-NerdMix,0.9304135171187194,0.7541129390840373,0.8878390395731436,0.7479991107158738,0.7887950200088928,0.8210315695864829
ZeroXClem/Qwen2.5-7B-HomerCreative-Mix,0.948421520675856,0.7594486438417074,0.8603823921742997,0.5560248999555358,0.7576700755891508,0.8243663850600267
ZeroXClem/Qwen2.5-7B-Qandora-CySec,0.8045798132503335,0.7425522454424188,0.8130280124499778,0.5656958648288128,0.7401067140951534,0.8333703868385949
ZeusLabs/L3-Aethora-15B-V2,0.8601600711427301,0.4828812805691418,0.4135171187194308,0.4259670964873277,0.3010226767452201,0.5136727434415296
ZhangShenao/SELM-Llama-3-8B-Instruct-iter-3,0.8203646064917741,0.4862160960426856,0.4324144064028457,0.1066029346376167,0.2665629168519342,0.6448421520675856
aaditya/Llama3-OpenBioLLM-70B,0.9144064028457092,0.8708314806580703,0.7054246331702979,0.7700088928412628,0.7863494886616273,0.8681636282792352
abacusai/Dracarys-72B-Instruct,0.9522009782125388,0.9873277012005336,0.8977323254779902,0.9749888839484216,0.869386393952868,0.9829924410849268
abacusai/Liberated-Qwen1.5-14B,0.3499333036905291,0.4522009782125389,0.638728323699422,0.3861716318363717,0.5177856825255669,0.5183414851044909
abacusai/Llama-3-Smaug-8B,0.5695864828812806,0.4475322365495776,0.4299688750555802,0.0262338817252112,0.2478879502000889,0.4341929746554024
abacusai/Smaug-34B-v0.1,0.5931525122276567,0.6776345042240997,0.3828368163628279,0.8045798132503335,0.3835037794575366,0.8434859937750111
abacusai/Smaug-72B-v0.1,0.617163183637172,0.8228101378390396,0.6943085815918186,0.7750111160515785,0.7890173410404624,0.8504891062694531
abacusai/Smaug-Llama-3-70B-Instruct-32K,0.9350822587816808,0.8966207203201423,0.7974655402401067,0.5162294353045798,0.6794130724766563,0.8634948866162739
abacusai/Smaug-Mixtral-v0.1,0.6734104046242775,0.5911516229435304,0.45964873277012,0.5744775455758114,0.7152067585593597,0.4762116496220542
abacusai/Smaug-Qwen2-72B-Instruct,0.9458648288128056,0.9835482436638506,0.911738550466874,0.9079590929301912,0.8185860382392174,0.8988439306358381
abacusai/bigstral-12b-32k,0.4304135171187194,0.3926189417518897,0.1123832814584259,0.4789906625166741,0.8425967096487328,0.2777901289461983
abacusai/bigyi-15b,0.1340595820364606,0.2990217874610938,0.1877501111605158,0.6706313917296576,0.2110938194753223,0.3633837261004891
abhishek/autotrain-0tmgq-5tpbg,0.1138283681636282,0.0844819919964428,0.0141173855046687,0.0593597154290795,0.1616273899510893,0.068808359270787
abhishek/autotrain-llama3-70b-orpo-v1,0.4393063583815029,0.8070253445975989,0.0780346820809248,0.0262338817252112,0.1174966651845264,0.0353490440195642
abhishek/autotrain-llama3-70b-orpo-v2,0.6498443752779013,0.7899066251667408,0.7272120942641174,0.487105380168964,0.4943308136949755,0.8657180969319698
abhishek/autotrain-llama3-orpo-v2,0.4684304135171187,0.0871498443752779,0.265562472209871,0.2130947087594486,0.2508892841262783,0.2307692307692307
abhishek/autotrain-vr4a1-e5mms,0.1411738550466874,0.4657625611382837,0.6058248110271232,0.7479991107158738,0.4386393952867941,0.5797020898176968
abideen/MedPhi-4-14B-v1,0.749444197421076,0.9755446865273456,0.8130280124499778,0.8572698977323254,0.5535793686082704,0.9364161849710982
adamo1139/Yi-34B-200K-AEZAKMI-v2,0.5082258781680747,0.7112049799911072,0.3138061360604713,0.8140284570920409,0.3090262338817252,0.8392618941751889
adriszmar/QAIMath-Qwen2.5-7B-TIES,0.0850377945753668,0.1053801689639839,0.0141173855046687,0.0262338817252112,0.4437527790128946,0.0062249888839484
aevalone/distill_qw_test,0.8916184971098265,0.64517563361494,0.9536460649177412,0.5656958648288128,0.2905735882614495,0.7456647398843931
agentlans/Gemma2-9B-AdvancedFuse,0.0566918630502445,0.7943530457981325,0.477434415295687,0.8231436193863939,0.6480658070253446,0.7379946642952423
agentlans/Llama-3.2-1B-Instruct-CrashCourse12K,0.6487327701200534,0.1931969764339706,0.3798354824366385,0.0262338817252112,0.0332369942196531,0.1975322365495775
agentlans/Llama3.1-8B-drill,0.9225211204979992,0.4762116496220542,0.6589595375722543,0.2218763895064473,0.2328812805691418,0.6396176078257003
agentlans/Llama3.1-Daredevilish,0.7520008892841262,0.4895509115162294,0.5733659404179635,0.5744775455758114,0.6200533570475767,0.5987105380168964
agentlans/Llama3.1-Daredevilish-Instruct,0.9646509559804356,0.6029346376167185,0.6600711427301023,0.6421742996887505,0.3712761227212094,0.6953090262338817
agentlans/Llama3.1-LexiHermes-SuperStorm,0.9479768786127168,0.6184971098265896,0.641396176078257,0.7700088928412628,0.387616718541574,0.6790795909293019
agentlans/Llama3.1-SuperDeepFuse,0.9354157403290352,0.4902178746109382,0.6799688750555802,0.2944642063139173,0.2524455313472654,0.6386171631836371
agentlans/Llama3.1-SuperDeepFuse-CrashCourse12K,0.8557136505113384,0.5878168074699867,0.6758559359715429,0.6998666073810582,0.4162961316140507,0.5613606047132059
agentlans/Qwen2.5-0.5B-Instruct-CrashCourse-dropout,0.2692307692307692,0.1587372165406847,0.2433303690529124,0.1740773677189862,0.0266785237883503,0.1659626500666963
ahmeda335/13_outOf_32_pruned_layers_llama3.1-8b,0.0853712761227212,0.0104490884837705,0.0141173855046687,0.1186082703423744,0.2276567363272565,0.0465762561138283
ai21labs/Jamba-v0.1,0.1244997776789684,0.2043130280124499,0.117163183637172,0.2312138728323699,0.1787461093819475,0.2550022232103157
ai4bharat/Airavata,0.0093374833259226,0.2103156958648288,0.1296131614050689,0.2944642063139173,0.2003112494441974,0.1708537127612272
aixonlab/Aether-12b,0.1716318363717207,0.5382392174299688,0.4942196531791907,0.7256558470431302,0.3759448643841707,0.4906625166740773
aixonlab/Grey-12b,0.3977323254779902,0.7847932414406403,0.469875500222321,0.5656958648288128,0.853268119164073,0.6421742996887505
aixonlab/Zara-14b-v1.2,0.7427745664739884,0.8832814584259671,0.856491774121832,0.9527567807914628,0.8877278790573588,0.916184971098266
akhadangi/Llama3.2.1B.0.01-First,0.0142285460204535,0.0953757225433526,0.1296131614050689,0.0262338817252112,0.0723654957759004,0.0952645620275678
akhadangi/Llama3.2.1B.0.01-Last,0.0177856825255669,0.084926634059582,0.1003779457536682,0.0262338817252112,0.1011560693641618,0.1012672298799466
akhadangi/Llama3.2.1B.0.1-First,0.0186749666518452,0.0820364606491774,0.1477323254779902,0.0262338817252112,0.0528012449977767,0.0845931525122276
akhadangi/Llama3.2.1B.0.1-Last,0.0180080035571365,0.0838150289017341,0.1477323254779902,0.0262338817252112,0.0723654957759004,0.0895953757225433
akhadangi/Llama3.2.1B.BaseFiT,0.0166740773677189,0.0904846598488217,0.1604046242774566,0.0703646064917741,0.0723654957759004,0.0862605602489995
akjindal53244/Llama-3.1-Storm-8B,0.977434415295687,0.5771453979546465,0.6428412627834593,0.6706313917296576,0.4275233437083148,0.6601823032458871
alcholjung/llama3_medical_tuned,0.0028901734104046,0.3526011560693641,0.265562472209871,0.4105157847932414,0.8721654068474878,0.3471542907959093
allenai/Llama-3.1-Tulu-3-70B,0.9919964428634948,0.8554913294797688,0.9335260115606936,0.9319697643397066,0.9857714539795464,0.853268119164073
allenai/Llama-3.1-Tulu-3-70B-DPO,0.9917741218319251,0.853268119164073,0.9331925300133392,0.939195197865718,0.9831036016007114,0.851600711427301
allenai/Llama-3.1-Tulu-3-70B-SFT,0.979546465095598,0.8103601600711428,0.8395953757225434,0.8601600711427301,0.9911071587372166,0.8508225878168074
allenai/Llama-3.1-Tulu-3-8B,0.9909959982214316,0.2524455313472654,0.7042018674966651,0.5455758114717653,0.5276789684304135,0.3171409515340151
allenai/Llama-3.1-Tulu-3-8B-DPO,0.976878612716763,0.2614495331258337,0.7703423743886172,0.487105380168964,0.5313472654513117,0.3332592263228101
allenai/Llama-3.1-Tulu-3-8B-RM,0.0768119164072921,0.0433526011560693,0.0141173855046687,0.0914851044908848,0.2092040907069808,0.0043352601156069
allenai/Llama-3.1-Tulu-3-8B-SFT,0.890840373499333,0.2254335260115607,0.5324588706091596,0.3271453979546465,0.6502890173410405,0.312361049355269
allenai/OLMo-1.7-7B-hf,0.0606936416184971,0.0471320586927523,0.0364606491774121,0.0809248554913294,0.088150289017341,0.0389061805246776
allenai/OLMo-1B-hf,0.1469542018674966,0.0613606047132058,0.1258337038683859,0.1567363272565584,0.4684304135171187,0.0880391285015562
allenai/OLMo-2-1124-7B-Instruct,0.863939528679413,0.2483325922632281,0.618830591373944,0.3351489550911516,0.2315473543797243,0.2826811916407292
allenai/OLMo-7B-Instruct-hf,0.3331480658070253,0.2196531791907514,0.1003779457536682,0.2584481991996443,0.2140951534015117,0.1936416184971098
allenai/OLMo-7B-hf,0.2436638506002668,0.111827478879502,0.0885949310804802,0.276345042240996,0.0909293019119608,0.0871498443752779
allenai/OLMoE-1B-7B-0125-Instruct,0.8031347265451312,0.2258781680746998,0.4438639395286794,0.1330591373943975,0.1407292129835482,0.2093152512227656
allenai/OLMoE-1B-7B-0924,0.1479546465095598,0.1783014673188083,0.1219430858159181,0.0262338817252112,0.1706313917296576,0.1871943085815918
allenai/OLMoE-1B-7B-0924-Instruct,0.5331258337038683,0.2316585148955091,0.1794130724766563,0.2218763895064473,0.2921298354824366,0.2049799911071587
allknowingroger/Chocolatine-24B,0.1140506891951978,0.8588261449533126,0.0302356602934637,0.7851267229879947,0.7120942641173855,0.8455980435749222
allknowingroger/Gemma2Slerp1-2.6B,0.6409515340151178,0.29568697198755,0.4942196531791907,0.3861716318363717,0.869942196531792,0.2847932414406403
allknowingroger/Gemma2Slerp1-27B,0.8551578479324144,0.884393063583815,0.7871276122721209,0.91396176078257,0.9331925300133392,0.8261449533125834
allknowingroger/Gemma2Slerp2-2.6B,0.6945309026233881,0.2952423299244108,0.446754112939084,0.6229435304579813,0.8241440640284571,0.2861271676300578
allknowingroger/Gemma2Slerp2-27B,0.909737661182748,0.94086260560249,0.8018008003557137,0.9244108492663408,0.8743886171631836,0.8501556247220987
allknowingroger/Gemma2Slerp3-27B,0.893508225878168,0.9152956869719876,0.7967985771453979,0.8936193863939529,0.9270787016451756,0.8526011560693642
allknowingroger/Gemma2Slerp4-27B,0.9008448199199643,0.9350822587816808,0.7954646509559804,0.918297020898177,0.8194753223654958,0.8541574032903513
allknowingroger/GemmaSlerp-9B,0.8368163628279235,0.8068030235660294,0.7393285904846598,0.8572698977323254,0.8981769675411294,0.7565584704313028
allknowingroger/GemmaSlerp2-9B,0.8691640729212984,0.8165851489550912,0.7272120942641174,0.8859493108048021,0.938194753223655,0.7697865718096932
allknowingroger/GemmaSlerp4-10B,0.8765006669630947,0.8248110271231659,0.7553357047576701,0.8885060026678524,0.8319253001333926,0.7716763005780347
allknowingroger/GemmaSlerp5-10B,0.88172521120498,0.8272565584704313,0.7428857269897733,0.8859493108048021,0.8683859493108048,0.7839039573143619
allknowingroger/GemmaStock1-27B,0.9029568697198757,0.9388617163183636,0.7915740329035127,0.91396176078257,0.8471542907959093,0.8600489106269453
allknowingroger/HomerSlerp1-7B,0.5240106714095153,0.7418852823477101,0.7954646509559804,0.7379946642952423,0.7313250333481547,0.8370386838594931
allknowingroger/HomerSlerp2-7B,0.4931080480213428,0.7783459315251223,0.8165851489550912,0.7479991107158738,0.7064250778123611,0.8394842152067585
allknowingroger/HomerSlerp3-7B,0.4655402401067141,0.7687861271676301,0.8201422854602045,0.7323254779902179,0.7879057358826145,0.841929746554024
allknowingroger/HomerSlerp4-7B,0.4690973766118275,0.7601156069364162,0.8365940417963539,0.7479991107158738,0.7581147176522899,0.8308136949755447
allknowingroger/LimyQstar-7B-slerp,0.3350377945753668,0.5244553134726545,0.3708314806580702,0.5455758114717653,0.5105602489995553,0.4021787461093819
allknowingroger/Llama3.1-60B,0.0971542907959092,0.1711871943085816,0.0141173855046687,0.4969986660738106,0.0960426856380613,0.4648732770120053
allknowingroger/Marco-01-slerp1-7B,0.5351267229879947,0.740329035126723,0.8298132503334815,0.7323254779902179,0.7979101823032458,0.8329257447754558
allknowingroger/Meme-7B-slerp,0.6169408626056024,0.375277901289462,0.2517785682525567,0.4105157847932414,0.5097821253890618,0.3114717652289906
allknowingroger/Ministral-8B-slerp,0.114495331258337,0.3846153846153846,0.0420186749666518,0.6927523343708315,0.6780791462872388,0.408070253445976
allknowingroger/MistralPhi3-11B,0.1123832814584259,0.8606047132058693,0.0141173855046687,0.8140284570920409,0.6671854157403291,0.8572698977323254
allknowingroger/Mistralmash1-7B-s,0.3963983992885727,0.6556247220987106,0.451089373054691,0.4969986660738106,0.6361716318363717,0.4593152512227657
allknowingroger/Mistralmash2-7B-s,0.4159626500666963,0.6509559804357492,0.4089595375722543,0.5355713650511338,0.7523343708314807,0.4739884393063583
allknowingroger/MixTAO-19B-pass,0.3768341485104491,0.575811471765229,0.3361493997332148,0.3947309915518008,0.9479768786127168,0.4028457092040907
allknowingroger/MixTaoTruthful-13B-slerp,0.4219653179190751,0.625833703868386,0.3610493552690084,0.3947309915518008,0.706980880391285,0.4006224988883948
allknowingroger/MultiCalm-7B-slerp,0.3919519786571809,0.5713650511338373,0.3403734993330369,0.3765006669630947,0.7136505113383727,0.3753890618052468
allknowingroger/MultiMash-12B-slerp,0.3983992885726989,0.5920409070698088,0.4135171187194308,0.3195864828812805,0.8032458870609159,0.3889506447309915
allknowingroger/MultiMash10-13B-slerp,0.4251889728768341,0.6133837261004891,0.3828368163628279,0.4105157847932414,0.7138728323699421,0.4076256113828368
allknowingroger/MultiMash11-13B-slerp,0.4433081369497554,0.6196087149844375,0.3767229879946643,0.3765006669630947,0.769897732325478,0.394064028457092
allknowingroger/MultiMash2-12B-slerp,0.4444197421076034,0.5773677189862161,0.3508225878168075,0.3432636727434415,0.6347265451311694,0.3791685193419297
allknowingroger/MultiMash5-12B-slerp,0.4224099599822143,0.5891507336594042,0.3474877723432636,0.3271453979546465,0.6280569141840818,0.3722765673632726
allknowingroger/MultiMash6-12B-slerp,0.4524232992441085,0.6111605157847932,0.3855046687416629,0.2944642063139173,0.6867496665184526,0.3957314361938639
allknowingroger/MultiMash7-12B-slerp,0.4355269008448199,0.5644730991551801,0.3737216540684748,0.3351489550911516,0.6526233881725211,0.3728323699421965
allknowingroger/MultiMash8-13B-slerp,0.4556469542018675,0.605380168963984,0.40051133837261,0.4331925300133392,0.7932414406402846,0.4109604268563806
allknowingroger/MultiMash9-13B-slerp,0.4291907514450867,0.6187194308581592,0.4061805246776345,0.3523788350377946,0.7785682525566918,0.4006224988883948
allknowingroger/MultiMerge-7B-slerp,0.3949533125833704,0.5860382392174299,0.3610493552690084,0.3765006669630947,0.6740773677189862,0.3770564695420186
allknowingroger/Multimash3-12B-slerp,0.4846598488216985,0.601600711427301,0.344041796353935,0.3523788350377946,0.717207647843486,0.3889506447309915
allknowingroger/Multimerge-19B-pass,0.0907069808803912,0.0213428190306803,0.0141173855046687,0.1186082703423744,0.2123165851489551,0.0837038683859493
allknowingroger/MultiverseEx26-7B-slerp,0.3939528679413072,0.5804802134281903,0.3951756336149399,0.3765006669630947,0.6920853712761227,0.3763895064473099
allknowingroger/NeuralWestSeverus-7B-slerp,0.4212983548243664,0.6547354379724322,0.387616718541574,0.2584481991996443,0.8292574477545576,0.4155180080035571
allknowingroger/Neuralcoven-7B-slerp,0.3821698532681191,0.664517563361494,0.4061805246776345,0.4027345486883059,0.631169408626056,0.45964873277012
allknowingroger/Neuralmultiverse-7B-slerp,0.3701645175633615,0.5995998221431748,0.3543797243219208,0.3947309915518008,0.6925300133392619,0.3788350377945754
allknowingroger/Ph3della5-14B,0.5595820364606492,0.8848377056469542,0.667741218319253,0.8511560693641619,0.7870164517563362,0.8646064917741219
allknowingroger/Ph3merge-14B,0.2421076033792796,0.8939528679413072,0.0780346820809248,0.837149844375278,0.7334370831480658,0.8494886616273899
allknowingroger/Ph3merge2-14B,0.0808136949755446,0.203201422854602,0.0141173855046687,0.4605380168963984,0.3164739884393063,0.1858603823921743
allknowingroger/Ph3merge3-14B,0.0726989773232547,0.2023121387283237,0.0141173855046687,0.4027345486883059,0.4286349488661627,0.1737438861716318
allknowingroger/Ph3task1-14B,0.5387950200088928,0.8777234326367275,0.6512894619831036,0.878501556247221,0.8697198755002223,0.8606047132058693
allknowingroger/Ph3task2-14B,0.5426856380613606,0.8388172521120498,0.614495331258337,0.8075811471765229,0.8637172076478434,0.8271453979546465
allknowingroger/Ph3task3-14B,0.5841485104490884,0.8783903957314362,0.6659626500666963,0.848377056469542,0.8096931969764339,0.8641618497109826
allknowingroger/Ph3unsloth-3B-slerp,0.1069364161849711,0.7510004446420632,0.4791018230324588,0.7804579813250333,0.8301467318808359,0.6004891062694531
allknowingroger/Phi3mash1-17B-pass,0.1056024899955535,0.85482436638506,0.0141173855046687,0.7479991107158738,0.8056914184081814,0.8474877723432637
allknowingroger/Quen2-65B,0.0873721654068474,0.0033348154735437,0.0141173855046687,0.0262338817252112,0.0266785237883503,0.0264562027567807
allknowingroger/Qwen2.5-42B-AGI,0.108603823921743,0.0273454868830591,0.0141173855046687,0.1330591373943975,0.1030457981325033,0.0824811027123165
allknowingroger/Qwen2.5-7B-task2,0.5008892841262783,0.7714539795464651,0.858603823921743,0.7256558470431302,0.7190973766118275,0.8399288572698977
allknowingroger/Qwen2.5-7B-task3,0.6138283681636283,0.681191640729213,0.7891285015562473,0.7323254779902179,0.7064250778123611,0.8368163628279235
allknowingroger/Qwen2.5-7B-task4,0.5917074255224545,0.7645620275678079,0.8260337927967986,0.7541129390840373,0.7281013783903957,0.8450422409959982
allknowingroger/Qwen2.5-7B-task7,0.449977767896843,0.7712316585148955,0.3543797243219208,0.7541129390840373,0.7174299688750556,0.7525566918630503
allknowingroger/Qwen2.5-7B-task8,0.5282347710093375,0.7372165406847487,0.8554913294797688,0.7541129390840373,0.8254779902178746,0.821476211649622
allknowingroger/Qwen2.5-slerp-14B,0.578479324144064,0.9115162294353044,0.942530013339262,0.919853268119164,0.9337483325922632,0.94897732325478
allknowingroger/QwenSlerp12-7B,0.6056024899955536,0.7483325922632281,0.8149177412183193,0.7194308581591818,0.8514895509115162,0.8274788795020009
allknowingroger/QwenSlerp4-14B,0.7547799021787461,0.9028457092040908,0.8729435304579813,0.9298577145397956,0.8910626945309026,0.9809915518008004
allknowingroger/QwenSlerp5-14B,0.8457092040907069,0.8730546909737661,0.8603823921742997,0.9157403290351268,0.8961760782570031,0.955980435749222
allknowingroger/QwenSlerp6-14B,0.8163628279235216,0.8748332592263228,0.876834148510449,0.9319697643397066,0.9068474877723433,0.965540240106714
allknowingroger/QwenStock1-14B,0.6845264562027568,0.918185860382392,0.8813917296576256,0.9406402845709204,0.918852823477101,0.973654957759004
allknowingroger/QwenStock2-14B,0.6751889728768341,0.9304135171187194,0.8930635838150289,0.9453090262338816,0.9310804802134282,0.965540240106714
allknowingroger/QwenStock3-14B,0.6825255669186305,0.9297465540240106,0.882836816362828,0.9428634948866162,0.926856380613606,0.9785460204535348
allknowingroger/Qwenslerp2-14B,0.5922632281013784,0.924188528234771,0.9318586038239216,0.9217429968875056,0.921520675855936,0.9642063139172966
allknowingroger/Qwenslerp2-7B,0.6302801244997777,0.7701200533570476,0.8481547354379725,0.6998666073810582,0.7042018674966651,0.8397065362383281
allknowingroger/Qwenslerp3-14B,0.600044464206314,0.9119608714984436,0.9324144064028456,0.9371943085815918,0.9001778568252556,0.9586482881280568
allknowingroger/Qwenslerp3-7B,0.593597154290796,0.7665629168519342,0.8335927078701645,0.7804579813250333,0.8106936416184971,0.8431525122276567
allknowingroger/ROGERphi-7B-slerp,0.3823921742996887,0.631169408626056,0.387616718541574,0.4331925300133392,0.888728323699422,0.3820586927523344
allknowingroger/RogerMerge-7B-slerp,0.3928412627834593,0.5947087594486439,0.3708314806580702,0.3523788350377946,0.7114273010226767,0.3734993330369053
allknowingroger/Rombos-LLM-V2.5-Qwen-42b,0.1049355269008448,0.0411293908403735,0.0141173855046687,0.1656291685193419,0.1101600711427301,0.0824811027123165
allknowingroger/Strangecoven-7B-slerp,0.3670520231213873,0.6971987550022232,0.3979546465095598,0.44086260560249,0.5251222765673633,0.4791018230324588
allknowingroger/Weirdslerp2-25B,0.0869275233437083,0.0088928412627834,0.0141173855046687,0.0262338817252112,0.1787461093819475,0.0452423299244108
allknowingroger/WestlakeMaziyar-7B-slerp,0.5658070253445976,0.653179190751445,0.3610493552690084,0.6036016007114273,0.7925744775455759,0.3920631391729657
allknowingroger/YamMaths-7B-slerp,0.4232992441084927,0.6011560693641619,0.4299688750555802,0.3523788350377946,0.7423299244108492,0.4132947976878612
allknowingroger/Yi-1.5-34B,0.0712538906180524,0.0055580257892396,0.0141173855046687,0.1066029346376167,0.2723432636727434,0.0115606936416184
allknowingroger/Yi-blossom-40B,0.1213872832369942,0.1087149844375277,0.0141173855046687,0.2944642063139173,0.2556691863050244,0.0038906180524677
allknowingroger/Yibuddy-35B,0.4395286794130725,0.8196976433970654,0.6336149399733215,0.8959537572254336,0.8465984882169854,0.8338150289017341
allknowingroger/Yillama-40B,0.0792574477545575,0.2427745664739884,0.0141173855046687,0.3765006669630947,0.0723654957759004,0.2152067585593597
allknowingroger/Yislerp-34B,0.3584926634059582,0.859715429079591,0.7393285904846598,0.9020675855935972,0.8405958203646064,0.862383281458426
allknowingroger/Yislerp2-34B,0.401067140951534,0.8712761227212095,0.76345042240996,0.91396176078257,0.8421520675855936,0.8594931080480214
allknowingroger/Yunconglong-13B-slerp,0.4411960871498444,0.6013783903957315,0.3035793686082703,0.3608270342374388,0.5538016896398399,0.3766118274788795
allknowingroger/limyClown-7B-slerp,0.4035126722987994,0.5924855491329479,0.3708314806580702,0.3608270342374388,0.6829702089817696,0.3776122721209426
allknowingroger/llama3-Jallabi-40B-s,0.1099377501111605,0.1156069364161849,0.0141173855046687,0.0262338817252112,0.2003112494441974,0.0066696309470875
allknowingroger/llama3AnFeng-40B,0.0844819919964428,0.2147621164962205,0.0141173855046687,0.6321698532681191,0.3368163628279235,0.2147621164962205
allura-org/L3.1-8b-RP-Ink,0.943085815918186,0.4092930191196087,0.6172743441529569,0.1836371720764784,0.1138283681636282,0.4937750111160516
allura-org/MN-12b-RP-Ink,0.8551578479324144,0.416629613161405,0.5352378835037794,0.4027345486883059,0.324699866607381,0.5186749666518453
allura-org/MS-Meadowlark-22B,0.793019119608715,0.5284570920409071,0.6816362827923521,0.7851267229879947,0.2685638061360604,0.6659626500666963
allura-org/Mistral-Small-24b-Sertraline-0304,0.8081369497554469,0.9012894619831036,0.7525566918630503,0.8823921742996887,0.7445531347265452,0.885504668741663
allura-org/Mistral-Small-Sisyphus-24b-2503,0.8128056914184082,0.8630502445531347,0.7802356602934638,0.1656291685193419,0.3546020453534904,0.888728323699422
allura-org/MoE-Girl-1BA-7BT,0.2426634059582036,0.097821253890618,0.1123832814584259,0.1066029346376167,0.0588039128501556,0.0998221431747443
allura-org/TQ2.5-14B-Aletheia-v1,0.9078479324144064,0.9366385060026678,0.8460426856380614,0.9099599822143176,0.7963539350822588,0.908070253445976
allura-org/TQ2.5-14B-Neon-v1,0.8024677634504224,0.9286349488661628,0.8648288128056915,0.927967985771454,0.8839484215206759,0.9119608714984436
allura-org/Teleut-7b,0.7618941751889728,0.5477990217874611,0.7736771898621609,0.7885726989773233,0.891951978657181,0.7521120497999111
aloobun/Meta-Llama-3-7B-28Layers,0.115051133837261,0.3310360160071143,0.1794130724766563,0.4969986660738106,0.2819030680302357,0.4255224544241885
aloobun/d-SmolLM2-360M,0.1345042240995998,0.0949310804802134,0.094041796353935,0.0703646064917741,0.3627167630057804,0.0845931525122276
alpindale/WizardLM-2-8x22B,0.6282792352156514,0.8886171631836371,0.7802356602934638,0.9527567807914628,0.7945753668297021,0.8480435749221876
alpindale/magnum-72b-v1,0.916184971098266,0.9898843930635838,0.8992885726989773,0.9749888839484216,0.8358159181858604,0.9837705646954202
altomek/YiSM-34B-0rn,0.449421965317919,0.8557136505113384,0.7618941751889728,0.927967985771454,0.8020231213872833,0.857492218763895
amazon/MegaBeam-Mistral-7B-300k,0.6218319253001334,0.2885726989773232,0.1477323254779902,0.2853490440195642,0.3981769675411294,0.2616718541574033
amd/AMD-Llama-135m,0.0998221431747443,0.0369052912405513,0.0486883059137394,0.06447309915518,0.2421076033792796,0.0837038683859493
anakin87/gemma-2b-orpo,0.200533570475767,0.1747443308136949,0.1337261004891062,0.1567363272565584,0.2056469542018675,0.1082703423743886
anthracite-org/magnum-v1-72b,0.916184971098266,0.9898843930635838,0.8992885726989773,0.9749888839484216,0.8358159181858604,0.9844375277901288
anthracite-org/magnum-v2-12b,0.3694975544686527,0.4755446865273455,0.3035793686082703,0.4605380168963984,0.595153401511783,0.4278568252556692
anthracite-org/magnum-v2-72b,0.9119608714984436,0.9904401956425076,0.8577145397954646,0.963428190306803,0.7772343263672743,0.9829924410849268
anthracite-org/magnum-v2.5-12b-kto,0.3830591373943975,0.5035571365051134,0.2917963539350822,0.487105380168964,0.4971098265895953,0.4413072476656292
anthracite-org/magnum-v3-27b-kto,0.687638950644731,0.8012449977767897,0.6773010226767452,0.8959537572254336,0.4917741218319253,0.769341929746554
anthracite-org/magnum-v3-34b,0.6121609604268564,0.8463761671854158,0.7015340151178302,0.9065140062249888,0.3119164072921298,0.8627167630057804
anthracite-org/magnum-v3-9b-chatml,0.0306803023566029,0.7125389061805246,0.3737216540684748,0.8628279235215651,0.730102267674522,0.7704535349044019
anthracite-org/magnum-v3-9b-customgemma2,0.0302356602934637,0.6722987994664296,0.3828368163628279,0.8013561582925744,0.8139172965762561,0.7632281013783904
anthracite-org/magnum-v4-12b,0.3216985326811916,0.5357936860827034,0.5324588706091596,0.5162294353045798,0.5204535349044019,0.5508003557136505
anthracite-org/magnum-v4-22b,0.6839706536238328,0.7187638950644731,0.7098710538016897,0.7966874166296132,0.7409959982214317,0.6706313917296576
anthracite-org/magnum-v4-27b,0.3300355713650511,0.7992441084926634,0.6740773677189862,0.9244108492663408,0.7038683859493108,0.8011338372610048
anthracite-org/magnum-v4-9b,0.3361493997332148,0.6498443752779013,0.5791462872387728,0.8701645175633614,0.8370386838594931,0.7265451311694087
apple/DCLM-7B,0.1453979546465095,0.2954646509559804,0.2164295242329924,0.7194308581591818,0.3427078701645175,0.4058470431302801
appvoid/arco-2,0.1200533570475767,0.0802578923966207,0.1003779457536682,0.0262338817252112,0.2073143619386394,0.0286794130724766
appvoid/arco-2-instruct,0.1449533125833703,0.0782570031124944,0.094041796353935,0.0262338817252112,0.2073143619386394,0.0256780791462872
arcee-ai/Arcee-Blitz,0.6716318363717207,0.9341929746554024,0.8520453534904402,0.9614273010226768,0.9862160960426856,0.9986660738105824
arcee-ai/Arcee-Maestro-7B-Preview,0.2461093819475322,0.3897287683414851,0.9682080924855492,0.8140284570920409,0.3040240106714095,0.3782792352156514
arcee-ai/Arcee-Nova,0.9619831036016008,0.9862160960426856,0.926856380613606,0.9614273010226768,0.88172521120498,0.9822143174744332
arcee-ai/Arcee-Spark,0.6831925300133392,0.7663405958203646,0.8158070253445976,0.6421742996887505,0.4155180080035571,0.6655180080035571
arcee-ai/Llama-3.1-SuperNova-Lite,0.9752112049799913,0.5755891507336593,0.6799688750555802,0.6321698532681191,0.6253890618052468,0.6953090262338817
arcee-ai/Llama-Spark,0.9626500666963096,0.5080035571365051,0.6009337483325923,0.5560248999555358,0.1199421965317919,0.6106047132058693
arcee-ai/SuperNova-Medius,0.8546020453534905,0.8788350377945754,0.9474210760337928,0.8172521120497999,0.6700755891507336,0.8792796798577145
arcee-ai/Virtuoso-Lite,0.983881725211205,0.8332592263228101,0.7820142285460204,0.8572698977323254,0.889284126278346,0.8232547799021788
arcee-ai/Virtuoso-Small,0.965540240106714,0.9266340595820364,0.9079590929301912,0.8304802134281903,0.7907959092930191,0.8991774121831926
arcee-ai/Virtuoso-Small-v2,0.9915518008003558,0.9377501111605158,0.94619831036016,0.8885060026678524,0.7825700311249444,0.8986216096042685
arcee-ai/raspberry-3B,0.293574922187639,0.2923521565140062,0.4864384170742552,0.3271453979546465,0.4584259670964873,0.3233659404179635
argilla/notus-7b-v1,0.6071587372165407,0.3425967096487328,0.1976433970653623,0.44086260560249,0.312361049355269,0.3639395286794131
argilla/notux-8x7b-v1,0.6528457092040907,0.6947532236549577,0.4751000444642063,0.661849710982659,0.53223654957759,0.5750333481547354
argilla-warehouse/Llama-3.1-8B-MagPie-Ultra,0.6963094708759449,0.3554913294797688,0.40051133837261,0.2130947087594486,0.2089817696754113,0.4192974655402401
arisin/orca-platypus-13B-slerp,0.2379946642952423,0.3730546909737661,0.117163183637172,0.5455758114717653,0.6399510893730547,0.2701200533570476
arshiaafshani/Arsh-V1,0.7258781680746998,0.9608714984437527,0.7903512672298799,0.9319697643397066,0.9695420186749668,0.9132947976878611
asharsha30/LLAMA_Harsha_8_B_ORDP_10k,0.331702979101823,0.3968430413517119,0.3610493552690084,0.2853490440195642,0.3332592263228101,0.3114717652289906
ashercn97/a1-v0.0.1,0.1502890173410404,0.6278345931525122,0.7354379724321921,0.6859715429079591,0.4931080480213428,0.7574477545575812
ashercn97/a1-v002,0.2269897732325478,0.6571809693196976,0.7683414851044909,0.7428857269897733,0.5017785682525567,0.7590040017785683
assskelad/smollm2-360M-sft_SmallThoughts,0.1211649622054246,0.0818141396176078,0.1219430858159181,0.1186082703423744,0.0266785237883503,0.0910404624277456
athirdpath/Llama-3.1-Instruct_NSFW-pretrained_e1-plus_reddit,0.4997776789684304,0.4519786571809693,0.4818808359270787,0.4699866607381058,0.3939528679413072,0.5352378835037794
automerger/YamshadowExperiment28-7B,0.4106269453090262,0.5940417963539351,0.3361493997332148,0.4181858603823922,0.6969764339706537,0.3858381502890173
avemio/GRAG-NEMO-12B-ORPO-HESSIAN-AI,0.0008892841262783,0.0006669630947087,0.0141173855046687,0.1186082703423744,0.0909293019119608,0.0013339261894175
awnr/Mistral-7B-v0.1-signtensors-1-over-2,0.1465095598043574,0.3359270787016452,0.2050911516229435,0.6421742996887505,0.4255224544241885,0.3624944419742107
awnr/Mistral-7B-v0.1-signtensors-1-over-4,0.1396176078257003,0.1911960871498443,0.1644064028457092,0.2485549132947976,0.0969319697643397,0.237105380168964
awnr/Mistral-7B-v0.1-signtensors-3-over-8,0.1798577145397954,0.3061360604713206,0.2025344597598933,0.6036016007114273,0.2810137839039573,0.3630502445531347
awnr/Mistral-7B-v0.1-signtensors-5-over-16,0.1371720764784348,0.2647843485993775,0.1877501111605158,0.3608270342374388,0.2945753668297021,0.351600711427301
awnr/Mistral-7B-v0.1-signtensors-7-over-16,0.1638506002667852,0.3143619386393952,0.2232103156958648,0.6036016007114273,0.3727212094264117,0.3734993330369053
aws-prototyping/MegaBeam-Mistral-7B-512k,0.7180969319697643,0.2143174744330813,0.183303690529124,0.3765006669630947,0.410182303245887,0.2692307692307692
axolotl-ai-co/romulus-mistral-nemo-12b-simpo,0.7303245887060916,0.6903068030235661,0.5187861271676301,0.3351489550911516,0.7143174744330814,0.5040017785682526
baconnier/Napoleon_24B_V0.0,0.0947087594486438,0.8719430858159182,0.7605602489995553,0.9453090262338816,0.7541129390840373,0.879613161405069
baconnier/Napoleon_24B_V0.2,0.2147621164962205,0.8028012449977768,0.608603823921743,0.837149844375278,0.7770120053357048,0.7923521565140063
baebee/7B-Cetacea,0.629057358826145,0.3975100044464206,0.265562472209871,0.4105157847932414,0.4913294797687861,0.3500444642063139
baebee/mergekit-model_stock-nzjnheg,0.5664739884393064,0.6276122721209426,0.6525122276567363,0.3523788350377946,0.2895731436193864,0.5998221431747444
baebee/mergekit-ties-fnjenli,0.1188305913739439,0.051578479324144,0.0364606491774121,0.0262338817252112,0.3975100044464206,0.0465762561138283
bamec66557/MISCHIEVOUS-12B,0.3812805691418408,0.6700755891507336,0.5689195197865718,0.7541129390840373,0.5890395731436194,0.5831480658070254
bamec66557/MISCHIEVOUS-12B-Mix_0.1v,0.3506002667852378,0.6794130724766563,0.5868163628279235,0.7966874166296132,0.6151622943530458,0.5844819919964429
bamec66557/MISCHIEVOUS-12B-Mix_0.2v,0.3485993775011116,0.6831925300133392,0.5632503334815474,0.7851267229879947,0.6366162738995109,0.5763672743441529
bamec66557/MISCHIEVOUS-12B-Mix_0.3v,0.3837261004891062,0.6816362827923521,0.5890395731436194,0.7479991107158738,0.6026011560693642,0.5769230769230769
bamec66557/MISCHIEVOUS-12B-Mix_0.4v,0.7752334370831481,0.5393508225878169,0.5930413517118719,0.7323254779902179,0.646731880835927,0.5899288572698977
bamec66557/MISCHIEVOUS-12B-Mix_0.5v,0.3668297020898177,0.674744330813695,0.5961538461538461,0.7541129390840373,0.6151622943530458,0.5754779902178746
bamec66557/MISCHIEVOUS-12B-Mix_0.6v,0.4662072032014228,0.6934192974655402,0.5611382836816363,0.7966874166296132,0.675300133392619,0.5759226322810138
bamec66557/MISCHIEVOUS-12B-Mix_III_IV_V,0.4057358826144953,0.6985326811916407,0.5733659404179635,0.7541129390840373,0.675300133392619,0.5777012005335704
bamec66557/MISCHIEVOUS-12B-Mix_III_ex_V,0.4546465095598043,0.6996442863494886,0.5842596709648733,0.7541129390840373,0.7008670520231214,0.569364161849711
bamec66557/MISCHIEVOUS-12B-Mix_Neo,0.7474433081369497,0.5309026233881725,0.5868163628279235,0.7256558470431302,0.6227212094264117,0.5922632281013784
bamec66557/Mistral-Nemo-VICIOUS_MESH-12B-2407,0.7941307247665629,0.5665851489550912,0.5961538461538461,0.7194308581591818,0.786016007114273,0.5861493997332148
bamec66557/NameLess-12B-prob,0.782792352156514,0.5662516674077368,0.5632503334815474,0.7138728323699421,0.7999110715873722,0.5915962650066696
bamec66557/VICIOUS_MESH-12B,0.3628279235215651,0.6805246776345042,0.5911516229435304,0.7966874166296132,0.6151622943530458,0.5874833259226323
bamec66557/VICIOUS_MESH-12B-0.1v,0.3528234771009337,0.6729657625611383,0.5842596709648733,0.7804579813250333,0.5673632725655847,0.5899288572698977
bamec66557/VICIOUS_MESH-12B-0.X.ver,0.3710538016896398,0.6707425522454424,0.5409070698088039,0.7603379279679857,0.7078701645175633,0.5825922632281014
bamec66557/VICIOUS_MESH-12B-ALPHA,0.7601156069364162,0.5366829702089818,0.5961538461538461,0.706980880391285,0.6805246776345042,0.5987105380168964
bamec66557/VICIOUS_MESH-12B-BETA,0.7964650955980436,0.5665851489550912,0.5868163628279235,0.7256558470431302,0.786016007114273,0.5874833259226323
bamec66557/VICIOUS_MESH-12B-DELTA,0.769897732325478,0.5095598043574923,0.5981547354379725,0.6927523343708315,0.4755446865273455,0.5712538906180524
bamec66557/VICIOUS_MESH-12B-DIGAMMA,0.7682303245887061,0.5108937305469098,0.5890395731436194,0.6998666073810582,0.5246776345042241,0.5745887060915963
bamec66557/VICIOUS_MESH-12B-EPSILON,0.7530013339261894,0.5024455313472654,0.5632503334815474,0.7138728323699421,0.4786571809693197,0.5686971987550022
bamec66557/VICIOUS_MESH-12B-GAMMA,0.7598932859048466,0.5724766562916852,0.5791462872387728,0.706980880391285,0.8209204090706981,0.579035126722988
bamec66557/VICIOUS_MESH-12B-NEMO,0.4041796353935082,0.6823032458870609,0.566140506891952,0.7750111160515785,0.6898621609604269,0.6073810582481103
bamec66557/VICIOUS_MESH-12B-OMEGA,0.7934637616718542,0.5744775455758114,0.5911516229435304,0.7194308581591818,0.7947976878612717,0.5861493997332148
bamec66557/VICIOUS_MESH-12B-UNION,0.7678968430413518,0.5346820809248555,0.6009337483325923,0.6927523343708315,0.7418852823477101,0.5831480658070254
bamec66557/VICIOUS_MESH-12B_Razor,0.3652734548688306,0.6874166296131614,0.5762561138283682,0.7700088928412628,0.6151622943530458,0.58070253445976
bamec66557/mergekit-model_stock-zdaysvi,0.7676745220097821,0.5233437083148066,0.5930413517118719,0.706980880391285,0.578479324144064,0.5934859937750111
bamec66557/mergekit-ties-sinbkow,0.7687861271676301,0.539795464650956,0.6106047132058693,0.7479991107158738,0.5020008892841262,0.5501333926189418
belztjti/dffghgjh,0.6995331258337039,0.1969764339706536,0.1572921298354824,0.1740773677189862,0.0528012449977767,0.4924410849266341
belztjti/dtfgv,0.3154735437972432,0.1082703423743886,0.1296131614050689,0.2396620720320142,0.2503334815473543,0.1292796798577145
benhaotang/phi4-qwq-sky-t1,0.0075589150733659,0.9542018674966652,0.9092930191196088,0.9857714539795464,0.9697643397065362,0.909626500666963
beomi/gemma-mling-7b,0.1249444197421076,0.2665629168519342,0.3035793686082703,0.0262338817252112,0.3235882614495331,0.2770120053357047
beowolx/CodeNinja-1.0-OpenChat-7B,0.6575144508670521,0.3241440640284571,0.3652734548688306,0.4969986660738106,0.6141618497109826,0.3687194308581591
berkeley-nest/Starling-LM-7B-alpha,0.6622943530457981,0.3274788795020009,0.4238550466874166,0.5259004001778568,0.4650955980435749,0.4289684304135171
bfuzzy1/Gunny,0.8477100933748333,0.347265451311694,0.6616273899510894,0.3351489550911516,0.0860382392174299,0.377945753668297
bfuzzy1/acheron,0.1176078257003112,0.0760337927967985,0.1219430858159181,0.0262338817252112,0.1680746998666074,0.0122276567363272
bfuzzy1/acheron-c,0.110715873721654,0.0469097376611827,0.0394619831036016,0.0262338817252112,0.0588039128501556,0.0862605602489995
bfuzzy1/acheron-d,0.1104935526900844,0.0807025344597598,0.1123832814584259,0.0262338817252112,0.1680746998666074,0.0524677634504224
bfuzzy1/acheron-m,0.087594486438417,0.0253445975989328,0.0668074699866607,0.1330591373943975,0.0909293019119608,0.0256780791462872
bfuzzy1/acheron-m1a-llama,0.0217874610938194,0.0384615384615384,0.0582481102712316,0.1330591373943975,0.1184971098265895,0.0641396176078257
bfuzzy1/llambses-1,0.3412627834593152,0.5549132947976878,0.3708314806580702,0.5355713650511338,0.8288128056914184,0.4168519341929746
bhuvneshsaini/merged_model,0.0965984882169853,0.1669630947087594,0.0141173855046687,0.0262338817252112,0.2035349044019564,0.1220542463317029
bigcode/starcoder2-15b,0.2503334815473543,0.3050244553134726,0.328479324144064,0.2853490440195642,0.1379502000889284,0.2418852823477101
bigcode/starcoder2-3b,0.1260560248999555,0.187638950644731,0.1123832814584259,0.0262338817252112,0.0528012449977767,0.1714095153401511
bigcode/starcoder2-7b,0.1535126722987994,0.2089817696754113,0.1947532236549577,0.0593597154290795,0.2821253890618052,0.1729657625611382
bigscience/bloom-1b1,0.038128056914184,0.0798132503334815,0.0486883059137394,0.1186082703423744,0.1626278345931525,0.0202312138728323
bigscience/bloom-1b7,0.0194530902623388,0.087594486438417,0.0486883059137394,0.1066029346376167,0.3232547799021787,0.0056691863050244
bigscience/bloom-3b,0.0297910182303245,0.0695864828812805,0.0619164072921298,0.0262338817252112,0.3697198755002223,0.0513561582925744
bigscience/bloom-560m,0.0115606936416184,0.0509115162294353,0.0420186749666518,0.1567363272565584,0.3863939528679413,0.0782570031124944
bigscience/bloom-7b1,0.0331258337038683,0.0795909293019119,0.0486883059137394,0.1836371720764784,0.0810360160071142,0.0176745220097821
bluuwhale/L3-SthenoMaid-8B-V1,0.8803912850155625,0.610715873721654,0.4987772343263673,0.3523788350377946,0.2393285904846598,0.5731436193863939
bond005/meno-tiny-0.1,0.506447309915518,0.2943530457981325,0.6009337483325923,0.3680524677634504,0.4964428634948866,0.3065807025344597
bosonai/Higgs-Llama-3-70B,0.6745220097821254,0.8592707870164518,0.7813472654513117,0.918297020898177,0.8332592263228101,0.8708314806580703
braindao/DeepSeek-R1-Distill-Qwen-1.5B-Blunt,0.2316585148955091,0.0020008892841262,0.5994886616273899,0.0262338817252112,0.0993775011116051,0.0918185860382392
braindao/DeepSeek-R1-Distill-Qwen-1.5B-Reflective,0.2799021787461094,0.011783014673188,0.6443975100044464,0.1459537572254335,0.0160071142730102,0.0481325033348154
braindao/DeepSeek-R1-Distill-Qwen-14B,0.4273010226767452,0.0646954201867496,0.6659626500666963,0.3523788350377946,0.8365940417963539,0.0433526011560693
braindao/DeepSeek-R1-Distill-Qwen-14B-ABUB-ST,0.3679413072476656,0.4404179635393508,0.970431302801245,0.8601600711427301,0.6411738550466874,0.7708981769675411
braindao/DeepSeek-R1-Distill-Qwen-14B-Blunt,0.6816362827923521,0.1204979991107158,0.6459537572254336,0.5930413517118719,0.8728323699421965,0.1222765673632725
braindao/DeepSeek-R1-Distill-Qwen-14B-Blunt-Uncensored,0.6525122276567363,0.0915962650066696,0.6443975100044464,0.3765006669630947,0.8310360160071143,0.1213872832369942
braindao/DeepSeek-R1-Distill-Qwen-14B-Blunt-Uncensored-Blunt,0.6240551356158293,0.1029346376167185,0.7809026233881725,0.3351489550911516,0.8508225878168074,0.1250555802578924
braindao/DeepSeek-R1-Distill-Qwen-14B-Blunt-Uncensored-Blunt-Reflective,0.670964873277012,0.147843485993775,0.7710093374833259,0.3271453979546465,0.6431747443308137,0.1292796798577145
braindao/DeepSeek-R1-Distill-Qwen-14B-Blunt-Uncensored-Reflective,0.614495331258337,0.0444642063139172,0.6158292574477545,0.4259670964873277,0.791907514450867,0.1076033792796798
braindao/DeepSeek-R1-Distill-Qwen-14B-Reflective,0.4506447309915518,0.055357936860827,0.6958648288128056,0.276345042240996,0.8679413072476656,0.0473543797243219
braindao/DeepSeek-R1-Distill-Qwen-7B,0.3977323254779902,0.0184526456202756,0.6958648288128056,0.1567363272565584,0.2176522899066251,0.0589150733659404
braindao/DeepSeek-R1-Distill-Qwen-7B-Blunt,0.4450867052023121,0.0240106714095153,0.7354379724321921,0.2584481991996443,0.296798577145398,0.0845931525122276
braindao/DeepSeek-R1-Distill-Qwen-7B-ORPO-Uncensored,0.352156514006225,0.0464650955980435,0.6629613161405069,0.0703646064917741,0.2792352156514006,0.0513561582925744
braindao/DeepSeek-R1-Distill-Qwen-7B-Reflective,0.3905068919519786,0.0217874610938194,0.7136505113383727,0.0767007558915073,0.3094708759448644,0.0713650511338372
braindao/Qwen2.5-14B,0.6502890173410405,0.8036905291240551,0.8120275678079146,0.9319697643397066,0.5264562027567808,0.8692752334370831
braindao/Qwen2.5-14B-Instruct,0.985993775011116,0.8883948421520675,0.9911071587372166,0.8013561582925744,0.5371276122721209,0.8694975544686527
braindao/iq-code-evmind-0.5b,0.3005780346820809,0.0842596709648732,0.1604046242774566,0.0262338817252112,0.0332369942196531,0.0935971542907959
brgx53/3Bgeneral-ECE-PRYMMAL-Martial,0.3101378390395731,0.7567807914628724,0.581702979101823,0.7804579813250333,0.7896843041351712,0.7180969319697643
brgx53/3Bgeneralv2-ECE-PRYMMAL-Martial,0.6878612716763006,0.7677856825255669,0.8537127612272121,0.6859715429079591,0.7022009782125389,0.8374833259226323
brgx53/3Blareneg-ECE-PRYMMAL-Martial,0.2603379279679857,0.7165406847487772,0.5441307247665629,0.8231436193863939,0.8299244108492664,0.7399955535793686
brgx53/3Blarenegv2-ECE-PRYMMAL-Martial,0.6867496665184526,0.7677856825255669,0.8537127612272121,0.6859715429079591,0.7022009782125389,0.8374833259226323
brgx53/Barracuda-PRYMMAL-ECE-TW3,0.0715873721654068,0.0466874166296131,0.0364606491774121,0.0703646064917741,0.1207203201422854,0.0092263228101378
brgx53/LaConfiance-PRYMMAL-ECE-TW3,0.0638061360604713,0.0188972876834148,0.0141173855046687,0.0593597154290795,0.2843485993775011,0.0641396176078257
bunnycore/Best-Mix-Llama-3.1-8B,0.1309470875944864,0.1596265006669631,0.719875500222321,0.1934192974655402,0.0266785237883503,0.1461760782570031
bunnycore/Blabbertron-1.0,0.8941751889728768,0.7354379724321921,0.9632058692752334,0.5832592263228101,0.7447754557581148,0.7906847487772344
bunnycore/Blabbertron-1.1,0.8669408626056024,0.7550022232103157,0.9558692752334372,0.5930413517118719,0.7996887505558026,0.8208092485549133
bunnycore/CyberCore-Qwen-2.1-7B,0.6974210760337928,0.7636727434415296,0.8633837261004891,0.6528457092040907,0.4586482881280569,0.8238105824811027
bunnycore/DeepQwen-3B-LCoT-SCE,0.4944419742107603,0.3561582925744775,0.7776789684304135,0.1656291685193419,0.0723654957759004,0.4570920409070698
bunnycore/DeepSeek-R1-Distill-Qwen-7B-RRP-Ex,0.388172521120498,0.1805246776345042,0.6486216096042685,0.3351489550911516,0.1506224988883948,0.2581147176522899
bunnycore/DeepThinker-7B-Sce-v1,0.025789239662072,0.0380168963983992,0.0716985326811916,0.0593597154290795,0.5923743886171632,0.0371276122721209
bunnycore/DeepThinker-7B-Sce-v2,0.0695864828812805,0.0642507781236104,0.0839261894175188,0.1066029346376167,0.476878612716763,0.0641396176078257
bunnycore/FuseCyberMix-Qwen-2.5-7B-Instruct,0.8334815473543797,0.7463317029791018,0.9584259670964872,0.5259004001778568,0.4208537127612272,0.7863494886616273
bunnycore/FuseQwQen-7B,0.8681636282792352,0.7305469097376612,0.9255224544241886,0.4969986660738106,0.6478434859937751,0.8145842596709649
bunnycore/FwF-Qwen-7B-0.1,0.2756780791462872,0.5353490440195643,0.7991329479768786,0.2584481991996443,0.3438194753223655,0.7436638506002667
bunnycore/FwF-Qwen-7B-0.2,0.4911071587372165,0.7743441529568698,0.9197421076033792,0.4504224099599822,0.6710760337927968,0.8042463317029791
bunnycore/Gemma-2-2B-Smart,0.0323477100933748,0.2352156514006225,0.2025344597598933,0.3765006669630947,0.6676300578034682,0.249444197421076
bunnycore/Gemma2-9B-TitanFusion,0.0684748777234326,0.786571809693197,0.40051133837261,0.8140284570920409,0.5002223210315696,0.7284348599377501
bunnycore/HyperLlama-3.1-8B,0.9572032014228546,0.510226767452201,0.6799688750555802,0.4181858603823922,0.3723877278790574,0.6448421520675856
bunnycore/Llama-3.1-8B-TitanFusion-Mix,0.57792352156514,0.7883503779457537,0.5711427301022677,0.5068919519786572,0.6827478879502001,0.5972654513116941
bunnycore/Llama-3.1-8B-TitanFusion-v3,0.5609159626500667,0.5982658959537572,0.6071587372165407,0.661849710982659,0.6453979546465095,0.6559582036460649
bunnycore/Llama-3.2-3B-All-Mix,0.8614939973321476,0.3383726100489106,0.6206091596265007,0.1656291685193419,0.0969319697643397,0.4255224544241885
bunnycore/Llama-3.2-3B-Bespoke-Thought,0.4172965762561138,0.3385949310804802,0.647287683414851,0.203757225433526,0.1071587372165406,0.4054024010671409
bunnycore/Llama-3.2-3B-Booval,0.7887950200088928,0.338150289017341,0.566140506891952,0.2130947087594486,0.107492218763895,0.3848377056469542
bunnycore/Llama-3.2-3B-Deep-Test,0.0909293019119608,0.0395731436193863,0.0141173855046687,0.0593597154290795,0.1277234326367274,0.0007781236104935
bunnycore/Llama-3.2-3B-Della,0.3417074255224544,0.2092040907069808,0.1915295686971987,0.311805246776345,0.3385949310804802,0.2234326367274344
bunnycore/Llama-3.2-3B-Long-Think,0.661293908403735,0.3701645175633615,0.6126056024899955,0.1459537572254335,0.0342374388617163,0.3803912850155624
bunnycore/Llama-3.2-3B-Mix-Skill,0.7656736327256558,0.3606047132058693,0.6158292574477545,0.1567363272565584,0.1281680746998666,0.4087372165406847
bunnycore/Llama-3.2-3B-ProdigyPlus,0.4030680302356603,0.3079146287238772,0.5247887950200089,0.2312138728323699,0.1489550911516229,0.3140284570920409
bunnycore/Llama-3.2-3B-ProdigyPlusPlus,0.0726989773232547,0.2098710538016896,0.2585593597154291,0.0703646064917741,0.0692530013339261,0.1283903957314362
bunnycore/Llama-3.2-3B-RP-DeepThink,0.8501556247220987,0.3592707870164517,0.6400622498888395,0.203757225433526,0.0160071142730102,0.4464206313917296
bunnycore/Llama-3.2-3B-RRStock,0.7877945753668297,0.3621609604268563,0.654846598488217,0.203757225433526,0.065028901734104,0.4453090262338817
bunnycore/Llama-3.2-3B-ToxicKod,0.7542240995998222,0.3470431302801245,0.654846598488217,0.203757225433526,0.0528012449977767,0.3285904846598488
bunnycore/Llama-3.2-3b-RP-Toxic-Fuse,0.8116940862605603,0.3719430858159182,0.7732325477990218,0.3271453979546465,0.3683859493108048,0.4034015117830147
bunnycore/Maestro-S1k-7B-Sce,0.2123165851489551,0.0980435749221876,0.1794130724766563,0.1459537572254335,0.235993775011116,0.0852601156069364
bunnycore/Phi-3.5-mini-TitanFusion-0.1,0.6243886171631836,0.7163183637172077,0.5352378835037794,0.8106936416184971,0.8412627834593153,0.6566251667407736
bunnycore/Phi-4-Model-Stock,0.8180302356602934,0.9726545131169408,0.9224099599822144,0.8936193863939529,0.8156958648288128,0.9421965317919077
bunnycore/Phi-4-Model-Stock-v2,0.7614495331258337,0.966651845264562,0.8799466429524233,0.8743886171631836,0.890840373499333,0.9343041351711872
bunnycore/Phi-4-Model-Stock-v3,0.7108714984437527,0.9564250778123612,0.9620942641173856,0.44086260560249,0.5803690529124055,0.950978212538906
bunnycore/Phi-4-Model-Stock-v4,0.8447087594486439,0.9788795020008892,0.88706091596265,0.9229657625611384,0.884393063583815,0.958092485549133
bunnycore/Phi-4-RP-v0,0.8114717652289907,0.9679857714539796,0.8395953757225434,0.8859493108048021,0.5555802578923966,0.9410849266340596
bunnycore/Phi-4-RR-Shoup,0.7819030680302357,0.9819919964428636,0.9682080924855492,0.8335927078701645,0.8083592707870164,0.9788795020008892
bunnycore/Phi-4-RStock-v0.1,0.8332592263228101,0.9797687861271676,0.8962872387727879,0.9157403290351268,0.8668297020898177,0.9626500666963096
bunnycore/Phi-4-ReasoningRP,0.7987994664295243,0.9786571809693198,0.9384170742552246,0.8572698977323254,0.816140506891952,0.9755446865273456
bunnycore/Phi-4-Sce-exp-v0.1,0.7821253890618053,0.9813250333481548,0.9707647843485994,0.8269230769230769,0.8154735437972432,0.9771009337483326
bunnycore/Phi-4-Stock-Ex,0.7809026233881725,0.9710982658959536,0.9068474877723433,0.878501556247221,0.8872832369942196,0.9466429524232992
bunnycore/Phi-4-Stock-RP,0.7652289906625167,0.9713205869275232,0.847821253890618,0.9020675855935972,0.9126278345931526,0.9309693196976434
bunnycore/Phi-4-Trim-Exp1,0.0260115606936416,0.006447309915518,0.0486883059137394,0.0809248554913294,0.5346820809248555,0.0654735437972432
bunnycore/Phi-Seek-4-Sce-V1,0.2676745220097821,0.8995108937305469,0.7354379724321921,0.311805246776345,0.3763895064473099,0.8879502000889284
bunnycore/Qandora-2.5-7B-Creative,0.8083592707870164,0.7492218763895064,0.8228101378390396,0.6791907514450867,0.5540240106714095,0.8323699421965318
bunnycore/QandoraExp-7B,0.9029568697198757,0.7318808359270788,0.9508670520231214,0.6791907514450867,0.7269897732325478,0.8151400622498889
bunnycore/QandoraExp-7B-Persona,0.7469986660738106,0.7612272120942641,0.8253668297020899,0.7138728323699421,0.7374388617163183,0.8148065807025344
bunnycore/QandoraExp-7B-v2,0.6809693196976434,0.7023121387283237,0.9488661627389952,0.5930413517118719,0.449977767896843,0.7088706091596265
bunnycore/QwQen-3B-LCoT,0.7238772787905736,0.4677634504224099,0.8666073810582481,0.2130947087594486,0.548910626945309,0.5998221431747444
bunnycore/QwQen-3B-LCoT-R1,0.6385060026678524,0.4270787016451756,0.8433748332592264,0.1567363272565584,0.4996665184526456,0.6119386393952868
bunnycore/Qwen-2.5-7B-Deep-Sky-T1,0.4341929746554024,0.269897732325478,0.3073588261449533,0.3608270342374388,0.3870609159626501,0.2210982658959537
bunnycore/Qwen-2.5-7B-Deep-Stock-v1,0.6903068030235661,0.6702979101823032,0.791907514450867,0.3271453979546465,0.4955535793686083,0.7438861716318363
bunnycore/Qwen-2.5-7B-Deep-Stock-v4,0.9346376167185416,0.7307692307692307,0.9610938194753224,0.5656958648288128,0.5226767452200978,0.7870164517563362
bunnycore/Qwen-2.5-7B-Deep-Stock-v5,0.4976656291685193,0.3815028901734104,0.6158292574477545,0.2485549132947976,0.1527345486883059,0.3185860382392174
bunnycore/Qwen-2.5-7B-Exp-Sce,0.9225211204979992,0.7405513561582926,0.8353712761227212,0.5455758114717653,0.818808359270787,0.772565584704313
bunnycore/Qwen-2.5-7B-R1-Stock,0.9130724766562917,0.6983103601600712,0.9700978212538908,0.5560248999555358,0.3792796798577145,0.7779012894619831
bunnycore/Qwen-2.5-7B-Stock-Deep-Bespoke,0.6222765673632725,0.4577590040017785,0.6905291240551357,0.3608270342374388,0.4308581591818586,0.5406847487772344
bunnycore/Qwen-2.5-7b-S1k,0.8523788350377945,0.7576700755891508,0.9536460649177412,0.3947309915518008,0.4486438417074255,0.8042463317029791
bunnycore/Qwen2.5-1.5B-Model-Stock,0.0989328590484659,0.0068919519786571,0.0141173855046687,0.1186082703423744,0.1482881280569142,0.0151178301467318
bunnycore/Qwen2.5-3B-Model-Stock,0.7624499777678968,0.4032903512672299,0.8839484215206759,0.4331925300133392,0.3383726100489106,0.447865718096932
bunnycore/Qwen2.5-3B-Model-Stock-v2,0.7722321031569587,0.3950644730991551,0.8916184971098265,0.4181858603823922,0.3209204090706981,0.451089373054691
bunnycore/Qwen2.5-3B-Model-Stock-v3.1,0.7712316585148955,0.4130724766562917,0.8939528679413072,0.3947309915518008,0.3563806136060471,0.4570920409070698
bunnycore/Qwen2.5-3B-Model-Stock-v3.2,0.7586705202312138,0.4097376611827479,0.8799466429524233,0.3861716318363717,0.3282570031124944,0.45964873277012
bunnycore/Qwen2.5-3B-Model-Stock-v4.1,0.7624499777678968,0.4357492218763895,0.8813917296576256,0.3432636727434415,0.3353712761227212,0.4846598488216985
bunnycore/Qwen2.5-3B-RP-Mix,0.6927523343708315,0.4619831036016007,0.7379946642952423,0.2853490440195642,0.6887505558025789,0.6141618497109826
bunnycore/Qwen2.5-3B-RP-Thinker,0.7087594486438417,0.2610048910626945,0.8433748332592264,0.1836371720764784,0.0723654957759004,0.4211871943085816
bunnycore/Qwen2.5-3B-RP-Thinker-V2,0.7670075589150733,0.394619831036016,0.88706091596265,0.4027345486883059,0.3746109381947532,0.4514228546020453
bunnycore/Qwen2.5-7B-CyberRombos,0.9047354379724322,0.7292129835482437,0.9664295242329924,0.6130502445531347,0.5031124944419743,0.8092485549132948
bunnycore/Qwen2.5-7B-Fuse-Exp,0.6607381058248111,0.516674077367719,0.828479324144064,0.311805246776345,0.857492218763895,0.4640951534015118
bunnycore/Qwen2.5-7B-Instruct-Fusion,0.8270342374388617,0.7392174299688751,0.8470431302801245,0.6130502445531347,0.7125389061805246,0.829035126722988
bunnycore/Qwen2.5-7B-Instruct-Merge-Stock-v0.1,0.9029568697198757,0.7472209871053802,0.9610938194753224,0.6036016007114273,0.6271676300578035,0.8045798132503335
bunnycore/Qwen2.5-7B-MixStock-Sce-V0.3,0.138172521120498,0.1956425077812361,0.7863494886616273,0.098377056469542,0.17741218319253,0.1925300133392619
bunnycore/Qwen2.5-7B-MixStock-V0.1,0.9248554913294798,0.7287683414851045,0.831147176522899,0.5656958648288128,0.8070253445975989,0.7721209426411738
bunnycore/Qwen2.5-7B-R1-Bespoke-Stock,0.3643841707425522,0.4172965762561138,0.7183192530013339,0.3351489550911516,0.3297020898176968,0.5050022232103157
bunnycore/Qwen2.5-7B-R1-Bespoke-Task,0.3727212094264117,0.2701200533570476,0.6714095153401511,0.0703646064917741,0.0683637172076478,0.2845709204090706
bunnycore/Qwen2.5-7B-RRP-1M,0.8988439306358381,0.7214317474433082,0.8347043130280124,0.5930413517118719,0.8414851044908849,0.7737883503779458
bunnycore/Qwen2.5-7B-RRP-1M-Thinker,0.1660738105824811,0.1907514450867052,0.7954646509559804,0.098377056469542,0.2285460204535349,0.1919742107603379
bunnycore/Qwen2.5-7B-RRP-ID,0.8985104490884838,0.7374388617163183,0.9592040907069808,0.3765006669630947,0.5911516229435304,0.8066918630502445
bunnycore/Qwen2.5-7B-Sky-R1-Mini,0.1656291685193419,0.1871943085815918,0.1877501111605158,0.44086260560249,0.0402401067140951,0.1040462427745664
bunnycore/QwenMosaic-7B,0.7024232992441085,0.7592263228101378,0.9305246776345042,0.1459537572254335,0.5122276567363273,0.780124499777679
bunnycore/Smol-Llama-3.2-3B,0.7905735882614495,0.3488216985326812,0.5994886616273899,0.3195864828812805,0.1489550911516229,0.4433081369497554
bunnycore/SmolLM2-1.7-Persona,0.6602934637616719,0.2076478434859937,0.3138061360604713,0.1740773677189862,0.1427301022676745,0.2144286349488661
bunnycore/SmolLM2-1.7B-roleplay-lora,0.6466207203201423,0.2052023121387283,0.295131169408626,0.3030235660293464,0.1287238772787905,0.2133170297910182
bunnycore/Tulu-3.1-8B-SuperNova,0.9877723432636728,0.6162738995108937,0.7771231658514896,0.5832592263228101,0.4189639839928857,0.6616273899510894
byroneverson/Mistral-Small-Instruct-2409-abliterated,0.8281458425967096,0.5624722098710538,0.7786794130724767,0.8172521120497999,0.1680746998666074,0.713428190306803
byroneverson/Yi-1.5-9B-Chat-16K-abliterated,0.6694086260560249,0.6329479768786127,0.6058248110271232,0.6998666073810582,0.9435304579813252,0.6659626500666963
byroneverson/Yi-1.5-9B-Chat-abliterated,0.6929746554024011,0.6789684304135171,0.649955535793686,0.4699866607381058,0.7525566918630503,0.6066029346376167
c10x/Q-Pluse,0.0213428190306803,0.0173410404624277,0.0141173855046687,0.0262338817252112,0.3350377945753668,0.0532458870609159
c10x/longthinker,0.3477100933748333,0.4642063139172965,0.7660071142730103,0.1836371720764784,0.3179190751445087,0.5236771898621609
carsenk/flippa-v6,0.3278123610493553,0.5182303245887061,0.604268563806136,0.4789906625166741,0.5560248999555358,0.5801467318808359
carsenk/phi3.5_mini_exp_825_uncensored,0.0374610938194753,0.0142285460204535,0.0780346820809248,0.0262338817252112,0.1606269453090262,0.0884837705646954
cat-searcher/gemma-2-9b-it-sppo-iter-1,0.2783459315251222,0.8079146287238773,0.4211871943085816,0.8601600711427301,0.3370386838594931,0.6831925300133392
cat-searcher/gemma-2-9b-it-sppo-iter-1-evol-1,0.2685638061360604,0.8008003557136505,0.4299688750555802,0.8454868830591374,0.3250333481547354,0.6528457092040907
cckm/tinymistral_950m,0.1801911960871498,0.0331258337038683,0.0486883059137394,0.1330591373943975,0.0873721654068474,0.0122276567363272
cgato/TheSalt-L3-8b-v0.3.2,0.2426634059582036,0.041351711871943,0.2696754112939084,0.203757225433526,0.3019119608714984,0.0573588261449533
chargoddard/prometheus-2-llama-3-8b,0.629613161405069,0.4448643841707425,0.4187416629613161,0.276345042240996,0.0084481991996442,0.3943975100044464
chujiezheng/Llama-3-Instruct-8B-SimPO-ExPO,0.7690084481991997,0.4001778568252557,0.3767229879946643,0.4181858603823922,0.4655402401067141,0.4885504668741663
chujiezheng/Mistral7B-PairRM-SPPO-ExPO,0.3550466874166296,0.223654957759004,0.1296131614050689,0.3195864828812805,0.4184081814139617,0.2624499777678968
cjvt/GaMS-1B,0.0704757670075589,0.0773677189862161,0.1003779457536682,0.1066029346376167,0.1606269453090262,0.0671409515340151
cloudyu/Llama-3-70Bx2-MOE,0.6629613161405069,0.943085815918186,0.7415518008003558,0.980658070253446,0.9619831036016008,0.8901734104046243
cloudyu/Llama-3.2-3Bx4,0.604268563806136,0.2959092930191196,0.4959982214317474,0.3271453979546465,0.331702979101823,0.3579368608270342
cloudyu/Mixtral_11Bx2_MoE_19B,0.3810582481102712,0.6298354824366386,0.3652734548688306,0.4504224099599822,0.7385504668741663,0.4656514006224989
cloudyu/Mixtral_34Bx2_MoE_60B,0.5035571365051134,0.8030235660293463,0.40051133837261,0.837149844375278,0.8948421520675856,0.863939528679413
cloudyu/Mixtral_7Bx2_MoE,0.4914406402845709,0.6058248110271232,0.3708314806580702,0.6229435304579813,0.7976878612716763,0.3796131614050689
cloudyu/S1-Llama-3.2-3Bx4-MoE,0.631169408626056,0.3001333926189417,0.5409070698088039,0.487105380168964,0.2973543797243219,0.3796131614050689
cloudyu/Yi-34Bx2-MoE-60B-DPO,0.633837261004891,0.5629168519341929,0.3767229879946643,0.7655624722098711,0.7843485993775011,0.8563806136060471
cluebbers/Llama-3.1-8B-paraphrase-type-generation-apty-ipo,0.0337927967985771,0.2154290795909293,0.1644064028457092,0.1740773677189862,0.678523788350378,0.2696754112939084
cluebbers/Llama-3.1-8B-paraphrase-type-generation-apty-sigmoid,0.0319030680302356,0.2163183637172076,0.1716318363717207,0.2312138728323699,0.651622943530458,0.2646731880835927
cluebbers/Llama-3.1-8B-paraphrase-type-generation-etpc,0.0251222765673632,0.2158737216540684,0.1387283236994219,0.1934192974655402,0.6540684748777235,0.2633392618941751
cognitivecomputations/Dolphin3.0-Llama3.1-8B,0.918297020898177,0.4401956425077812,0.5529124055135616,0.3765006669630947,0.433303690529124,0.3597154290795909
cognitivecomputations/Dolphin3.0-Llama3.2-1B,0.6538461538461539,0.0922632281013784,0.1794130724766563,0.0262338817252112,0.0160071142730102,0.117163183637172
cognitivecomputations/Dolphin3.0-Qwen2.5-0.5B,0.5393508225878169,0.1038239217429968,0.2881280569141841,0.0262338817252112,0.0834815473543797,0.1192752334370831
cognitivecomputations/Dolphin3.0-R1-Mistral-24B,0.4104046242774566,0.6631836371720765,0.8267007558915074,0.4969986660738106,0.3399288572698977,0.3657180969319697
cognitivecomputations/dolphin-2.9-llama3-8b,0.3808359270787016,0.4470875944864384,0.3190306803023566,0.4181858603823922,0.759670964873277,0.3029124055135616
cognitivecomputations/dolphin-2.9.1-llama-3-70b,0.3692752334370831,0.5560248999555358,0.6784126278345931,0.661849710982659,0.9842152067585592,0.7517785682525567
cognitivecomputations/dolphin-2.9.1-yi-1.5-34b,0.3815028901734104,0.8421520675855936,0.6868608270342375,0.8538239217429969,0.8748332592263228,0.8401511783014673
cognitivecomputations/dolphin-2.9.1-yi-1.5-9b,0.4895509115162294,0.7249888839484215,0.622610048910627,0.837149844375278,0.7452200978212539,0.730102267674522
cognitivecomputations/dolphin-2.9.2-Phi-3-Medium,0.4421965317919075,0.9104046242774566,0.6799688750555802,0.7922409959982214,0.5995998221431748,0.844597598932859
cognitivecomputations/dolphin-2.9.2-Phi-3-Medium-abliterated,0.3481547354379724,0.855935971542908,0.5556914184081814,0.7966874166296132,0.5207870164517563,0.8357047576700756
cognitivecomputations/dolphin-2.9.2-qwen2-72b,0.757003112494442,0.8750555802578924,0.8035793686082704,0.9244108492663408,0.876834148510449,0.9839928857269896
cognitivecomputations/dolphin-2.9.2-qwen2-7b,0.3405958203646065,0.4486438417074255,0.5911516229435304,0.4504224099599822,0.6242774566473989,0.7424410849266341
cognitivecomputations/dolphin-2.9.3-Yi-1.5-34B-32k,0.3508225878168075,0.8257003112494442,0.6512894619831036,0.8538239217429969,0.7377723432636727,0.851044908848377
cognitivecomputations/dolphin-2.9.3-mistral-7B-32k,0.4199644286349488,0.424188528234771,0.2833481547354379,0.4027345486883059,0.8992885726989773,0.3154735437972432
cognitivecomputations/dolphin-2.9.3-mistral-nemo-12b,0.6800800355713651,0.7369942196531792,0.3902845709204091,0.7194308581591818,0.8209204090706981,0.4817696754112939
cognitivecomputations/dolphin-2.9.4-gemma2-2b,0.0171187194308581,0.2601156069364161,0.2765673632725656,0.3947309915518008,0.5598043574922188,0.2214317474433081
cognitivecomputations/dolphin-2.9.4-llama3.1-8b,0.2469986660738105,0.1880835927078701,0.0885949310804802,0.1740773677189862,0.0045575811471765,0.1022676745220097
collaiborateorg/Collaiborator-MEDLLM-Llama-3-8B-v2,0.3761671854157403,0.3577145397954646,0.3138061360604713,0.8172521120497999,0.065028901734104,0.5085593597154291
cpayne1303/cp2024,0.0743663850600266,0.0462427745664739,0.0486883059137394,0.0852601156069364,0.0020008892841262,0.0160071142730102
cpayne1303/cp2024-instruct,0.0808136949755446,0.0362383281458425,0.0141173855046687,0.1330591373943975,0.1500666963094708,0.0810360160071142
cpayne1303/llama-43m-beta,0.1093819475322365,0.0364606491774121,0.0141173855046687,0.2312138728323699,0.296798577145398,0.0503557136505113
cpayne1303/smallcp2024,0.06447309915518,0.0584704313028012,0.0486883059137394,0.0262338817252112,0.0031124944419742,0.0264562027567807
crestf411/MN-Slush,0.4119608714984437,0.646731880835927,0.566140506891952,0.7750111160515785,0.4084037349933304,0.5172298799466429
cstr/llama3.1-8b-spaetzle-v90,0.8819475322365495,0.6287238772787905,0.619942196531792,0.3765006669630947,0.5781458425967096,0.6152734548688306
cyberagent/calm3-22b-chat,0.609159626500667,0.4993330369052912,0.3737216540684748,0.3195864828812805,0.8501556247220987,0.3484882169853268
darkc0de/BuddyGlassNeverSleeps,0.4404179635393508,0.4662072032014228,0.344041796353935,0.4969986660738106,0.4172965762561138,0.5
darkc0de/BuddyGlassUncensored2025.2,0.9328590484659848,0.8277012005335704,0.7732325477990218,0.7966874166296132,0.457536682970209,0.7859048465984882
darkc0de/BuddyGlass_v0.3_Xortron7MethedUpSwitchedUp,0.463983992885727,0.5898176967541129,0.5711427301022677,0.5455758114717653,0.4643174744330813,0.5838150289017341
databricks/dbrx-base,0.0144508670520231,0.6202756780791463,0.4766562916851934,0.7903512672298799,0.4535349044019564,0.5140062249888839
databricks/dbrx-instruct,0.6515117830146732,0.7325477990217875,0.3708314806580702,0.848377056469542,0.6651845264562027,0.5899288572698977
databricks/dolly-v1-6b,0.1551800800355713,0.0960426856380613,0.1337261004891062,0.1836371720764784,0.3821698532681191,0.1049355269008448
databricks/dolly-v2-12b,0.1729657625611382,0.1269453090262338,0.1003779457536682,0.0262338817252112,0.2673410404624277,0.0465762561138283
databricks/dolly-v2-3b,0.156958648288128,0.0671409515340151,0.1123832814584259,0.1459537572254335,0.1544019564250778,0.0631391729657625
databricks/dolly-v2-7b,0.1217207647843486,0.1069364161849711,0.1070475767007558,0.2312138728323699,0.1293908403734993,0.0679190751445086
davidkim205/Rhea-72b-v0.5,0.0033348154735437,0.074699866607381,0.6629613161405069,0.06447309915518,0.5914851044908849,0.0795909293019119
davidkim205/nox-solar-10.7b-v4,0.368830591373944,0.4170742552245442,0.0619164072921298,0.6421742996887505,0.6891951978657181,0.4695420186749666
deepseek-ai/DeepSeek-R1-Distill-Llama-70B,0.4598710538016896,0.7267674522009782,0.8234771009337484,0.1934192974655402,0.7329924410849267,0.8617163183637172
deepseek-ai/DeepSeek-R1-Distill-Llama-8B,0.371498443752779,0.1062694530902623,0.7454424188528235,0.0809248554913294,0.0020008892841262,0.2205424633170297
deepseek-ai/DeepSeek-R1-Distill-Qwen-1.5B,0.3314806580702534,0.0933748332592263,0.6537349933303691,0.0852601156069364,0.1395064473099155,0.0930413517118719
deepseek-ai/DeepSeek-R1-Distill-Qwen-14B,0.4716540684748777,0.7961316140506892,0.99466429524233,0.968319253001334,0.9975544686527346,0.8557136505113384
deepseek-ai/DeepSeek-R1-Distill-Qwen-32B,0.4288572698977323,0.2583370386838595,0.6569586482881281,0.3947309915518008,0.8517118719430858,0.8570475767007559
deepseek-ai/DeepSeek-R1-Distill-Qwen-7B,0.4071809693196976,0.1726322810137839,0.7028679413072476,0.3432636727434415,0.1694086260560249,0.2381058248110271
deepseek-ai/deepseek-llm-67b-chat,0.6783014673188084,0.6480658070253446,0.4534237438861716,0.7256558470431302,0.9868830591373944,0.7234326367274344
deepseek-ai/deepseek-llm-7b-base,0.1462872387727879,0.1976433970653623,0.1387283236994219,0.2853490440195642,0.1820809248554913,0.1965317919075144
deepseek-ai/deepseek-llm-7b-chat,0.4270787016451756,0.2080924855491329,0.1438417074255224,0.203757225433526,0.9299688750555802,0.2238772787905736
deepseek-ai/deepseek-moe-16b-base,0.1914184081814139,0.1794130724766563,0.1604046242774566,0.0767007558915073,0.1587372165406847,0.1297243219208537
deepseek-ai/deepseek-moe-16b-chat,0.3534904401956425,0.1360604713205869,0.1678523788350377,0.0262338817252112,0.2583370386838595,0.2129835482436638
dfurman/CalmeRys-78B-Orpo-v0.1,0.9873277012005336,0.9971098265895952,0.9042907959092932,0.9906625166740772,0.998888394842152,0.9993330369052912
dfurman/Llama-3-70B-Orpo-v0.1,0.1287238772787905,0.3670520231213873,0.6346153846153846,0.098377056469542,0.8534904401956425,0.7019786571809693
dfurman/Llama-3-8B-Orpo-v0.1,0.2560026678523788,0.2238772787905736,0.2917963539350822,0.1459537572254335,0.1011560693641618,0.2361049355269008
dfurman/Qwen2-72B-Orpo-v0.1,0.9562027567807916,0.9888839484215208,0.903846153846154,0.9594264117385504,0.9622054246331704,0.9826589595375722
dicta-il/dictalm2.0,0.1841929746554024,0.2501111605157848,0.1296131614050689,0.4699866607381058,0.2676745220097821,0.272565584704313
dicta-il/dictalm2.0-instruct,0.4797687861271676,0.2950200088928412,0.154846598488217,0.5930413517118719,0.4781013783903957,0.272565584704313
distilbert/distilgpt2,0.0113383726100489,0.048910626945309,0.0520231213872832,0.1186082703423744,0.5787016451756336,0.0930413517118719
divyanshukunwar/SASTRI_1_9B,0.4339706536238328,0.3559359715429079,0.5247887950200089,0.7603379279679857,0.2700088928412628,0.4347487772343263
djuna/G2-BigGSHT-27B-2,0.969875500222321,0.8930635838150289,0.7691196087149844,0.9121831925300132,0.4933303690529124,0.8414851044908849
djuna/G2-GSHT,0.6843041351711872,0.552690084481992,0.6979768786127167,0.7851267229879947,0.3855046687416629,0.3903957314361939
djuna/Gemma-2-gemmama-9b,0.9295242329924412,0.6358381502890174,0.6979768786127167,0.8269230769230769,0.406958648288128,0.4049577590040017
djuna/L3.1-ForStHS,0.9434192974655402,0.5684748777234326,0.6206091596265007,0.4605380168963984,0.4751000444642063,0.6180524677634505
djuna/L3.1-Promissum_Mane-8B-Della-1.5-calc,0.86293908403735,0.7000889284126278,0.6459537572254336,0.7138728323699421,0.7163183637172077,0.7070920409070698
djuna/L3.1-Promissum_Mane-8B-Della-calc,0.6567363272565585,0.7192085371276122,0.6826367274344153,0.5560248999555358,0.7032014228546021,0.6541796353935082
djuna/L3.1-Purosani-2-8B,0.5893730546909738,0.5686971987550022,0.5296798577145398,0.5744775455758114,0.3945086705202312,0.6242774566473989
djuna/L3.1-Suze-Vume-calc,0.8721654068474878,0.5582481102712317,0.5187861271676301,0.3680524677634504,0.3945086705202312,0.5191196087149844
djuna/MN-Chinofun,0.733881725211205,0.466651845264562,0.5791462872387728,0.5162294353045798,0.5218986216096043,0.5501333926189418
djuna/MN-Chinofun-12B-2,0.7405513561582926,0.4995553579368608,0.5791462872387728,0.6229435304579813,0.7381058248110272,0.5560248999555358
djuna/MN-Chinofun-12B-3,0.2825700311249444,0.6760782570031125,0.477434415295687,0.203757225433526,0.5594708759448643,0.3719430858159182
djuna/MN-Chinofun-12B-4,0.6493997332147621,0.6745220097821254,0.5101156069364162,0.5068919519786572,0.7298799466429524,0.512894619831036
djuna/Q2.5-Partron-7B,0.875277901289462,0.7109826589595376,0.957425522454424,0.5355713650511338,0.5700311249444198,0.7760115606936416
djuna/Q2.5-Veltha-14B,0.9923299244108492,0.9108492663405958,0.95431302801245,0.9039573143619386,0.6694086260560249,0.926856380613606
djuna/Q2.5-Veltha-14B-0.5,0.9413072476656292,0.92463317029791,0.9260782570031124,0.9217429968875056,0.7765673632725656,0.9256336149399732
djuna-test-lab/TEST-L3.2-ReWish-3B,0.7603379279679857,0.3302578923966207,0.5961538461538461,0.3861716318363717,0.3712761227212094,0.4109604268563806
djuna-test-lab/TEST-L3.2-ReWish-3B-ties-w-base,0.7582258781680747,0.3302578923966207,0.5961538461538461,0.3861716318363717,0.3712761227212094,0.4109604268563806
dnhkng/RYS-Medium,0.4771009337483325,0.8757225433526011,0.4987772343263673,0.7966874166296132,0.4226322810137839,0.7830146731880836
dnhkng/RYS-Llama-3-8B-Instruct,0.8264784348599378,0.3892841262783459,0.3708314806580702,0.098377056469542,0.0005558025789239,0.5332369942196532
dnhkng/RYS-Llama-3-Huge-Instruct,0.9278568252556691,0.8968430413517119,0.7627834593152513,0.1459537572254335,0.6433970653623833,0.8857269897732325
dnhkng/RYS-Llama-3-Large-Instruct,0.979546465095598,0.9088483770564696,0.7642285460204535,0.44086260560249,0.6033792796798577,0.8897287683414851
dnhkng/RYS-Llama-3.1-8B-Instruct,0.9273010226767452,0.5551356158292574,0.5868163628279235,0.2218763895064473,0.3577145397954646,0.5641396176078257
dnhkng/RYS-Llama3.1-Large,0.9975544686527346,0.9737661182747888,0.8543797243219209,0.9347487772343264,0.877945753668297,0.9104046242774566
dnhkng/RYS-Phi-3-medium-4k-instruct,0.47309915518008,0.8666073810582481,0.6400622498888395,0.8936193863939529,0.5735882614495331,0.8666073810582481
dnhkng/RYS-XLarge,0.972543352601156,0.9931080480213428,0.9191863050244552,0.9594264117385504,0.9853268119164073,0.9785460204535348
dnhkng/RYS-XLarge-base,0.96242774566474,0.9928857269897732,0.8835037794575367,0.9453090262338816,0.9791018230324589,0.9792129835482436
dnhkng/RYS-XLarge2,0.5735882614495331,0.944642063139173,0.7974655402401067,0.9347487772343264,0.8770564695420187,0.948421520675856
dreamgen/WizardLM-2-7B,0.5153401511783015,0.1909737661182748,0.2025344597598933,0.4181858603823922,0.3512672298799466,0.2811249444197421
dustinwloring1988/Reflexis-8b-chat-v1,0.3531569586482881,0.3672743441529568,0.5247887950200089,0.0767007558915073,0.2375500222321031,0.4841040462427746
dustinwloring1988/Reflexis-8b-chat-v2,0.3899510893730546,0.3801689639839928,0.5275678079146288,0.2485549132947976,0.2423299244108492,0.4819919964428635
dustinwloring1988/Reflexis-8b-chat-v3,0.6436193863939529,0.3683859493108048,0.5506891951978657,0.0262338817252112,0.2349933303690529,0.5307914628723878
dustinwloring1988/Reflexis-8b-chat-v4,0.5396843041351712,0.3712761227212094,0.4844375277901289,0.0262338817252112,0.1433970653623832,0.4857714539795464
dustinwloring1988/Reflexis-8b-chat-v5,0.4399733214762116,0.3848377056469542,0.5473543797243219,0.2584481991996443,0.2022009782125389,0.4415295686971988
dustinwloring1988/Reflexis-8b-chat-v6,0.5798132503334815,0.4061805246776345,0.5762561138283682,0.1656291685193419,0.2149844375277901,0.5080035571365051
dustinwloring1988/Reflexis-8b-chat-v7,0.3992885726989773,0.4026233881725211,0.6443975100044464,0.1567363272565584,0.0611382836816362,0.565584704313028
duyhv1411/Llama-3.2-1B-en-vi,0.5580257892396621,0.1189417518897287,0.183303690529124,0.3195864828812805,0.0124499777678968,0.1129390840373499
duyhv1411/Llama-3.2-3B-en-vi,0.5673632725655847,0.1151622943530458,0.154846598488217,0.3030235660293464,0.0211204979991107,0.1149399733214762
dwikitheduck/gemma-2-2b-id,0.3850600266785238,0.2398843930635838,0.2585593597154291,0.5560248999555358,0.5473543797243219,0.2276567363272565
dwikitheduck/gemma-2-2b-id-inst,0.3850600266785238,0.2398843930635838,0.2585593597154291,0.5560248999555358,0.5473543797243219,0.2276567363272565
dwikitheduck/gemma-2-2b-id-instruct,0.3850600266785238,0.2398843930635838,0.2585593597154291,0.5560248999555358,0.5473543797243219,0.2276567363272565
dwikitheduck/gen-inst-1,0.934415295686972,0.8839484215206759,0.9368608270342376,0.927967985771454,0.6696309470875945,0.8835037794575367
dwikitheduck/gen-try1,0.905291240551356,0.8737216540684749,0.9092930191196088,0.848377056469542,0.8101378390395731,0.8861716318363717
dwikitheduck/gen-try1-notemp,0.2332147621164962,0.858603823921743,0.831702979101823,0.8909515340151178,0.8988439306358381,0.9042907959092932
dzakwan/dzakwan-MoE-4x7b-Beta,0.4857714539795464,0.5984882169853268,0.4030680302356603,0.4105157847932414,0.659181858603824,0.404290795909293
ehristoforu/Falcon3-8B-Franken-Basestruct,0.0818141396176078,0.6989773232547799,0.0141173855046687,0.8454868830591374,0.0755891507336594,0.7246554024010672
ehristoforu/Falcon3-MoE-2x7B-Insruct,0.9211871943085816,0.7799021787461093,0.9114050689195198,0.6927523343708315,0.971987550022232,0.7463317029791018
ehristoforu/Gemma2-9B-it-psy10k-mental_health,0.708092485549133,0.7196531791907514,0.6443975100044464,0.8335927078701645,0.45431302801245,0.6699644286349489
ehristoforu/Gemma2-9b-it-train6,0.834370831480658,0.7996887505558026,0.6943085815918186,0.8013561582925744,0.4748777234326367,0.7225433526011561
ehristoforu/HappyLlama1,0.8827256558470431,0.4675411293908403,0.6077145397954646,0.3861716318363717,0.587149844375278,0.529568697198755
ehristoforu/QwenQwen2.5-7B-IT,0.9047354379724322,0.7035349044019564,0.9745442418852824,0.6036016007114273,0.4212983548243664,0.7773454868830592
ehristoforu/QwenQwen2.5-7B-IT-Dare,0.9029568697198757,0.7035349044019564,0.9745442418852824,0.6036016007114273,0.4212983548243664,0.7773454868830592
ehristoforu/RQwen-v0.1,0.918741662961316,0.8868385949310805,0.9448643841707426,0.7851267229879947,0.5260115606936416,0.9012894619831036
ehristoforu/RQwen-v0.2,0.9015117830146732,0.8901734104046243,0.8365940417963539,0.8335927078701645,0.6458425967096487,0.8926189417518897
ehristoforu/SoRu-0009,0.2258781680746998,0.104268563806136,0.1477323254779902,0.1459537572254335,0.0045575811471765,0.1029346376167185
ehristoforu/coolqwen-3b-it,0.7701200533570476,0.4375277901289462,0.870942641173855,0.3765006669630947,0.4808803912850156,0.5491329479768786
ehristoforu/della-70b-test-v1,0.5870386838594931,0.0675855935971543,0.0716985326811916,0.06447309915518,0.8579368608270342,0.1541796353935082
ehristoforu/falcon3-ultraset,0.8489328590484659,0.7721209426411738,0.7309915518008003,0.8140284570920409,0.9637616718541574,0.733881725211205
ehristoforu/fd-lora-merged-16x32,0.3345931525122276,0.1327256558470431,0.6569586482881281,0.0703646064917741,0.065028901734104,0.0969319697643397
ehristoforu/fd-lora-merged-64x128,0.3092485549132948,0.1718541574032903,0.6879724321920854,0.0809248554913294,0.0402401067140951,0.1345042240995998
ehristoforu/fp4-14b-it-v1,0.216096042685638,0.7850155624722098,0.2361049355269008,0.5068919519786572,0.1058248110271231,0.7632281013783904
ehristoforu/fp4-14b-v1-fix,0.7996887505558026,0.9650955980435748,0.9158514895509116,0.8909515340151178,0.8521565140062249,0.9389728768341484
ehristoforu/fq2.5-7b-it-normalize_false,0.8889506447309915,0.7453312583370387,0.942530013339262,0.5832592263228101,0.8896176078257003,0.8173632725655847
ehristoforu/fq2.5-7b-it-normalize_true,0.8889506447309915,0.7453312583370387,0.942530013339262,0.5832592263228101,0.8896176078257003,0.8173632725655847
ehristoforu/frqwen2.5-from7b-duable4layers-it,0.9326367274344152,0.6674077367718986,0.9339706536238328,0.5068919519786572,0.538683859493108,0.750555802578924
ehristoforu/frqwen2.5-from7b-it,0.7774566473988439,0.5422409959982214,0.8120275678079146,0.4504224099599822,0.456425077812361,0.7324366385060027
ehristoforu/mllama-3.1-8b-instruct,0.3305913739439751,0.4117385504668742,0.882836816362828,0.2485549132947976,0.1770787016451756,0.2598932859048466
ehristoforu/mllama-3.1-8b-it,0.3855046687416629,0.4524232992441085,0.8839484215206759,0.3195864828812805,0.3168074699866607,0.2751222765673632
ehristoforu/moremerge,0.1232770120053357,0.0191196087149844,0.0141173855046687,0.1330591373943975,0.1476211649622054,0.0017785682525566
ehristoforu/moremerge-upscaled,0.117163183637172,0.0013339261894175,0.0141173855046687,0.0262338817252112,0.1011560693641618,0.0004446420631391
ehristoforu/phi-4-25b,0.7714539795464651,0.9764339706536238,0.9354157403290352,0.7428857269897733,0.6018230324588706,0.93808359270787
ehristoforu/qwen2.5-test-32b-it,0.9593152512227656,0.992441084926634,0.9968875055580256,0.91396176078257,0.927967985771454,0.9926634059582036
ehristoforu/qwen2.5-with-lora-think-3b-it,0.6340595820364606,0.3830591373943975,0.7703423743886172,0.3523788350377946,0.7092040907069809,0.4892174299688751
ehristoforu/rmoe-v1,0.235437972432192,0.0206758559359715,0.0334593152512227,0.1066029346376167,0.1863050244553134,0.0399066251667407
ehristoforu/rufalcon3-3b-it,0.7138728323699421,0.2738995108937305,0.6714095153401511,0.276345042240996,0.5234548688305913,0.2407736771898621
ehristoforu/ruphi-4b,0.0867052023121387,0.0340151178301467,0.0141173855046687,0.0262338817252112,0.1493997332147621,0.0415740329035126
ehristoforu/testq-32b,0.104268563806136,0.0168963983992885,0.0394619831036016,0.0767007558915073,0.1867496665184526,0.0795909293019119
ehristoforu/tmoe,0.0244553134726545,0.0620275678079146,0.0582481102712316,0.0262338817252112,0.1917518897287683,0.0939306358381502
ehristoforu/tmoe-v2,0.1076033792796798,0.0204535349044019,0.0364606491774121,0.1740773677189862,0.5013339261894175,0.0151178301467318
ehristoforu/trd-7b-it,0.1479546465095598,0.0457981325033348,0.1976433970653623,0.2485549132947976,0.2681191640729213,0.0901511783014673
ehristoforu/ud-14b,0.439751000444642,0.1244997776789684,0.6931969764339706,0.0262338817252112,0.7656736327256558,0.2475544686527345
elinas/Chronos-Gold-12B-1.0,0.2947976878612717,0.7303245887060916,0.3737216540684748,0.7379946642952423,0.9353045798132504,0.5208981769675411
ell44ot/gemma-2b-def,0.2411071587372165,0.0909293019119608,0.1604046242774566,0.2853490440195642,0.2605602489995554,0.1512894619831036
euclaise/ReMask-3B,0.1863050244553134,0.1851934192974655,0.1387283236994219,0.2130947087594486,0.1212761227212094,0.114495331258337
eworojoshua/vas-01,0.9171854157403292,0.6965317919075145,0.9504224099599822,0.6706313917296576,0.8285904846598489,0.7890173410404624
ewre324/Thinker-Llama-3.2-3B-Instruct-Reasoning,0.4853268119164073,0.2901289461983103,0.426856380613606,0.3195864828812805,0.3378168074699866,0.3299244108492663
ewre324/Thinker-Qwen2.5-0.5B-Instruct-Reasoning,0.1996442863494886,0.1629613161405068,0.183303690529124,0.4027345486883059,0.0588039128501556,0.1737438861716318
ewre324/Thinker-SmolLM2-135M-Instruct-Reasoning,0.2266562916851934,0.0787016451756336,0.0668074699866607,0.06447309915518,0.1395064473099155,0.0100044464206313
ewre324/ewre324-R1-SmolLM2-135M-Distill,0.0733659404179635,0.0686971987550022,0.094041796353935,0.1567363272565584,0.0084481991996442,0.0520231213872832
experiment-llm/exp-3-q-r,0.7245442418852823,0.6685193419297466,0.8018008003557137,0.487105380168964,0.661293908403735,0.7807914628723878
facebook/opt-1.3b,0.1775233437083148,0.0740329035126723,0.0668074699866607,0.0262338817252112,0.0909293019119608,0.0192307692307692
facebook/opt-30b,0.1928634948866162,0.0715873721654068,0.0780346820809248,0.2396620720320142,0.206425077812361,0.0771453979546465
failspy/Llama-3-8B-Instruct-MopeyMule,0.8012449977767897,0.222543352601156,0.1387283236994219,0.0262338817252112,0.1011560693641618,0.1910849266340595
failspy/Llama-3-8B-Instruct-abliterated,0.710204535349044,0.2816807469986661,0.2232103156958648,0.311805246776345,0.5309026233881725,0.2970208981769675
failspy/Meta-Llama-3-70B-Instruct-abliterated-v3.5,0.9339706536238328,0.7774566473988439,0.5711427301022677,0.5259004001778568,0.3750555802578924,0.8250333481547354
failspy/Meta-Llama-3-8B-Instruct-abliterated-v3,0.8642730102267675,0.4348599377501111,0.4614273010226767,0.1836371720764784,0.1325033348154735,0.57258781680747
failspy/Phi-3-medium-4k-instruct-abliterated-v3,0.7542240995998222,0.8659404179635394,0.6371720764784349,0.7323254779902179,0.912405513561583,0.812361049355269
failspy/llama-3-70B-Instruct-abliterated,0.9764339706536238,0.894619831036016,0.7747887950200089,0.44086260560249,0.5320142285460204,0.8906180524677635
fblgit/TheBeagle-v2beta-32B-MGS,0.6191640729212984,0.9906625166740772,0.9647621164962206,0.9552023121387284,0.9891062694530902,0.9969986660738106
fblgit/UNA-SimpleSmaug-34b-v1beta,0.5085593597154291,0.6293908403734993,0.3828368163628279,0.7323254779902179,0.6465095598043575,0.8425967096487328
fblgit/UNA-TheBeagle-7b-v1,0.3577145397954646,0.5235660293463762,0.40051133837261,0.3947309915518008,0.8503779457536683,0.3703868385949311
fblgit/UNA-ThePitbull-21.4B-v2,0.3734993330369053,0.8670520231213873,0.5473543797243219,0.5832592263228101,0.3070253445975989,0.5196754112939084
fblgit/cybertron-v4-qw7B-MGS,0.7484437527790129,0.7650066696309471,0.852712316585149,0.6791907514450867,0.727434415295687,0.8310360160071143
fblgit/cybertron-v4-qw7B-UNAMGS,0.7314361938639395,0.7747887950200089,0.8777234326367275,0.8106936416184971,0.6967541129390841,0.8365940417963539
fblgit/juanako-7b-UNA,0.565584704313028,0.5326811916407292,0.2050911516229435,0.5162294353045798,0.8797243219208537,0.3029124055135616
fblgit/miniclaus-qw1.5B-UNAMGS,0.3162516674077367,0.2776789684304135,0.5016674077367719,0.4699866607381058,0.6669630947087595,0.3448199199644286
fblgit/miniclaus-qw1.5B-UNAMGS-GRPO,0.3384837705646954,0.2792352156514006,0.5054468652734548,0.5355713650511338,0.6369497554468653,0.3468208092485549
fblgit/pancho-v1-qw25-3B-UNAMGS,0.6417296576256114,0.47309915518008,0.6336149399733215,0.5259004001778568,0.3857269897732325,0.632836816362828
fblgit/una-cybertron-7b-v2-bf16,0.5484659848821698,0.2347710093374833,0.2361049355269008,0.5355713650511338,0.7916851934192974,0.2503334815473543
fhai50032/RolePlayLake-7B,0.6009337483325923,0.6565140062249889,0.3855046687416629,0.6036016007114273,0.7716763005780347,0.4255224544241885
fhai50032/Unaligned-Thinker-PHI-4,0.0102267674522009,0.9464206313917296,0.8433748332592264,0.9502000889284128,0.9186305024455312,0.8909515340151178
flammenai/Llama3.1-Flammades-70B,0.8385949310804802,0.9535349044019564,0.7240995998221432,0.8909515340151178,0.97843485993775,0.8627167630057804
flammenai/Mahou-1.2a-llama3-8B,0.6096042685638061,0.4831036016007114,0.4238550466874166,0.4331925300133392,0.2895731436193864,0.6629613161405069
flammenai/Mahou-1.2a-mistral-7B,0.5068919519786572,0.5595820364606492,0.3708314806580702,0.2673410404624277,0.329035126722988,0.4267452200978212
flammenai/Mahou-1.5-llama3.1-70B,0.8504891062694531,0.951089373054691,0.7255446865273455,0.8909515340151178,0.9846598488216984,0.8619386393952868
flammenai/Mahou-1.5-mistral-nemo-12B,0.8014673188083593,0.7421076033792797,0.4347487772343263,0.311805246776345,0.8601600711427301,0.5496887505558026
flammenai/flammen15-gutenberg-DPO-v1-7B,0.5593597154290796,0.62361049355269,0.3979546465095598,0.3947309915518008,0.6874166296131614,0.434415295686972
fluently-lm/FluentlyLM-Prinum,0.9826589595375722,0.9939973321476212,0.9874388617163185,0.9657625611382836,0.8826144953312584,0.9939973321476212
fluently-lm/Llama-TI-8B,0.2607825700311249,0.5942641173855047,0.7042018674966651,0.5162294353045798,0.6961983103601601,0.4966651845264562
fluently-lm/Llama-TI-8B-Instruct,0.931747443308137,0.6049355269008448,0.7642285460204535,0.5068919519786572,0.447309915518008,0.6132725655847043
fluently-sets/FalconThink3-10B-IT,0.8765006669630947,0.8521565140062249,0.7760115606936416,0.8231436193863939,0.8341485104490884,0.8218096931969764
fluently-sets/reasoning-1-1k-demo,0.9055135615829256,0.8948421520675856,0.9212983548243664,0.8269230769230769,0.4771009337483325,0.8643841707425522
formulae/mita-elite-sce-gen1.1-v1-7b-2-26-2025-exp,0.0680302356602934,0.018230324588706,0.0334593152512227,0.0703646064917741,0.5931525122276567,0.0880391285015562
formulae/mita-elite-v1.1-7b-2-25-2025,0.028457092040907,0.0037794575366829,0.0141173855046687,0.0262338817252112,0.0723654957759004,0.0131169408626056
formulae/mita-elite-v1.1-gen2-7b-2-25-2025,0.0420186749666518,0.0157847932414406,0.0141173855046687,0.06447309915518,0.065028901734104,0.0160071142730102
formulae/mita-elite-v1.2-7b-2-26-2025,0.0485771453979546,0.0115606936416184,0.0364606491774121,0.2944642063139173,0.6704090706980881,0.0924855491329479
formulae/mita-gen3-7b-2-26-2025,0.1156069364161849,0.0371276122721209,0.0364606491774121,0.1934192974655402,0.3088039128501556,0.0389061805246776
formulae/mita-gen3-v1.2-7b-2-26-2025,0.1271676300578034,0.0531347265451311,0.0364606491774121,0.1186082703423744,0.3141396176078257,0.0452423299244108
formulae/mita-math-v2.3-2-25-2025,0.038128056914184,0.0366829702089817,0.0141173855046687,0.0545798132503334,0.1936416184971098,0.0309026233881725
formulae/mita-v1-7b,0.1168297020898177,0.0460204535349044,0.0364606491774121,0.0262338817252112,0.551578479324144,0.0654735437972432
formulae/mita-v1.1-7b-2-24-2025,0.3248110271231658,0.7158737216540685,0.9244108492663408,0.7138728323699421,0.8494886616273899,0.8409293019119609
formulae/mita-v1.2-7b-2-24-2025,0.222543352601156,0.4635393508225878,0.9600933748332592,0.6321698532681191,0.6936416184971098,0.4784348599377501
frameai/Loxa-4B,0.5529124055135616,0.2756780791462872,0.5035571365051134,0.3861716318363717,0.1893063583815029,0.3094708759448644
freewheelin/free-evo-qwen72b-v0.8-re,0.6357269897732325,0.8550466874166296,0.6758559359715429,0.8982881280569142,0.9633170297910182,0.8683859493108048
freewheelin/free-solar-evo-v0.1,0.1293908403734993,0.3394842152067585,0.0619164072921298,0.4605380168963984,0.9773232547799022,0.4914406402845709
freewheelin/free-solar-evo-v0.11,0.124722098710538,0.3512672298799466,0.0619164072921298,0.4027345486883059,0.9893285904846598,0.5030013339261894
freewheelin/free-solar-evo-v0.13,0.1682970208981769,0.3530457981325033,0.0885949310804802,0.4331925300133392,0.9875500222321032,0.5043352601156069
fulim/FineLlama-3.1-8B,0.0449088483770564,0.3370386838594931,0.2696754112939084,0.4789906625166741,0.3819475322365496,0.4278568252556692
gabrielmbmb/SmolLM-1.7B-Instruct-IFEval,0.1658514895509115,0.0898176967541129,0.0780346820809248,0.0703646064917741,0.065028901734104,0.0718096931969764
gaverfraxz/Meta-Llama-3.1-8B-Instruct-HalfAbliterated-DELLA,0.4021787461093819,0.2376611827478879,0.1387283236994219,0.3947309915518008,0.1647398843930635,0.1756336149399733
gaverfraxz/Meta-Llama-3.1-8B-Instruct-HalfAbliterated-TIES,0.5066696309470876,0.480658070253446,0.5762561138283682,0.2130947087594486,0.312361049355269,0.5874833259226323
gbueno86/Brinebreath-Llama-3.1-70B,0.6698532681191641,0.974210760337928,0.8171409515340151,0.8663850600266785,0.8879502000889284,0.9001778568252556
gbueno86/Meta-LLama-3-Cat-Smaug-LLama-70b,0.9813250333481548,0.9441974210760338,0.8139172965762561,0.7922409959982214,0.8119164072921299,0.882281013783904
ghost-x/ghost-8b-beta-1608,0.4470875944864384,0.3541574032903513,0.3737216540684748,0.1066029346376167,0.062361049355269,0.3198088039128501
glaiveai/Reflection-Llama-3.1-70B,0.7203201422854602,0.7785682525566918,0.798354824366385,0.7138728323699421,0.7557803468208093,0.998888394842152
gmonsoon/SahabatAI-Llama-11B-Test,0.3200311249444197,0.3734993330369053,0.1947532236549577,0.3680524677634504,0.3641618497109826,0.4331925300133392
gmonsoon/SahabatAI-MediChatIndo-8B-v1,0.4251889728768341,0.3574922187638951,0.3403734993330369,0.3765006669630947,0.2243219208537127,0.404290795909293
gmonsoon/SahabatAI-Rebase-8B-Test,0.6164962205424633,0.5958203646064918,0.5216763005780347,0.4259670964873277,0.601044908848377,0.5769230769230769
gmonsoon/StockSeaLLMs-7B-v1,0.5174522009782125,0.6694086260560249,0.7042018674966651,0.5930413517118719,0.5715873721654069,0.7263228101378391
gmonsoon/gemma2-9b-sahabatai-v1-instruct-BaseTIES,0.8848377056469542,0.8254779902178746,0.7086482881280569,0.7541129390840373,0.9277456647398844,0.788683859493108
godlikehhd/alpaca_data_full_2,0.2959092930191196,0.2765673632725656,0.4534237438861716,0.5355713650511338,0.4939973321476211,0.3233659404179635
godlikehhd/alpaca_data_full_3B,0.3597154290795909,0.3835037794575366,0.5890395731436194,0.3271453979546465,0.9717652289906624,0.4781013783903957
godlikehhd/alpaca_data_ifd_max_2600,0.2811249444197421,0.2436638506002668,0.4724321920853713,0.5930413517118719,0.3052467763450422,0.3384837705646954
godlikehhd/alpaca_data_ifd_max_2600_3B,0.2730102267674522,0.3739439751000444,0.6371720764784349,0.276345042240996,0.7129835482436638,0.4559804357492218
godlikehhd/alpaca_data_ifd_me_max_5200,0.3571587372165407,0.2541129390840373,0.4667630057803468,0.4605380168963984,0.3130280124499777,0.3570475767007559
godlikehhd/alpaca_data_ifd_min_2600,0.3674966651845264,0.2783459315251222,0.4637616718541574,0.4699866607381058,0.318252556691863,0.3319253001333926
godlikehhd/alpaca_data_ins_ans_max_5200,0.3342596709648733,0.246776345042241,0.4844375277901289,0.4605380168963984,0.3561582925744775,0.3339261894175189
godlikehhd/alpaca_data_ins_max_5200,0.3079146287238772,0.2645620275678079,0.4751000444642063,0.5162294353045798,0.3058025789239662,0.3380391285015562
godlikehhd/alpaca_data_ins_min_2600,0.3134726545131169,0.2643397065362383,0.5077812361049355,0.5355713650511338,0.3848377056469542,0.3285904846598488
godlikehhd/alpaca_data_ins_min_5200,0.3183637172076478,0.2803468208092485,0.4864384170742552,0.4181858603823922,0.4413072476656292,0.3481547354379724
godlikehhd/alpaca_data_sampled_ifd_5200,0.2665629168519342,0.2438861716318363,0.5611382836816363,0.661849710982659,0.3542685638061361,0.3330369052912405
godlikehhd/alpaca_data_sampled_ifd_new_5200,0.353712761227212,0.2650066696309471,0.4578701645175633,0.487105380168964,0.4024010671409515,0.3409293019119608
godlikehhd/alpaca_data_score_max_0.1_2600,0.3099155180080035,0.279012894619831,0.4724321920853713,0.4605380168963984,0.3415962650066696,0.3402623388172521
godlikehhd/alpaca_data_score_max_0.3_2600,0.3196976433970653,0.2561138283681636,0.4864384170742552,0.44086260560249,0.3893952867941307,0.3371498443752779
godlikehhd/alpaca_data_score_max_0.7_2600,0.3510449088483771,0.2732325477990218,0.4959982214317474,0.6036016007114273,0.2612272120942641,0.3573810582481103
godlikehhd/alpaca_data_score_max_2500,0.341929746554024,0.2705646954201867,0.45964873277012,0.5068919519786572,0.3920631391729657,0.3450422409959982
godlikehhd/alpaca_data_score_max_2600_3B,0.3181413961760783,0.4035126722987994,0.629613161405069,0.1934192974655402,0.7834593152512228,0.4719875500222321
godlikehhd/alpaca_data_score_max_5200,0.328479324144064,0.2779012894619831,0.4667630057803468,0.5355713650511338,0.3474877723432636,0.3464873277012005
godlikehhd/ifd_2500_qwen,0.318808359270787,0.2861271676300578,0.469875500222321,0.5068919519786572,0.3407069808803913,0.3390395731436194
godlikehhd/ifd_new_correct_all_sample_2500_qwen,0.3200311249444197,0.2421076033792796,0.4614273010226767,0.4504224099599822,0.3113606047132058,0.3304802134281903
godlikehhd/ifd_new_correct_sample_2500_qwen,0.32258781680747,0.2556691863050244,0.4885504668741663,0.6576256113828368,0.3701645175633615,0.3432636727434415
godlikehhd/ifd_new_qwen_2500,0.3036905291240551,0.2667852378835038,0.5101156069364162,0.5656958648288128,0.2973543797243219,0.3361493997332148
godlikehhd/qwen-2.5-1.5b-cherry,0.2630057803468208,0.2481102712316585,0.4818808359270787,0.5656958648288128,0.2249888839484215,0.3402623388172521
godlikehhd/qwen_2.5-1.5b-cherry_new,0.2901289461983103,0.266118274788795,0.4637616718541574,0.5355713650511338,0.3034682080924855,0.3325922632281013
godlikehhd/qwen_full_data_alpaca,0.2923521565140062,0.2785682525566919,0.451089373054691,0.4789906625166741,0.4759893285904846,0.3221431747443308
godlikehhd/qwen_ins_ans_2500,0.2418852823477101,0.2678968430413517,0.5187861271676301,0.4699866607381058,0.3260337927967985,0.3109159626500667
google/codegemma-1.1-2b,0.1638506002667852,0.1662961316140506,0.094041796353935,0.1934192974655402,0.2856825255669186,0.1061582925744775
google/flan-t5-base,0.1063806136060471,0.2083148065807025,0.0780346820809248,0.0262338817252112,0.1544019564250778,0.114495331258337
google/flan-t5-large,0.1514006224988884,0.2636727434415296,0.1070475767007558,0.0545798132503334,0.4368608270342374,0.1829702089817697
google/flan-t5-small,0.0538016896398399,0.1267229879946643,0.0582481102712316,0.1459537572254335,0.5213428190306802,0.1018230324588706
google/flan-t5-xl,0.1558470431302801,0.341929746554024,0.0582481102712316,0.06447309915518,0.5923743886171632,0.2252112049799911
google/flan-t5-xxl,0.151067140951534,0.5222321031569587,0.0780346820809248,0.2485549132947976,0.5809248554913294,0.2402178746109382
google/flan-ul2,0.179524232992441,0.5186749666518453,0.0668074699866607,0.4259670964873277,0.2707870164517563,0.2554468652734549
google/gemma-1.1-2b-it,0.2850155624722099,0.1131614050689195,0.1296131614050689,0.2396620720320142,0.0867052023121387,0.1250555802578924
google/gemma-1.1-7b-it,0.5975989328590484,0.2432192085371276,0.2765673632725656,0.487105380168964,0.6117163183637172,0.2685638061360604
google/gemma-2-27b,0.1993108048021342,0.7696754112939084,0.649955535793686,0.878501556247221,0.7654513116940863,0.798910626945309
google/gemma-2-27b-it,0.9703201422854602,0.9004001778568252,0.7723432636727434,0.9371943085815918,0.4426411738550467,0.8248110271231659
google/gemma-2-2b,0.1202756780791462,0.2109826589595375,0.183303690529124,0.1656291685193419,0.6014895509115162,0.2281013783903957
google/gemma-2-2b-it,0.6870831480658071,0.2714539795464651,0.0302356602934637,0.2944642063139173,0.3337038683859493,0.2618941751889729
google/gemma-2-2b-jpn-it,0.6060471320586928,0.2770120053357047,0.2080924855491329,0.4027345486883059,0.3579368608270342,0.2674522009782125
google/gemma-2-9b,0.1267229879946643,0.6716318363717207,0.5911516229435304,0.8013561582925744,0.7836816362827923,0.7475544686527346
google/gemma-2-9b-it,0.8945086705202312,0.8121387283236994,0.7015340151178302,0.9065140062249888,0.4789906625166741,0.6939751000444642
google/gemma-2b,0.1262783459315251,0.17741218319253,0.1915295686971987,0.0809248554913294,0.3528234771009337,0.1153846153846153
google/gemma-2b-it,0.2407736771898621,0.1051578479324144,0.1438417074255224,0.3351489550911516,0.1427301022676745,0.1140506891951978
google/gemma-7b,0.2358826144953312,0.315028901734104,0.3902845709204091,0.4181858603823922,0.565028901734104,0.3479324144064028
google/gemma-7b-it,0.3835037794575366,0.2116496220542463,0.1877501111605158,0.3947309915518008,0.6869719875500222,0.1818586038239217
google/mt5-base,0.0726989773232547,0.0048910626945309,0.0668074699866607,0.0262338817252112,0.1332814584259671,0.0022232103156958
google/mt5-small,0.0820364606491774,0.0017785682525566,0.0141173855046687,0.0262338817252112,0.2849044019564251,0.0371276122721209
google/mt5-xl,0.1142730102267674,0.065584704313028,0.0141173855046687,0.1836371720764784,0.2474433081369497,0.0329035126722988
google/mt5-xxl,0.1734104046242774,0.0375722543352601,0.0141173855046687,0.0262338817252112,0.1694086260560249,0.0071142730102267
google/recurrentgemma-2b,0.2787905735882614,0.0971542907959092,0.1438417074255224,0.0262338817252112,0.1479546465095598,0.0889284126278345
google/recurrentgemma-2b-it,0.2694530902623388,0.1749666518452645,0.1387283236994219,0.0703646064917741,0.1738550466874166,0.1188305913739439
google/recurrentgemma-9b,0.2894619831036016,0.2385504668741662,0.3610493552690084,0.4027345486883059,0.3130280124499777,0.272565584704313
google/recurrentgemma-9b-it,0.5927078701645175,0.32258781680747,0.3610493552690084,0.2485549132947976,0.7578923966207203,0.3205869275233437
google/switch-base-8,0.0651400622498888,0.0108937305469097,0.0141173855046687,0.0262338817252112,0.03223654957759,0.0131169408626056
google/umt5-base,0.0850377945753668,0.0008892841262783,0.045131169408626,0.0767007558915073,0.0160071142730102,0.003223654957759
goulue5/merging_LLM,0.3025789239662072,0.2750111160515784,0.4637616718541574,0.4605380168963984,0.6999777678968431,0.351600711427301
gpt2,0.1116051578479324,0.045131169408626,0.0394619831036016,0.1330591373943975,0.714539795464651,0.0679190751445086
gradientai/Llama-3-8B-Instruct-Gradient-1048k,0.4876611827478879,0.3139172965762561,0.2991329479768786,0.3271453979546465,0.7454424188528235,0.3452645620275678
grimjim/DeepSauerHuatuoSkywork-R1-o1-Llama-3.1-8B,0.5590262338817252,0.6289461983103601,0.7512227656736328,0.837149844375278,0.7727879057358826,0.7275455758114717
grimjim/Gigantes-v1-gemma2-9b-it,0.8226989773232548,0.8194753223654958,0.7354379724321921,0.8885060026678524,0.8558248110271232,0.7665629168519342
grimjim/Gigantes-v2-gemma2-9b-it,0.8815028901734104,0.8176967541129391,0.7117607825700312,0.8823921742996887,0.879057358826145,0.7727879057358826
grimjim/Gigantes-v3-gemma2-9b-it,0.8288128056914184,0.8192530013339262,0.7255446865273455,0.8982881280569142,0.8857269897732325,0.7670075589150733
grimjim/HuatuoSkywork-o1-Llama-3.1-8B,0.3966207203201423,0.4624277456647399,0.8930635838150289,0.4789906625166741,0.575811471765229,0.3980658070253446
grimjim/Llama-3-Instruct-8B-SPPO-Iter3-SimPO-merge,0.4464206313917296,0.4610938194753223,0.4751000444642063,0.4504224099599822,0.4677634504224099,0.5596931969764339
grimjim/Llama-3-Instruct-8B-SimPO-SPPO-Iter3-merge,0.808581591818586,0.4857714539795464,0.4410849266340595,0.1656291685193419,0.3176967541129391,0.5915962650066696
grimjim/Llama-3.1-8B-Instruct-abliterated_via_adapter,0.5700311249444198,0.4966651845264562,0.602712316585149,0.706980880391285,0.4493108048021342,0.5712538906180524
grimjim/Llama-3.1-Bonsaikraft-8B-Instruct,0.4428634948866162,0.619386393952868,0.581702979101823,0.6036016007114273,0.568808359270787,0.6315028901734104
grimjim/Llama-Nephilim-Metamorphosis-v2-8B,0.5051133837261005,0.4582036460649177,0.602712316585149,0.7700088928412628,0.462872387727879,0.6585148955091151
grimjim/Llama3.1-SuperNovaLite-HuatuoSkywork-o1-8B,0.466651845264562,0.6371720764784349,0.8191418408181413,0.6859715429079591,0.575811471765229,0.590818141396176
grimjim/Magnolia-v1-Gemma2-8k-9B,0.3399288572698977,0.7603379279679857,0.653179190751445,0.8304802134281903,0.8632725655847043,0.7704535349044019
grimjim/Magnolia-v2-12B,0.3368163628279235,0.6164962205424633,0.5733659404179635,0.7428857269897733,0.5588039128501556,0.5491329479768786
grimjim/Magnolia-v2-Gemma2-8k-9B,0.8872832369942196,0.8205869275233437,0.7618941751889728,0.9004001778568252,0.8106936416184971,0.7847932414406403
grimjim/Magnolia-v3-12B,0.3970653623832814,0.636060471320587,0.5930413517118719,0.7851267229879947,0.6090484659848822,0.5560248999555358
grimjim/Magnolia-v3-Gemma2-8k-9B,0.8856158292574478,0.8208092485549133,0.7660071142730103,0.8982881280569142,0.8116940862605603,0.7863494886616273
grimjim/Magnolia-v4-12B,0.3254779902178746,0.6885282347710093,0.581702979101823,0.7966874166296132,0.7474433081369497,0.5831480658070254
grimjim/Magnolia-v5a-12B,0.4175188972876834,0.6251667407736772,0.5981547354379725,0.7655624722098711,0.5673632725655847,0.5491329479768786
grimjim/Magot-v1-Gemma2-8k-9B,0.2747887950200089,0.8199199644286349,0.4724321920853713,0.8663850600266785,0.8074699866607381,0.7863494886616273
grimjim/Magot-v2-Gemma2-8k-9B,0.8807247665629169,0.8063583815028902,0.7117607825700312,0.8909515340151178,0.7220987105380169,0.7658959537572254
grimjim/SauerHuatuoSkywork-o1-Llama-3.1-8B,0.6238328145842597,0.5991551800800355,0.6616273899510894,0.7603379279679857,0.840818141396176,0.7355491329479769
grimjim/llama-3-Nephilim-v1-8B,0.4486438417074255,0.5135615829257448,0.446754112939084,0.5832592263228101,0.5384615384615384,0.6509559804357492
grimjim/llama-3-Nephilim-v2-8B,0.3909515340151178,0.5133392618941752,0.4942196531791907,0.5560248999555358,0.3693863939528679,0.565028901734104
grimjim/llama-3-Nephilim-v2.1-8B,0.3879502000889284,0.5104490884837706,0.4751000444642063,0.5560248999555358,0.3693863939528679,0.5668074699866608
grimjim/llama-3-Nephilim-v3-8B,0.4275233437083148,0.4822143174744331,0.45964873277012,0.5068919519786572,0.3970653623832814,0.5538016896398399
gupta-tanish/llama-7b-dpo-baseline,0.2411071587372165,0.2298799466429524,0.1387283236994219,0.1656291685193419,0.8025789239662072,0.2174299688750555
gz987/qwen2.5-7b-cabs-v0.1,0.9018452645620276,0.7278790573588262,0.9550911516229436,0.706980880391285,0.7761227212094264,0.8142507781236105
gz987/qwen2.5-7b-cabs-v0.2,0.8929524232992441,0.7427745664739884,0.9620942641173856,0.6421742996887505,0.8061360604713206,0.8112494441974211
gz987/qwen2.5-7b-cabs-v0.3,0.912850155624722,0.7323254779902179,0.9640951534015118,0.6421742996887505,0.8223654957759003,0.8131391729657625
gz987/qwen2.5-7b-cabs-v0.4,0.9135171187194308,0.7456647398843931,0.9586482881280568,0.6528457092040907,0.8180302356602934,0.8106936416184971
h2oai/h2o-danube-1.8b-chat,0.1506224988883948,0.1056024899955535,0.1003779457536682,0.0767007558915073,0.4394175188972877,0.1092707870164517
h2oai/h2o-danube3-4b-base,0.170964873277012,0.2036460649177412,0.154846598488217,0.4605380168963984,0.3110271231658515,0.2216540684748777
h2oai/h2o-danube3-4b-chat,0.3494886616273899,0.186527345486883,0.2361049355269008,0.1330591373943975,0.2570031124944419,0.2311027123165851
h2oai/h2o-danube3-500m-chat,0.1528457092040907,0.0560248999555357,0.1219430858159181,0.0262338817252112,0.1308359270787016,0.0616940862605602
h2oai/h2o-danube3.1-4b-chat,0.5942641173855047,0.2058692752334371,0.2025344597598933,0.4027345486883059,0.5108937305469098,0.2921298354824366
haoranxu/ALMA-13B-R,0.0018897287683414,0.1860827034237439,0.1258337038683859,0.098377056469542,0.0988216985326811,0.1986438417074255
haoranxu/Llama-3-Instruct-8B-CPO-SimPO,0.8373721654068474,0.5077812361049355,0.4844375277901289,0.4789906625166741,0.1630724766562916,0.5928190306803024
haoranxu/Llama-3-Instruct-8B-SimPO,0.8807247665629169,0.4588706091596265,0.4368608270342374,0.4504224099599822,0.1811916407292129,0.6169408626056024
hatemmahmoud/qwen2.5-1.5b-sft-raft-grpo-hra-doc,0.430635838150289,0.2965762561138284,0.7415518008003558,0.2218763895064473,0.1614050689195197,0.3039128501556247
hon9kon9ize/CantoneseLLMChat-v0.5,0.302134281903068,0.309693196976434,0.2401067140951534,0.3271453979546465,0.9024010671409516,0.2570031124944419
hon9kon9ize/CantoneseLLMChat-v1.0-7B,0.487105380168964,0.469319697643397,0.7272120942641174,0.7655624722098711,0.302134281903068,0.6458425967096487
hongbai12/li-0.4-pre,0.6212761227212095,0.8657180969319698,0.9632058692752334,0.7700088928412628,0.8648288128056915,0.877945753668297
hotmailuser/Deepseek-qwen-modelstock-2B,0.1422854602045353,0.1996442863494886,0.8460426856380614,0.3523788350377946,0.1287238772787905,0.2087594486438417
hotmailuser/Falcon3Slerp1-10B,0.6896398399288572,0.8497109826589595,0.7883503779457537,0.8572698977323254,0.6951978657180969,0.8131391729657625
hotmailuser/Falcon3Slerp2-10B,0.7345486883059137,0.8481547354379725,0.7660071142730103,0.837149844375278,0.480658070253446,0.7984659848821698
hotmailuser/Falcon3Slerp4-10B,0.7289906625166741,0.8303690529124055,0.7627834593152513,0.8013561582925744,0.4244108492663406,0.8066918630502445
hotmailuser/FalconSlerp-3B,0.6899733214762116,0.3726100489106269,0.6659626500666963,0.4259670964873277,0.4360827034237439,0.3539350822587817
hotmailuser/FalconSlerp1-7B,0.6485104490884838,0.7054246331702979,0.7717874610938195,0.7479991107158738,0.8230324588706092,0.7514450867052023
hotmailuser/FalconSlerp2-7B,0.7389951089373055,0.7605602489995553,0.8175855935971543,0.7479991107158738,0.8243663850600267,0.7541129390840373
hotmailuser/FalconSlerp3-10B,0.7214317474433082,0.8201422854602045,0.7605602489995553,0.8269230769230769,0.4146287238772788,0.7823477100933748
hotmailuser/FalconSlerp3-7B,0.7316585148955091,0.7614495331258337,0.8298132503334815,0.7428857269897733,0.8441529568697199,0.7508892841262783
hotmailuser/FalconSlerp4-7B,0.7504446420631392,0.7514450867052023,0.7497776789684304,0.8140284570920409,0.8750555802578924,0.7409959982214317
hotmailuser/FalconSlerp6-7B,0.7240995998221432,0.684971098265896,0.7183192530013339,0.7379946642952423,0.821476211649622,0.73654957759004
hotmailuser/Gemma2Crono-27B,0.8414851044908849,0.9186305024455312,0.7742329924410849,0.9261894175188972,0.8492663405958204,0.851600711427301
hotmailuser/Gemma2SimPO-27B,0.8610493552690085,0.8988439306358381,0.8043574922187638,0.9020675855935972,0.7754557581147177,0.8528234771009338
hotmailuser/Gemma2atlas-27B,0.8608270342374389,0.9337483325922632,0.7354379724321921,0.8959537572254336,0.8043574922187638,0.8621609604268564
hotmailuser/Gemma2magnum-27b,0.5995998221431748,0.8601600711427301,0.7475544686527346,0.9614273010226768,0.9035126722987996,0.8480435749221876
hotmailuser/Llama-Hermes-slerp-8B,0.3210315695864829,0.6514006224988884,0.411293908403735,0.487105380168964,0.5395731436193864,0.4690973766118275
hotmailuser/Llama-Hermes-slerp2-8B,0.3647176522899066,0.606491774121832,0.4667630057803468,0.5162294353045798,0.6293908403734993,0.4822143174744331
hotmailuser/LlamaStock-8B,0.4424188528234771,0.6447309915518008,0.654846598488217,0.7922409959982214,0.6783014673188084,0.6566251667407736
hotmailuser/Mistral-modelstock-24B,0.3262561138283681,0.8917296576256114,0.5791462872387728,0.9957759004001778,0.8388172521120498,0.8816140506891952
hotmailuser/Mistral-modelstock2-24B,0.4548688305913739,0.9513116940862606,0.7732325477990218,0.9785460204535348,0.8550466874166296,0.9315251222765674
hotmailuser/Phi4-Slerp4-14B,0.011783014673188,0.955980435749222,0.8513783903957315,0.988216985326812,0.989773232547799,0.9195197865718095
hotmailuser/Qwen2.5-HomerSlerp-7B,0.4939973321476211,0.769897732325478,0.8395953757225434,0.706980880391285,0.7292129835482437,0.8443752779012894
hotmailuser/QwenModelStock-1.8B,0.3068030235660293,0.2683414851044909,0.4724321920853713,0.4181858603823922,0.7194308581591818,0.3520453534904402
hotmailuser/QwenSlerp-14B,0.8341485104490884,0.9041796353935082,0.8878390395731436,0.968319253001334,0.8708314806580703,0.9615384615384616
hotmailuser/QwenSlerp-3B,0.459092930191196,0.4617607825700311,0.7974655402401067,0.4969986660738106,0.6571809693196976,0.5960426856380614
hotmailuser/QwenSlerp-7B,0.5341262783459315,0.7727879057358826,0.8497109826589595,0.7379946642952423,0.7545575811471765,0.8385949310804802
hotmailuser/QwenSlerp2-14B,0.8352601156069365,0.909737661182748,0.8977323254779902,0.9502000889284128,0.9328590484659848,0.94897732325478
hotmailuser/QwenSlerp2-3B,0.4489773232547799,0.4239662072032014,0.7891285015562473,0.5259004001778568,0.6287238772787905,0.6216096042685638
hotmailuser/QwenSlerp3-14B,0.7852378835037794,0.8637172076478434,0.9227434415295688,0.918297020898177,0.948421520675856,0.9158514895509116
hotmailuser/QwenSparse-7B,0.0208981769675411,0.0151178301467318,0.0780346820809248,0.1330591373943975,0.2154290795909293,0.0353490440195642
hotmailuser/QwenStock-0.5B,0.1287238772787905,0.0317919075144508,0.0141173855046687,0.1330591373943975,0.2217652289906625,0.0810360160071142
hotmailuser/QwenStock-1.7B,0.2994664295242329,0.2685638061360604,0.4751000444642063,0.4259670964873277,0.7665629168519342,0.3500444642063139
hotmailuser/QwenStock1-14B,0.7923521565140063,0.9066251667407736,0.8739439751000445,0.963428190306803,0.9314139617607826,0.9726545131169408
hotmailuser/RombosBeagle-v2beta-MGS-32B,0.6167185415740329,0.9915518008003558,0.9682080924855492,0.9479768786127168,0.9906625166740772,0.996220542463317
huggyllama/llama-13b,0.1835260115606936,0.2449977767896843,0.1438417074255224,0.0809248554913294,0.1299466429524233,0.2125389061805246
huggyllama/llama-65b,0.2138728323699422,0.3863939528679413,0.1947532236549577,0.311805246776345,0.0834815473543797,0.3920631391729657
huggyllama/llama-7b,0.2066473988439306,0.1534015117830146,0.0619164072921298,0.06447309915518,0.0723654957759004,0.1089373054690973
huihui-ai/DeepSeek-R1-Distill-Qwen-14B-abliterated-v2,0.4350822587816807,0.1849710982658959,0.7475544686527346,0.311805246776345,0.9144064028457092,0.2093152512227656
huihui-ai/QwQ-32B-Coder-Fusion-7030,0.3828368163628279,0.8517118719430858,0.8028012449977768,0.3947309915518008,0.3201422854602045,0.7974655402401067
huihui-ai/QwQ-32B-Coder-Fusion-8020,0.7232103156958648,0.9455313472654512,0.94086260560249,0.8936193863939529,0.6801911960871498,0.941974210760338
huihui-ai/QwQ-32B-Coder-Fusion-9010,0.6991996442863495,0.9588706091596264,0.9827701200533572,0.9079590929301912,0.9395286794130724,0.9873277012005336
huihui-ai/Qwen2.5-14B-Instruct-abliterated-v2,0.9928857269897732,0.8732770120053357,0.9818808359270788,0.8200311249444198,0.6184971098265896,0.8742774566473989
huihui-ai/Qwen2.5-72B-Instruct-abliterated,0.998332592263228,0.9951089373054692,0.9975544686527346,0.9857714539795464,0.674744330813695,0.985993775011116
huihui-ai/Qwen2.5-7B-Instruct-abliterated,0.9099599822143176,0.634948866162739,0.9390840373499332,0.7194308581591818,0.3494886616273899,0.7598932859048466
huihui-ai/Qwen2.5-7B-Instruct-abliterated-v2,0.916184971098266,0.6800800355713651,0.9441974210760338,0.661849710982659,0.3810582481102712,0.7641173855046688
huu-ontocord/wide_3b_orpo_stage1.1-ss1-orpo3,0.0516896398399288,0.0415740329035126,0.0716985326811916,0.1066029346376167,0.1990884837705647,0.0782570031124944
iFaz/llama31_8B_en_emo_v4,0.2811249444197421,0.4495331258337038,0.4388617163183637,0.5259004001778568,0.318252556691863,0.3807247665629168
iFaz/llama32_1B_en_emo_v1,0.4786571809693197,0.1602934637616718,0.2194308581591818,0.0262338817252112,0.0853712761227212,0.1900844819919964
iFaz/llama32_3B_en_emo_1000_stp,0.8712761227212095,0.3503779457536683,0.614495331258337,0.3271453979546465,0.1911960871498443,0.4094041796353935
iFaz/llama32_3B_en_emo_2000_stp,0.8832814584259671,0.3532681191640729,0.6259448643841707,0.3861716318363717,0.1564028457092041,0.3990662516674077
iFaz/llama32_3B_en_emo_300_stp,0.8657180969319698,0.3463761671854157,0.638728323699422,0.2944642063139173,0.1911960871498443,0.4206313917296576
iFaz/llama32_3B_en_emo_5000_stp,0.8434859937750111,0.3539350822587817,0.5733659404179635,0.3432636727434415,0.2489995553579368,0.3882836816362828
iFaz/llama32_3B_en_emo_v2,0.6582925744775455,0.2845709204090706,0.5016674077367719,0.2218763895064473,0.3203646064917741,0.3639395286794131
iFaz/llama32_3B_en_emo_v3,0.6967541129390841,0.3010226767452201,0.3679413072476656,0.2218763895064473,0.1811916407292129,0.2899066251667407
iRyanBell/ARC1,0.4793241440640284,0.4157403290351267,0.3708314806580702,0.4969986660738106,0.3837261004891062,0.4811027123165851
iRyanBell/ARC1-II,0.0813694975544686,0.1594041796353935,0.151622943530458,0.2673410404624277,0.9535349044019564,0.1798577145397954
ibivibiv/colossus_120b,0.4479768786127168,0.8383726100489106,0.3138061360604713,0.661849710982659,0.930635838150289,0.7289906625166741
ibivibiv/multimaster-7b-v6,0.4902178746109382,0.6109381947532236,0.3101378390395731,0.6036016007114273,0.7389951089373055,0.3980658070253446
ibm/PowerLM-3b,0.3121387283236994,0.2125389061805246,0.213428190306803,0.3030235660293464,0.2736771898621609,0.2169853268119164
ibm/merlinite-7b,0.2057581147176523,0.5175633614939973,0.1604046242774566,0.5259004001778568,0.7638950644730992,0.3896176078257003
ibm-granite/granite-3.0-1b-a400m-base,0.1817474433081369,0.1178301467318808,0.1716318363717207,0.0262338817252112,0.0723654957759004,0.0694753223654957
ibm-granite/granite-3.0-1b-a400m-instruct,0.3136949755446865,0.1071587372165406,0.1794130724766563,0.1459537572254335,0.1227212094264117,0.1033792796798577
ibm-granite/granite-3.0-2b-base,0.3842819030680302,0.2652289906625166,0.3035793686082703,0.3567140951534015,0.164517563361494,0.2443308136949755
ibm-granite/granite-3.0-2b-instruct,0.6148288128056915,0.3243663850600267,0.451089373054691,0.5560248999555358,0.0402401067140951,0.3130280124499777
ibm-granite/granite-3.0-3b-a800m-base,0.2443308136949755,0.2087594486438417,0.2734548688305914,0.0593597154290795,0.158070253445976,0.2062027567807914
ibm-granite/granite-3.0-3b-a800m-instruct,0.4519786571809693,0.219875500222321,0.3767229879946643,0.3608270342374388,0.0909293019119608,0.226322810137839
ibm-granite/granite-3.0-8b-base,0.5155624722098711,0.4502000889284126,0.4791018230324588,0.7851267229879947,0.5272343263672743,0.4665406847487772
ibm-granite/granite-3.0-8b-instruct,0.6321698532681191,0.5760337927967986,0.6071587372165407,0.8140284570920409,0.3314806580702534,0.5013339261894175
ibm-granite/granite-3.1-1b-a400m-base,0.2112049799911071,0.1291685193419297,0.1759670964873277,0.0593597154290795,0.0723654957759004,0.0573588261449533
ibm-granite/granite-3.1-1b-a400m-instruct,0.5364606491774122,0.1218319253001334,0.2585593597154291,0.0262338817252112,0.0084481991996442,0.0994886616273899
ibm-granite/granite-3.1-2b-base,0.3388172521120498,0.2543352601156069,0.3138061360604713,0.3271453979546465,0.1926411738550467,0.232770120053357
ibm-granite/granite-3.1-2b-instruct,0.7510004446420632,0.325255669186305,0.6242774566473989,0.44086260560249,0.2402178746109382,0.3148065807025345
ibm-granite/granite-3.1-3b-a800m-base,0.2745664739884393,0.2114273010226767,0.2585593597154291,0.3271453979546465,0.0266785237883503,0.1945309026233881
ibm-granite/granite-3.1-3b-a800m-instruct,0.6681858603823921,0.2527790128946198,0.5187861271676301,0.4331925300133392,0.1153846153846153,0.2256558470431302
ibm-granite/granite-3.1-8b-base,0.4373054690973766,0.4039573143619386,0.4578701645175633,0.7603379279679857,0.3992885726989773,0.444642063139173
ibm-granite/granite-3.1-8b-instruct,0.8594931080480214,0.670964873277012,0.7454424188528235,0.6927523343708315,0.9244108492663408,0.5277901289461983
ibm-granite/granite-3.2-2b-instruct,0.7378835037794576,0.3232547799021787,0.6094931080480214,0.4504224099599822,0.2328812805691418,0.3061360604713206
ibm-granite/granite-3.2-8b-instruct,0.8681636282792352,0.6909737661182748,0.7717874610938195,0.7194308581591818,0.8690529124055135,0.5183414851044909
ibm-granite/granite-7b-base,0.1847487772343263,0.1889728768341485,0.117163183637172,0.0262338817252112,0.1621831925300133,0.1998666073810582
ibm-granite/granite-7b-instruct,0.2716763005780346,0.2149844375277901,0.1438417074255224,0.4027345486883059,0.4261894175188973,0.2356602934637616
icefog72/Ice0.15-02.10-RP,0.639284126278346,0.5224544241885283,0.3190306803023566,0.3271453979546465,0.7158737216540685,0.3878390395731436
icefog72/Ice0.16-02.10-RP,0.6046020453534905,0.5020008892841262,0.3261449533125833,0.3432636727434415,0.7398843930635838,0.3889506447309915
icefog72/Ice0.17-03.10-RP,0.6130502445531347,0.5317919075144508,0.3361493997332148,0.3680524677634504,0.73654957759004,0.394064028457092
icefog72/Ice0.27-06.11-RP,0.5764784348599378,0.5673632725655847,0.3138061360604713,0.6927523343708315,0.6894175188972876,0.4228546020453534
icefog72/Ice0.29-06.11-RP,0.5680302356602934,0.5669186305024455,0.3138061360604713,0.5930413517118719,0.7876834148510449,0.3961760782570031
icefog72/Ice0.31-08.11-RP,0.6153846153846154,0.5344597598932859,0.3361493997332148,0.6528457092040907,0.6415073365940418,0.4132947976878612
icefog72/Ice0.32-10.11-RP,0.5753668297020899,0.533348154735438,0.2881280569141841,0.6927523343708315,0.7434415295686972,0.4006224988883948
icefog72/Ice0.34b-14.11-RP,0.5518008003557137,0.5455758114717653,0.3543797243219208,0.6706313917296576,0.7495553579368608,0.4102934637616718
icefog72/Ice0.34n-14.11-RP,0.5578034682080925,0.5604713205869275,0.3855046687416629,0.706980880391285,0.7058692752334371,0.4098488216985327
icefog72/Ice0.37-18.11-RP,0.5858159181858604,0.5540240106714095,0.3508225878168075,0.6927523343708315,0.6658514895509116,0.4184081814139617
icefog72/Ice0.38-19.11-RP,0.4761004891062694,0.565584704313028,0.3073588261449533,0.6130502445531347,0.7132058692752334,0.4168519341929746
icefog72/Ice0.39-19.11-RP,0.5511338372610048,0.5633614939973322,0.2794575366829702,0.6791907514450867,0.6878612716763006,0.4116273899510894
icefog72/Ice0.40-20.11-RP,0.5522454424188529,0.5730324588706092,0.3508225878168075,0.6421742996887505,0.7813472654513117,0.3998443752779013
icefog72/Ice0.41-22.11-RP,0.5230102267674522,0.3901734104046243,0.1947532236549577,0.4181858603823922,0.8634948866162739,0.2741218319253001
icefog72/Ice0.50-16.01-RP,0.4726545131169408,0.519341929746554,0.265562472209871,0.5560248999555358,0.7045353490440196,0.3900622498888395
icefog72/Ice0.50.1-16.01-RP,0.5642507781236105,0.5753668297020899,0.3361493997332148,0.6706313917296576,0.6690751445086706,0.4141840818141396
icefog72/Ice0.51-16.01-RP,0.4829924410849266,0.5538016896398399,0.2881280569141841,0.6130502445531347,0.7894619831036016,0.3858381502890173
icefog72/Ice0.51.1-16.01-RP,0.5125611382836817,0.5895953757225434,0.3508225878168075,0.6321698532681191,0.7289906625166741,0.4024010671409515
icefog72/Ice0.52-16.01-RP,0.496220542463317,0.551578479324144,0.2833481547354379,0.661849710982659,0.7543352601156069,0.3927301022676745
icefog72/Ice0.52.1-16.01-RP,0.5062249888839484,0.5855935971542908,0.344041796353935,0.6036016007114273,0.7247665629168519,0.4028457092040907
icefog72/Ice0.53-16.01-RP,0.5491329479768786,0.5691418408181413,0.3474877723432636,0.661849710982659,0.6690751445086706,0.4127389951089373
icefog72/Ice0.54-17.01-RP,0.4708759448643841,0.4421965317919075,0.2361049355269008,0.6706313917296576,0.9682080924855492,0.2388839484215206
icefog72/Ice0.55-17.01-RP,0.5838150289017341,0.5509115162294353,0.3318141396176078,0.4181858603823922,0.9199644286349488,0.2806803023566029
icefog72/Ice0.57-17.01-RP,0.6157180969319698,0.5511338372610048,0.2881280569141841,0.5259004001778568,0.9095153401511784,0.279568697198755
icefog72/Ice0.60-18.01-RP,0.6456202756780791,0.5735882614495331,0.2991329479768786,0.6130502445531347,0.8901734104046243,0.3190306803023566
icefog72/Ice0.60.1-18.01-RP,0.6202756780791463,0.5880391285015563,0.262338817252112,0.5832592263228101,0.789239662072032,0.337594486438417
icefog72/Ice0.61-18.01-RP,0.6565140062249889,0.5840373499333037,0.265562472209871,0.5455758114717653,0.8986216096042685,0.2890173410404624
icefog72/Ice0.62-18.01-RP,0.6436193863939529,0.5775900400177857,0.3190306803023566,0.5355713650511338,0.8216985326811916,0.3275900400177857
icefog72/Ice0.62.1-24.01-RP,0.6194975544686527,0.5787016451756336,0.3101378390395731,0.5656958648288128,0.8325922632281014,0.3259226322810137
icefog72/Ice0.64-24.01-RP,0.6562916851934193,0.5612494441974211,0.344041796353935,0.6036016007114273,0.8660515784793241,0.3437083148065807
icefog72/Ice0.64.1-24.01-RP,0.6575144508670521,0.5612494441974211,0.344041796353935,0.6036016007114273,0.8660515784793241,0.3437083148065807
icefog72/Ice0.65-25.01-RP,0.595153401511783,0.5929301911960871,0.3543797243219208,0.6130502445531347,0.6629613161405069,0.3614939973321476
icefog72/Ice0.66-25.01-RP,0.634948866162739,0.6024899955535794,0.3318141396176078,0.6421742996887505,0.7872387727879058,0.3782792352156514
icefog72/Ice0.67-25.01-RP,0.6417296576256114,0.5993775011116051,0.3930635838150289,0.4027345486883059,0.6518452645620275,0.3986216096042685
icefog72/Ice0.68-25.01-RP,0.6671854157403291,0.6149399733214762,0.3855046687416629,0.6791907514450867,0.776345042240996,0.3679413072476656
icefog72/Ice0.69-25.01-RP,0.6558470431302801,0.5853712761227212,0.3138061360604713,0.6998666073810582,0.8052467763450423,0.3534904401956425
icefog72/Ice0.7-29.09-RP,0.61827478879502,0.5433526011560693,0.3610493552690084,0.4259670964873277,0.6109381947532236,0.4116273899510894
icefog72/Ice0.70-25.01-RP,0.6652956869719876,0.6157180969319698,0.328479324144064,0.6528457092040907,0.8235882614495331,0.3611605157847932
icefog72/Ice0.70.1-01.02-RP,0.6050466874166296,0.5524677634504224,0.2050911516229435,0.5355713650511338,0.8868385949310805,0.2986883059137394
icefog72/Ice0.73-01.02-RP,0.630057803468208,0.5740329035126723,0.2232103156958648,0.4605380168963984,0.9104046242774566,0.2873499333036905
icefog72/Ice0.74-02.02-RP,0.2678968430413517,0.3795020008892841,0.0334593152512227,0.5162294353045798,0.6361716318363717,0.2246554024010671
icefog72/Ice0.76-02.02-RP,0.5011116051578479,0.5544686527345487,0.1070475767007558,0.4181858603823922,0.7694530902623388,0.2801244997776789
icefog72/Ice0.77-02.02-RP,0.6321698532681191,0.5893730546909738,0.2275455758114717,0.4027345486883059,0.9261894175188972,0.361827478879502
icefog72/Ice0.78-02.02-RP,0.4092930191196087,0.4942196531791907,0.2517785682525567,0.487105380168964,0.8973988439306358,0.3500444642063139
icefog72/Ice0.80-03.02-RP,0.6681858603823921,0.5384615384615384,0.3101378390395731,0.3351489550911516,0.9628723877278792,0.3368163628279235
icefog72/IceCocoaRP-7b,0.5841485104490884,0.5040017785682526,0.3190306803023566,0.5068919519786572,0.5798132503334815,0.3995108937305469
icefog72/IceCoffeeRP-7b,0.5833703868385949,0.4959982214317474,0.3035793686082703,0.4027345486883059,0.5664739884393064,0.3552690084481992
icefog72/IceDrinkByFrankensteinV3RP,0.5862605602489995,0.4775455758114718,0.2833481547354379,0.1567363272565584,0.6649622054246331,0.3420409070698088
icefog72/IceDrinkNameGoesHereRP-7b-Model_Stock,0.585482436638506,0.407514450867052,0.2361049355269008,0.2312138728323699,0.4515340151178301,0.3134726545131169
icefog72/IceDrinkNameNotFoundRP-7b-Model_Stock,0.6140506891951979,0.5411293908403735,0.3318141396176078,0.3271453979546465,0.7517785682525567,0.3872832369942196
icefog72/IceDrunkCherryRP-7b,0.5731436193863939,0.4597598932859048,0.3361493997332148,0.3195864828812805,0.6769675411293908,0.3671631836371721
icefog72/IceDrunkenCherryRP-7b,0.5522454424188529,0.5730324588706092,0.3508225878168075,0.6421742996887505,0.7813472654513117,0.3998443752779013
icefog72/IceEspressoRPv2-7b,0.5864828812805691,0.5649177412183193,0.3403734993330369,0.44086260560249,0.700533570475767,0.3865051133837261
icefog72/IceLemonTeaRP-32k-7b,0.6228323699421965,0.5226767452200978,0.3035793686082703,0.4504224099599822,0.6647398843930635,0.3889506447309915
icefog72/IceMartiniRP-7b,0.5987105380168964,0.5055580257892397,0.3610493552690084,0.3432636727434415,0.7240995998221432,0.3910626945309026
icefog72/IceNalyvkaRP-7b,0.6652956869719876,0.6157180969319698,0.328479324144064,0.6528457092040907,0.8235882614495331,0.3611605157847932
icefog72/IceSakeRP-7b,0.6243886171631836,0.5793686082703424,0.3474877723432636,0.4027345486883059,0.5133392618941752,0.430635838150289
icefog72/IceSakeV4RP-7b,0.5265673632725656,0.4904401956425078,0.3101378390395731,0.4969986660738106,0.4888839484215206,0.4018452645620275
icefog72/IceSakeV6RP-7b,0.5964873277012005,0.53223654957759,0.3403734993330369,0.4605380168963984,0.6222765673632725,0.3968430413517119
icefog72/IceSakeV8RP-7b,0.7308803912850156,0.4826589595375722,0.328479324144064,0.311805246776345,0.411293908403735,0.3676078257003112
icefog72/IceTea21EnergyDrinkRPV13-DPOv3,0.6277234326367275,0.5395731436193864,0.3235882614495331,0.3861716318363717,0.7517785682525567,0.3835037794575366
icefog72/IceTea21EnergyDrinkRPV13-DPOv3.5,0.5704757670075589,0.3390395731436194,0.213428190306803,0.3947309915518008,0.3648288128056914,0.2556691863050244
ifable/gemma-2-Ifable-9B,0.2732325477990218,0.8001333926189418,0.602712316585149,0.848377056469542,0.4104046242774566,0.7670075589150733
ilsp/Llama-Krikri-8B-Instruct,0.7298799466429524,0.4926634059582036,0.5324588706091596,0.5930413517118719,0.5282347710093375,0.4665406847487772
inflatebot/MN-12B-Mag-Mell-R1,0.5217874610938195,0.6173855046687416,0.5762561138283682,0.7256558470431302,0.5904846598488217,0.4958870609159626
informatiker/Qwen2-7B-Instruct-abliterated,0.7027567807914629,0.7761227212094264,0.7915740329035127,0.5744775455758114,0.3230324588706091,0.6925300133392619
insightfactory/Llama-3.2-3B-Instruct-unsloth-bnb-4bitlora_model,0.5165629168519342,0.2612272120942641,0.4906625166740773,0.2673410404624277,0.226878612716763,0.3523788350377946
instruction-pretrain/InstructLM-500M,0.0188972876834148,0.0302356602934637,0.0141173855046687,0.0914851044908848,0.088150289017341,0.0589150733659404
internlm/internlm2-1_8b,0.1499555357936861,0.2227656736327256,0.1477323254779902,0.0262338817252112,0.3893952867941307,0.1604046242774566
internlm/internlm2-7b,0.1616273899510893,0.793019119608715,0.4313028012449977,0.8321476211649622,0.7856825255669186,0.2072032014228546
internlm/internlm2-chat-1_8b,0.1787461093819475,0.3090262338817252,0.2000889284126278,0.203757225433526,0.2279902178746109,0.2009782125389062
internlm/internlm2_5-1_8b-chat,0.3803912850155624,0.3141396176078257,0.6359493108048021,0.4504224099599822,0.2184304135171187,0.1078257003112494
internlm/internlm2_5-20b-chat,0.831702979101823,0.9984437527790128,0.9059582036460648,0.7603379279679857,0.8672743441529569,0.737105380168964
internlm/internlm2_5-7b-chat,0.6707425522454424,0.9875500222321032,0.7820142285460204,0.8701645175633614,0.8541574032903513,0.6405068919519786
intervitens/mini-magnum-12b-v1.1,0.6162738995108937,0.506447309915518,0.3403734993330369,0.4331925300133392,0.3808359270787016,0.4587594486438417
inumulaisk/eval_model,0.1111605157847932,0.1954201867496665,0.8171409515340151,0.3432636727434415,0.1718541574032903,0.1765228990662516
invalid-coder/Sakura-SOLAR-Instruct-CarbonVillain-en-10.7B-v2-slerp,0.5080035571365051,0.578479324144064,0.2765673632725656,0.6229435304579813,0.4235215651400622,0.4200755891507337
invisietch/EtherealRainbow-v0.2-8B,0.3886171631836371,0.5271231658514896,0.4187416629613161,0.5930413517118719,0.3116940862605602,0.5721431747443309
invisietch/EtherealRainbow-v0.3-8B,0.3567140951534015,0.5213428190306802,0.3979546465095598,0.6130502445531347,0.3630502445531347,0.5600266785237884
invisietch/MiS-Firefly-v0.2-22B,0.64517563361494,0.7367718986216096,0.6486216096042685,0.6130502445531347,0.8959537572254336,0.5575811471765229
invisietch/Nimbus-Miqu-v0.1-70B,0.5285682525566918,0.8265895953757225,0.3318141396176078,0.8407069808803913,0.4533125833703868,0.6827478879502001
irahulpandey/mistralai-7B-slerp-v0.1,0.5851489550911516,0.5033348154735438,0.2881280569141841,0.6036016007114273,0.8063583815028902,0.348932859048466
jaredjoss/pythia-410m-roberta-lr_8e7-kl_01-steps_12000-rlhf-model,0.0611382836816362,0.0137839039573143,0.0141173855046687,0.1186082703423744,0.1030457981325033,0.0837038683859493
jaspionjader/Auro-Kosmos-EVAA-v2-8B,0.5555802578923966,0.708092485549133,0.6058248110271232,0.7194308581591818,0.627389951089373,0.6858603823921743
jaspionjader/Auro-Kosmos-EVAA-v2.1-8B,0.5321253890618053,0.7092040907069809,0.6126056024899955,0.661849710982659,0.7072032014228546,0.6680746998666074
jaspionjader/Auro-Kosmos-EVAA-v2.2-8B,0.4457536682970209,0.7012005335704757,0.6058248110271232,0.6791907514450867,0.6420631391729658,0.6518452645620275
jaspionjader/Auro-Kosmos-EVAA-v2.3-8B,0.4464206313917296,0.7047576700755892,0.5911516229435304,0.6927523343708315,0.6903068030235661,0.6452867941307248
jaspionjader/Kosmos-Aurora_faustus-8B,0.4836594041796354,0.6089373054690974,0.512894619831036,0.5068919519786572,0.597821253890618,0.6610715873721654
jaspionjader/Kosmos-EVAA-8B,0.4766562916851934,0.6449533125833704,0.5324588706091596,0.5560248999555358,0.6004891062694531,0.6634059582036461
jaspionjader/Kosmos-EVAA-Franken-Immersive-v39-8B,0.469875500222321,0.5598043574922188,0.5733659404179635,0.7194308581591818,0.6038239217429969,0.7050911516229436
jaspionjader/Kosmos-EVAA-Franken-v38-8B,0.4637616718541574,0.5835927078701645,0.5733659404179635,0.661849710982659,0.6151622943530458,0.7007558915073366
jaspionjader/Kosmos-EVAA-Fusion-8B,0.4804357492218764,0.6847487772343264,0.5930413517118719,0.6321698532681191,0.6665184526456203,0.6868608270342375
jaspionjader/Kosmos-EVAA-PRP-8B,0.3239217429968875,0.5738105824811027,0.4388617163183637,0.6998666073810582,0.6278345931525122,0.5681413961760783
jaspionjader/Kosmos-EVAA-PRP-light-8B,0.3786127167630058,0.6060471320586928,0.5054468652734548,0.6927523343708315,0.5864828812805691,0.6437305469097376
jaspionjader/Kosmos-EVAA-PRP-v23-8B,0.4077367718986216,0.6411738550466874,0.5247887950200089,0.661849710982659,0.7443308136949756,0.6039350822587817
jaspionjader/Kosmos-EVAA-PRP-v24-8B,0.4441974210760337,0.6336149399733215,0.5054468652734548,0.6791907514450867,0.6825255669186305,0.6421742996887505
jaspionjader/Kosmos-EVAA-PRP-v25-8B,0.4808803912850156,0.6429524232992441,0.5352378835037794,0.7379946642952423,0.6889728768341485,0.6073810582481103
jaspionjader/Kosmos-EVAA-PRP-v26-8B,0.4802134281903068,0.6267229879946643,0.5158959537572254,0.6130502445531347,0.6642952423299244,0.6500666963094709
jaspionjader/Kosmos-EVAA-PRP-v27-8B,0.4703201422854602,0.6391729657625611,0.5375722543352601,0.661849710982659,0.733881725211205,0.6261671854157403
jaspionjader/Kosmos-EVAA-PRP-v28-8B,0.466651845264562,0.644064028457092,0.5296798577145398,0.6421742996887505,0.7147621164962206,0.6237216540684749
jaspionjader/Kosmos-EVAA-PRP-v29-8B,0.4936638506002668,0.6362827923521566,0.5409070698088039,0.6791907514450867,0.6373943975100045,0.6321698532681191
jaspionjader/Kosmos-EVAA-PRP-v30-8B,0.4513116940862605,0.6385060026678524,0.5324588706091596,0.6130502445531347,0.6460649177412183,0.7206536238328146
jaspionjader/Kosmos-EVAA-PRP-v31-8B,0.4751000444642063,0.6356158292574478,0.5158959537572254,0.706980880391285,0.6420631391729658,0.7186527345486883
jaspionjader/Kosmos-EVAA-PRP-v32-8B,0.4936638506002668,0.6418408181413962,0.5216763005780347,0.7256558470431302,0.6090484659848822,0.6405068919519786
jaspionjader/Kosmos-EVAA-PRP-v33-8B,0.452645620275678,0.6365051133837261,0.5324588706091596,0.6998666073810582,0.5632503334815474,0.7088706091596265
jaspionjader/Kosmos-EVAA-PRP-v34-8B,0.5097821253890618,0.6460649177412183,0.512894619831036,0.6859715429079591,0.6319475322365495,0.7146509559804357
jaspionjader/Kosmos-EVAA-TSN-8B,0.5445753668297021,0.5704757670075589,0.5911516229435304,0.5930413517118719,0.7060915962650066,0.6622943530457981
jaspionjader/Kosmos-EVAA-TSN-light-8B,0.5355713650511338,0.6067140951534015,0.5473543797243219,0.6130502445531347,0.6707425522454424,0.6559582036460649
jaspionjader/Kosmos-EVAA-TSN-v19-8B,0.5103379279679857,0.6549577590040018,0.5247887950200089,0.6229435304579813,0.6642952423299244,0.6485104490884838
jaspionjader/Kosmos-EVAA-TSN-v20-8B,0.4815473543797243,0.5960426856380614,0.5589150733659404,0.706980880391285,0.597821253890618,0.719875500222321
jaspionjader/Kosmos-EVAA-TSN-v21-8B,0.5335704757670076,0.6098265895953757,0.5375722543352601,0.6927523343708315,0.7285460204535349,0.6622943530457981
jaspionjader/Kosmos-EVAA-TSN-v22-8B,0.5346820809248555,0.6073810582481103,0.5158959537572254,0.6421742996887505,0.6965317919075145,0.6594041796353936
jaspionjader/Kosmos-EVAA-gamma-8B,0.5120053357047577,0.6453979546465095,0.4906625166740773,0.7428857269897733,0.7265451311694087,0.7057581147176523
jaspionjader/Kosmos-EVAA-gamma-alt-8B,0.5048910626945309,0.6333926189417519,0.5035571365051134,0.7804579813250333,0.7127612272120942,0.7033125833703868
jaspionjader/Kosmos-EVAA-gamma-light-8B,0.5148955091151622,0.6605157847932415,0.5054468652734548,0.7256558470431302,0.6923076923076923,0.7229879946642952
jaspionjader/Kosmos-EVAA-gamma-light-alt-8B,0.4868830591373944,0.642507781236105,0.5158959537572254,0.706980880391285,0.7094264117385505,0.713428190306803
jaspionjader/Kosmos-EVAA-gamma-ultra-light-8B,0.5100044464206314,0.629613161405069,0.5324588706091596,0.7256558470431302,0.597821253890618,0.7109826589595376
jaspionjader/Kosmos-EVAA-gamma-v13-8B,0.4824366385060026,0.6562916851934193,0.5101156069364162,0.706980880391285,0.6742996887505558,0.7159848821698532
jaspionjader/Kosmos-EVAA-gamma-v14-8B,0.4713205869275233,0.6594041796353936,0.5054468652734548,0.6998666073810582,0.67207647843486,0.717207647843486
jaspionjader/Kosmos-EVAA-gamma-v15-8B,0.5302356602934638,0.6478434859937751,0.5077812361049355,0.6859715429079591,0.6796353935082259,0.7220987105380169
jaspionjader/Kosmos-EVAA-gamma-v16-8B,0.5088928412627834,0.6505113383726101,0.5296798577145398,0.7194308581591818,0.6654068474877723,0.7120942641173855
jaspionjader/Kosmos-EVAA-gamma-v17-8B,0.4891062694530902,0.6534015117830146,0.5077812361049355,0.6859715429079591,0.684415295686972,0.713428190306803
jaspionjader/Kosmos-EVAA-gamma-v18-8B,0.4606491774121832,0.648955091151623,0.5077812361049355,0.6859715429079591,0.7027567807914629,0.7077590040017786
jaspionjader/Kosmos-EVAA-immersive-sof-v44-8B,0.4782125389061805,0.5626945309026233,0.5352378835037794,0.6706313917296576,0.6090484659848822,0.6997554468652735
jaspionjader/Kosmos-EVAA-v10-8B,0.444642063139173,0.6691863050244553,0.5589150733659404,0.5560248999555358,0.597821253890618,0.6726322810137839
jaspionjader/Kosmos-EVAA-v11-8B,0.4818808359270787,0.6654068474877723,0.5842596709648733,0.7194308581591818,0.5709204090706981,0.6750778123610494
jaspionjader/Kosmos-EVAA-v12-8B,0.469875500222321,0.6589595375722543,0.5961538461538461,0.6706313917296576,0.6090484659848822,0.6750778123610494
jaspionjader/Kosmos-EVAA-v2-8B,0.4740995998221431,0.6582925744775455,0.5842596709648733,0.5355713650511338,0.6090484659848822,0.6685193419297466
jaspionjader/Kosmos-EVAA-v3-8B,0.4791018230324588,0.6560693641618497,0.5868163628279235,0.6229435304579813,0.6319475322365495,0.6651845264562027
jaspionjader/Kosmos-EVAA-v4-8B,0.4504224099599822,0.6578479324144064,0.5611382836816363,0.5656958648288128,0.6090484659848822,0.6629613161405069
jaspionjader/Kosmos-EVAA-v5-8B,0.4886616273899511,0.6569586482881281,0.5632503334815474,0.6036016007114273,0.6090484659848822,0.6647398843930635
jaspionjader/Kosmos-EVAA-v6-8B,0.4740995998221431,0.6705202312138728,0.5733659404179635,0.5832592263228101,0.5709204090706981,0.6647398843930635
jaspionjader/Kosmos-EVAA-v7-8B,0.4484215206758559,0.6567363272565585,0.5890395731436194,0.6229435304579813,0.5709204090706981,0.6750778123610494
jaspionjader/Kosmos-EVAA-v8-8B,0.4722098710538017,0.6642952423299244,0.5791462872387728,0.6036016007114273,0.6437305469097376,0.6689639839928857
jaspionjader/Kosmos-EVAA-v9-8B,0.4673188083592708,0.6622943530457981,0.5689195197865718,0.6321698532681191,0.5851489550911516,0.6640729212983548
jaspionjader/Kosmos-EVAA-v9-TitanFusion-Mix-8B,0.449421965317919,0.7407736771898622,0.5216763005780347,0.4259670964873277,0.7165406847487772,0.6756336149399733
jaspionjader/Kosmos-Elusive-8b,0.4265228990662517,0.6576256113828368,0.5632503334815474,0.6528457092040907,0.5045575811471765,0.628501556247221
jaspionjader/Kosmos-Elusive-VENN-8B,0.4389728768341485,0.6640729212983548,0.5589150733659404,0.5560248999555358,0.5361271676300579,0.6514006224988884
jaspionjader/Kosmos-Elusive-VENN-Asymmetric-8B,0.5046687416629613,0.6469542018674966,0.5911516229435304,0.4969986660738106,0.6379502000889284,0.6776345042240997
jaspionjader/Kosmos-Elusive-VENN-Aurora_faustus-8B,0.4595375722543353,0.6396176078257003,0.512894619831036,0.5068919519786572,0.6168297020898177,0.6505113383726101
jaspionjader/Kosmos-VENN-8B,0.4583148065807025,0.6542907959092931,0.6058248110271232,0.4789906625166741,0.5820364606491775,0.6535126722987995
jaspionjader/PRP-Kosmos-EVAA-8B,0.3501556247220987,0.6009337483325923,0.4614273010226767,0.6706313917296576,0.6002667852378835,0.632836816362828
jaspionjader/PRP-Kosmos-EVAA-light-8B,0.4560915962650066,0.6240551356158293,0.5054468652734548,0.7655624722098711,0.5778123610493553,0.5613606047132059
jaspionjader/TSN-Kosmos-EVAA-8B,0.5738105824811027,0.6620720320142286,0.6106047132058693,0.7541129390840373,0.5883726100489106,0.6716318363717207
jaspionjader/TSN-Kosmos-EVAA-v2-8B,0.5326811916407292,0.6574032903512672,0.4987772343263673,0.7655624722098711,0.6551800800355714,0.6303912850155625
jaspionjader/bbb-1,0.5690306803023566,0.6609604268563806,0.5961538461538461,0.706980880391285,0.5632503334815474,0.7039795464650956
jaspionjader/bbb-2,0.4124055135615829,0.4884393063583815,0.512894619831036,0.5832592263228101,0.6856380613606047,0.562361049355269
jaspionjader/bbb-3,0.4260782570031124,0.5331258337038683,0.604268563806136,0.6859715429079591,0.6749666518452646,0.684415295686972
jaspionjader/bbb-4,0.5534682080924855,0.5700311249444198,0.5689195197865718,0.5355713650511338,0.5511338372610048,0.6373943975100045
jaspionjader/bbb-5,0.5412405513561583,0.5635838150289018,0.602712316585149,0.6130502445531347,0.4759893285904846,0.6738550466874166
jaspionjader/bbb-6,0.5710315695864829,0.5642507781236105,0.6009337483325923,0.6791907514450867,0.5292352156514006,0.6915295686971987
jaspionjader/bbb-7,0.5638061360604714,0.5575811471765229,0.5961538461538461,0.6791907514450867,0.5114495331258337,0.6868608270342375
jaspionjader/bh-1,0.449977767896843,0.8061360604713206,0.2991329479768786,0.4969986660738106,0.8050244553134727,0.4995553579368608
jaspionjader/bh-10,0.5222321031569587,0.7981325033348154,0.5054468652734548,0.5656958648288128,0.5543574922187638,0.604268563806136
jaspionjader/bh-11,0.5131169408626056,0.7963539350822588,0.5324588706091596,0.6421742996887505,0.512894619831036,0.620386838594931
jaspionjader/bh-12,0.5480213428190307,0.7927967985771454,0.5352378835037794,0.5656958648288128,0.489773232547799,0.6190529124055135
jaspionjader/bh-13,0.5396843041351712,0.7912405513561583,0.512894619831036,0.6421742996887505,0.5142285460204535,0.6147176522899066
jaspionjader/bh-15,0.5497999110715873,0.7934637616718542,0.5589150733659404,0.5455758114717653,0.4663183637172076,0.6337261004891063
jaspionjader/bh-16,0.5477990217874611,0.7907959092930191,0.5375722543352601,0.5930413517118719,0.5223432636727434,0.6396176078257003
jaspionjader/bh-17,0.545131169408626,0.7890173410404624,0.5158959537572254,0.5355713650511338,0.5114495331258337,0.626834148510449
jaspionjader/bh-18,0.5460204535349044,0.7939084037349934,0.5352378835037794,0.5656958648288128,0.5429079590929302,0.626834148510449
jaspionjader/bh-19,0.5157847932414407,0.7887950200088928,0.5375722543352601,0.5259004001778568,0.5395731436193864,0.6386171631836371
jaspionjader/bh-2,0.5143397065362383,0.8099155180080035,0.4844375277901289,0.5744775455758114,0.5477990217874611,0.5972654513116941
jaspionjader/bh-20,0.5467985771453979,0.7879057358826145,0.5409070698088039,0.4259670964873277,0.4663183637172076,0.6352823477100934
jaspionjader/bh-21,0.5404624277456648,0.7876834148510449,0.5473543797243219,0.5355713650511338,0.5395731436193864,0.6396176078257003
jaspionjader/bh-22,0.5185638061360605,0.7910182303245887,0.5352378835037794,0.5162294353045798,0.5331258337038683,0.6315028901734104
jaspionjader/bh-23,0.5309026233881725,0.7823477100933748,0.5409070698088039,0.4969986660738106,0.5632503334815474,0.6509559804357492
jaspionjader/bh-24,0.5433526011560693,0.785460204535349,0.566140506891952,0.5162294353045798,0.5326811916407292,0.6585148955091151
jaspionjader/bh-25,0.5509115162294353,0.7843485993775011,0.5158959537572254,0.4605380168963984,0.5045575811471765,0.6443975100044464
jaspionjader/bh-26,0.5381280569141841,0.7861271676300579,0.5275678079146288,0.5560248999555358,0.6642952423299244,0.6367274344152957
jaspionjader/bh-27,0.5631391729657625,0.7836816362827923,0.5689195197865718,0.5162294353045798,0.5045575811471765,0.6524010671409516
jaspionjader/bh-28,0.5573588261449534,0.7832369942196532,0.5529124055135616,0.5455758114717653,0.5215651400622499,0.6601823032458871
jaspionjader/bh-29,0.5372387727879058,0.7819030680302357,0.5441307247665629,0.5068919519786572,0.6244997776789685,0.6636282792352156
jaspionjader/bh-3,0.5317919075144508,0.8050244553134727,0.5216763005780347,0.5832592263228101,0.5300133392618942,0.6013783903957315
jaspionjader/bh-30,0.5324588706091596,0.7834593152512228,0.5529124055135616,0.4789906625166741,0.5519119608714984,0.6437305469097376
jaspionjader/bh-31,0.5467985771453979,0.7776789684304135,0.5711427301022677,0.487105380168964,0.4978879502000889,0.6640729212983548
jaspionjader/bh-32,0.52690084481992,0.7794575366829702,0.5589150733659404,0.5259004001778568,0.5442418852823477,0.6601823032458871
jaspionjader/bh-33,0.536016007114273,0.7781236104935527,0.5324588706091596,0.5162294353045798,0.5767007558915074,0.6578479324144064
jaspionjader/bh-34,0.5247887950200089,0.7810137839039573,0.5441307247665629,0.4699866607381058,0.5798132503334815,0.6552912405513561
jaspionjader/bh-35,0.5445753668297021,0.7759004001778568,0.5589150733659404,0.5068919519786572,0.5230102267674522,0.6706313917296576
jaspionjader/bh-36,0.5321253890618053,0.780124499777679,0.5556914184081814,0.5832592263228101,0.6038239217429969,0.6716318363717207
jaspionjader/bh-37,0.5710315695864829,0.7710093374833259,0.5473543797243219,0.4969986660738106,0.5400177856825256,0.6695197865718097
jaspionjader/bh-38,0.5220097821253891,0.7792352156514006,0.5556914184081814,0.5355713650511338,0.5087816807469987,0.6590706980880391
jaspionjader/bh-39,0.5133392618941752,0.7732325477990218,0.5611382836816363,0.5656958648288128,0.6339484215206759,0.6726322810137839
jaspionjader/bh-4,0.5341262783459315,0.8048021342819031,0.5035571365051134,0.5162294353045798,0.5255669186305024,0.6033792796798577
jaspionjader/bh-40,0.5030013339261894,0.7734548688305913,0.5589150733659404,0.5455758114717653,0.5940417963539351,0.6744108492663407
jaspionjader/bh-41,0.548910626945309,0.7694530902623388,0.5611382836816363,0.4789906625166741,0.5723654957759003,0.6670742552245442
jaspionjader/bh-42,0.5311249444197421,0.7767896843041352,0.566140506891952,0.5162294353045798,0.5578034682080925,0.6601823032458871
jaspionjader/bh-43,0.5185638061360605,0.7741218319253002,0.5556914184081814,0.4969986660738106,0.5525789239662072,0.6640729212983548
jaspionjader/bh-44,0.5420186749666518,0.7772343263672743,0.5473543797243219,0.5162294353045798,0.625833703868386,0.6738550466874166
jaspionjader/bh-46,0.5467985771453979,0.772565584704313,0.5689195197865718,0.5162294353045798,0.6187194308581592,0.6655180080035571
jaspionjader/bh-47,0.5299021787461093,0.7438861716318363,0.5689195197865718,0.4969986660738106,0.5723654957759003,0.6835260115606936
jaspionjader/bh-48,0.5372387727879058,0.7443308136949756,0.5611382836816363,0.4969986660738106,0.5525789239662072,0.6868608270342375
jaspionjader/bh-49,0.5460204535349044,0.7434415295686972,0.5409070698088039,0.4969986660738106,0.5455758114717653,0.6578479324144064
jaspionjader/bh-5,0.5299021787461093,0.8043574922187638,0.4926634059582036,0.5560248999555358,0.5437972432192085,0.6013783903957315
jaspionjader/bh-50,0.5460204535349044,0.755891507336594,0.5441307247665629,0.487105380168964,0.5195642507781236,0.6776345042240997
jaspionjader/bh-51,0.5256780791462873,0.7543352601156069,0.5556914184081814,0.4789906625166741,0.5818141396176079,0.6726322810137839
jaspionjader/bh-52,0.5033348154735438,0.701645175633615,0.5409070698088039,0.4699866607381058,0.5864828812805691,0.6784126278345931
jaspionjader/bh-53,0.5558025789239662,0.7200978212538907,0.566140506891952,0.5504668741662961,0.6213872832369942,0.6858603823921743
jaspionjader/bh-54,0.5662516674077368,0.7449977767896843,0.5733659404179635,0.4969986660738106,0.5366829702089818,0.6670742552245442
jaspionjader/bh-55,0.542463317029791,0.7516674077367719,0.5711427301022677,0.6321698532681191,0.5989328590484659,0.6798577145397955
jaspionjader/bh-56,0.5185638061360605,0.7065362383281458,0.5529124055135616,0.5656958648288128,0.533348154735438,0.6790795909293019
jaspionjader/bh-57,0.476878612716763,0.6887505558025789,0.5632503334815474,0.6036016007114273,0.6437305469097376,0.7033125833703868
jaspionjader/bh-58,0.5256780791462873,0.6994219653179191,0.5842596709648733,0.6321698532681191,0.6168297020898177,0.7033125833703868
jaspionjader/bh-59,0.4608714984437528,0.7298799466429524,0.6277234326367275,0.7194308581591818,0.568252556691863,0.6758559359715429
jaspionjader/bh-6,0.5234548688305913,0.8065807025344598,0.5016674077367719,0.5560248999555358,0.5604713205869275,0.5993775011116051
jaspionjader/bh-60,0.4337483325922632,0.6607381058248111,0.6346153846153846,0.7851267229879947,0.8005780346820809,0.5939306358381503
jaspionjader/bh-61,0.4418630502445531,0.6189417518897288,0.6569586482881281,0.7428857269897733,0.8552690084481992,0.5882614495331259
jaspionjader/bh-62,0.4235215651400622,0.6689639839928857,0.6428412627834593,0.7541129390840373,0.82258781680747,0.6089373054690974
jaspionjader/bh-63,0.453757225433526,0.4450867052023121,0.5077812361049355,0.5930413517118719,0.8499333036905291,0.4471987550022232
jaspionjader/bh-64,0.4221876389506447,0.6611827478879502,0.629613161405069,0.7603379279679857,0.8454868830591374,0.5955980435749222
jaspionjader/bh-7,0.5247887950200089,0.8019119608714984,0.5187861271676301,0.6036016007114273,0.4670964873277012,0.6066029346376167
jaspionjader/bh-8,0.5171187194308582,0.8056914184081814,0.5324588706091596,0.5744775455758114,0.659626500666963,0.6096042685638061
jaspionjader/bh-9,0.4973321476211649,0.7985771453979547,0.5247887950200089,0.5832592263228101,0.4926634059582036,0.6021565140062249
jaspionjader/dp-6-8b,0.5602489995553579,0.6233881725211204,0.5868163628279235,0.6528457092040907,0.7923521565140063,0.7039795464650956
jaspionjader/dp-7-8b,0.4955535793686083,0.6198310360160071,0.5632503334815474,0.6321698532681191,0.7712316585148955,0.7180969319697643
jaspionjader/ek-6,0.5277901289461983,0.5646954201867497,0.5842596709648733,0.661849710982659,0.597821253890618,0.6879724321920854
jaspionjader/ek-7,0.5531347265451312,0.5504668741662961,0.5868163628279235,0.7256558470431302,0.6090484659848822,0.6994219653179191
jaspionjader/f-1-8b,0.588150289017341,0.5500222321031569,0.5711427301022677,0.661849710982659,0.8471542907959093,0.7083148065807026
jaspionjader/f-2-8b,0.5633614939973322,0.627389951089373,0.5296798577145398,0.5560248999555358,0.8392618941751889,0.7293241440640285
jaspionjader/f-3-8b,0.5600266785237884,0.6096042685638061,0.5473543797243219,0.706980880391285,0.7852378835037794,0.7269897732325478
jaspionjader/f-4-8b,0.5590262338817252,0.61827478879502,0.5216763005780347,0.661849710982659,0.844597598932859,0.7272120942641174
jaspionjader/f-5-8b,0.5982658959537572,0.638728323699422,0.5556914184081814,0.661849710982659,0.812361049355269,0.7255446865273455
jaspionjader/f-6-8b,0.5666963094708759,0.5973766118274789,0.5375722543352601,0.6528457092040907,0.8132503334815474,0.7213205869275233
jaspionjader/f-7-8b,0.4891062694530902,0.6071587372165407,0.5556914184081814,0.6998666073810582,0.684971098265896,0.719875500222321
jaspionjader/f-8-8b,0.5486883059137394,0.600044464206314,0.5506891951978657,0.6706313917296576,0.7212094264117386,0.7218763895064473
jaspionjader/f-9-8b,0.519341929746554,0.6213872832369942,0.5762561138283682,0.6321698532681191,0.8141396176078257,0.7234326367274344
jaspionjader/fct-14-8b,0.4206313917296576,0.5749221876389506,0.5409070698088039,0.7256558470431302,0.5834815473543797,0.6939751000444642
jaspionjader/fct-9-8b,0.4629835482436638,0.561805246776345,0.5375722543352601,0.6528457092040907,0.684415295686972,0.7175411293908404
jaspionjader/fr-1-8b,0.4348599377501111,0.5542463317029791,0.5101156069364162,0.6229435304579813,0.624722098710538,0.5525789239662072
jaspionjader/fr-10-8b,0.4757670075589151,0.5558025789239662,0.5506891951978657,0.7323254779902179,0.4828812805691418,0.6889728768341485
jaspionjader/fr-3-8b,0.4572032014228546,0.5975989328590484,0.5158959537572254,0.6229435304579813,0.6151622943530458,0.6889728768341485
jaspionjader/gamma-Kosmos-EVAA-8B,0.4428634948866162,0.6087149844375278,0.4438639395286794,0.706980880391285,0.7819030680302357,0.6396176078257003
jaspionjader/gamma-Kosmos-EVAA-v2-8B,0.4389728768341485,0.6142730102267675,0.4926634059582036,0.7541129390840373,0.7296576256113828,0.6265006669630947
jaspionjader/gamma-Kosmos-EVAA-v3-8B,0.4587594486438417,0.6122721209426412,0.5077812361049355,0.6998666073810582,0.6289461983103601,0.70431302801245
jaspionjader/knf-2-8b,0.4428634948866162,0.5615829257447754,0.5409070698088039,0.6791907514450867,0.575811471765229,0.6936416184971098
jaspionjader/knfp-2-8b,0.6351711871943085,0.6422854602045354,0.6077145397954646,0.4789906625166741,0.6026011560693642,0.6132725655847043
jaspionjader/knfp-3-8b,0.5818141396176079,0.5620275678079146,0.5506891951978657,0.6421742996887505,0.6026011560693642,0.697309915518008
jaspionjader/kstc-1-8b,0.5280124499777679,0.5660293463761672,0.5296798577145398,0.7323254779902179,0.5588039128501556,0.7014228546020453
jaspionjader/kstc-11-8b,0.5514673188083593,0.5569141840818141,0.5409070698088039,0.5930413517118719,0.5519119608714984,0.6960871498443753
jaspionjader/kstc-4-8b,0.5542463317029791,0.572032014228546,0.5556914184081814,0.6036016007114273,0.5588039128501556,0.6906402845709204
jaspionjader/kstc-5-8b,0.5442418852823477,0.5675855935971543,0.5762561138283682,0.7194308581591818,0.653179190751445,0.7014228546020453
jaspionjader/kstc-6-8b,0.5814806580702534,0.5733659404179635,0.5589150733659404,0.5560248999555358,0.5890395731436194,0.6850822587816807
jaspionjader/kstc-8-8b,0.5751445086705202,0.587149844375278,0.5791462872387728,0.6229435304579813,0.6283903957314362,0.7002000889284127
jaspionjader/kstc-9-8b,0.5683637172076479,0.5838150289017341,0.5942641173855047,0.5744775455758114,0.5588039128501556,0.6919742107603379
jaspionjader/slu-10,0.4647621164962205,0.5162294353045798,0.4667630057803468,0.706980880391285,0.3701645175633615,0.5769230769230769
jaspionjader/slu-11,0.3641618497109826,0.4557581147176522,0.3101378390395731,0.6036016007114273,0.3893952867941307,0.4828812805691418
jaspionjader/slu-13,0.4703201422854602,0.5117830146731881,0.4135171187194308,0.6528457092040907,0.3427078701645175,0.5412405513561583
jaspionjader/slu-14,0.4165184526456202,0.5124499777678968,0.4667630057803468,0.6528457092040907,0.3617163183637172,0.5602489995553579
jaspionjader/slu-17,0.4366385060026678,0.5088928412627834,0.4299688750555802,0.661849710982659,0.3470431302801245,0.5573588261449534
jaspionjader/slu-2,0.4032903512672299,0.4784348599377501,0.3474877723432636,0.5455758114717653,0.4270787016451756,0.516674077367719
jaspionjader/slu-20,0.4737661182747888,0.4908848377056469,0.4336371720764784,0.661849710982659,0.433303690529124,0.5783681636282793
jaspionjader/slu-22,0.4560915962650066,0.5002223210315696,0.4089595375722543,0.7256558470431302,0.3848377056469542,0.5704757670075589
jaspionjader/slu-23,0.4908848377056469,0.5275678079146288,0.4578701645175633,0.6130502445531347,0.5144508670520231,0.61293908403735
jaspionjader/slu-25,0.4957759004001779,0.5151178301467318,0.4238550466874166,0.661849710982659,0.3893952867941307,0.5915962650066696
jaspionjader/slu-29,0.4829924410849266,0.5157847932414407,0.4336371720764784,0.6421742996887505,0.3965095598043575,0.5814806580702534
jaspionjader/slu-32,0.4988883948421521,0.5375722543352601,0.4959982214317474,0.5832592263228101,0.4781013783903957,0.632836816362828
jaspionjader/slu-33,0.4881058248110271,0.4991107158737216,0.4751000444642063,0.6927523343708315,0.3701645175633615,0.5882614495331259
jaspionjader/slu-34,0.4620942641173855,0.5011116051578479,0.4751000444642063,0.6528457092040907,0.3767229879946643,0.6096042685638061
jaspionjader/slu-35,0.4411960871498444,0.5153401511783015,0.4791018230324588,0.6927523343708315,0.4288572698977323,0.5857047576700756
jaspionjader/slu-36,0.4993330369052912,0.5062249888839484,0.446754112939084,0.6927523343708315,0.4162961316140507,0.6058248110271232
jaspionjader/slu-37,0.502667852378835,0.5122276567363273,0.4667630057803468,0.6421742996887505,0.3965095598043575,0.5972654513116941
jaspionjader/slu-6,0.4187416629613161,0.5140062249888839,0.4578701645175633,0.5930413517118719,0.4434192974655402,0.5532458870609159
jaspionjader/slu-mix-1,0.5115606936416185,0.5831480658070254,0.5101156069364162,0.5656958648288128,0.6931969764339706,0.7167630057803468
jaspionjader/sof-1,0.4542018674966652,0.4733214762116496,0.5187861271676301,0.5930413517118719,0.4622054246331703,0.584926634059582
jaspionjader/sof-10,0.5289017341040463,0.5495775900400178,0.5556914184081814,0.6321698532681191,0.5442418852823477,0.6931969764339706
jaspionjader/sof-3,0.5273454868830592,0.5497999110715873,0.5689195197865718,0.5259004001778568,0.5798132503334815,0.6601823032458871
jaspionjader/sof-6,0.4629835482436638,0.5555802578923966,0.5762561138283682,0.5560248999555358,0.5632503334815474,0.6790795909293019
jaspionjader/test-10,0.5138950644730992,0.6351711871943085,0.5187861271676301,0.7479991107158738,0.6445086705202312,0.719875500222321
jaspionjader/test-11,0.5044464206313918,0.6540684748777235,0.5409070698088039,0.7750111160515785,0.6840818141396177,0.7213205869275233
jaspionjader/test-12,0.4670964873277012,0.651622943530458,0.4987772343263673,0.7428857269897733,0.6356158292574478,0.7192085371276122
jaspionjader/test-13,0.5148955091151622,0.6353935082258781,0.4926634059582036,0.7256558470431302,0.6579590929301912,0.7192085371276122
jaspionjader/test-14,0.485993775011116,0.6393952867941307,0.5054468652734548,0.7138728323699421,0.7156514006224989,0.7159848821698532
jaspionjader/test-15,0.4659848821698533,0.6456202756780791,0.5101156069364162,0.6927523343708315,0.6607381058248111,0.7159848821698532
jaspionjader/test-16,0.5178968430413518,0.6442863494886616,0.5035571365051134,0.706980880391285,0.610715873721654,0.7167630057803468
jaspionjader/test-17,0.4453090262338817,0.6465095598043575,0.5054468652734548,0.6998666073810582,0.6787461093819476,0.7153179190751445
jaspionjader/test-18,0.4733214762116496,0.633837261004891,0.5216763005780347,0.6927523343708315,0.6420631391729658,0.7167630057803468
jaspionjader/test-19,0.4755446865273455,0.637616718541574,0.5035571365051134,0.6706313917296576,0.6579590929301912,0.7153179190751445
jaspionjader/test-20,0.5014450867052023,0.6420631391729658,0.5101156069364162,0.706980880391285,0.6379502000889284,0.7126500666963095
jayasuryajsk/Qwen2.5-3B-reasoner,0.4244108492663406,0.3868385949310804,0.72309915518008,0.5832592263228101,0.5168963983992886,0.5094486438417074
jeanmichela/o-distil-qwen,0.4921076033792796,0.7959092930191196,0.9937750111160516,0.980658070253446,0.9968875055580256,0.8547132058692752
jebcarter/psyonic-cetacean-20B,0.2178746109381947,0.4464206313917296,0.1296131614050689,0.2853490440195642,0.8734993330369053,0.3297020898176968
jebish7/Llama-3-Nanda-10B-Chat,0.2696754112939084,0.502667852378835,0.3101378390395731,0.5744775455758114,0.7083148065807026,0.4239662072032014
jebish7/Llama-3.1-8B-Instruct,0.6019341929746554,0.4888839484215206,0.629613161405069,0.7603379279679857,0.4097376611827479,0.6411738550466874
jebish7/Nemotron-4-Mini-Hindi-4B-Base,0.1627389951089373,0.2338817252112049,0.1759670964873277,0.3861716318363717,0.5306803023566029,0.2567807914628724
jebish7/Nemotron-4-Mini-Hindi-4B-Instruct,0.3158070253445976,0.2492218763895064,0.183303690529124,0.661849710982659,0.4659848821698533,0.2704535349044019
jebish7/Nemotron-Mini-4B-Instruct,0.3621609604268563,0.2905735882614495,0.2000889284126278,0.311805246776345,0.9079590929301912,0.3058025789239662
jebish7/aya-expanse-8b,0.3739439751000444,0.4599822143174744,0.4162961316140507,0.3861716318363717,0.309693196976434,0.4018452645620275
jebish7/gemma-2-2b-it,0.0300133392618941,0.3128056914184082,0.2050911516229435,0.5259004001778568,0.6371720764784349,0.2909070698088039
jebish7/gemma-2-9b-it,0.05913739439751,0.8154735437972432,0.426856380613606,0.8701645175633614,0.8530457981325034,0.7545575811471765
jebish7/qwen2.5-0.5B-IHA-Hin,0.0433526011560693,0.0442418852823477,0.0141173855046687,0.06447309915518,0.0402401067140951,0.0100044464206313
jeffmeloy/Qwen-7B-nerd-uncensored-v1.0,0.73654957759004,0.6749666518452646,0.8080257892396621,0.7966874166296132,0.9221876389506448,0.7944642063139173
jeffmeloy/Qwen2.5-7B-minperplexity-2,0.6101600711427301,0.7621164962205424,0.8196976433970654,0.6859715429079591,0.8737216540684749,0.7882392174299688
jeffmeloy/Qwen2.5-7B-nerd-uncensored-v0.9,0.7263228101378391,0.6963094708759449,0.8149177412183193,0.7700088928412628,0.9399733214762116,0.7949088483770564
jeffmeloy/Qwen2.5-7B-nerd-uncensored-v1.0,0.9293019119608716,0.6938639395286794,0.9488661627389952,0.4504224099599822,0.8701645175633614,0.7718986216096043
jeffmeloy/Qwen2.5-7B-nerd-uncensored-v1.1,0.7847932414406403,0.4179635393508226,0.5868163628279235,0.4181858603823922,0.2598932859048466,0.6810804802134282
jeffmeloy/Qwen2.5-7B-nerd-uncensored-v1.2,0.5848154735437973,0.4410849266340595,0.5441307247665629,0.6036016007114273,0.5551356158292574,0.7308803912850156
jeffmeloy/Qwen2.5-7B-nerd-uncensored-v1.3,0.5900400177856825,0.4793241440640284,0.5529124055135616,0.6998666073810582,0.5909293019119609,0.7399955535793686
jeffmeloy/Qwen2.5-7B-nerd-uncensored-v1.4,0.7298799466429524,0.6987550022232103,0.8039128501556247,0.7750111160515785,0.8968430413517119,0.8183637172076479
jeffmeloy/Qwen2.5-7B-nerd-uncensored-v1.5,0.6858603823921743,0.7321031569586482,0.798354824366385,0.7922409959982214,0.9788795020008892,0.8245887060915963
jeffmeloy/Qwen2.5-7B-nerd-uncensored-v1.7,0.4321920853712761,0.665629168519342,0.8105824811027124,0.7750111160515785,0.9608714984437527,0.7756780791462873
jeffmeloy/Qwen2.5-7B-nerd-uncensored-v1.8,0.7476656291685193,0.6891951978657181,0.7947976878612717,0.7750111160515785,0.9141840818141396,0.7876834148510449
jeffmeloy/Qwen2.5-7B-olm-v1.0,0.6367274344152957,0.7814584259670965,0.8072476656291685,0.7541129390840373,0.605380168963984,0.8455980435749222
jeffmeloy/Qwen2.5-7B-olm-v1.1,0.4579813250333481,0.7156514006224989,0.88706091596265,0.661849710982659,0.9348599377501112,0.7906847487772344
jeffmeloy/Qwen2.5-7B-olm-v1.2,0.4328590484659849,0.7498888394842153,0.8065807025344598,0.7323254779902179,0.8930635838150289,0.8066918630502445
jeffmeloy/Qwen2.5-7B-olm-v1.3,0.4368608270342374,0.7476656291685193,0.8253668297020899,0.7603379279679857,0.9015117830146732,0.8299244108492664
jeffmeloy/Qwen2.5-7B-olm-v1.4,0.5053357047576701,0.7561138283681637,0.8120275678079146,0.6927523343708315,0.8775011116051579,0.8264784348599378
jeffmeloy/Qwen2.5-7B-olm-v1.5,0.5055580257892397,0.7556691863050244,0.8043574922187638,0.8431525122276567,0.829035126722988,0.811805246776345
jeffmeloy/jeffmeloy_Qwen2.5-7B-minperplexity-1,0.3690529124055136,0.7770120053357048,0.8105824811027124,0.8140284570920409,0.644064028457092,0.7974655402401067
jeonsworld/CarbonVillain-en-10.7B-v4,0.5143397065362383,0.5862605602489995,0.265562472209871,0.6321698532681191,0.4032903512672299,0.4175188972876834
jiangxinyang-shanda/Homer-LLama3-8B,0.4004001778568252,0.5815918185860383,0.4324144064028457,0.5259004001778568,0.4477545575811472,0.4162961316140507
jieliu/Storm-7B,0.3262561138283681,0.6076033792796799,0.3361493997332148,0.6528457092040907,0.7970208981769675,0.408070253445976
jiviai/medX_v2,0.3663850600266785,0.3199199644286349,0.3035793686082703,0.7700088928412628,0.1357269897732325,0.4941084926634059
jlzhou/Qwen2.5-3B-Infinity-Instruct-0625,0.3414851044908848,0.4248554913294797,0.5961538461538461,0.2396620720320142,0.3830591373943975,0.4379724321920853
johnsutor/Llama-3-8B-Instruct_breadcrumbs-density-0.1-gamma-0.01,0.4464206313917296,0.5006669630947087,0.2585593597154291,0.7655624722098711,0.895731436193864,0.6211649622054246
johnsutor/Llama-3-8B-Instruct_breadcrumbs-density-0.1-gamma-0.1,0.4439751000444642,0.4715429079590929,0.4637616718541574,0.5744775455758114,0.5505780346820809,0.6126056024899955
johnsutor/Llama-3-8B-Instruct_breadcrumbs-density-0.3-gamma-0.01,0.3203646064917741,0.4559804357492218,0.0780346820809248,0.6927523343708315,0.9779902178746108,0.5266785237883503
johnsutor/Llama-3-8B-Instruct_breadcrumbs-density-0.3-gamma-0.1,0.4475322365495776,0.5373499333036905,0.4135171187194308,0.661849710982659,0.5984882169853268,0.6211649622054246
johnsutor/Llama-3-8B-Instruct_breadcrumbs-density-0.5-gamma-0.01,0.2979101823032459,0.4415295686971988,0.0420186749666518,0.5832592263228101,0.9837705646954202,0.4735437972432192
johnsutor/Llama-3-8B-Instruct_breadcrumbs-density-0.5-gamma-0.1,0.4744330813694976,0.5475767007558915,0.411293908403735,0.6421742996887505,0.7627834593152513,0.5979324144064029
johnsutor/Llama-3-8B-Instruct_breadcrumbs-density-0.7-gamma-0.01,0.2543352601156069,0.4299688750555802,0.0364606491774121,0.4504224099599822,0.990884837705647,0.4600933748332592
johnsutor/Llama-3-8B-Instruct_breadcrumbs-density-0.7-gamma-0.1,0.4530902623388173,0.55913739439751,0.344041796353935,0.6528457092040907,0.708092485549133,0.5763672743441529
johnsutor/Llama-3-8B-Instruct_breadcrumbs-density-0.9-gamma-0.01,0.2515562472209871,0.4321920853712761,0.0334593152512227,0.4969986660738106,0.9888839484215208,0.4629835482436638
johnsutor/Llama-3-8B-Instruct_breadcrumbs-density-0.9-gamma-0.1,0.4377501111605157,0.5573588261449534,0.3902845709204091,0.6528457092040907,0.753223654957759,0.5704757670075589
johnsutor/Llama-3-8B-Instruct_breadcrumbs_ties-density-0.1-gamma-0.01,0.4642063139172965,0.5,0.2734548688305914,0.6791907514450867,0.8570475767007559,0.6303912850155625
johnsutor/Llama-3-8B-Instruct_breadcrumbs_ties-density-0.1-gamma-0.1,0.4321920853712761,0.4684304135171187,0.469875500222321,0.5656958648288128,0.5505780346820809,0.5998221431747444
johnsutor/Llama-3-8B-Instruct_breadcrumbs_ties-density-0.3-gamma-0.01,0.3380391285015562,0.4868830591373944,0.1572921298354824,0.6321698532681191,0.953757225433526,0.5532458870609159
johnsutor/Llama-3-8B-Instruct_breadcrumbs_ties-density-0.3-gamma-0.1,0.4335260115606936,0.5262338817252112,0.4368608270342374,0.6130502445531347,0.6427301022676746,0.605380168963984
johnsutor/Llama-3-8B-Instruct_breadcrumbs_ties-density-0.5-gamma-0.01,0.3300355713650511,0.4937750111160516,0.151622943530458,0.5259004001778568,0.9646509559804356,0.5260115606936416
johnsutor/Llama-3-8B-Instruct_breadcrumbs_ties-density-0.5-gamma-0.1,0.4150733659404179,0.5415740329035127,0.4135171187194308,0.5068919519786572,0.7325477990217875,0.5814806580702534
johnsutor/Llama-3-8B-Instruct_breadcrumbs_ties-density-0.7-gamma-0.01,0.2638950644730991,0.4748777234326367,0.1070475767007558,0.5560248999555358,0.9771009337483326,0.5114495331258337
johnsutor/Llama-3-8B-Instruct_breadcrumbs_ties-density-0.7-gamma-0.1,0.4313028012449977,0.5533570475767008,0.4135171187194308,0.5455758114717653,0.7238772787905736,0.5560248999555358
johnsutor/Llama-3-8B-Instruct_breadcrumbs_ties-density-0.9-gamma-0.01,0.2656736327256558,0.4584259670964873,0.0780346820809248,0.5656958648288128,0.974210760337928,0.5007781236104936
johnsutor/Llama-3-8B-Instruct_breadcrumbs_ties-density-0.9-gamma-0.1,0.4247443308136949,0.5464650955980436,0.4030680302356603,0.5259004001778568,0.6847487772343264,0.5592485549132948
johnsutor/Llama-3-8B-Instruct_dare_linear,0.1418408181413961,0.2941307247665629,0.0141173855046687,0.5162294353045798,0.9733214762116495,0.2471098265895953
johnsutor/Llama-3-8B-Instruct_dare_ties-density-0.1,0.1063806136060471,0.2545575811471765,0.0302356602934637,0.2673410404624277,0.8755002223210315,0.2338817252112049
johnsutor/Llama-3-8B-Instruct_dare_ties-density-0.3,0.1363939528679413,0.3497109826589595,0.0334593152512227,0.5259004001778568,0.9793241440640283,0.3786127167630058
johnsutor/Llama-3-8B-Instruct_dare_ties-density-0.7,0.1256113828368163,0.3859493108048021,0.0394619831036016,0.6036016007114273,0.9844375277901288,0.4206313917296576
johnsutor/Llama-3-8B-Instruct_dare_ties-density-0.9,0.1445086705202312,0.3775011116051578,0.0334593152512227,0.6528457092040907,0.9951089373054692,0.4184081814139617
johnsutor/Llama-3-8B-Instruct_linear,0.4539795464650956,0.4753223654957759,0.477434415295687,0.5068919519786572,0.5077812361049355,0.6062694530902624
johnsutor/Llama-3-8B-Instruct_ties-density-0.1,0.4184081814139617,0.4751000444642063,0.4089595375722543,0.4331925300133392,0.5420186749666518,0.5486883059137394
johnsutor/Llama-3-8B-Instruct_ties-density-0.3,0.3490440195642508,0.4426411738550467,0.3652734548688306,0.5162294353045798,0.5292352156514006,0.4678746109381947
johnsutor/Llama-3-8B-Instruct_ties-density-0.5,0.3748332592263228,0.403734993330369,0.3361493997332148,0.6130502445531347,0.3652734548688306,0.4299688750555802
johnsutor/Llama-3-8B-Instruct_ties-density-0.7,0.3561582925744775,0.3890618052467763,0.3652734548688306,0.6706313917296576,0.3542685638061361,0.4220764784348599
johnsutor/Llama-3-8B-Instruct_ties-density-0.9,0.3819475322365496,0.3906180524677634,0.3403734993330369,0.5560248999555358,0.3617163183637172,0.4326367274344153
jpacifico/Chocolatine-14B-Instruct-4k-DPO,0.5375722543352601,0.8792796798577145,0.6714095153401511,0.848377056469542,0.8168074699866608,0.8632725655847043
jpacifico/Chocolatine-14B-Instruct-DPO-v1.2,0.8136949755446865,0.9126278345931526,0.7240995998221432,0.7851267229879947,0.6760782570031125,0.8577145397954646
jpacifico/Chocolatine-14B-Instruct-DPO-v1.3,0.8357047576700756,0.9682080924855492,0.9933303690529124,0.848377056469542,0.6714095153401511,0.9460871498443753
jpacifico/Chocolatine-2-14B-Instruct-DPO-v2.0b1,0.0191196087149844,0.9470875944864384,0.798354824366385,0.939195197865718,0.8261449533125834,0.888172521120498
jpacifico/Chocolatine-2-14B-Instruct-v2.0,0.0168963983992885,0.9606491774121833,0.9558692752334372,0.968319253001334,0.9866607381058248,0.9283014673188084
jpacifico/Chocolatine-2-14B-Instruct-v2.0.1,0.0130057803468208,0.9577590040017786,0.9550911516229436,0.9771009337483326,0.9835482436638506,0.9270787016451756
jpacifico/Chocolatine-2-14B-Instruct-v2.0.3,0.835482436638506,0.9315251222765674,0.9158514895509116,0.9453090262338816,0.9255224544241886,0.9460871498443753
jpacifico/Chocolatine-2-14B-Instruct-v2.0b2,0.8637172076478434,0.9070698088039127,0.8962872387727879,0.9573143619386394,0.9428634948866162,0.9426411738550466
jpacifico/Chocolatine-2-14B-Instruct-v2.0b3,0.8756113828368164,0.9068474877723433,0.910293463761672,0.9453090262338816,0.9314139617607826,0.9361938639395286
jpacifico/Chocolatine-3B-Instruct-DPO-Revised,0.6836371720764784,0.7667852378835038,0.6758559359715429,0.7655624722098711,0.815028901734104,0.7347710093374833
jpacifico/Chocolatine-3B-Instruct-DPO-v1.0,0.3654957759004001,0.753223654957759,0.6714095153401511,0.7194308581591818,0.9375277901289462,0.7203201422854602
jpacifico/Chocolatine-3B-Instruct-DPO-v1.2,0.6586260560249,0.7334370831480658,0.7183192530013339,0.8407069808803913,0.6738550466874166,0.6953090262338817
jpacifico/Distilucie-7B-Math-Instruct-DPO-v0.1,0.2823477100933748,0.2345486883059137,0.1678523788350377,0.5560248999555358,0.1544019564250778,0.1975322365495775
jpacifico/Lucie-7B-Instruct-DPO-v1.1,0.29035126722988,0.2278790573588261,0.1572921298354824,0.4259670964873277,0.3832814584259671,0.2003112494441974
jpacifico/Lucie-7B-Instruct-DPO-v1.1.3,0.2819030680302357,0.2314361938639395,0.1604046242774566,0.4105157847932414,0.2436638506002668,0.1907514450867052
jpacifico/Lucie-7B-Instruct-Merged-Model_Stock-v1.0,0.3030235660293464,0.2332147621164962,0.1604046242774566,0.4331925300133392,0.2656736327256558,0.2043130280124499
jpacifico/Lucie-7B-Instruct-Merged-Model_Stock-v1.1,0.2780124499777679,0.2323254779902178,0.1794130724766563,0.3765006669630947,0.1877501111605158,0.2034237438861716
jpacifico/Lucie-Boosted-7B-Instruct,0.2229879946642952,0.2012005335704757,0.094041796353935,0.2130947087594486,0.1618497109826589,0.1700755891507336
jsfs11/L3-8B-Stheno-slerp,0.8018008003557137,0.6518452645620275,0.4724321920853713,0.4027345486883059,0.2524455313472654,0.5699199644286349
jsfs11/MixtureofMerges-MoE-4x7b-v4,0.4054024010671409,0.6031569586482881,0.3474877723432636,0.4105157847932414,0.7645620275678079,0.3748332592263228
jsfs11/MixtureofMerges-MoE-4x7b-v5,0.4317474433081369,0.6320586927523344,0.3951756336149399,0.3947309915518008,0.6758559359715429,0.3990662516674077
kaist-ai/janus-7b,0.3706091596265006,0.397287683414851,0.2361049355269008,0.276345042240996,0.78223654957759,0.3268119164072921
kaist-ai/janus-dpo-7b,0.4012894619831036,0.4286349488661627,0.2401067140951534,0.3680524677634504,0.7552245442418852,0.3559359715429079
kaist-ai/janus-rm-7b,0.0917074255224544,0.0653623832814584,0.0141173855046687,0.0593597154290795,0.2876834148510449,0.0415740329035126
kaist-ai/mistral-orpo-capybara-7k,0.6436193863939529,0.3534904401956425,0.2275455758114717,0.4105157847932414,0.35482436638506,0.3547132058692752
kavonalds/BunderMaxx-0710,0.3094708759448644,0.9450867052023122,0.3679413072476656,0.1459537572254335,0.0909293019119608,0.1092707870164517
kavonalds/BunderMaxx-1010,0.2726767452200978,0.9866607381058248,0.4906625166740773,0.1459537572254335,0.1657403290351267,0.1008225878168074
kavonalds/Lancer-1-1b-Instruct,0.6718541574032904,0.117163183637172,0.2275455758114717,0.1567363272565584,0.0033348154735437,0.1493997332147621
kayfour/T3Q-Qwen2.5-7B-it-KOR-Safe,0.7305469097376612,0.7503334815473544,0.880613606047132,0.7603379279679857,0.622054246331703,0.82792352156514
keeeeenw/MicroLlama,0.1180524677634504,0.0486883059137394,0.0839261894175188,0.1459537572254335,0.2356602934637616,0.0556914184081814
kekmodel/StopCarbon-10.7B-v5,0.5473543797243219,0.595153401511783,0.3101378390395731,0.6321698532681191,0.4508670520231214,0.4239662072032014
kevin009/llamaRAGdrama,0.2292129835482436,0.2514450867052023,0.2473321476211649,0.1836371720764784,0.6594041796353936,0.2934637616718542
khoantap/cheap-moe-merge,0.509115162294353,0.5100044464206314,0.451089373054691,0.5068919519786572,0.7356602934637617,0.4706536238328145
khoantap/llama-3-8b-stock-merge,0.5613606047132059,0.5444642063139173,0.641396176078257,0.7379946642952423,0.4024010671409515,0.6528457092040907
khoantap/llama-breadcrumbs-ties-merge,0.1520675855935971,0.6636282792352156,0.512894619831036,0.203757225433526,0.7732325477990218,0.4289684304135171
khoantap/llama-evolve-ties-best-merge,0.7999110715873722,0.6980880391285016,0.6323921742996887,0.7323254779902179,0.3394842152067585,0.6868608270342375
khoantap/llama-linear-0.5-0.5-1-merge,0.5615829257447754,0.7812361049355269,0.719875500222321,0.6421742996887505,0.4637616718541574,0.6732992441084926
khoantap/llama-linear-0.5-1-0.5-merge,0.5958203646064918,0.8143619386393953,0.6172743441529569,0.487105380168964,0.5093374833259227,0.5943752779012894
khoantap/llama-linear-1-0.5-0.5-merge,0.4984437527790128,0.7521120497999111,0.7786794130724767,0.4789906625166741,0.5150066696309471,0.562361049355269
khoantap/llama-slerp-merge,0.587594486438417,0.7901289461983103,0.4211871943085816,0.5930413517118719,0.510226767452201,0.5867052023121387
khoantap/moe-out-merge,0.4964428634948866,0.5200088928412628,0.4534237438861716,0.4331925300133392,0.6038239217429969,0.4748777234326367
khulaifi95/Llama-3.1-8B-Reason-Blend-888k,0.7034237438861717,0.4155180080035571,0.5247887950200089,0.3432636727434415,0.1387283236994219,0.4006224988883948
kms7530/chemeng_llama-3-8b-Instruct-bnb-4bit_24_1_100_1,0.6586260560249,0.2850155624722099,0.3403734993330369,0.2485549132947976,0.2663405958203646,0.308581591818586
kms7530/chemeng_phi-3-mini-4k-instruct-bnb-4bit_16_4_100_1_nonmath,0.5686971987550022,0.4915518008003557,0.4987772343263673,0.6791907514450867,0.3983992885726989,0.5085593597154291
kms7530/chemeng_qwen-math-7b_24_1_100_1,0.1358381502890173,0.2018674966651845,0.7553357047576701,0.0262338817252112,0.1558470431302801,0.2267674522009782
kms7530/chemeng_qwen-math-7b_24_1_100_1_nonmath,0.2266562916851934,0.2269897732325478,0.8249221876389506,0.4504224099599822,0.4615384615384615,0.2507781236104935
kno10/ende-chat-0.0.5,0.3235882614495331,0.2072032014228546,0.1438417074255224,0.1934192974655402,0.3341485104490885,0.1938639395286794
kno10/ende-chat-0.0.7,0.4753223654957759,0.2220987105380168,0.1258337038683859,0.3608270342374388,0.2901289461983103,0.2133170297910182
kyutai/helium-1-preview-2b,0.2318808359270787,0.2060915962650066,0.1003779457536682,0.3351489550911516,0.2003112494441974,0.2047576700755891
kz919/QwQ-0.5B-Distilled-SFT,0.2856825255669186,0.1600711427301022,0.3902845709204091,0.1459537572254335,0.0266785237883503,0.1600711427301022
ladydaina/ECE-FDF,0.3647176522899066,0.6038239217429969,0.4162961316140507,0.3765006669630947,0.8439306358381503,0.3663850600266785
laislemke/LLaMA-2-vicuna-7b-slerp,0.2670075589150734,0.0404624277456647,0.0839261894175188,0.2853490440195642,0.2976878612716763,0.1131614050689195
lalainy/ECE-PRYMMAL-0.5B-FT-V5-MUSR,0.1407292129835482,0.1313917296576256,0.2585593597154291,0.2944642063139173,0.0084481991996442,0.133837261004891
lalainy/ECE-PRYMMAL-0.5B-SLERP-V4,0.0599155180080035,0.022009782125389,0.0141173855046687,0.1656291685193419,0.2452200978212539,0.0837038683859493
lalainy/ECE-PRYMMAL-YL-0.5B-SLERP-BIS-V1,0.0446865273454868,0.0518008003557136,0.0302356602934637,0.0262338817252112,0.1387283236994219,0.0343485993775011
lalainy/ECE-PRYMMAL-YL-1B-SLERP-V3,0.3050244553134726,0.2741218319253001,0.4667630057803468,0.4969986660738106,0.5530235660293463,0.3429301911960871
lalainy/ECE-PRYMMAL-YL-1B-SLERP-V4,0.312361049355269,0.2607825700311249,0.477434415295687,0.4105157847932414,0.6574032903512672,0.3319253001333926
lalainy/ECE-PRYMMAL-YL-6B-SLERP-V1,0.3070253445975989,0.3749444197421076,0.566140506891952,0.4331925300133392,0.9585371276122722,0.4409737661182747
lalainy/ECE-PRYMMAL-YL-6B-SLERP-V2,0.304802134281903,0.3749444197421076,0.566140506891952,0.4331925300133392,0.9585371276122722,0.4409737661182747
langgptai/Qwen-las-v0.1,0.3108048021342819,0.232770120053357,0.2164295242329924,0.0262338817252112,0.1758559359715429,0.2385504668741662
langgptai/qwen1.5-7b-chat-sa-v0.1,0.4455313472654513,0.3045798132503335,0.1915295686971987,0.6927523343708315,0.1450644730991551,0.3602712316585149
lars1234/Mistral-Small-24B-Instruct-2501-writer,0.7803468208092486,0.9566473988439308,0.8592707870164518,0.9723210315695864,0.8786127167630058,0.9819919964428636
leafspark/Llama-3.1-8B-MultiReflection-Instruct,0.8470431302801245,0.4655402401067141,0.6569586482881281,0.4789906625166741,0.4106269453090262,0.6126056024899955
lemon07r/Gemma-2-Ataraxy-9B,0.2770120053357047,0.8108048021342819,0.4299688750555802,0.8231436193863939,0.7912405513561583,0.7670075589150733
lemon07r/Gemma-2-Ataraxy-Advanced-9B,0.6678523788350378,0.8014673188083593,0.7067585593597154,0.8269230769230769,0.3103601600711427,0.7712316585148955
lemon07r/Gemma-2-Ataraxy-Remix-9B,0.8412627834593153,0.8072476656291685,0.7117607825700312,0.8407069808803913,0.7554468652734548,0.7697865718096932
lemon07r/Gemma-2-Ataraxy-v2-9B,0.140284570920409,0.7894619831036016,0.426856380613606,0.8511560693641619,0.2408848377056469,0.7653401511783015
lemon07r/Gemma-2-Ataraxy-v2a-9B,0.065584704313028,0.5602489995553579,0.3361493997332148,0.8431525122276567,0.1450644730991551,0.5191196087149844
lemon07r/Gemma-2-Ataraxy-v2f-9B,0.3739439751000444,0.5698088039128502,0.5275678079146288,0.8407069808803913,0.1727434415295687,0.5152289906625167
lemon07r/Gemma-2-Ataraxy-v3-Advanced-9B,0.7825700311249444,0.8130280124499778,0.6879724321920854,0.8304802134281903,0.79568697198755,0.7621164962205424
lemon07r/Gemma-2-Ataraxy-v3b-9B,0.80913739439751,0.8076923076923077,0.7379946642952423,0.8172521120497999,0.8212538906180524,0.7632281013783904
lemon07r/Gemma-2-Ataraxy-v3i-9B,0.4331925300133392,0.7816807469986661,0.6259448643841707,0.7966874166296132,0.0723654957759004,0.7583370386838595
lemon07r/Gemma-2-Ataraxy-v3j-9B,0.426856380613606,0.7807914628723878,0.6537349933303691,0.7966874166296132,0.0810360160071142,0.7530013339261894
lemon07r/Gemma-2-Ataraxy-v4-Advanced-9B,0.8323699421965318,0.8234771009337484,0.7379946642952423,0.8407069808803913,0.8543797243219209,0.7969097376611828
lemon07r/Gemma-2-Ataraxy-v4a-Advanced-9B,0.8489328590484659,0.8183637172076479,0.7291018230324589,0.8572698977323254,0.8191418408181413,0.7797910182303246
lemon07r/Gemma-2-Ataraxy-v4b-9B,0.8176967541129391,0.8263672743441529,0.7675633614939973,0.8454868830591374,0.8433748332592264,0.7923521565140063
lemon07r/Gemma-2-Ataraxy-v4c-9B,0.825255669186305,0.8401511783014673,0.7592263228101378,0.8200311249444198,0.825255669186305,0.8103601600711428
lemon07r/Gemma-2-Ataraxy-v4d-9B,0.8649399733214762,0.8281458425967096,0.7675633614939973,0.8701645175633614,0.8429301911960871,0.7882392174299688
lemon07r/Llama-3-RedMagic4-8B,0.5690306803023566,0.2914628723877279,0.4438639395286794,0.4504224099599822,0.2156514006224988,0.5857047576700756
lemon07r/llama-3-NeuralMahou-8b,0.5733659404179635,0.2805691418408181,0.4818808359270787,0.4331925300133392,0.2941307247665629,0.5943752779012894
lesubra/ECE-EIFFEL-3B,0.3325922632281013,0.5638061360604714,0.5473543797243219,0.8106936416184971,0.799466429524233,0.6647398843930635
lesubra/ECE-EIFFEL-3Bv2,0.2776789684304135,0.7447754557581148,0.5352378835037794,0.8269230769230769,0.8399288572698977,0.7375500222321032
lesubra/ECE-EIFFEL-3Bv3,0.3723877278790574,0.7512227656736328,0.6512894619831036,0.8045798132503335,0.906402845709204,0.7318808359270788
lesubra/ECE-PRYMMAL-3B-SLERP-V1,0.2673410404624277,0.7057581147176523,0.649955535793686,0.7323254779902179,0.864495331258337,0.7050911516229436
lesubra/ECE-PRYMMAL-3B-SLERP-V2,0.2673410404624277,0.7057581147176523,0.649955535793686,0.7323254779902179,0.864495331258337,0.7050911516229436
lesubra/ECE-PRYMMAL-3B-SLERP_2-V1,0.3517118719430858,0.7228768341485104,0.6525122276567363,0.7603379279679857,0.9007336594041796,0.7351044908848378
lesubra/ECE-PRYMMAL-3B-SLERP_2-V2,0.3539350822587817,0.7228768341485104,0.6525122276567363,0.7603379279679857,0.9007336594041796,0.7351044908848378
lesubra/merge-test,0.6469542018674966,0.6536238328145842,0.5441307247665629,0.7655624722098711,0.8368163628279235,0.6931969764339706
lightblue/suzume-llama-3-8B-multilingual,0.7901289461983103,0.4791018230324588,0.4578701645175633,0.3861716318363717,0.3674966651845264,0.4835482436638506
lightblue/suzume-llama-3-8B-multilingual-orpo-borda-full,0.7018674966651846,0.3826144953312583,0.3979546465095598,0.1186082703423744,0.2014228546020453,0.4644286349488661
lightblue/suzume-llama-3-8B-multilingual-orpo-borda-half,0.7472209871053802,0.4108492663405958,0.446754112939084,0.0262338817252112,0.0941529568697198,0.5543574922187638
lightblue/suzume-llama-3-8B-multilingual-orpo-borda-top25,0.785460204535349,0.4413072476656292,0.4885504668741663,0.276345042240996,0.2364384170742552,0.5915962650066696
lightblue/suzume-llama-3-8B-multilingual-orpo-borda-top75,0.7912405513561583,0.4539795464650956,0.4061805246776345,0.276345042240996,0.2605602489995554,0.6358381502890174
lkoenig/BBAI_145_,0.4864384170742552,0.7581147176522899,0.8659404179635394,0.7256558470431302,0.7205424633170298,0.8342596709648733
lkoenig/BBAI_200_Gemma,0.0126722987994664,0.1936416184971098,0.0141173855046687,0.2130947087594486,0.2110938194753223,0.1790795909293019
lkoenig/BBAI_212_QwenLawLo,0.5111160515784793,0.7627834593152513,0.863939528679413,0.7256558470431302,0.7190973766118275,0.8338150289017341
lkoenig/BBAI_212_Qwencore,0.4724321920853713,0.7587816807469987,0.852712316585149,0.7256558470431302,0.6934192974655402,0.8342596709648733
lkoenig/BBAI_230_Xiaqwen,0.5293463761671854,0.7607825700311249,0.8701645175633614,0.706980880391285,0.7607825700311249,0.8325922632281014
lkoenig/BBAI_375_QwenDyancabs,0.5108937305469098,0.7578923966207203,0.8821698532681191,0.6998666073810582,0.7799021787461093,0.8319253001333926
lkoenig/BBAI_456_QwenKoen,0.5014450867052023,0.7530013339261894,0.8723877278790574,0.6998666073810582,0.7305469097376612,0.8294797687861272
lkoenig/BBAI_7B_KoenQwenDyan,0.7007558915073366,0.7409959982214317,0.8786127167630058,0.7379946642952423,0.7123165851489551,0.8271453979546465
lkoenig/BBAI_7B_Qwen2.5koen,0.5185638061360605,0.7436638506002667,0.8694975544686527,0.6998666073810582,0.7180969319697643,0.8333703868385949
lkoenig/BBAI_7B_QwenDyanKoenLo,0.5313472654513117,0.7574477545575812,0.8680524677634505,0.7428857269897733,0.6980880391285016,0.8283681636282793
lkoenig/BBAI_7B_QwenDyancabsLAW,0.6725211204979991,0.759670964873277,0.8718319253001334,0.7428857269897733,0.7730102267674522,0.8305913739439751
llmat/Mistral-v0.3-7B-ORPO,0.3703868385949311,0.2341040462427745,0.1604046242774566,0.2130947087594486,0.1401734104046242,0.2348821698532681
llnYou/ECE-PRYMMAL-YL-1B-SLERP-V5,0.3114717652289906,0.2819030680302357,0.5077812361049355,0.4105157847932414,0.2743441529568697,0.3425967096487328
llnYou/ECE-PRYMMAL-YL-1B-SLERP-V6,0.0400177856825255,0.2312138728323699,0.0364606491774121,0.4504224099599822,0.3448199199644286,0.2411071587372165
llnYou/ECE-PRYMMAL-YL-3B-SLERP-V1,0.1714095153401511,0.2423299244108492,0.0668074699866607,0.487105380168964,0.1544019564250778,0.3216985326811916
llnYou/ECE-PRYMMAL-YL-3B-SLERP-V2,0.1664072921298355,0.23654957759004,0.094041796353935,0.3195864828812805,0.3138061360604713,0.3335927078701645
llnYou/ECE-PRYMMAL-YL-3B-SLERP-V3,0.3437083148065807,0.7554468652734548,0.5762561138283682,0.6130502445531347,0.7707870164517563,0.7416629613161405
lmsys/vicuna-13b-v1.3,0.3152512227656736,0.1642952423299244,0.1070475767007558,0.2218763895064473,0.2040907069808804,0.2316585148955091
lmsys/vicuna-7b-v1.3,0.2652289906625166,0.1305024455313472,0.094041796353935,0.0262338817252112,0.2463317029791018,0.2003112494441974
lmsys/vicuna-7b-v1.5,0.1725211204979991,0.2358826144953312,0.1003779457536682,0.1066029346376167,0.5998221431747444,0.2252112049799911
lodrick-the-lafted/llama-3.1-8b-instruct-ortho-v7,0.3370386838594931,0.2307692307692307,0.1759670964873277,0.276345042240996,0.2343263672743441,0.2144286349488661
lordjia/Llama-3-Cantonese-8B-Instruct,0.7887950200088928,0.420409070698088,0.4410849266340595,0.487105380168964,0.4635393508225878,0.5191196087149844
lordjia/Qwen2-Cantonese-7B-Instruct,0.655402401067141,0.6136060471320587,0.7852378835037794,0.5068919519786572,0.3661627389951089,0.6784126278345931
lt-asset/nova-1.3b,0.0255669186305024,0.0889284126278345,0.0885949310804802,0.0262338817252112,0.1824144064028457,0.0600266785237883
lunahr/thea-3b-50r-u1,0.7243219208537127,0.2458870609159626,0.4885504668741663,0.3861716318363717,0.1233881725211205,0.3105824811027123
lunahr/thea-v2-3b-50r,0.3613828368163628,0.2810137839039573,0.1604046242774566,0.1459537572254335,0.1111605157847932,0.246776345042241
m42-health/Llama3-Med42-70B,0.7516674077367719,0.9586482881280568,0.7580035571365051,0.8701645175633614,0.9147398843930636,0.8746109381947532
macadeliccc/Samantha-Qwen-2-7B,0.4695420186749666,0.569364161849711,0.7291018230324589,0.276345042240996,0.951089373054691,0.6421742996887505
macadeliccc/magistrate-3.2-3b-base,0.0235660293463761,0.1485104490884837,0.0839261894175188,0.1459537572254335,0.3519341929746554,0.1809693196976434
macadeliccc/magistrate-3.2-3b-it,0.1632947976878612,0.1058248110271231,0.1387283236994219,0.0262338817252112,0.2787905735882614,0.1625166740773677
magnifi/Phi3_intent_v56_3_w_unknown_5_lr_0.002,0.1229435304579813,0.1127167630057803,0.0141173855046687,0.1836371720764784,0.4695420186749666,0.1231658514895509
maldv/Awqward2.5-32B-Instruct,0.9906625166740772,0.988216985326812,0.9986660738105824,0.8454868830591374,0.7636727434415296,0.9913294797687862
maldv/Lytta2.5-32B-Instruct,0.2088706091596265,0.7647843485993775,0.8497109826589595,0.2130947087594486,0.2441084926634059,0.8803912850155625
maldv/Qwentile2.5-32B-Instruct,0.888172521120498,0.9879946642952424,0.9782125389061804,0.9594264117385504,0.9481991996442865,0.9953312583370388
maldv/badger-kappa-llama-3-8b,0.5387950200088928,0.523121387283237,0.4324144064028457,0.5930413517118719,0.2118719430858159,0.5972654513116941
maldv/badger-lambda-llama-3-8b,0.5683637172076479,0.4548688305913739,0.4578701645175633,0.3680524677634504,0.2207647843485994,0.6337261004891063
maldv/badger-mu-llama-3-8b,0.5767007558915074,0.5371276122721209,0.3101378390395731,0.1186082703423744,0.276345042240996,0.5844819919964429
maldv/badger-writer-llama-3-8b,0.6313917296576256,0.4230769230769231,0.3951756336149399,0.44086260560249,0.1522899066251667,0.628501556247221
marcuscedricridia/Cheng-1,0.9398621609604269,0.7527790128946198,0.9610938194753224,0.5162294353045798,0.4716540684748777,0.7894619831036016
marcuscedricridia/Cheng-2,0.993552690084482,0.9157403290351268,0.9889951089373056,0.8628279235215651,0.6505113383726101,0.8775011116051579
marcuscedricridia/Cheng-2-v1.1,0.9913294797687862,0.9217429968875056,0.9868830591373944,0.8538239217429969,0.6077145397954646,0.882836816362828
marcuscedricridia/Hush-Qwen2.5-7B-MST,0.9001778568252556,0.7136505113383727,0.9185193419297466,0.6036016007114273,0.3299244108492663,0.7568919519786572
marcuscedricridia/Hush-Qwen2.5-7B-MST-v1.1,0.895731436193864,0.7610048910626945,0.9456425077812362,0.6321698532681191,0.4595375722543353,0.7783459315251223
marcuscedricridia/Hush-Qwen2.5-7B-MST-v1.3,0.8368163628279235,0.750555802578924,0.9519786571809692,0.7138728323699421,0.7207647843485994,0.8229212983548244
marcuscedricridia/Hush-Qwen2.5-7B-Preview,0.9689862160960429,0.7132058692752334,0.8799466429524233,0.6859715429079591,0.6985326811916407,0.7953534904401957
marcuscedricridia/Hush-Qwen2.5-7B-RP-v1.4-1M,0.9324144064028456,0.6242774566473989,0.8440417963539351,0.5455758114717653,0.8088039128501556,0.753223654957759
marcuscedricridia/Hush-Qwen2.5-7B-v1.1,0.9593152512227656,0.6820809248554913,0.926856380613606,0.7256558470431302,0.572032014228546,0.7675633614939973
marcuscedricridia/Hush-Qwen2.5-7B-v1.2,0.9539795464650956,0.6943085815918186,0.9286349488661628,0.7138728323699421,0.6251667407736772,0.762338817252112
marcuscedricridia/Hush-Qwen2.5-7B-v1.3,0.9528679413072476,0.6676300578034682,0.840373499333037,0.6927523343708315,0.6767452200978212,0.7879057358826145
marcuscedricridia/Hush-Qwen2.5-7B-v1.4,0.9479768786127168,0.7060915962650066,0.9197421076033792,0.6859715429079591,0.6014895509115162,0.7617830146731881
marcuscedricridia/Qwen2.5-7B-Preview,0.9266340595820364,0.6662961316140507,0.8497109826589595,0.7750111160515785,0.5351267229879947,0.7723432636727434
marcuscedricridia/Yell-Qwen2.5-7B-Preview,0.70431302801245,0.6949755446865273,0.6979768786127167,0.3608270342374388,0.4479768786127168,0.6518452645620275
marcuscedricridia/Yell-Qwen2.5-7B-Preview-v1.1,0.6965317919075145,0.6738550466874166,0.6920853712761227,0.4105157847932414,0.4710982658959537,0.6726322810137839
marcuscedricridia/absolute-o1-7b,0.9040684748777236,0.7218763895064473,0.9739884393063584,0.7479991107158738,0.5184526456202757,0.8173632725655847
marcuscedricridia/cursa-o1-7b,0.9196309470875944,0.7225433526011561,0.9654290795909292,0.6421742996887505,0.7405513561582926,0.8099155180080035
marcuscedricridia/cursa-o1-7b-2-28-2025,0.8979546465095598,0.6916407292129836,0.9566473988439308,0.6421742996887505,0.6929746554024011,0.7957981325033349
marcuscedricridia/cursa-o1-7b-v1.1,0.9070698088039127,0.7358826144953312,0.9674299688750556,0.6421742996887505,0.687638950644731,0.8096931969764339
marcuscedricridia/cursa-o1-7b-v1.2-normalize-false,0.9178523788350378,0.7383281458425968,0.9682080924855492,0.6421742996887505,0.7036460649177412,0.8222543352601156
marcuscedricridia/cursor-o1-7b,0.4165184526456202,0.476878612716763,0.6058248110271232,0.3608270342374388,0.5146731880835927,0.4481991996442863
marcuscedricridia/cursorr-o1.2-7b,0.0751445086705202,0.0711427301022676,0.0141173855046687,0.0767007558915073,0.1357269897732325,0.0038906180524677
marcuscedricridia/etr1o-explicit-v1.1,0.2607825700311249,0.0824811027123165,0.045131169408626,0.3271453979546465,0.4546465095598043,0.0944864384170742
marcuscedricridia/etr1o-explicit-v1.2,0.0513561582925744,0.0186749666518452,0.0141173855046687,0.1459537572254335,0.4328590484659849,0.0415740329035126
marcuscedricridia/etr1o-v1.1,0.0658070253445976,0.0669186305024455,0.0141173855046687,0.0914851044908848,0.3690529124055136,0.0722543352601156
marcuscedricridia/etr1o-v1.2,0.869942196531792,0.875277901289462,0.8633837261004891,0.939195197865718,0.9061805246776344,0.9305246776345042
marcuscedricridia/fan-o1-7b,0.4876611827478879,0.4152956869719875,0.641396176078257,0.3947309915518008,0.2852378835037794,0.4524232992441085
marcuscedricridia/olmner-7b,0.8654957759004002,0.7243219208537127,0.9434192974655402,0.6528457092040907,0.7841262783459315,0.7797910182303246
marcuscedricridia/olmner-della-7b,0.9206313917296576,0.7296576256113828,0.9664295242329924,0.5744775455758114,0.6353935082258781,0.805357936860827
marcuscedricridia/olmner-o1-7b,0.9070698088039127,0.7220987105380169,0.9632058692752334,0.5744775455758114,0.7227656736327257,0.805357936860827
marcuscedricridia/olmner-sbr-7b,0.915073365940418,0.7232103156958648,0.9647621164962206,0.661849710982659,0.5549132947976878,0.8163628279235216
marcuscedricridia/post-cursa-o1,0.9196309470875944,0.7272120942641174,0.9595375722543352,0.6706313917296576,0.7632281013783904,0.7936860827034238
marcuscedricridia/pre-cursa-o1,0.8916184971098265,0.7234326367274344,0.9710982658959536,0.6706313917296576,0.6909737661182748,0.8196976433970654
marcuscedricridia/pre-cursa-o1-v1.2,0.9106269453090262,0.7378835037794576,0.9727656736327256,0.6998666073810582,0.7054246331702979,0.8135838150289018
marcuscedricridia/pre-cursa-o1-v1.3,0.902178746109382,0.7167630057803468,0.9733214762116495,0.6998666073810582,0.6918630502445531,0.8186971987550022
marcuscedricridia/pre-cursa-o1-v1.4,0.899955535793686,0.7332147621164962,0.9579813250333482,0.6229435304579813,0.704868830591374,0.8222543352601156
marcuscedricridia/pre-cursa-o1-v1.6,0.9070698088039127,0.7314361938639395,0.9693196976433972,0.7541129390840373,0.6687416629613161,0.8173632725655847
marcuscedricridia/r1o-et,0.3461538461538461,0.2825700311249444,0.4089595375722543,0.276345042240996,0.1220542463317029,0.2676745220097821
marcuscedricridia/sbr-o1-7b,0.897287683414851,0.7256558470431302,0.9674299688750556,0.6791907514450867,0.7981325033348154,0.7913517118719431
marcuscedricridia/stray-r1o-et,0.0595820364606491,0.0429079590929301,0.045131169408626,0.1567363272565584,0.4608714984437528,0.0100044464206313
matouLeLoup/ECE-PRYMMAL-0.5B-FT-EnhancedMUSREnsembleV3,0.1037127612272121,0.1737438861716318,0.1716318363717207,0.1459537572254335,0.226878612716763,0.1850822587816807
matouLeLoup/ECE-PRYMMAL-0.5B-FT-MUSR-ENSEMBLE-V2Mathis,0.1037127612272121,0.1737438861716318,0.1716318363717207,0.1459537572254335,0.226878612716763,0.1850822587816807
matouLeLoup/ECE-PRYMMAL-0.5B-FT-V4-MUSR-ENSEMBLE-Mathis,0.1037127612272121,0.1737438861716318,0.1716318363717207,0.1459537572254335,0.226878612716763,0.1850822587816807
matouLeLoup/ECE-PRYMMAL-0.5B-FT-V4-MUSR-Mathis,0.1053801689639839,0.1756336149399733,0.1759670964873277,0.1740773677189862,0.2052023121387283,0.1856380613606047
matouLeLoup/ECE-PRYMMAL-0.5B-FT-V5-MUSR-Mathis,0.0736994219653179,0.0566918630502445,0.1337261004891062,0.0914851044908848,0.6632947976878613,0.0286794130724766
mattshumer/Reflection-Llama-3.1-70B,0.0022232103156958,0.8770564695420187,0.7354379724321921,0.9121831925300132,0.8890618052467764,0.8737216540684749
mattshumer/ref_70_e3,0.7523343708314807,0.9006224988883949,0.8028012449977768,0.8269230769230769,0.7154290795909293,0.9289684304135172
maywell/Qwen2-7B-Multilingual-RP,0.4617607825700311,0.5380168963983993,0.7553357047576701,0.5259004001778568,0.2997999110715874,0.6863050244553135
meditsolutions/Llama-3.1-MedIT-SUN-8B,0.9488661627389952,0.5955980435749222,0.7240995998221432,0.661849710982659,0.4733214762116496,0.7117607825700312
meditsolutions/Llama-3.2-SUN-1B-Instruct,0.7664517563361494,0.1905291240551356,0.3798354824366385,0.0262338817252112,0.2022009782125389,0.192974655402401
meditsolutions/Llama-3.2-SUN-1B-chat,0.6625166740773677,0.1847487772343263,0.3508225878168075,0.1567363272565584,0.0201200533570475,0.2003112494441974
meditsolutions/Llama-3.2-SUN-2.4B-checkpoint-26000,0.2541129390840373,0.0511338372610048,0.1296131614050689,0.3271453979546465,0.4081814139617608,0.1134948866162739
meditsolutions/Llama-3.2-SUN-2.4B-checkpoint-34800,0.2066473988439306,0.1076033792796798,0.0780346820809248,0.4105157847932414,0.4284126278345931,0.114495331258337
meditsolutions/Llama-3.2-SUN-2.4B-v1.0.0,0.684971098265896,0.1576256113828368,0.344041796353935,0.098377056469542,0.1422854602045353,0.13706091596265
meditsolutions/Llama-3.2-SUN-2.5B-chat,0.680635838150289,0.194086260560249,0.3798354824366385,0.1186082703423744,0.0266785237883503,0.1980880391285015
meditsolutions/Llama-3.2-SUN-HDIC-1B-Instruct,0.8111382836816363,0.1960871498443752,0.3403734993330369,0.0262338817252112,0.1837483325922632,0.180080035571365
meditsolutions/MSH-Lite-7B-v1-Bielik-v2.3-Instruct-Llama-Prune,0.3523788350377946,0.2447754557581147,0.1716318363717207,0.5930413517118719,0.6178301467318809,0.2285460204535349
meditsolutions/MSH-v1-Bielik-v2.3-Instruct-MedIT-merge,0.7015340151178302,0.779012894619831,0.7220987105380169,0.8628279235215651,0.762338817252112,0.5136727434415296
meditsolutions/MedIT-Mesh-3B-Instruct,0.7015340151178302,0.7718986216096043,0.7156514006224989,0.7750111160515785,0.5356825255669186,0.7392174299688751
meditsolutions/SmolLM2-MedIT-Upscale-2B,0.7682303245887061,0.2029791018230324,0.3101378390395731,0.1836371720764784,0.1124944419742107,0.2138728323699422
meetkai/functionary-small-v3.1,0.7492218763895064,0.4722098710538017,0.6336149399733215,0.4331925300133392,0.2982436638506002,0.4753223654957759
meraGPT/mera-mix-4x7B,0.565028901734104,0.262338817252112,0.2991329479768786,0.6130502445531347,0.450533570475767,0.2982436638506002
mergekit-community/JAJUKA-WEWILLNEVERFORGETYOU-3B,0.5804802134281903,0.3012449977767897,0.5589150733659404,0.4789906625166741,0.329035126722988,0.3753890618052468
mergekit-community/SuperQwen-2.5-1.5B,0.0345709204090707,0.0113383726100489,0.1387283236994219,0.0767007558915073,0.0266785237883503,0.0024455313472654
mergekit-community/VirtuosoSmall-InstructModelStock,0.6253890618052468,0.9144064028457092,0.9079590929301912,0.9552023121387284,0.9324144064028456,0.9755446865273456
mergekit-community/diabolic6045_ELN-AOC-CAIN,0.0160071142730102,0.0920409070698088,0.0885949310804802,0.1740773677189862,0.2909070698088039,0.0939306358381502
mergekit-community/mergekit-dare_ties-ajgjgea,0.6277234326367275,0.1914184081814139,0.3508225878168075,0.1836371720764784,0.120942641173855,0.1878612716763005
mergekit-community/mergekit-della-zgowfmf,0.5635838150289018,0.9393063583815028,0.8666073810582481,0.9733214762116495,0.955980435749222,0.9713205869275232
mergekit-community/mergekit-model_stock-azgztvm,0.6026011560693642,0.9237438861716318,0.9260782570031124,0.9527567807914628,0.9259670964873276,0.965540240106714
mergekit-community/mergekit-slerp-fmrazcr,0.4277456647398844,0.659181858603824,0.5375722543352601,0.6859715429079591,0.4875500222321031,0.6405068919519786
mergekit-community/mergekit-ties-rraxdhv,0.0215651400622498,0.58070253445976,0.2317696754112939,0.6528457092040907,0.5658070253445976,0.7092040907069809
mergekit-community/mergekit-ties-ykqemwr,0.3465984882169853,0.6927523343708315,0.5506891951978657,0.7655624722098711,0.6283903957314362,0.6176078257003113
mergekit-community/sexeh_time_testing,0.877389951089373,0.6153846153846154,0.4438639395286794,0.4605380168963984,0.1926411738550467,0.5797020898176968
meta-llama/Llama-2-13b-chat-hf,0.3997332147621165,0.1558470431302801,0.1003779457536682,0.0262338817252112,0.384393063583815,0.2098710538016896
meta-llama/Llama-2-13b-hf,0.2018674966651845,0.2590040017785682,0.1123832814584259,0.3608270342374388,0.1606269453090262,0.2438861716318363
meta-llama/Llama-2-70b-chat-hf,0.5831480658070254,0.0918185860382392,0.1877501111605158,0.1836371720764784,0.1654068474877723,0.2498888394842152
meta-llama/Llama-2-70b-hf,0.1825255669186305,0.730102267674522,0.2000889284126278,0.5930413517118719,0.4819919964428635,0.6084926634059582
meta-llama/Llama-2-7b-chat-hf,0.3999555357936861,0.0891507336594041,0.1387283236994219,0.0703646064917741,0.1574032903512672,0.1804135171187194
meta-llama/Llama-2-7b-hf,0.2109826589595375,0.2020898176967541,0.1258337038683859,0.2130947087594486,0.1827478879502,0.203201422854602
meta-llama/Llama-3.1-70B,0.0780346820809248,0.8628279235215651,0.6829702089817696,0.968319253001334,0.8628279235215651,0.8543797243219209
meta-llama/Llama-3.1-70B-Instruct,0.9995553579368608,0.9793241440640283,0.8847265451311694,0.8982881280569142,0.8928412627834593,0.9299688750555802
meta-llama/Llama-3.1-8B,0.0275678079146287,0.3872832369942196,0.3571587372165407,0.6791907514450867,0.4206313917296576,0.4559804357492218
meta-llama/Llama-3.1-8B-Instruct,0.5769230769230769,0.4951089373054691,0.6310582481102712,0.7194308581591818,0.4175188972876834,0.6518452645620275
meta-llama/Llama-3.2-1B,0.047799021787461,0.0869275233437083,0.0885949310804802,0.0262338817252112,0.1164962205424633,0.0967096487327701
meta-llama/Llama-3.2-1B-Instruct,0.6909737661182748,0.1854157403290351,0.3767229879946643,0.3030235660293464,0.1401734104046242,0.1796353935082258
meta-llama/Llama-3.2-3B,0.034904401956425,0.2285460204535349,0.1337261004891062,0.2218763895064473,0.1856380613606047,0.2547799021787461
meta-llama/Llama-3.2-3B-Instruct,0.888172521120498,0.3659404179635394,0.667741218319253,0.3351489550911516,0.0465762561138283,0.436527345486883
meta-llama/Llama-3.3-70B-Instruct,0.9997776789684304,0.9853268119164073,0.9579813250333482,0.8013561582925744,0.8350377945753669,0.9348599377501112
meta-llama/Meta-Llama-3-70B,0.0666963094708759,0.8915073365940418,0.6848599377501111,0.9889951089373056,0.8482658959537572,0.8584926634059582
meta-llama/Meta-Llama-3-70B-Instruct,0.9835482436638506,0.920409070698088,0.7760115606936416,0.4181858603823922,0.5600266785237884,0.9034015117830146
meta-llama/Meta-Llama-3-8B,0.0460204535349044,0.3743886171631836,0.2585593597154291,0.6229435304579813,0.3005780346820809,0.4401956425077812
meta-llama/Meta-Llama-3-8B-Instruct,0.8912850155624722,0.460204535349044,0.4347487772343263,0.1186082703423744,0.0675855935971543,0.5777012005335704
mhl1/Qwen2.5-0.5B-cinstruct-stage1,0.048910626945309,0.1111605157847932,0.094041796353935,0.1934192974655402,0.0810360160071142,0.0573588261449533
microsoft/DialoGPT-medium,0.0482436638506002,0.0393508225878168,0.0141173855046687,0.0767007558915073,0.6704090706980881,0.0320142285460204
microsoft/Orca-2-13b,0.2914628723877279,0.4341929746554024,0.1976433970653623,0.3523788350377946,0.99466429524233,0.2990217874610938
microsoft/Orca-2-7b,0.1476211649622054,0.3363717207647843,0.1387283236994219,0.1459537572254335,0.9879946642952424,0.2376611827478879
microsoft/Phi-3-medium-128k-instruct,0.7254335260115607,0.8866162738995109,0.6958648288128056,0.8304802134281903,0.5942641173855047,0.8588261449533126
microsoft/Phi-3-medium-4k-instruct,0.7672298799466429,0.9026233881725212,0.7028679413072476,0.8304802134281903,0.7185415740329035,0.8561582925744775
microsoft/Phi-3-mini-128k-instruct,0.7189862160960427,0.7654513116940863,0.604268563806136,0.7379946642952423,0.3598265895953757,0.6176078257003113
microsoft/Phi-3-mini-4k-instruct,0.6820809248554913,0.7872387727879058,0.5275678079146288,0.7479991107158738,0.3570475767007559,0.6901956425077812
microsoft/Phi-3-small-128k-instruct,0.7605602489995553,0.8572698977323254,0.7147621164962206,0.7323254779902179,0.7927967985771454,0.8345931525122277
microsoft/Phi-3-small-8k-instruct,0.7736771898621609,0.8608270342374389,0.6894175188972876,0.6927523343708315,0.868830591373944,0.8379279679857714
microsoft/Phi-3.5-MoE-instruct,0.8226989773232548,0.8928412627834593,0.8267007558915074,0.8959537572254336,0.8852823477100934,0.8547132058692752
microsoft/Phi-3.5-mini-instruct,0.6987550022232103,0.7590040017785683,0.7042018674966651,0.8431525122276567,0.5040017785682526,0.7293241440640285
microsoft/Phi-4-mini-instruct,0.8848377056469542,0.7845709204090707,0.654846598488217,0.6706313917296576,0.3076923076923077,0.7175411293908404
microsoft/phi-1,0.1313917296576256,0.0847043130280124,0.0716985326811916,0.1934192974655402,0.1776345042240996,0.0754779902178746
microsoft/phi-1_5,0.1253890618052467,0.1638506002667852,0.1296131614050689,0.2218763895064473,0.1606269453090262,0.1814139617607825
microsoft/phi-2,0.2448866162738995,0.4530902623388173,0.1877501111605158,0.2673410404624277,0.7618941751889728,0.276345042240996
microsoft/phi-4,0.0082258781680747,0.9539795464650956,0.8018008003557137,0.9914406402845708,0.9849933303690528,0.9256336149399732
migtissera/Llama-3-70B-Synthia-v3.5,0.7293241440640285,0.8981769675411294,0.7291018230324589,0.968319253001334,0.9828812805691418,0.8550466874166296
migtissera/Llama-3-8B-Synthia-v3.5,0.6050466874166296,0.4386393952867941,0.3571587372165407,0.2673410404624277,0.4588706091596265,0.3734993330369053
migtissera/Tess-3-7B-SFT,0.3943975100044464,0.3674966651845264,0.2317696754112939,0.2584481991996443,0.5155624722098711,0.3758337038683859
migtissera/Tess-3-Mistral-Nemo-12B,0.3176967541129391,0.4533125833703868,0.3190306803023566,0.0545798132503334,0.8328145842596709,0.2650066696309471
migtissera/Tess-v2.5-Phi-3-medium-128k-14B,0.503779457536683,0.861271676300578,0.2833481547354379,0.6528457092040907,0.5054468652734548,0.6158292574477545
migtissera/Tess-v2.5.2-Qwen2-72B,0.4946642952423299,0.9506447309915518,0.8139172965762561,0.878501556247221,0.5573588261449534,0.9864384170742552
migtissera/Trinity-2-Codestral-22B,0.4326367274344153,0.7487772343263672,0.4637616718541574,0.7138728323699421,0.4713205869275233,0.4637616718541574
migtissera/Trinity-2-Codestral-22B-v0.2,0.4613161405068919,0.7723432636727434,0.4238550466874166,0.5656958648288128,0.439751000444642,0.4714317474433081
mindw96/DeepSeek-llama3.3-Bllossom-8B-DACON-LLM3,0.0402401067140951,0.0666963094708759,0.0619164072921298,0.0545798132503334,0.2345486883059137,0.0186749666518452
minghaowu/Qwen1.5-1.8B-OpenHermes-2.5,0.25,0.1665184526456202,0.1604046242774566,0.3861716318363717,0.0208981769675411,0.1943085815918185
ministral/Ministral-3b-instruct,0.0369052912405513,0.0927078701645175,0.0619164072921298,0.0593597154290795,0.0084481991996442,0.0092263228101378
mistral-community/Mistral-7B-v0.2,0.1591818586038239,0.3628279235215651,0.1915295686971987,0.4699866607381058,0.4000666963094709,0.3493775011116051
mistral-community/Mixtral-8x22B-v0.1,0.2950200088928412,0.2152067585593597,0.6287238772787905,0.805913739439751,0.0680302356602934,0.5484659848821698
mistral-community/mixtral-8x22B-v0.3,0.2262116496220542,0.8583815028901735,0.6816362827923521,0.9416407292129836,0.348932859048466,0.8522676745220098
mistralai/Codestral-22B-v0.1,0.6980880391285016,0.5437972432192085,0.477434415295687,0.5455758114717653,0.5482436638506003,0.4231880835927079
mistralai/Ministral-8B-Instruct-2410,0.7089817696754113,0.3990662516674077,0.7028679413072476,0.3947309915518008,0.5463539350822588,0.4587594486438417
mistralai/Mistral-7B-Instruct-v0.1,0.4933303690529124,0.1678523788350377,0.154846598488217,0.0262338817252112,0.2934637616718542,0.2471098265895953
mistralai/Mistral-7B-Instruct-v0.2,0.6647398843930635,0.345709204090707,0.1915295686971987,0.311805246776345,0.3559359715429079,0.2914628723877279
mistralai/Mistral-7B-Instruct-v0.3,0.6602934637616719,0.3930635838150289,0.2232103156958648,0.3432636727434415,0.212872387727879,0.391396176078257
mistralai/Mistral-7B-v0.1,0.1778568252556691,0.3285904846598488,0.1877501111605158,0.4699866607381058,0.5425744775455759,0.3681636282792352
mistralai/Mistral-7B-v0.3,0.1591818586038239,0.3639395286794131,0.1915295686971987,0.4699866607381058,0.4000666963094709,0.3493775011116051
mistralai/Mistral-Large-Instruct-2411,0.9951089373054692,0.9555357936860828,0.9654290795909292,0.9979991107158738,0.8812805691418408,0.9866607381058248
mistralai/Mistral-Nemo-Base-2407,0.0693641618497109,0.4948866162738995,0.328479324144064,0.487105380168964,0.3108048021342819,0.5050022232103157
mistralai/Mistral-Nemo-Instruct-2407,0.7621164962205424,0.5053357047576701,0.566140506891952,0.4504224099599822,0.4079590929301911,0.5202312138728323
mistralai/Mistral-Small-24B-Base-2501,0.0773677189862161,0.8877278790573588,0.7054246331702979,0.968319253001334,0.5575811471765229,0.9662072032014228
mistralai/Mistral-Small-Instruct-2409,0.789239662072032,0.545131169408626,0.608603823921743,0.7750111160515785,0.1416184971098266,0.7284348599377501
mistralai/Mixtral-8x22B-Instruct-v0.1,0.8546020453534905,0.8394842152067585,0.6879724321920854,0.9319697643397066,0.7438861716318363,0.8329257447754558
mistralai/Mixtral-8x22B-v0.1,0.2262116496220542,0.8566029346376167,0.6816362827923521,0.939195197865718,0.348932859048466,0.8522676745220098
mistralai/Mixtral-8x7B-Instruct-v0.1,0.6798577145397955,0.5075589150733659,0.4490884837705647,0.5930413517118719,0.5718096931969764,0.5950422409959982
mistralai/Mixtral-8x7B-v0.1,0.1849710982658959,0.5280124499777679,0.4818808359270787,0.706980880391285,0.6911960871498444,0.6810804802134282
mixtao/MixTAO-7Bx2-MoE-v8.1,0.4247443308136949,0.6062694530902624,0.446754112939084,0.3947309915518008,0.8245887060915963,0.4094041796353935
mkurman/llama-3.2-MEDIT-3B-o1,0.4716540684748777,0.3114717652289906,0.5791462872387728,0.203757225433526,0.1416184971098266,0.296798577145398
mkurman/phi-4-MedIT-11B-exp-1,0.7149844375277902,0.694086260560249,0.4438639395286794,0.5744775455758114,0.3001333926189417,0.6670742552245442
mkurman/phi4-MedIT-10B-o1,0.3312583370386838,0.5600266785237884,0.5216763005780347,0.0262338817252112,0.4006224988883948,0.5168963983992886
mkxu/llama-3-8b-instruct-fpo,0.8061360604713206,0.4782125389061805,0.387616718541574,0.3271453979546465,0.2960204535349044,0.5514673188083593
mkxu/llama-3-8b-po1,0.4135171187194308,0.4882169853268119,0.3767229879946643,0.5259004001778568,0.3239217429968875,0.5347932414406403
mlabonne/AlphaMonarch-7B,0.5801467318808359,0.3626056024899955,0.2361049355269008,0.2485549132947976,0.4519786571809693,0.253223654957759
mlabonne/Beyonder-4x7B-v3,0.681191640729213,0.3757225433526011,0.2991329479768786,0.4027345486883059,0.4317474433081369,0.2583370386838595
mlabonne/BigQwen2.5-52B-Instruct,0.9628723877278792,0.9944419742107604,0.9904401956425076,0.5832592263228101,0.5266785237883503,0.9855491329479767
mlabonne/BigQwen2.5-Echo-47B-Instruct,0.8821698532681191,0.8477100933748333,0.926856380613606,0.7138728323699421,0.5100044464206314,0.8606047132058693
mlabonne/ChimeraLlama-3-8B-v2,0.489773232547799,0.4664295242329924,0.446754112939084,0.4027345486883059,0.2575589150733659,0.5364606491774122
mlabonne/ChimeraLlama-3-8B-v3,0.4782125389061805,0.4406402845709204,0.4388617163183637,0.4699866607381058,0.4019564250778124,0.58070253445976
mlabonne/Daredevil-8B,0.5057803468208093,0.5780346820809249,0.4942196531791907,0.6528457092040907,0.352156514006225,0.6716318363717207
mlabonne/Daredevil-8B-abliterated,0.4818808359270787,0.2981325033348154,0.4578701645175633,0.4504224099599822,0.4453090262338817,0.6004891062694531
mlabonne/Hermes-3-Llama-3.1-70B-lorablated,0.3265895953757225,0.9557581147176524,0.7553357047576701,0.9171854157403292,0.9919964428634948,0.8566029346376167
mlabonne/Meta-Llama-3.1-8B-Instruct-abliterated,0.877389951089373,0.4288572698977323,0.3708314806580702,0.0914851044908848,0.1530680302356603,0.5152289906625167
mlabonne/NeuralBeagle14-7B,0.5791462872387728,0.3630502445531347,0.2917963539350822,0.3680524677634504,0.7087594486438417,0.2717874610938194
mlabonne/NeuralDaredevil-8B-abliterated,0.9121831925300132,0.5286794130724767,0.446754112939084,0.6321698532681191,0.4406402845709204,0.6768563806136061
mlabonne/OrpoLlama-3-8B,0.3519341929746554,0.3277012005335705,0.3101378390395731,0.3432636727434415,0.1983103601600711,0.2879057358826145
mlabonne/phixtral-2x2_8,0.3270342374388617,0.4679857714539795,0.2108714984437527,0.1934192974655402,0.3598265895953757,0.2621164962205424
mlx-community/Josiefied-Qwen2.5-0.5B-Instruct-abliterated-v1-float32,0.3190306803023566,0.1582925744775455,0.426856380613606,0.098377056469542,0.0084481991996442,0.1718541574032903
mlx-community/Mistral-Small-24B-Instruct-2501-bf16,0.75,0.9517563361493996,0.8341485104490884,0.9857714539795464,0.8577145397954646,0.9586482881280568
mmnga/Llama-3-70B-japanese-suzume-vector-v0.1,0.5293463761671854,0.9172965762561138,0.7667852378835038,0.4105157847932414,0.5493552690084482,0.905291240551356
mobiuslabsgmbh/DeepSeek-R1-ReDistill-Llama3-8B-v1.1,0.3613828368163628,0.1729657625611382,0.8378168074699867,0.2584481991996443,0.0160071142730102,0.2292129835482436
mobiuslabsgmbh/DeepSeek-R1-ReDistill-Qwen-7B-v1.1,0.3334815473543797,0.2100933748332592,0.8537127612272121,0.1934192974655402,0.4050689195197866,0.2388839484215206
moeru-ai/L3.1-Moe-2x8B-v0.2,0.881169408626056,0.6367274344152957,0.654846598488217,0.5656958648288128,0.5959315251222765,0.6858603823921743
moeru-ai/L3.1-Moe-4x8B-v0.1,0.4583148065807025,0.4468652734548688,0.5762561138283682,0.1186082703423744,0.1968652734548688,0.5007781236104936
moeru-ai/L3.1-Moe-4x8B-v0.2,0.6500666963094709,0.3185860382392174,0.4864384170742552,0.2130947087594486,0.1043797243219208,0.3003557136505113
monsterapi/Llama-3_1-8B-Instruct-orca-ORPO,0.160182303245887,0.0057803468208092,0.0141173855046687,0.0262338817252112,0.1450644730991551,0.0824811027123165
monsterapi/gemma-2-2b-LoRA-MonsterInstruct,0.3883948421520676,0.2123165851489551,0.2833481547354379,0.2485549132947976,0.2638950644730991,0.2158737216540684
mosaicml/mpt-7b,0.1431747443308137,0.1345042240995998,0.117163183637172,0.1330591373943975,0.1369497554468652,0.0971542907959092
mosama/Qwen2.5-1.5B-Instruct-CoT-Reflection,0.2598932859048466,0.2710093374833259,0.1759670964873277,0.1567363272565584,0.0783681636282792,0.279568697198755
mrdayl/OpenCogito,0.3930635838150289,0.410182303245887,0.7428857269897733,0.5656958648288128,0.6102712316585149,0.4997776789684304
mrdayl/OpenCognito,0.4098488216985327,0.4024010671409515,0.7291018230324589,0.5355713650511338,0.6801911960871498,0.4974433081369497
mrdayl/OpenCognito-r1,0.44086260560249,0.3932859048465985,0.6931969764339706,0.5560248999555358,0.6336149399733215,0.5065584704313028
mrdayl/OpenCognito-r2,0.3960649177412183,0.3977323254779902,0.7136505113383727,0.6321698532681191,0.5949310804802135,0.5022232103156958
mrdayl/OpenThink,0.1296131614050689,0.190306803023566,0.808581591818586,0.3765006669630947,0.0853712761227212,0.2016451756336149
mrm8488/phi-4-14B-grpo-gsm8k-3e,0.818808359270787,0.9637616718541574,0.9354157403290352,0.8269230769230769,0.3931747443308137,0.9176300578034682
mrm8488/phi-4-14B-grpo-limo,0.8096931969764339,0.9617607825700312,0.9384170742552246,0.8304802134281903,0.3775011116051578,0.9151845264562029
mukaj/Llama-3.1-Hawkish-8B,0.7961316140506892,0.4562027567807915,0.7747887950200089,0.4504224099599822,0.4121831925300133,0.4690973766118275
natong19/Mistral-Nemo-Instruct-2407-abliterated,0.7640062249888839,0.5137839039573143,0.5842596709648733,0.4181858603823922,0.5080035571365051,0.5208981769675411
natong19/Qwen2-7B-Instruct-abliterated,0.7040907069808804,0.7752334370831481,0.7991329479768786,0.5744775455758114,0.431191640729213,0.6776345042240997
nazimali/Mistral-Nemo-Kurdish,0.3228101378390395,0.5115606936416185,0.4614273010226767,0.5744775455758114,0.6339484215206759,0.4450867052023121
nazimali/Mistral-Nemo-Kurdish-Instruct,0.5844819919964429,0.3928412627834593,0.045131169408626,0.3765006669630947,0.403734993330369,0.3868385949310804
nbeerbower/BigKartoffel-mistral-nemo-20B,0.7060915962650066,0.7261004891062695,0.1716318363717207,0.4181858603823922,0.6883059137394397,0.5250111160515785
nbeerbower/DoppelKartoffel-Mistral-Nemo-23B,0.6206091596265007,0.5913739439751,0.1947532236549577,0.3030235660293464,0.2718986216096042,0.3927301022676745
nbeerbower/DoublePotato-Mistral-Nemo-13B,0.8076923076923077,0.7094264117385505,0.2317696754112939,0.5744775455758114,0.8990662516674077,0.5457981325033349
nbeerbower/Dumpling-Qwen2.5-1.5B,0.3601600711427301,0.2734548688305914,0.5296798577145398,0.2312138728323699,0.2339928857269897,0.3033570475767007
nbeerbower/Dumpling-Qwen2.5-14B,0.7276567363272566,0.9090706980880392,0.8249221876389506,0.5744775455758114,0.7867941307247666,0.8943975100044464
nbeerbower/Dumpling-Qwen2.5-7B-1k-r16,0.5678079146287239,0.5998221431747444,0.7703423743886172,0.2485549132947976,0.640284570920409,0.7278790573588262
nbeerbower/Dumpling-Qwen2.5-7B-1k-r64-2e-5,0.4281903068030235,0.6665184526456203,0.7291018230324589,0.2485549132947976,0.8519341929746554,0.7496665184526456
nbeerbower/EVA-abliterated-TIES-Qwen2.5-1.5B,0.4178523788350378,0.2367718986216096,0.5981547354379725,0.1934192974655402,0.0266785237883503,0.2905735882614495
nbeerbower/EVA-abliterated-TIES-Qwen2.5-14B,0.9486438417074256,0.8875055580257892,0.9717652289906624,0.8936193863939529,0.8068030235660294,0.9046242774566474
nbeerbower/Flammades-Mistral-Nemo-12B,0.3799466429524233,0.6104935526900844,0.3951756336149399,0.6036016007114273,0.9533125833703868,0.5754779902178746
nbeerbower/Gemma2-Gutenberg-Doppel-9B,0.8530457981325034,0.8003557136505114,0.7067585593597154,0.8045798132503335,0.8841707425522455,0.7508892841262783
nbeerbower/Gutensuppe-mistral-nemo-12B,0.2658959537572254,0.719875500222321,0.5868163628279235,0.8335927078701645,0.785460204535349,0.588706091596265
nbeerbower/Hermes2-Gutenberg2-Mistral-7B,0.3632725655847043,0.479546465095598,0.3190306803023566,0.44086260560249,0.874166296131614,0.3602712316585149
nbeerbower/Kartoffel-Deepfry-12B,0.5944864384170743,0.6625166740773677,0.3318141396176078,0.5162294353045798,0.9488661627389952,0.5423521565140063
nbeerbower/Llama-3.1-Nemotron-lorablated-70B,0.8626056024899955,0.9646509559804356,0.841929746554024,0.9749888839484216,0.9077367718986216,0.9369719875500222
nbeerbower/Llama3.1-Gutenberg-Doppel-70B,0.841929746554024,0.953757225433526,0.7309915518008003,0.8601600711427301,0.979546465095598,0.8610493552690085
nbeerbower/Lyra-Gutenberg-mistral-nemo-12B,0.3352601156069364,0.7641173855046688,0.4791018230324588,0.8200311249444198,0.8020231213872833,0.5604713205869275
nbeerbower/Lyra4-Gutenberg-12B,0.1538461538461538,0.6769675411293908,0.5762561138283682,0.7428857269897733,0.647287683414851,0.5379057358826145
nbeerbower/Lyra4-Gutenberg2-12B,0.2272120942641174,0.661849710982659,0.5296798577145398,0.6998666073810582,0.6070475767007559,0.5355713650511338
nbeerbower/Mahou-1.5-mistral-nemo-12B-lorablated,0.8108048021342819,0.7363272565584704,0.4410849266340595,0.3432636727434415,0.8619386393952868,0.5391285015562473
nbeerbower/Mistral-Gutenberg-Doppel-7B-FFT,0.6923076923076923,0.259670964873277,0.1644064028457092,0.3861716318363717,0.45431302801245,0.2941307247665629
nbeerbower/Mistral-Nemo-Gutenberg-Doppel-12B,0.3425967096487328,0.611827478879502,0.5473543797243219,0.7256558470431302,0.6070475767007559,0.5404624277456648
nbeerbower/Mistral-Nemo-Gutenberg-Doppel-12B-v2,0.7781236104935527,0.6791907514450867,0.5247887950200089,0.2584481991996443,0.7178746109381947,0.5300133392618942
nbeerbower/Mistral-Nemo-Moderne-12B-FFT-experimental,0.3170297910182303,0.5980435749221876,0.40051133837261,0.3608270342374388,0.1978657180969319,0.5011116051578479
nbeerbower/Mistral-Nemo-Prism-12B,0.8149177412183193,0.7312138728323699,0.4347487772343263,0.6528457092040907,0.8997332147621165,0.541907514450867
nbeerbower/Mistral-Nemo-Prism-12B-v2,0.8285904846598489,0.7398843930635838,0.4410849266340595,0.6229435304579813,0.8917296576256114,0.536016007114273
nbeerbower/Mistral-Nemo-Prism-12B-v7,0.8268119164072921,0.7496665184526456,0.4347487772343263,0.5560248999555358,0.9011783014673188,0.5444642063139173
nbeerbower/Mistral-Small-Drummer-22B,0.7555580257892397,0.791907514450867,0.6905291240551357,0.8538239217429969,0.4837705646954202,0.7463317029791018
nbeerbower/Mistral-Small-Gutenberg-Doppel-22B,0.5724766562916852,0.798354824366385,0.7428857269897733,0.8663850600266785,0.4128501556247221,0.7503334815473544
nbeerbower/Nemo-Loony-12B-experimental,0.365051133837261,0.2183192530013339,0.1123832814584259,0.2485549132947976,0.0723654957759004,0.1610715873721654
nbeerbower/Nemoties-ChatML-12B,0.7630057803468208,0.7247665629168519,0.4061805246776345,0.5259004001778568,0.8630502445531347,0.5315695864828813
nbeerbower/Qwen2.5-Gutenberg-Doppel-14B,0.9828812805691418,0.882836816362828,0.9879946642952424,0.8172521120497999,0.4993330369052912,0.872610048910627
nbeerbower/SmolNemo-12B-FFT-experimental,0.3162516674077367,0.133837261004891,0.094041796353935,0.1330591373943975,0.285460204535349,0.0994886616273899
nbeerbower/Stella-mistral-nemo-12B-v2,0.3076923076923077,0.7143174744330814,0.5275678079146288,0.8140284570920409,0.7903512672298799,0.5915962650066696
nbeerbower/gemma2-gutenberg-27B,0.2690084481991996,0.2187638950644731,0.1337261004891062,0.276345042240996,0.2058692752334371,0.2154290795909293
nbeerbower/gemma2-gutenberg-9B,0.2525566918630502,0.8152512227656736,0.4135171187194308,0.837149844375278,0.8657180969319698,0.7614495331258337
nbeerbower/llama-3-gutenberg-8B,0.4686527345486883,0.4497554468652734,0.4061805246776345,0.5744775455758114,0.5011116051578479,0.6716318363717207
nbeerbower/llama3.1-cc-8B,0.6040462427745664,0.4144064028457092,0.3798354824366385,0.4027345486883059,0.3099155180080035,0.4744330813694976
nbeerbower/llama3.1-kartoffeldes-70B,0.9893285904846598,0.9759893285904848,0.8335927078701645,0.8823921742996887,0.917741218319253,0.8761671854157403
nbeerbower/mistral-nemo-bophades-12B,0.8074699866607381,0.5004446420631392,0.5529124055135616,0.4027345486883059,0.6566251667407736,0.5142285460204535
nbeerbower/mistral-nemo-bophades3-12B,0.7815695864828813,0.7103156958648288,0.426856380613606,0.6927523343708315,0.9217429968875056,0.4811027123165851
nbeerbower/mistral-nemo-cc-12B,0.0444642063139172,0.683859493108048,0.1678523788350377,0.7194308581591818,0.7807914628723878,0.5469097376611828
nbeerbower/mistral-nemo-gutades-12B,0.3268119164072921,0.6880835927078701,0.5324588706091596,0.7194308581591818,0.4186305024455313,0.5343485993775011
nbeerbower/mistral-nemo-gutenberg-12B,0.3363717207647843,0.6120497999110716,0.5275678079146288,0.6421742996887505,0.5632503334815474,0.5347932414406403
nbeerbower/mistral-nemo-gutenberg-12B-v2,0.7434415295686972,0.6936416184971098,0.5016674077367719,0.3271453979546465,0.7685638061360605,0.5132281013783904
nbeerbower/mistral-nemo-gutenberg-12B-v3,0.1471765228990662,0.7032014228546021,0.328479324144064,0.7138728323699421,0.8114717652289907,0.5668074699866608
nbeerbower/mistral-nemo-gutenberg-12B-v4,0.1758559359715429,0.593597154290796,0.5632503334815474,0.7256558470431302,0.7272120942641174,0.539795464650956
nbeerbower/mistral-nemo-gutenberg2-12B-test,0.3205869275233437,0.5967096487327701,0.5275678079146288,0.7323254779902179,0.5632503334815474,0.5326811916407292
nbeerbower/mistral-nemo-kartoffel-12B,0.8348154735437973,0.7352156514006225,0.4299688750555802,0.6130502445531347,0.9100711427301024,0.5431302801244998
nbeerbower/mistral-nemo-narwhal-12B,0.6722987994664296,0.5013339261894175,0.3235882614495331,0.2584481991996443,0.2982436638506002,0.5100044464206314
nbeerbower/mistral-nemo-wissenschaft-12B,0.77690084481992,0.5015562472209871,0.5473543797243219,0.4789906625166741,0.6710760337927968,0.5264562027567808
nbrahme/IndusQ,0.1896398399288572,0.0762561138283681,0.0302356602934637,0.1985326811916407,0.1011560693641618,0.0335704757670075
necva/IE-cont-Llama3.1-8B,0.1287238772787905,0.0317919075144508,0.0141173855046687,0.1330591373943975,0.2217652289906625,0.0810360160071142
necva/replica-IEPile,0.5349044019564251,0.3879502000889284,0.5556914184081814,0.6321698532681191,0.4319697643397065,0.5343485993775011
neopolita/jessi-v0.1-bf16-falcon3-7b-instruct,0.9061805246776344,0.7385504668741663,0.8847265451311694,0.5930413517118719,0.9570920409070698,0.7138728323699421
neopolita/jessi-v0.1-falcon3-10b-instruct,0.9110715873721654,0.805913739439751,0.7098710538016897,0.7428857269897733,0.6810804802134282,0.7610048910626945
neopolita/jessi-v0.1-qwen2.5-7b-instruct,0.8769453090262339,0.6529568697198755,0.9068474877723433,0.5259004001778568,0.3330369052912405,0.7680080035571365
neopolita/jessi-v0.1-virtuoso-small,0.9684304135171188,0.8937305469097376,0.8460426856380614,0.8075811471765229,0.7756780791462873,0.889284126278346
neopolita/jessi-v0.2-falcon3-10b-instruct,0.9373054690973768,0.8528234771009338,0.7309915518008003,0.8013561582925744,0.7098710538016897,0.7906847487772344
neopolita/jessi-v0.2-falcon3-7b-instruct,0.6976433970653624,0.6807469986660738,0.782792352156514,0.7323254779902179,0.8341485104490884,0.7077590040017786
neopolita/jessi-v0.3-falcon3-7b-instruct,0.9029568697198757,0.687638950644731,0.6905291240551357,0.7479991107158738,0.9130724766562917,0.7312138728323699
neopolita/jessi-v0.4-falcon3-7b-instruct,0.915629168519342,0.7389951089373055,0.8813917296576256,0.5930413517118719,0.981769675411294,0.7386616273899511
neopolita/jessi-v0.5-falcon3-7b-instruct,0.8921742996887505,0.7670075589150733,0.8786127167630058,0.6859715429079591,0.9679857714539796,0.7297687861271677
neopolita/jessi-v0.6-falcon3-7b-instruct,0.8900622498888395,0.7283236994219653,0.8603823921742997,0.5656958648288128,0.9764339706536238,0.7275455758114717
neopolita/loki-v0.1-virtuoso,0.9450867052023122,0.9044019564250778,0.8452645620275678,0.878501556247221,0.7850155624722098,0.8890618052467764
netcat420/DeepSeek-R1-Distill-Qwen-MFANN-Slerp-7b,0.0228990662516674,0.0200088928412627,0.0334593152512227,0.1836371720764784,0.2408848377056469,0.0076700755891507
netcat420/DeepSeek-R1-MFANN-TIES-unretrained-7b,0.2277678968430413,0.0907069808803912,0.0885949310804802,0.0809248554913294,0.0723654957759004,0.0631391729657625
netcat420/Llama3.1-MFANN-8b,0.2714539795464651,0.2881280569141841,0.1877501111605158,0.4259670964873277,0.1174966651845264,0.2939084037349933
netcat420/MFANN-Llama3.1-Abliterated-SLERP-TIES-V2,0.434415295686972,0.4261894175188973,0.3979546465095598,0.5259004001778568,0.2143174744330813,0.5227879057358826
netcat420/MFANN-Llama3.1-Abliterated-SLERP-TIES-V3,0.4401956425077812,0.426856380613606,0.3951756336149399,0.5259004001778568,0.2196531791907514,0.5114495331258337
netcat420/MFANN-Llama3.1-Abliterated-SLERP-V4,0.4265228990662517,0.4190751445086705,0.3679413072476656,0.6229435304579813,0.2830146731880836,0.5200088928412628
netcat420/MFANN-Llama3.1-Abliterated-SLERP-V5,0.4577590040017785,0.4353045798132503,0.4162961316140507,0.487105380168964,0.2542240995998221,0.4982214317474433
netcat420/MFANN-Llama3.1-Abliterated-Slerp-TIES,0.4508670520231214,0.4393063583815029,0.3610493552690084,0.4699866607381058,0.2256558470431302,0.5260115606936416
netcat420/MFANN-Llama3.1-Abliterated-Slerp-V3.2,0.420409070698088,0.4441974210760337,0.3767229879946643,0.4259670964873277,0.2518897287683415,0.5236771898621609
netcat420/MFANN-SFT,0.3567140951534015,0.4072921298354824,0.328479324144064,0.7256558470431302,0.1845264562027568,0.4697643397065362
netcat420/MFANN-abliterated-phi2-merge-unretrained,0.2759004001778568,0.2658959537572254,0.183303690529124,0.1459537572254335,0.0035571365051133,0.1239439751000444
netcat420/MFANN-llama3.1-Abliterated-SLERP,0.2287683414851045,0.3334815473543797,0.2734548688305914,0.2853490440195642,0.2776789684304135,0.3423743886171632
netcat420/MFANN-llama3.1-abliterated-SLERP-v3,0.375277901289462,0.4304135171187194,0.3508225878168075,0.4605380168963984,0.1438417074255224,0.5254557581147177
netcat420/MFANN-llama3.1-abliterated-SLERP-v3.1,0.4321920853712761,0.4277456647398844,0.3737216540684748,0.4789906625166741,0.1880835927078701,0.5286794130724767
netcat420/MFANN-llama3.1-abliterated-v2,0.4826589595375722,0.4350822587816807,0.3902845709204091,0.4789906625166741,0.2990217874610938,0.5118941751889728
netcat420/MFANN-phigments-slerp-V2,0.3023566029346376,0.4257447754557581,0.1976433970653623,0.276345042240996,0.7217652289906625,0.2914628723877279
netcat420/MFANN-phigments-slerp-V3.2,0.3391507336594042,0.4251889728768341,0.2025344597598933,0.3861716318363717,0.4848821698532681,0.2879057358826145
netcat420/MFANN-phigments-slerp-V3.3,0.3581591818586038,0.4573143619386394,0.2025344597598933,0.3030235660293464,0.5834815473543797,0.309693196976434
netcat420/MFANN3b,0.213428190306803,0.332814584259671,0.151622943530458,0.4699866607381058,0.2945753668297021,0.2367718986216096
netcat420/MFANN3bv0.15,0.1220542463317029,0.3543797243219208,0.1716318363717207,0.0593597154290795,0.4237438861716318,0.2525566918630502
netcat420/MFANN3bv0.18,0.1522899066251667,0.3492663405958203,0.1644064028457092,0.098377056469542,0.5361271676300579,0.2560026678523788
netcat420/MFANN3bv0.19,0.1582925744775455,0.3454868830591374,0.154846598488217,0.098377056469542,0.4911071587372165,0.2592263228101378
netcat420/MFANN3bv0.20,0.1487327701200533,0.3434859937750111,0.1716318363717207,0.1186082703423744,0.5087816807469987,0.2560026678523788
netcat420/MFANN3bv0.21,0.1082703423743886,0.339261894175189,0.1976433970653623,0.1836371720764784,0.4862160960426856,0.245664739884393
netcat420/MFANN3bv0.22,0.1173855046687416,0.3379279679857714,0.1716318363717207,0.1567363272565584,0.5095598043574923,0.2587816807469986
netcat420/MFANN3bv0.23,0.1280569141840818,0.3421520675855936,0.1644064028457092,0.0593597154290795,0.3323699421965317,0.2478879502000889
netcat420/MFANN3bv0.24,0.151067140951534,0.3219208537127612,0.1794130724766563,0.1066029346376167,0.4012894619831036,0.2416629613161405
netcat420/MFANN3bv1.1,0.2083148065807025,0.1803023566029346,0.1438417074255224,0.2130947087594486,0.0020008892841262,0.0731436193863939
netcat420/MFANN3bv1.2,0.2398843930635838,0.206980880391285,0.1716318363717207,0.1740773677189862,0.0160071142730102,0.1224988883948421
netcat420/MFANN3bv1.3,0.2186527345486883,0.3397065362383281,0.1477323254779902,0.098377056469542,0.1848599377501111,0.2345486883059137
netcat420/MFANN3bv1.4,0.3391507336594042,0.4251889728768341,0.2164295242329924,0.3765006669630947,0.4848821698532681,0.2879057358826145
netcat420/MFANNv0.19,0.2830146731880836,0.380613606047132,0.2401067140951534,0.6421742996887505,0.1239439751000444,0.253223654957759
netcat420/MFANNv0.20,0.3342596709648733,0.3361493997332148,0.2794575366829702,0.4504224099599822,0.3199199644286349,0.4384170742552245
netcat420/MFANNv0.21,0.3028012449977768,0.3294797687861271,0.3190306803023566,0.3351489550911516,0.4264117385504669,0.374166296131614
netcat420/MFANNv0.22.1,0.2870164517563361,0.3568252556691863,0.2991329479768786,0.311805246776345,0.2296576256113828,0.4726545131169408
netcat420/MFANNv0.23,0.2912405513561583,0.427967985771454,0.2794575366829702,0.3947309915518008,0.2667852378835038,0.4849933303690529
netcat420/MFANNv0.24,0.2945753668297021,0.3883948421520676,0.3361493997332148,0.3947309915518008,0.2285460204535349,0.4748777234326367
netcat420/MFANNv0.25,0.3319253001333926,0.3899510893730546,0.3235882614495331,0.3523788350377946,0.1742996887505558,0.4726545131169408
netcat420/Qwen2.5-7B-nerd-uncensored-v0.9-MFANN,0.7074255224544241,0.6051578479324144,0.8443752779012894,0.3608270342374388,0.3294797687861271,0.7070920409070698
netcat420/Qwen2.5-7b-MFANN-slerp,0.7774566473988439,0.5311249444197421,0.8080257892396621,0.5068919519786572,0.434415295686972,0.4917741218319253
netcat420/Qwen2.5-7b-nerd-uncensored-MFANN-slerp,0.0602489995553579,0.0124499777678968,0.0141173855046687,0.1330591373943975,0.273121387283237,0.0151178301467318
netcat420/Qwen2.5-Coder-Scholar-7B-Abliterated-MFANN,0.694086260560249,0.5177856825255669,0.7856825255669186,0.4789906625166741,0.4728768341485104,0.4239662072032014
netcat420/Qwen2.5-Coder-Scholar-7B-Abliterated-MFANN-Slerp-Unretrained,0.7716763005780347,0.5148955091151622,0.8181413961760783,0.5455758114717653,0.5067807914628724,0.4948866162738995
netcat420/Qwen2.5-DeepSeek-R1-MFANN-Slerp-7b,0.2385504668741662,0.2212094264117385,0.1296131614050689,0.0262338817252112,0.0988216985326811,0.1785237883503779
netcat420/Qwen2.5-MFANN-7b,0.7318808359270788,0.5273454868830592,0.8018008003557137,0.4105157847932414,0.3986216096042685,0.4448643841707425
netcat420/qwen2.5-MFANN-7b-SLERP-V1.2,0.7832369942196532,0.5460204535349044,0.8080257892396621,0.5259004001778568,0.6609604268563806,0.4958870609159626
netcat420/qwen2.5-MFANN-7b-SLERPv1.1,0.7796798577145398,0.5173410404624278,0.8165851489550912,0.4504224099599822,0.5054468652734548,0.4993330369052912
netcat420/qwen2.5-MFANN-7b-v1.1,0.7312138728323699,0.4982214317474433,0.8052467763450423,0.311805246776345,0.4804357492218764,0.4471987550022232
netease-youdao/Confucius-o1-14B,0.7616718541574032,0.8728323699421965,0.9232992441084926,0.9157403290351268,0.7781236104935527,0.9164072921298356
newsbang/Homer-7B-v0.1,0.7334370831480658,0.7690084481991997,0.890840373499333,0.7804579813250333,0.7029791018230325,0.8314806580702534
newsbang/Homer-7B-v0.2,0.9004001778568252,0.7478879502000889,0.7786794130724767,0.8140284570920409,0.7232103156958648,0.8151400622498889
newsbang/Homer-v0.3-Qwen2.5-7B,0.6160515784793241,0.7489995553579368,0.8243663850600267,0.8200311249444198,0.9370831480658072,0.8257003112494442
newsbang/Homer-v0.4-Qwen2.5-7B,0.9733214762116495,0.7545575811471765,0.8008003557136505,0.7194308581591818,0.7263228101378391,0.7944642063139173
newsbang/Homer-v0.5-Qwen2.5-7B,0.9565362383281458,0.7572254335260116,0.876834148510449,0.5930413517118719,0.5955980435749222,0.7984659848821698
newsbang/Homer-v1.0-Qwen2.5-72B,0.9191863050244552,0.9977767896843042,0.9620942641173856,0.9968875055580256,0.898399288572699,0.9984437527790128
newsbang/Homer-v1.0-Qwen2.5-7B,0.7643397065362383,0.7765673632725656,0.840373499333037,0.7655624722098711,0.6407292129835482,0.841929746554024
nguyentd/FinancialAdvice-Qwen2.5-7B,0.4948866162738995,0.3948421520675856,0.5216763005780347,0.4969986660738106,0.4443085815918186,0.6248332592263228
ngxson/MiniThinky-1B-Llama-3.2,0.2487772343263672,0.0867052023121387,0.3190306803023566,0.0262338817252112,0.0969319697643397,0.0654735437972432
ngxson/MiniThinky-v2-1B-Llama-3.2,0.2710093374833259,0.0987105380168964,0.183303690529124,0.0262338817252112,0.0045575811471765,0.0286794130724766
nhyha/N3N_Delirium-v1_1030_0227,0.9762116496220542,0.7967985771453979,0.7272120942641174,0.8335927078701645,0.4891062694530902,0.7556691863050244
nhyha/N3N_Llama-3.1-8B-Instruct_1028_0216,0.5586927523343709,0.483325922632281,0.6569586482881281,0.6321698532681191,0.5025566918630503,0.5632503334815474
nhyha/N3N_gemma-2-9b-it_20241029_1532,0.8018008003557137,0.799466429524233,0.7309915518008003,0.8454868830591374,0.8583815028901735,0.75
nhyha/N3N_gemma-2-9b-it_20241110_2026,0.75,0.7990217874610939,0.6400622498888395,0.8304802134281903,0.4822143174744331,0.740329035126723
nhyha/merge_Qwen2.5-7B-Instruct_20241023_0314,0.6899733214762116,0.7461093819475323,0.8577145397954646,0.7603379279679857,0.5744775455758114,0.8431525122276567
nidum/Nidum-Limitless-Gemma-2B,0.187638950644731,0.070920409070698,0.1003779457536682,0.1836371720764784,0.2047576700755891,0.0880391285015562
nisten/franqwenstein-35b,0.3750555802578924,0.9493108048021344,0.8470431302801245,0.9928857269897732,0.9757670075589152,0.9916629613161404
nisten/tqwendo-36b,0.8048021342819031,0.9039573143619386,0.9126278345931526,0.8106936416184971,0.8152512227656736,0.8028012449977768
nlpguy/Lion-Lamarck-v.1.0.8,0.4976656291685193,0.7976878612716763,0.9917741218319251,0.9020675855935972,0.92463317029791,0.8530457981325034
nlpguy/Lion-Lamarck-v.1.0.9,0.3243663850600267,0.7941307247665629,0.993552690084482,0.9733214762116495,0.9959982214317474,0.8581591818586038
nlpguy/Lion-Lamarck-v.1.1.0,0.3531569586482881,0.8016896398399288,0.9949977767896844,0.9785460204535348,0.996220542463317,0.8512672298799466
nlpguy/Miisce-one,0.7281013783903957,0.9101823032458872,0.9138506002667852,0.963428190306803,0.9453090262338816,0.9696531791907514
nlpguy/Mistral-NeMo-Minitron-Upscale-v1,0.0731436193863939,0.3305913739439751,0.1070475767007558,0.3523788350377946,0.2381058248110271,0.2601156069364161
nlpguy/Mistral-NeMo-Minitron-Upscale-v2,0.0613606047132058,0.230102267674522,0.094041796353935,0.2853490440195642,0.2575589150733659,0.2103156958648288
nlpguy/Mistral-NeMo-Minitron-Upscale-v3,0.0422409959982214,0.0691418408181414,0.0839261894175188,0.1186082703423744,0.4603156958648288,0.0857047576700755
nlpguy/StableProse,0.1168297020898177,0.5240106714095153,0.3543797243219208,0.5930413517118719,0.4293019119608715,0.5035571365051134
nlpguy/StarFusion-alpha1,0.6865273454868831,0.3263672743441529,0.3828368163628279,0.5068919519786572,0.4295242329924411,0.4355269008448199
noname0202/Llama-3.2-4x3B-Instruct,0.8392618941751889,0.377945753668297,0.6359493108048021,0.276345042240996,0.2184304135171187,0.4555357936860827
noname0202/gemma-2-2b-it-ties,0.029568697198755,0.2730102267674522,0.1604046242774566,0.2485549132947976,0.3361493997332148,0.2641173855046687
noname0202/gemma-2-9b-sft-jp-en-zh-v1,0.2736771898621609,0.32792352156514,0.4410849266340595,0.6421742996887505,0.4419742107603379,0.4102934637616718
noname0202/gemma-2-9b-sft-jp-en-zh-v2,0.4006224988883948,0.3405958203646065,0.4885504668741663,0.4259670964873277,0.3309248554913295,0.5852601156069365
noname0202/llama-math-1b-r16-0to512tokens-test,0.6609604268563806,0.180080035571365,0.4162961316140507,0.2130947087594486,0.0352378835037794,0.1861938639395287
noname0202/llama-math-1b-r32-0to512tokens-test,0.6883059137394397,0.1769675411293908,0.446754112939084,0.1934192974655402,0.0686971987550022,0.1898621609604268
noname0202/llama-math-1b-r32-test,0.7024232992441085,0.1823032458870609,0.3855046687416629,0.1567363272565584,0.1050466874166296,0.192974655402401
noname0202/llama-math-1b-r8-512tokens-test,0.7003112494441974,0.1807469986660738,0.4162961316140507,0.2312138728323699,0.1140506891951978,0.1889728768341485
notbdq/Qwen2.5-14B-Instruct-1M-GRPO-Reasoning,0.9954424188528236,0.8578257003112495,0.9818808359270788,0.8538239217429969,0.5937083148065807,0.867163183637172
nothingiisreal/L3.1-8B-Celeste-V1.5,0.8769453090262339,0.4786571809693197,0.614495331258337,0.3947309915518008,0.2712316585148955,0.602712316585149
nothingiisreal/MN-12B-Starcannon-v2,0.3917296576256114,0.4644286349488661,0.328479324144064,0.3351489550911516,0.3761671854157403,0.4124055135615829
nothingiisreal/MN-12B-Starcannon-v3,0.3759448643841707,0.5484659848821698,0.4030680302356603,0.2853490440195642,0.4884393063583815,0.4506447309915518
nvidia/AceInstruct-1.5B,0.3949533125833704,0.2405513561582925,0.8272565584704313,0.2673410404624277,0.0909293019119608,0.2670075589150734
nvidia/AceInstruct-72B,0.8454868830591374,0.8430413517118719,0.9993330369052912,0.7603379279679857,0.6405068919519786,0.8686082703423744
nvidia/AceInstruct-7B,0.6528457092040907,0.7534459759893286,0.9811027123165852,0.6421742996887505,0.6269453090262339,0.7592263228101378
nvidia/AceMath-1.5B-Instruct,0.2992441084926634,0.2534459759893286,0.9805469097376612,0.2944642063139173,0.2138728323699422,0.2196531791907514
nvidia/AceMath-72B-Instruct,0.582258781680747,0.8903957314361939,0.9997776789684304,0.2584481991996443,0.470431302801245,0.8154735437972432
nvidia/AceMath-72B-RM,0.0425744775455758,0.0062249888839484,0.0141173855046687,0.0262338817252112,0.1450644730991551,0.0901511783014673
nvidia/AceMath-7B-Instruct,0.5023343708314807,0.5184526456202757,0.9995553579368608,0.4699866607381058,0.5824811027123166,0.4835482436638506
nvidia/AceMath-7B-RM,0.0511338372610048,0.0002223210315695,0.0141173855046687,0.0262338817252112,0.1199421965317919,0.0564695420186749
nvidia/Hymba-1.5B-Base,0.1642952423299244,0.1694086260560249,0.1003779457536682,0.0852601156069364,0.2545575811471765,0.20964873277012
nvidia/Hymba-1.5B-Instruct,0.7220987105380169,0.0913739439751,0.1759670964873277,0.4331925300133392,0.0201200533570475,0.2183192530013339
nvidia/Llama-3.1-Minitron-4B-Depth-Base,0.0673632725655847,0.2907959092930191,0.1387283236994219,0.1740773677189862,0.5442418852823477,0.308581591818586
nvidia/Llama-3.1-Nemotron-70B-Instruct-HF,0.886060471320587,0.8706091596265007,0.9201867496665184,0.1066029346376167,0.7267674522009782,0.8723877278790574
nvidia/Minitron-4B-Base,0.1547354379724322,0.2585593597154291,0.1387283236994219,0.2396620720320142,0.4937750111160516,0.2743441529568697
nvidia/Minitron-8B-Base,0.1878612716763005,0.329035126722988,0.1678523788350377,0.2853490440195642,0.4413072476656292,0.4320809248554913
nvidia/Mistral-NeMo-Minitron-8B-Base,0.1127167630057803,0.5873721654068474,0.2734548688305914,0.7851267229879947,0.4321920853712761,0.6509559804357492
nvidia/Mistral-NeMo-Minitron-8B-Instruct,0.5912627834593153,0.6727434415295687,0.5275678079146288,0.4259670964873277,0.3452645620275678,0.7355491329479769
nvidia/Nemotron-Mini-4B-Instruct,0.7883503779457537,0.2276567363272565,0.1678523788350377,0.3523788350377946,0.2285460204535349,0.2760115606936416
nvidia/OpenMath2-Llama3.1-8B,0.1697421076033792,0.2473321476211649,0.7934637616718542,0.1934192974655402,0.0853712761227212,0.1393952867941307
nxmwxm/Beast-Soul-new,0.5698088039128502,0.6437305469097376,0.3902845709204091,0.3680524677634504,0.7751222765673633,0.4014006224988884
occiglot/occiglot-7b-es-en-instruct,0.3348154735437972,0.2592263228101378,0.1604046242774566,0.1186082703423744,0.219319697643397,0.237105380168964
odyssey-labs/Astral-1-10B,0.3846153846153846,0.4622054246331703,0.2080924855491329,0.6229435304579813,0.6605157847932415,0.3579368608270342
olabs-ai/reflection_model,0.0661405068919519,0.3857269897732325,0.2881280569141841,0.5656958648288128,0.2797910182303246,0.4656514006224989
ontocord/Llama_3.2_1b-autoredteam_helpfulness-train,0.2478879502000889,0.0864828812805691,0.1219430858159181,0.1186082703423744,0.156958648288128,0.0503557136505113
ontocord/RedPajama-3B-v1-AutoRedteam,0.0351267229879946,0.0526900844819919,0.0668074699866607,0.0262338817252112,0.1342819030680302,0.0202312138728323
ontocord/RedPajama-3B-v1-AutoRedteam-Harmless-only,0.0540240106714095,0.0764784348599377,0.0520231213872832,0.0262338817252112,0.1395064473099155,0.0146731880835927
ontocord/RedPajama3b_v1-autoredteam_helpfulness-train,0.2574477545575811,0.0684748777234326,0.0552467763450422,0.0262338817252112,0.1153846153846153,0.0192307692307692
ontocord/merged_0.2_expert_0.8,0.0847043130280124,0.0662516674077367,0.1716318363717207,0.1567363272565584,0.1230546909737661,0.0235660293463761
ontocord/merged_0.2_expert_0.8-stack_2x,0.0944864384170742,0.0482436638506002,0.1644064028457092,0.1656291685193419,0.0934859937750111,0.0167852378835037
ontocord/merged_0.5_expert_0.5,0.0929301911960871,0.0571365051133837,0.1387283236994219,0.1836371720764784,0.0598043574922187,0.0202312138728323
ontocord/ontocord_wide_3b-stage1_shuf_sample1_jsonl-pretrained-autoredteam_helpful-0.25_helpful,0.0319030680302356,0.0329035126722988,0.0780346820809248,0.2218763895064473,0.1657403290351267,0.0600266785237883
ontocord/ontocord_wide_7b-stacked-stage1,0.0494664295242329,0.0086705202312138,0.0668074699866607,0.0703646064917741,0.2205424633170297,0.018230324588706
ontocord/ontocord_wide_7b-stacked-stage1-instruct,0.0549132947976878,0.0075589150733659,0.0552467763450422,0.0262338817252112,0.1544019564250778,0.0297910182303245
ontocord/starcoder2-29b-ls,0.1425077812361049,0.2063139172965762,0.1337261004891062,0.2853490440195642,0.1689639839928857,0.2040907069808804
ontocord/starcoder2_3b-AutoRedteam,0.0615829257447754,0.183859493108048,0.0780346820809248,0.0593597154290795,0.1479546465095598,0.1123832814584259
ontocord/wide_3b-merge_test,0.0891507336594041,0.0520231213872832,0.0141173855046687,0.0262338817252112,0.1066029346376167,0.0020008892841262
ontocord/wide_3b-stage1_shuf_sample1_jsonl-pretrained,0.0405735882614495,0.0400177856825255,0.1219430858159181,0.203757225433526,0.2029791018230324,0.0582481102712316
ontocord/wide_3b_sft_stag1.2-lyrical_law_news_software_howto_formattedtext_math_wiki-merge,0.0753668297020898,0.0609159626500667,0.0839261894175188,0.1330591373943975,0.275233437083148,0.0235660293463761
ontocord/wide_3b_sft_stag1.2-lyrical_news_software_howto_formattedtext-merge,0.0797020898176967,0.0389061805246776,0.1003779457536682,0.1330591373943975,0.2259893285904846,0.0399066251667407
ontocord/wide_3b_sft_stage1.1-ss1-no_redteam_skg_poem.no_issue,0.0485771453979546,0.0673632725655847,0.1438417074255224,0.2485549132947976,0.1811916407292129,0.0202312138728323
ontocord/wide_3b_sft_stage1.1-ss1-with_generics_intr.no_issue,0.0262338817252112,0.068252556691863,0.0780346820809248,0.2944642063139173,0.1650733659404179,0.0235660293463761
ontocord/wide_3b_sft_stage1.1-ss1-with_generics_intr_math.no_issue,0.0242329924410849,0.0271231658514895,0.0552467763450422,0.1836371720764784,0.1433970653623832,0.0913739439751
ontocord/wide_3b_sft_stage1.1-ss1-with_generics_intr_math_stories.no_issue,0.0224544241885282,0.0882614495331258,0.0839261894175188,0.2361049355269008,0.1124944419742107,0.0473543797243219
ontocord/wide_3b_sft_stage1.1-ss1-with_generics_intr_math_stories_no_orig_instr.no_issue,0.0315695864828812,0.0522454424188528,0.0668074699866607,0.1934192974655402,0.2489995553579368,0.062361049355269
ontocord/wide_3b_sft_stage1.1-ss1-with_generics_intr_stories.no_issue,0.0240106714095153,0.0533570475767007,0.0619164072921298,0.203757225433526,0.1124944419742107,0.0754779902178746
ontocord/wide_3b_sft_stage1.1-ss1-with_generics_math.no_issue,0.0264562027567807,0.0651400622498888,0.0582481102712316,0.1066029346376167,0.0969319697643397,0.0452423299244108
ontocord/wide_3b_sft_stage1.1-ss1-with_math.no_issue,0.0313472654513116,0.0589150733659404,0.117163183637172,0.1330591373943975,0.3721654068474878,0.0654735437972432
ontocord/wide_3b_sft_stage1.1-ss1-with_r1_generics_intr_math_stories.no_issue,0.1287238772787905,0.0317919075144508,0.0141173855046687,0.1330591373943975,0.2217652289906625,0.0810360160071142
ontocord/wide_3b_sft_stage1.2-ss1-expert_fictional_lyrical,0.0462427745664739,0.0357936860827034,0.1003779457536682,0.1836371720764784,0.3345931525122276,0.0589150733659404
ontocord/wide_3b_sft_stage1.2-ss1-expert_formatted_text,0.0500222321031569,0.0755891507336594,0.0885949310804802,0.1567363272565584,0.1308359270787016,0.0641396176078257
ontocord/wide_3b_sft_stage1.2-ss1-expert_how-to,0.0273454868830591,0.0769230769230769,0.1070475767007558,0.1186082703423744,0.2304357492218764,0.0703646064917741
ontocord/wide_3b_sft_stage1.2-ss1-expert_math,0.1090484659848821,0.0602489995553579,0.1794130724766563,0.1186082703423744,0.1640729212983548,0.0088928412627834
ontocord/wide_3b_sft_stage1.2-ss1-expert_news,0.0743663850600266,0.0171187194308581,0.1219430858159181,0.2218763895064473,0.1379502000889284,0.0235660293463761
ontocord/wide_3b_sft_stage1.2-ss1-expert_software,0.0838150289017341,0.0373499333036905,0.117163183637172,0.1066029346376167,0.0678079146287238,0.0582481102712316
ontocord/wide_6.6b_sft_stag1.2-lyrical_law_news_software_howto_formattedtext_math_wiki-merge-stacked,0.0271231658514895,0.0542463317029791,0.1070475767007558,0.203757225433526,0.1718541574032903,0.0271231658514895
oobabooga/CodeBooga-34B-v0.1,0.6267229879946643,0.1827478879502,0.2275455758114717,0.0914851044908848,0.7140951534015118,0.2423299244108492
oopere/Llama-FinSent-S,0.1375055580257892,0.0813694975544686,0.1296131614050689,0.0914851044908848,0.2627834593152512,0.0481325033348154
oopere/pruned10-llama-3.2-3B,0.0912627834593152,0.1702979101823032,0.1387283236994219,0.2130947087594486,0.2315473543797243,0.1720764784348599
oopere/pruned20-llama-1b,0.1204979991107158,0.0611382836816362,0.0780346820809248,0.0262338817252112,0.2165406847487772,0.0371276122721209
oopere/pruned20-llama-3.2-3b,0.0931525122276567,0.1256113828368163,0.117163183637172,0.203757225433526,0.1357269897732325,0.1069364161849711
oopere/pruned40-llama-1b,0.1625166740773677,0.0435749221876389,0.0582481102712316,0.0262338817252112,0.6836371720764784,0.0043352601156069
oopere/pruned40-llama-3.2-1B,0.1591818586038239,0.0446865273454868,0.0619164072921298,0.0767007558915073,0.7303245887060916,0.0271231658514895
oopere/pruned40-llama-3.2-3b,0.1473988439306358,0.0938194753223655,0.094041796353935,0.0262338817252112,0.1088261449533125,0.0893730546909737
oopere/pruned60-llama-1b,0.0987105380168964,0.0524677634504224,0.0364606491774121,0.0262338817252112,0.4606491774121832,0.0871498443752779
oopere/pruned60-llama-3.2-3b,0.0982658959537572,0.0789239662072032,0.0420186749666518,0.2485549132947976,0.1985326811916407,0.0492441084926634
open-atlas/Atlas-Flash-1.5B-Preview,0.3072476656291685,0.1104935526900844,0.7497776789684304,0.06447309915518,0.0692530013339261,0.1166073810582481
open-atlas/Atlas-Flash-7B-Preview,0.3893952867941307,0.1934192974655402,0.7863494886616273,0.4331925300133392,0.2805691418408181,0.3063583815028902
open-neo/Kyro-n1-3B,0.5168963983992886,0.3981769675411294,0.8068030235660294,0.3680524677634504,0.4648732770120053,0.4927745664739884
open-neo/Kyro-n1-7B,0.6765228990662516,0.6825255669186305,0.8939528679413072,0.1459537572254335,0.2849044019564251,0.7853490440195643
open-thoughts/OpenThinker-7B,0.4148510449088484,0.6860827034237439,0.9197421076033792,0.0914851044908848,0.2642285460204535,0.7574477545575812
openai-community/gpt2,0.094041796353935,0.0437972432192085,0.0364606491774121,0.1066029346376167,0.8272565584704313,0.0734771009337483
openai-community/gpt2-large,0.1278345931525122,0.0640284570920409,0.0885949310804802,0.1186082703423744,0.2750111160515784,0.0600266785237883
openai-community/gpt2-medium,0.1531791907514451,0.0455758114717652,0.0582481102712316,0.1656291685193419,0.2960204535349044,0.0910404624277456
openai-community/gpt2-xl,0.1265006669630947,0.0397954646509559,0.0716985326811916,0.1066029346376167,0.2003112494441974,0.0492441084926634
openbmb/MiniCPM-S-1B-sft-llama-format,0.3132503334815473,0.0780346820809248,0.1947532236549577,0.2584481991996443,0.04568697198755,0.2026456202756781
openchat/openchat-3.5-0106,0.7174299688750556,0.3641618497109826,0.3979546465095598,0.6528457092040907,0.6298354824366386,0.4587594486438417
openchat/openchat-3.5-1210,0.7247665629168519,0.3523788350377946,0.4061805246776345,0.5744775455758114,0.78223654957759,0.4179635393508226
openchat/openchat-3.6-8b-20240522,0.639284126278346,0.6487327701200534,0.4751000444642063,0.7379946642952423,0.3861716318363717,0.4437527790128946
openchat/openchat_3.5,0.7127612272120942,0.3221431747443308,0.3855046687416629,0.5455758114717653,0.5878168074699867,0.4225211204979991
openchat/openchat_v3.2,0.2726767452200978,0.304802134281903,0.094041796353935,0.2485549132947976,0.7223210315695865,0.2482214317474433
openchat/openchat_v3.2_super,0.2592263228101378,0.2870164517563361,0.1477323254779902,0.1836371720764784,0.4923299244108493,0.248888394842152
orai-nlp/Llama-eus-8B,0.1447309915518008,0.3132503334815473,0.265562472209871,0.44086260560249,0.3926189417518897,0.3848377056469542
oxyapi/oxy-1-small,0.7465540240106714,0.802134281903068,0.8648288128056915,0.927967985771454,0.8537127612272121,0.876834148510449
ozone-ai/0x-lite,0.933303690529124,0.874166296131614,0.9717652289906624,0.7510004446420632,0.6307247665629169,0.8979546465095598
ozone-research/Chirp-01,0.7577812361049355,0.3819475322365496,0.8506002667852379,0.2712316585148955,0.8345931525122277,0.5172298799466429
paloalma/ECE-TW3-JRGL-V1,0.6702979101823032,0.8648288128056915,0.581702979101823,0.8701645175633614,0.88706091596265,0.7653401511783015
paloalma/ECE-TW3-JRGL-V2,0.1576256113828368,0.8232547799021788,0.6833036905291241,0.8106936416184971,0.9450867052023122,0.846820809248555
paloalma/ECE-TW3-JRGL-V5,0.5072254335260116,0.8268119164072921,0.6816362827923521,0.848377056469542,0.8732770120053357,0.8539350822587817
paloalma/Le_Triomphant-ECE-TW3,0.6491774121831926,0.8519341929746554,0.7015340151178302,0.8743886171631836,0.9119608714984436,0.8630502445531347
paloalma/TW3-JRGL-v2,0.6331702979101823,0.8568252556691863,0.6728546020453535,0.9039573143619386,0.9592040907069808,0.867718986216096
pankajmathur/Al_Dente_v1_8b,0.3592707870164517,0.4326367274344153,0.2361049355269008,0.5560248999555358,0.3920631391729657,0.3242552245442419
pankajmathur/model_007_13b_v2,0.282792352156514,0.3903957314361939,0.1477323254779902,0.3861716318363717,0.880613606047132,0.2517785682525567
pankajmathur/orca_mini_3b,0.0130057803468208,0.0929301911960871,0.0619164072921298,0.0262338817252112,0.2073143619386394,0.0631391729657625
pankajmathur/orca_mini_7b,0.0060026678523788,0.1716318363717207,0.094041796353935,0.0767007558915073,0.1936416184971098,0.1036016007114273
pankajmathur/orca_mini_phi-4,0.9387505558025788,0.9663183637172076,0.8158070253445976,0.9347487772343264,0.9049577590040018,0.912405513561583
pankajmathur/orca_mini_v2_7b,0.0371276122721209,0.2009782125389062,0.0839261894175188,0.0262338817252112,0.0909293019119608,0.1367274344152957
pankajmathur/orca_mini_v3_13b,0.26345042240996,0.3921742996887505,0.1477323254779902,0.1934192974655402,0.8783903957314362,0.23654957759004
pankajmathur/orca_mini_v3_70b,0.4028457092040907,0.8212538906180524,0.2232103156958648,0.7379946642952423,0.9926634059582036,0.6271676300578035
pankajmathur/orca_mini_v3_7b,0.2548910626945309,0.2694530902623388,0.0780346820809248,0.0262338817252112,0.9802134281903068,0.2203201422854602
pankajmathur/orca_mini_v5_8b,0.5604713205869275,0.4946642952423299,0.4724321920853713,0.4181858603823922,0.3592707870164517,0.3917296576256114
pankajmathur/orca_mini_v5_8b_dpo,0.5726989773232548,0.5031124944419743,0.4667630057803468,0.2944642063139173,0.3271453979546465,0.4072921298354824
pankajmathur/orca_mini_v5_8b_orpo,0.0146731880835927,0.447309915518008,0.3610493552690084,0.3947309915518008,0.4341929746554024,0.3475989328590484
pankajmathur/orca_mini_v6_8b,0.0031124944419742,0.0635838150289017,0.0420186749666518,0.0262338817252112,0.1287238772787905,0.0399066251667407
pankajmathur/orca_mini_v6_8b_dpo,0.3863939528679413,0.6147176522899066,0.3361493997332148,0.5744775455758114,0.4493108048021342,0.5457981325033349
pankajmathur/orca_mini_v7_72b,0.7125389061805246,0.9697643397065362,0.4557581147176522,0.9614273010226768,0.9884393063583816,0.9881058248110272
pankajmathur/orca_mini_v7_7b,0.4728768341485104,0.6671854157403291,0.5441307247665629,0.5162294353045798,0.6947532236549577,0.7585593597154291
pankajmathur/orca_mini_v8_1_70b,0.9977767896843042,0.9610938194753224,0.8554913294797688,0.9975544686527346,0.8474877723432637,0.8759448643841707
pankajmathur/orca_mini_v9_0_3B-Instruct,0.6955313472654513,0.3192530013339262,0.614495331258337,0.5744775455758114,0.2803468208092485,0.2721209426411738
pankajmathur/orca_mini_v9_1_1B-Instruct,0.3497109826589595,0.1282792352156514,0.262338817252112,0.0914851044908848,0.0867052023121387,0.1166073810582481
pankajmathur/orca_mini_v9_2_14B,0.9387505558025788,0.9663183637172076,0.8158070253445976,0.9347487772343264,0.9049577590040018,0.912405513561583
pankajmathur/orca_mini_v9_2_70b,0.9942196531791908,0.959092930191196,0.8139172965762561,0.9319697643397066,0.9297465540240106,0.8659404179635394
pankajmathur/orca_mini_v9_4_70B,0.9746554024010672,0.8906180524677635,0.8358159181858604,0.9171854157403292,0.9448643841707426,0.8423743886171632
pankajmathur/orca_mini_v9_5_1B-Instruct,0.5275678079146288,0.1405068919519786,0.1915295686971987,0.2485549132947976,0.0402401067140951,0.1158292574477545
pankajmathur/orca_mini_v9_5_1B-Instruct_preview,0.3935082258781681,0.1096042685638061,0.2232103156958648,0.1740773677189862,0.1427301022676745,0.1104935526900844
pankajmathur/orca_mini_v9_5_3B-Instruct,0.8590484659848822,0.3216985326811916,0.5842596709648733,0.4222987994664295,0.6698532681191641,0.329035126722988
pankajmathur/orca_mini_v9_6_1B-Instruct,0.7308803912850156,0.1965317919075144,0.40051133837261,0.2312138728323699,0.1036016007114273,0.1969764339706536
pankajmathur/orca_mini_v9_6_3B-Instruct,0.8742774566473989,0.3439306358381503,0.5868163628279235,0.487105380168964,0.4257447754557581,0.3221431747443308
pankajmathur/orca_mini_v9_7_1B-Instruct,0.6814139617607826,0.1022676745220097,0.2550022232103157,0.276345042240996,0.1124944419742107,0.1134948866162739
pankajmathur/orca_mini_v9_7_3B-Instruct,0.6829702089817696,0.124722098710538,0.3403734993330369,0.1567363272565584,0.1848599377501111,0.1169408626056024
paulml/ECE-ILAB-Q1,0.953757225433526,0.9619831036016008,0.8592707870164518,0.9657625611382836,0.9195197865718095,0.9853268119164073
pints-ai/1.5-Pints-16K-v0.1,0.0706980880391285,0.0744775455758114,0.1070475767007558,0.0262338817252112,0.1258337038683859,0.0320142285460204
pints-ai/1.5-Pints-2K-v0.1,0.0889284126278345,0.0333481547354379,0.094041796353935,0.0262338817252112,0.0769230769230769,0.0172298799466429
piotr25691/thea-3b-25r,0.8799466429524233,0.3388172521120498,0.6714095153401511,0.2218763895064473,0.1706313917296576,0.4331925300133392
piotr25691/thea-c-3b-25r,0.8900622498888395,0.3430413517118719,0.6242774566473989,0.1934192974655402,0.0402401067140951,0.4313028012449977
piotr25691/thea-rp-3b-25r,0.7815695864828813,0.2999110715873722,0.5842596709648733,0.2944642063139173,0.2862383281458426,0.3858381502890173
postbot/gpt2-medium-emailgen,0.0508003557136505,0.0749221876389506,0.0141173855046687,0.1330591373943975,0.3243663850600267,0.0654735437972432
prince-canuma/Ministral-8B-Instruct-2410-HF,0.7108714984437527,0.3603823921742997,0.6958648288128056,0.3608270342374388,0.5463539350822588,0.4606491774121832
princeton-nlp/Llama-3-8B-ProLong-512k-Base,0.6345042240995998,0.5113383726100489,0.3708314806580702,0.1567363272565584,0.6961983103601601,0.4686527345486883
princeton-nlp/Llama-3-8B-ProLong-512k-Instruct,0.6665184526456203,0.4873277012005336,0.295131169408626,0.4105157847932414,0.6871943085815918,0.4443085815918186
princeton-nlp/Llama-3-8B-ProLong-64k-Base,0.6216096042685638,0.4735437972432192,0.3543797243219208,0.1934192974655402,0.7967985771453979,0.4748777234326367
princeton-nlp/Llama-3-8B-ProLong-64k-Instruct,0.6749666518452646,0.5217874610938195,0.3543797243219208,0.5068919519786572,0.7959092930191196,0.4528679413072476
princeton-nlp/Llama-3-Base-8B-SFT,0.2527790128946198,0.3717207647843486,0.2317696754112939,0.5355713650511338,0.4875500222321031,0.3968430413517119
princeton-nlp/Llama-3-Base-8B-SFT-CPO,0.3610493552690084,0.390840373499333,0.3035793686082703,0.2944642063139173,0.11827478879502,0.3559359715429079
princeton-nlp/Llama-3-Base-8B-SFT-DPO,0.4169630947087595,0.4030680302356603,0.2401067140951534,0.6791907514450867,0.3672743441529568,0.3923966207203201
princeton-nlp/Llama-3-Base-8B-SFT-IPO,0.4928857269897732,0.3961760782570031,0.2275455758114717,0.5355713650511338,0.3740551356158292,0.406958648288128
princeton-nlp/Llama-3-Base-8B-SFT-KTO,0.5002223210315696,0.3923966207203201,0.295131169408626,0.6229435304579813,0.2712316585148955,0.3829479768786127
princeton-nlp/Llama-3-Base-8B-SFT-ORPO,0.4991107158737216,0.4146287238772788,0.265562472209871,0.706980880391285,0.3566029346376167,0.3931747443308137
princeton-nlp/Llama-3-Base-8B-SFT-RDPO,0.4914406402845709,0.3912850155624722,0.3190306803023566,0.6321698532681191,0.4304135171187194,0.3683859493108048
princeton-nlp/Llama-3-Base-8B-SFT-RRHF,0.3179190751445087,0.3579368608270342,0.2585593597154291,0.6229435304579813,0.3532681191640729,0.3304802134281903
princeton-nlp/Llama-3-Base-8B-SFT-SLiC-HF,0.5719208537127612,0.4119608714984437,0.2833481547354379,0.4181858603823922,0.5150066696309471,0.3870609159626501
princeton-nlp/Llama-3-Base-8B-SFT-SimPO,0.536016007114273,0.4128501556247221,0.3073588261449533,0.4331925300133392,0.6389506447309915,0.4028457092040907
princeton-nlp/Llama-3-Instruct-8B-CPO,0.870942641173855,0.4710982658959537,0.4724321920853713,0.1330591373943975,0.0723654957759004,0.5718096931969764
princeton-nlp/Llama-3-Instruct-8B-CPO-v0.2,0.9018452645620276,0.4864384170742552,0.4987772343263673,0.1459537572254335,0.1318363717207648,0.6039350822587817
princeton-nlp/Llama-3-Instruct-8B-DPO,0.8031347265451312,0.4686527345486883,0.426856380613606,0.2673410404624277,0.1941974210760338,0.5783681636282793
princeton-nlp/Llama-3-Instruct-8B-DPO-v0.2,0.8601600711427301,0.4815473543797243,0.4438639395286794,0.4181858603823922,0.2700088928412628,0.6358381502890174
princeton-nlp/Llama-3-Instruct-8B-KTO,0.8158070253445976,0.4728768341485104,0.3855046687416629,0.311805246776345,0.1740773677189862,0.5476878612716763
princeton-nlp/Llama-3-Instruct-8B-KTO-v0.2,0.8706091596265007,0.5042240995998222,0.4751000444642063,0.1330591373943975,0.2189862160960426,0.5801467318808359
princeton-nlp/Llama-3-Instruct-8B-ORPO,0.8474877723432637,0.4773232547799022,0.4061805246776345,0.1066029346376167,0.1556247220987105,0.5678079146287239
princeton-nlp/Llama-3-Instruct-8B-ORPO-v0.2,0.920409070698088,0.5028901734104047,0.4818808359270787,0.3861716318363717,0.2384393063583815,0.6152734548688306
princeton-nlp/Llama-3-Instruct-8B-RDPO,0.7881280569141841,0.4851044908848377,0.426856380613606,0.3765006669630947,0.2078701645175633,0.5520231213872833
princeton-nlp/Llama-3-Instruct-8B-RDPO-v0.2,0.8409293019119609,0.4777678968430413,0.4347487772343263,0.4789906625166741,0.2622276567363272,0.6379502000889284
princeton-nlp/Llama-3-Instruct-8B-RRHF,0.8681636282792352,0.4319697643397065,0.4637616718541574,0.3523788350377946,0.0588039128501556,0.5660293463761672
princeton-nlp/Llama-3-Instruct-8B-RRHF-v0.2,0.846820809248555,0.4669853268119164,0.4368608270342374,0.1330591373943975,0.2497776789684304,0.5094486438417074
princeton-nlp/Llama-3-Instruct-8B-SLiC-HF,0.8893952867941307,0.489773232547799,0.4667630057803468,0.4105157847932414,0.2625611382836816,0.5431302801244998
princeton-nlp/Llama-3-Instruct-8B-SLiC-HF-v0.2,0.8443752779012894,0.4669853268119164,0.4368608270342374,0.1330591373943975,0.2497776789684304,0.5094486438417074
princeton-nlp/Llama-3-Instruct-8B-SimPO,0.7744553134726545,0.4195197865718097,0.4324144064028457,0.487105380168964,0.3840595820364606,0.5111160515784793
princeton-nlp/Llama-3-Instruct-8B-SimPO-v0.2,0.8088039128501556,0.4899955535793686,0.3902845709204091,0.5744775455758114,0.367718986216096,0.5586927523343709
princeton-nlp/Mistral-7B-Base-SFT-CPO,0.5304579813250333,0.3257003112494442,0.1794130724766563,0.4699866607381058,0.4484215206758559,0.279568697198755
princeton-nlp/Mistral-7B-Base-SFT-DPO,0.4761004891062694,0.3103601600711427,0.1477323254779902,0.276345042240996,0.4726545131169408,0.2783459315251222
princeton-nlp/Mistral-7B-Base-SFT-IPO,0.5644730991551801,0.358603823921743,0.183303690529124,0.3523788350377946,0.2378835037794575,0.3072476656291685
princeton-nlp/Mistral-7B-Base-SFT-KTO,0.5571365051133838,0.3501556247220987,0.2275455758114717,0.4504224099599822,0.7169853268119164,0.3262561138283681
princeton-nlp/Mistral-7B-Base-SFT-RDPO,0.5208981769675411,0.3468208092485549,0.151622943530458,0.3271453979546465,0.2103156958648288,0.3042463317029791
princeton-nlp/Mistral-7B-Base-SFT-RRHF,0.4773232547799022,0.2939084037349933,0.1644064028457092,0.4504224099599822,0.5,0.2461093819475322
princeton-nlp/Mistral-7B-Base-SFT-SLiC-HF,0.6136060471320587,0.3339261894175189,0.2108714984437527,0.4699866607381058,0.6133837261004891,0.305357936860827
princeton-nlp/Mistral-7B-Base-SFT-SimPO,0.5407959092930191,0.334370831480658,0.1070475767007558,0.3861716318363717,0.3781680746998666,0.2873499333036905
princeton-nlp/Mistral-7B-Instruct-CPO,0.4331925300133392,0.2594486438417074,0.1438417074255224,0.203757225433526,0.5582481102712317,0.2870164517563361
princeton-nlp/Mistral-7B-Instruct-DPO,0.6184971098265896,0.2552245442418853,0.1947532236549577,0.2312138728323699,0.2794575366829702,0.2986883059137394
princeton-nlp/Mistral-7B-Instruct-IPO,0.5787016451756336,0.3005780346820809,0.1438417074255224,0.2853490440195642,0.7018674966651846,0.2885726989773232
princeton-nlp/Mistral-7B-Instruct-KTO,0.574699866607381,0.2692307692307692,0.1716318363717207,0.2853490440195642,0.3468208092485549,0.3128056914184082
princeton-nlp/Mistral-7B-Instruct-ORPO,0.5437972432192085,0.2718986216096042,0.1877501111605158,0.2944642063139173,0.3149177412183193,0.2815695864828813
princeton-nlp/Mistral-7B-Instruct-RDPO,0.5715873721654069,0.2576700755891507,0.1644064028457092,0.3523788350377946,0.3065807025344597,0.3042463317029791
princeton-nlp/Mistral-7B-Instruct-RRHF,0.5835927078701645,0.2876834148510449,0.1794130724766563,0.311805246776345,0.3727212094264117,0.279568697198755
princeton-nlp/Mistral-7B-Instruct-SLiC-HF,0.6121609604268564,0.2516674077367719,0.1258337038683859,0.276345042240996,0.3185860382392174,0.2909070698088039
princeton-nlp/Mistral-7B-Instruct-SimPO,0.5367941307247666,0.335482436638506,0.183303690529124,0.3351489550911516,0.480102267674522,0.3079146287238772
princeton-nlp/Sheared-LLaMA-1.3B,0.1499555357936861,0.0944864384170742,0.094041796353935,0.0262338817252112,0.1711871943085816,0.0857047576700755
princeton-nlp/Sheared-LLaMA-2.7B,0.1855269008448199,0.110715873721654,0.094041796353935,0.3030235660293464,0.0934859937750111,0.0930413517118719
princeton-nlp/gemma-2-9b-it-DPO,0.2485549132947976,0.8074699866607381,0.4211871943085816,0.8269230769230769,0.2747887950200089,0.6119386393952868
princeton-nlp/gemma-2-9b-it-SimPO,0.2985771453979546,0.7916851934192974,0.3798354824366385,0.8269230769230769,0.5188972876834148,0.7318808359270788
prithivMLmods/Bellatrix-1.5B-xElite,0.1156069364161849,0.1949755446865273,0.8080257892396621,0.3351489550911516,0.2187638950644731,0.1758559359715429
prithivMLmods/Bellatrix-Tiny-1.5B-R1,0.3170297910182303,0.2425522454424188,0.3318141396176078,0.5455758114717653,0.2249888839484215,0.2992441084926634
prithivMLmods/Bellatrix-Tiny-1B-v2,0.0526900844819919,0.1169408626056024,0.183303690529124,0.276345042240996,0.1787461093819475,0.1263895064473099
prithivMLmods/Blaze-14B-xElite,0.0051133837261004,0.9448643841707426,0.8729435304579813,0.983325922632281,0.8923966207203201,0.8866162738995109
prithivMLmods/COCO-7B-Instruct-1M,0.5495775900400178,0.6923076923076923,0.8537127612272121,0.6528457092040907,0.7449977767896843,0.7607825700311249
prithivMLmods/Calcium-Opus-14B-Elite,0.7269897732325478,0.8681636282792352,0.95431302801245,0.9347487772343264,0.9610938194753224,0.9283014673188084
prithivMLmods/Calcium-Opus-14B-Elite-1M,0.6820809248554913,0.8683859493108048,0.9318586038239216,0.8859493108048021,0.9057358826144952,0.8917296576256114
prithivMLmods/Calcium-Opus-14B-Elite-Stock,0.7372165406847487,0.8679413072476656,0.9464206313917296,0.9217429968875056,0.949533125833704,0.9219653179190752
prithivMLmods/Calcium-Opus-14B-Elite2,0.7412183192530013,0.8674966651845265,0.9474210760337928,0.9244108492663408,0.976878612716763,0.9277456647398844
prithivMLmods/Calcium-Opus-14B-Elite2-R1,0.7545575811471765,0.872610048910627,0.841929746554024,0.9749888839484216,0.970431302801245,0.9099599822143176
prithivMLmods/Calcium-Opus-14B-Elite3,0.6540684748777235,0.8701645175633614,0.948421520675856,0.9261894175188972,0.9499777678968432,0.93552690084482
prithivMLmods/Calcium-Opus-14B-Elite4,0.7341040462427746,0.8546020453534905,0.8670520231213873,0.8959537572254336,0.8926189417518897,0.8912850155624722
prithivMLmods/Calcium-Opus-14B-Merge,0.5820364606491775,0.8668297020898177,0.9441974210760338,0.9261894175188972,0.9626500666963096,0.939751000444642
prithivMLmods/Calcium-Opus-20B-v1,0.2874610938194753,0.8090262338817252,0.8666073810582481,0.8885060026678524,0.9755446865273456,0.8606047132058693
prithivMLmods/Codepy-Deepthink-3B,0.457536682970209,0.2794575366829702,0.5247887950200089,0.3432636727434415,0.1963094708759448,0.3955091151622943
prithivMLmods/Coma-II-14B,0.4260782570031124,0.867718986216096,0.990884837705647,0.9906625166740772,0.9966651845264562,0.879613161405069
prithivMLmods/Condor-Opus-14B-Exp,0.4084037349933304,0.8385949310804802,0.97843485993775,0.9771009337483326,0.993552690084482,0.8777234326367275
prithivMLmods/Cygnus-II-14B,0.7418852823477101,0.9488661627389952,0.9281903068030236,0.968319253001334,0.9019564250778124,0.955980435749222
prithivMLmods/Deepthink-Llama-3-8B-Preview,0.2703423743886172,0.3790573588261449,0.858603823921743,0.7256558470431302,0.3617163183637172,0.2962427745664739
prithivMLmods/Deepthink-Reasoning-14B,0.6532903512672299,0.8723877278790574,0.9174077367718986,0.918297020898177,0.9379724321920854,0.9259670964873276
prithivMLmods/Deepthink-Reasoning-7B,0.5660293463761672,0.7207647843485994,0.8425967096487328,0.5560248999555358,0.7416629613161405,0.7894619831036016
prithivMLmods/Dinobot-Opus-14B-Exp,0.9901067140951534,0.8825033348154735,0.9827701200533572,0.7804579813250333,0.6944197421076034,0.8756113828368164
prithivMLmods/Elita-0.1-Distilled-R1-abliterated,0.3410404624277456,0.2223210315695865,0.8230324588706092,0.203757225433526,0.1433970653623832,0.2999110715873722
prithivMLmods/Elita-1,0.5743663850600267,0.91396176078257,0.8485993775011116,0.939195197865718,0.9566473988439308,0.950978212538906
prithivMLmods/Epimetheus-14B-Axo,0.67207647843486,0.9437527790128948,0.9092930191196088,0.9785460204535348,0.9438639395286794,0.9294130724766564
prithivMLmods/Equuleus-Opus-14B-Exp,0.8308136949755447,0.8897287683414851,0.9399733214762116,0.9657625611382836,0.9737661182747888,0.9460871498443753
prithivMLmods/Eridanus-Opus-14B-r999,0.76345042240996,0.9401956425077812,0.890840373499333,0.983325922632281,0.9377501111605158,0.9401956425077812
prithivMLmods/Evac-Opus-14B-Exp,0.7114273010226767,0.9072921298354824,0.9165184526456204,0.9706536238328146,0.915073365940418,0.9309693196976434
prithivMLmods/FastThink-0.5B-Tiny,0.2254335260115607,0.101600711427301,0.1438417074255224,0.1459537572254335,0.1718541574032903,0.1744108492663406
prithivMLmods/GWQ-9B-Preview,0.6038239217429969,0.79568697198755,0.7592263228101378,0.8431525122276567,0.9735437972432192,0.7341040462427746
prithivMLmods/GWQ-9B-Preview2,0.6224988883948421,0.7923521565140063,0.7710093374833259,0.7885726989773233,0.9615384615384616,0.7367718986216096
prithivMLmods/GWQ2b,0.4178523788350378,0.2670075589150734,0.344041796353935,0.3765006669630947,0.6994219653179191,0.253223654957759
prithivMLmods/Gaea-Opus-14B-Exp,0.7158737216540685,0.9288572698977324,0.9206313917296576,0.9749888839484216,0.9513116940862606,0.9626500666963096
prithivMLmods/Galactic-Qwen-14B-Exp1,0.7036460649177412,0.938639395286794,0.9018452645620276,0.980658070253446,0.9331925300133392,0.9593152512227656
prithivMLmods/Galactic-Qwen-14B-Exp2,0.7842374388617164,0.9948866162738996,0.8513783903957315,0.9901067140951534,0.997332147621165,0.9902178746109382
prithivMLmods/Gauss-Opus-14B-R999,0.3888394842152067,0.8512672298799466,0.9949977767896844,0.9771009337483326,0.9964428634948866,0.8772787905735883
prithivMLmods/Jolt-v0.1,0.6093819475322365,0.9175188972876834,0.8603823921742997,0.9479768786127168,0.955980435749222,0.9538683859493108
prithivMLmods/Lacerta-Opus-14B-Elite8,0.7367718986216096,0.88172521120498,0.868830591373944,0.9428634948866162,0.8810582481102712,0.932192085371276
prithivMLmods/Llama-3.1-5B-Instruct,0.0414628723877278,0.058025789239662,0.1123832814584259,0.1836371720764784,0.1199421965317919,0.0918185860382392
prithivMLmods/Llama-3.1-8B-Open-SFT,0.4194086260560249,0.4579813250333481,0.5473543797243219,0.6706313917296576,0.4219653179190751,0.5227879057358826
prithivMLmods/Llama-3.2-3B-Math-Oct,0.5162294353045798,0.2992441084926634,0.5247887950200089,0.1066029346376167,0.242996887505558,0.3365940417963539
prithivMLmods/Llama-3.2-6B-AlgoCode,0.1400622498888394,0.2105380168963984,0.1003779457536682,0.4222987994664295,0.3590484659848821,0.1947532236549577
prithivMLmods/Llama-8B-Distill-CoT,0.3148065807025345,0.2936860827034237,0.9012894619831036,0.44086260560249,0.3301467318808359,0.2943530457981325
prithivMLmods/Llama-Deepsync-1B,0.3428190306803023,0.1705202312138728,0.2517785682525567,0.1330591373943975,0.2083148065807025,0.1869719875500222
prithivMLmods/Llama-Deepsync-3B,0.4530902623388173,0.2832369942196532,0.5324588706091596,0.2673410404624277,0.1856380613606047,0.374166296131614
prithivMLmods/Llama-Express.1-Math,0.6076033792796799,0.156958648288128,0.3101378390395731,0.1740773677189862,0.0115606936416184,0.1667407736771898
prithivMLmods/LwQ-10B-Instruct,0.3932859048465985,0.5762561138283682,0.2317696754112939,0.6927523343708315,0.8712761227212095,0.4674299688750555
prithivMLmods/LwQ-Reasoner-10B,0.2683414851044909,0.7936860827034238,0.8624944419742108,0.8663850600266785,0.41396176078257,0.7554468652734548
prithivMLmods/Magellanic-Opus-14B-Exp,0.816140506891952,0.8786127167630058,0.8839484215206759,0.9347487772343264,0.9722098710538016,0.918185860382392
prithivMLmods/Magellanic-Qwen-25B-R999,0.1031569586482881,0.0197865718096931,0.0486883059137394,0.0545798132503334,0.2534459759893286,0.108048021342819
prithivMLmods/Megatron-Corpus-14B-Exp,0.588150289017341,0.8775011116051579,0.8485993775011116,0.9121831925300132,0.920409070698088,0.9148510449088484
prithivMLmods/Megatron-Corpus-14B-Exp.v2,0.5702534459759894,0.8672743441529569,0.7876834148510449,0.8511560693641619,0.82792352156514,0.8652734548688306
prithivMLmods/Megatron-Opus-14B-2.0,0.7925744775455759,0.9668741662961317,0.8008003557136505,0.9039573143619386,0.5317919075144508,0.8943975100044464
prithivMLmods/Megatron-Opus-14B-2.1,0.0044464206313917,0.9533125833703868,0.8185860382392174,0.9573143619386394,0.9739884393063584,0.8955091151622944
prithivMLmods/Megatron-Opus-14B-Exp,0.5873721654068474,0.9164072921298356,0.856491774121832,0.9371943085815918,0.965540240106714,0.9626500666963096
prithivMLmods/Megatron-Opus-14B-Stock,0.6178301467318809,0.880613606047132,0.8425967096487328,0.9371943085815918,0.9515340151178302,0.9248554913294798
prithivMLmods/Megatron-Opus-7B-Exp,0.7226545131169408,0.6803023566029346,0.7054246331702979,0.6859715429079591,0.569364161849711,0.7050911516229436
prithivMLmods/Messier-Opus-14B-Elite7,0.8452645620275678,0.9099599822143176,0.9050689195197864,0.9749888839484216,0.9595375722543352,0.9646509559804356
prithivMLmods/Omni-Reasoner-Merged,0.5178968430413518,0.7140951534015118,0.8411516229435304,0.6036016007114273,0.852712316585149,0.7953534904401957
prithivMLmods/Omni-Reasoner3-Merged,0.5789239662072032,0.3070253445975989,0.5016674077367719,0.1836371720764784,0.2997999110715874,0.3484882169853268
prithivMLmods/Pegasus-Opus-14B-Exp,0.8292574477545576,0.9244108492663408,0.9068474877723433,0.9857714539795464,0.9542018674966652,0.9696531791907514
prithivMLmods/Phi-4-Empathetic,0.0084481991996442,0.9570920409070698,0.7903512672298799,0.9479768786127168,0.9804357492218764,0.8812805691418408
prithivMLmods/Phi-4-Math-IO,0.0108937305469097,0.948421520675856,0.9390840373499332,0.9896620720320144,0.9588706091596264,0.9025122276567364
prithivMLmods/Phi-4-QwQ,0.0095598043574922,0.9502000889284128,0.9390840373499332,0.9749888839484216,0.8912850155624722,0.9189639839928856
prithivMLmods/Phi-4-Super,0.0078923966207203,0.9552023121387284,0.852712316585149,0.983325922632281,0.982325477990218,0.9169630947087596
prithivMLmods/Phi-4-Super-1,0.0065584704313028,0.958092485549133,0.85482436638506,0.980658070253446,0.9807692307692308,0.906958648288128
prithivMLmods/Phi-4-Super-o1,0.0065584704313028,0.958092485549133,0.85482436638506,0.980658070253446,0.9807692307692308,0.906958648288128
prithivMLmods/Phi-4-o1,0.0048910626945309,0.9490884837705648,0.9004001778568252,0.9552023121387284,0.9762116496220542,0.8955091151622944
prithivMLmods/Phi4-Super,0.0078923966207203,0.9552023121387284,0.852712316585149,0.983325922632281,0.982325477990218,0.9169630947087596
prithivMLmods/Porpoise-Opus-14B-Exp,0.8429301911960871,0.9146287238772788,0.9030680302356604,0.980658070253446,0.9686527345486884,0.9599822143174744
prithivMLmods/Primal-Opus-14B-Optimus-v1,0.5929301911960871,0.8835037794575367,0.8447087594486439,0.9298577145397956,0.955980435749222,0.9146287238772788
prithivMLmods/Primal-Opus-14B-Optimus-v2,0.7654513116940863,0.9201867496665184,0.9158514895509116,0.9771009337483326,0.9662072032014228,0.9766562916851934
prithivMLmods/QwQ-LCoT-14B-Conversational,0.4086260560248999,0.8570475767007559,0.9456425077812362,0.8761671854157403,0.9582036460649176,0.9199644286349488
prithivMLmods/QwQ-LCoT-3B-Instruct,0.4633170297910182,0.4168519341929746,0.8052467763450423,0.3680524677634504,0.7008670520231214,0.5423521565140063
prithivMLmods/QwQ-LCoT-7B-Instruct,0.5889284126278346,0.6954201867496665,0.8756113828368164,0.5832592263228101,0.9346376167185416,0.7856825255669186
prithivMLmods/QwQ-LCoT1-Merged,0.5506891951978657,0.7089817696754113,0.8777234326367275,0.6421742996887505,0.8943975100044464,0.7929079590929302
prithivMLmods/QwQ-LCoT2-7B-Instruct,0.674744330813695,0.6798577145397955,0.8365940417963539,0.5355713650511338,0.8390395731436194,0.7870164517563362
prithivMLmods/QwQ-MathOct-7B,0.5353490440195643,0.710760337927968,0.8158070253445976,0.5930413517118719,0.8259226322810138,0.7843485993775011
prithivMLmods/QwQ-R1-Distill-1.5B-CoT,0.1489550911516229,0.2094264117385504,0.8425967096487328,0.4105157847932414,0.0723654957759004,0.2089817696754113
prithivMLmods/QwQ-R1-Distill-7B-CoT,0.3357047576700755,0.3130280124499777,0.9468652734548688,0.487105380168964,0.2202089817696754,0.3099155180080035
prithivMLmods/Qwen-7B-Distill-Reasoner,0.3223654957759004,0.3321476211649622,0.8962872387727879,0.7922409959982214,0.1291685193419297,0.3143619386393952
prithivMLmods/Qwen2.5-1.5B-DeepSeek-R1-Instruct,0.0409070698088039,0.0060026678523788,0.0141173855046687,0.311805246776345,0.2087594486438417,0.0371276122721209
prithivMLmods/Qwen2.5-14B-DeepSeek-R1-1M,0.430080035571365,0.7965762561138283,0.9749888839484216,0.8140284570920409,0.8938417074255225,0.8701645175633614
prithivMLmods/Qwen2.5-7B-DeepSeek-R1-1M,0.1018230324588706,0.0924855491329479,0.1123832814584259,0.1567363272565584,0.1787461093819475,0.0960426856380613
prithivMLmods/SmolLM2-CoT-360M,0.1545131169408626,0.0967096487327701,0.1438417074255224,0.0262338817252112,0.2801244997776789,0.0052245442418852
prithivMLmods/Sombrero-Opus-14B-Elite5,0.9565362383281458,0.9197421076033792,0.9851044908848378,0.8304802134281903,0.7283236994219653,0.9009559804357492
prithivMLmods/Sombrero-Opus-14B-Elite6,0.8614939973321476,0.907514450867052,0.9059582036460648,0.980658070253446,0.960204535349044,0.955424633170298
prithivMLmods/Sombrero-Opus-14B-Sm1,0.3766118274788795,0.8694975544686527,0.9943308136949756,0.9928857269897732,0.9957759004001778,0.8883948421520675
prithivMLmods/Sombrero-Opus-14B-Sm2,0.4468652734548688,0.9417518897287684,0.9592040907069808,0.9706536238328146,0.9915518008003558,0.9374166296131614
prithivMLmods/Sombrero-Opus-14B-Sm4,0.4615384615384615,0.9410849266340596,0.9600933748332592,0.9857714539795464,0.9944419742107604,0.92741218319253
prithivMLmods/Sombrero-Opus-14B-Sm5,0.8133614939973322,0.9301911960871498,0.9079590929301912,0.9657625611382836,0.938639395286794,0.9615384615384616
prithivMLmods/Sqweeks-7B-Instruct,0.144064028457092,0.3812805691418408,0.9755446865273456,0.6421742996887505,0.7787905735882614,0.4144064028457092
prithivMLmods/Tadpole-Opus-14B-Exp,0.6947532236549577,0.8766118274788796,0.8278123610493553,0.963428190306803,0.9121831925300132,0.9324144064028456
prithivMLmods/Taurus-Opus-7B,0.4380835927078702,0.6766340595820365,0.7404401956425077,0.7885726989773233,0.7792352156514006,0.7259893285904847
prithivMLmods/Triangulum-10B,0.3018008003557136,0.8132503334815474,0.858603823921743,0.8909515340151178,0.5353490440195643,0.7594486438417074
prithivMLmods/Triangulum-5B,0.0309026233881725,0.0853712761227212,0.0780346820809248,0.0809248554913294,0.1258337038683859,0.1004891062694531
prithivMLmods/Triangulum-v2-10B,0.7939084037349934,0.818808359270787,0.7760115606936416,0.8335927078701645,0.6905291240551357,0.8288128056914184
prithivMLmods/Tucana-Opus-14B-r999,0.7287683414851045,0.9299688750555802,0.9042907959092932,0.9771009337483326,0.9239662072032014,0.9525344597598931
prithivMLmods/Tulu-MathLingo-8B,0.6789684304135171,0.3781680746998666,0.6106047132058693,0.4504224099599822,0.3550466874166296,0.3799466429524233
prithivMLmods/Viper-Coder-7B-Elite14,0.0502445531347265,0.0131169408626056,0.0780346820809248,0.0809248554913294,0.0611382836816362,0.0071142730102267
prithivMLmods/Viper-Coder-Hybrid-v1.2,0.798354824366385,0.8837261004891063,0.8411516229435304,0.9347487772343264,0.9530902623388172,0.9088483770564696
prithivMLmods/Viper-Coder-Hybrid-v1.3,0.911293908403735,0.9077367718986216,0.9346376167185416,0.837149844375278,0.8065807025344598,0.8846153846153846
prithivMLmods/Viper-Coder-HybridMini-v1.3,0.7329924410849267,0.6602934637616719,0.9434192974655402,0.7323254779902179,0.835482436638506,0.7899066251667408
prithivMLmods/Viper-Coder-v0.1,0.6689639839928857,0.8492663405958204,0.8365940417963539,0.8909515340151178,0.7167630057803468,0.7149844375277902
prithivMLmods/Viper-Coder-v1.1,0.4836594041796354,0.9000666963094709,0.9895509115162294,0.9914406402845708,0.9954424188528236,0.9059582036460648
prithivMLmods/Viper-Coder-v1.6-r999,0.4839928857269898,0.9000666963094709,0.9939973321476212,0.9914406402845708,0.9954424188528236,0.9059582036460648
prithivMLmods/Viper-Coder-v1.7-Vsm6,0.5912627834593153,0.9059582036460648,0.9448643841707426,0.988216985326812,0.9206313917296576,0.923188083592708
prithivMLmods/Viper-OneCoder-UIGEN,0.5384615384615384,0.8181413961760783,0.8916184971098265,0.8511560693641619,0.8201422854602045,0.7070920409070698
prithivMLmods/Volans-Opus-14B-Exp,0.706980880391285,0.9137394397510004,0.9191863050244552,0.9614273010226768,0.9546465095598043,0.9530902623388172
prithivMLmods/WebMind-7B-v0.1,0.6287238772787905,0.7063139172965762,0.868830591373944,0.7323254779902179,0.8159181858603823,0.7754557581147177
pszemraj/Llama-3-6.3b-v0.1,0.0194530902623388,0.2801244997776789,0.1477323254779902,0.3861716318363717,0.2954646509559804,0.3198088039128501
pszemraj/Mistral-v0.3-6B,0.1931969764339706,0.2218763895064473,0.1003779457536682,0.1934192974655402,0.3138061360604713,0.2243219208537127
qingy2019/LLaMa_3.2_3B_Catalysts,0.5898176967541129,0.318808359270787,0.5733659404179635,0.4331925300133392,0.3737216540684748,0.3667185415740329
qingy2019/OpenMath2-Llama3.1-8B,0.1697421076033792,0.2473321476211649,0.7934637616718542,0.1934192974655402,0.0853712761227212,0.1393952867941307
qingy2019/Oracle-14B,0.173632725655847,0.3514895509115162,0.3508225878168075,0.098377056469542,0.5297910182303246,0.2445531347265451
qingy2019/Qwen2.5-Math-14B-Instruct,0.7283236994219653,0.868830591373944,0.8756113828368164,0.9298577145397956,0.941974210760338,0.9343041351711872
qingy2019/Qwen2.5-Math-14B-Instruct-Alpha,0.7192085371276122,0.8759448643841707,0.828479324144064,0.9244108492663408,0.8995108937305469,0.9343041351711872
qingy2019/Qwen2.5-Math-14B-Instruct-Pro,0.1102712316585148,0.6409515340151178,0.8062472209871053,0.6859715429079591,0.2094264117385504,0.5335704757670076
qingy2019/Qwen2.5-Ultimate-14B-Instruct,0.3937305469097377,0.7947976878612717,0.8089150733659404,0.8982881280569142,0.4906625166740773,0.8732770120053357
qingy2024/Benchmaxx-Llama-3.2-1B-Instruct,0.1224988883948421,0.9997776789684304,0.9558692752334372,0.3861716318363717,0.1718541574032903,0.0256780791462872
qingy2024/Eyas-17B-Instruct,0.7809026233881725,0.8323699421965318,0.7776789684304135,0.7138728323699421,0.8277012005335704,0.7874610938194754
qingy2024/Falcon3-2x10B-MoE-Instruct,0.9514228546020452,0.8539350822587817,0.8028012449977768,0.8075811471765229,0.7096487327701201,0.8192530013339262
qingy2024/Fusion-14B-Instruct,0.8663850600266785,0.8888394842152068,0.8440417963539351,0.8936193863939529,0.8048021342819031,0.880057803468208
qingy2024/Fusion2-14B-Instruct,0.7276567363272566,0.8499333036905291,0.8272565584704313,0.8601600711427301,0.8819475322365495,0.880613606047132
qingy2024/Fusion4-14B-Instruct,0.9219653179190752,0.933303690529124,0.8930635838150289,0.8075811471765229,0.7681191640729212,0.8998443752779013
qingy2024/OwO-14B-Instruct,0.0395731436193863,0.8514895509115162,0.9131836371720764,0.91396176078257,0.7521120497999111,0.897287683414851
qingy2024/QwEnlarge-16B-Instruct,0.9417518897287684,0.8168074699866608,0.941418408181414,0.8172521120497999,0.4908848377056469,0.831702979101823
qingy2024/QwQ-14B-Math-v0.2,0.3212538906180525,0.7867941307247666,0.9566473988439308,0.1656291685193419,0.4155180080035571,0.865051133837261
qingy2024/Qwarkstar-4B,0.1207203201422854,0.2507781236104935,0.4324144064028457,0.7804579813250333,0.7723432636727434,0.248888394842152
qingy2024/Qwarkstar-4B-Instruct-Preview,0.6347265451311694,0.3039128501556247,0.5711427301022677,0.3523788350377946,0.2987994664295242,0.2565584704313028
qingy2024/Qwen2.5-4B,0.1442863494886616,0.2996887505558026,0.2881280569141841,0.4605380168963984,0.8610493552690085,0.2594486438417074
qingy2024/Qwen2.5-Coder-Draft-1.5B-Instruct,0.4197421076033792,0.2185415740329035,0.6346153846153846,0.1330591373943975,0.1199421965317919,0.2318808359270787
qingy2024/Qwen2.5-Math-14B-Instruct-Alpha,0.9297465540240106,0.9199644286349488,0.9219653179190752,0.8743886171631836,0.4217429968875055,0.8748332592263228
qingy2024/Qwen2.5-Math-14B-Instruct-Preview,0.9465317919075144,0.8697198755002223,0.9519786571809692,0.8454868830591374,0.5084481991996442,0.8766118274788796
qingy2024/Qwen2.6-14B-Instruct,0.7012005335704757,0.8799466429524233,0.8219208537127612,0.9453090262338816,0.8485993775011116,0.9221876389506448
qingy2024/Qwen2.6-Math-14B-Instruct,0.3826144953312583,0.8690529124055135,0.9219653179190752,0.9244108492663408,0.9388617163183636,0.908070253445976
qq8933/OpenLongCoT-Base-Gemma2-2B,0.1160515784793241,0.072032014228546,0.1572921298354824,0.1656291685193419,0.0941529568697198,0.1096042685638061
raphgg/test-2.5-72B,0.9968875055580256,0.997332147621165,0.910293463761672,0.9723210315695864,0.9564250778123612,0.9944419742107604
rasyosef/Mistral-NeMo-Minitron-8B-Chat,0.4866607381058248,0.4046242774566474,0.1759670964873277,0.311805246776345,0.7118719430858159,0.2463317029791018
rasyosef/Phi-1_5-Instruct-v0.1,0.1810804802134281,0.0969319697643397,0.1003779457536682,0.1330591373943975,0.1621831925300133,0.1436193863939528
rasyosef/phi-2-instruct-apo,0.2927967985771454,0.3234771009337483,0.1915295686971987,0.2485549132947976,0.1735215651400622,0.2265451311694086
rasyosef/phi-2-instruct-v0.1,0.3563806136060471,0.4110715873721654,0.0141173855046687,0.2944642063139173,0.2476656291685193,0.2321031569586482
realtreetune/rho-1b-sft-MATH,0.1385060026678523,0.0831480658070253,0.2080924855491329,0.06447309915518,0.1357269897732325,0.0297910182303245
recoilme/Gemma-2-Ataraxy-Gemmasutra-9B-slerp,0.9219653179190752,0.8134726545131169,0.1258337038683859,0.8075811471765229,0.6776345042240997,0.7638950644730992
recoilme/recoilme-gemma-2-9B-v0.1,0.9037349933303692,0.8148065807025344,0.7169853268119164,0.8407069808803913,0.6131614050689195,0.7563361493997333
recoilme/recoilme-gemma-2-9B-v0.2,0.91396176078257,0.821476211649622,0.295131169408626,0.8013561582925744,0.5237883503779458,0.7568919519786572
recoilme/recoilme-gemma-2-9B-v0.3,0.8950644730991552,0.8105824811027124,0.4368608270342374,0.7750111160515785,0.6558470431302801,0.744108492663406
recoilme/recoilme-gemma-2-9B-v0.4,0.2220987105380168,0.8156958648288128,0.426856380613606,0.8454868830591374,0.9084037349933304,0.8142507781236105
recoilme/recoilme-gemma-2-9B-v0.5,0.9240773677189862,0.815028901734104,0.7291018230324589,0.8304802134281903,0.6622943530457981,0.7627834593152513
redrix/AngelSlayer-12B-Unslop-Mell-RPMax-DARKNESS,0.641396176078257,0.5164517563361494,0.5158959537572254,0.7194308581591818,0.4278568252556692,0.4317474433081369
redrix/patricide-12B-Unslop-Mell,0.411293908403735,0.668297020898177,0.581702979101823,0.7750111160515785,0.6393952867941307,0.5373499333036905
refuelai/Llama-3-Refueled,0.5226767452200978,0.8083592707870164,0.3610493552690084,0.5560248999555358,0.7972432192085371,0.3980658070253446
rhplus0831/maid-yuzu-v7,0.7696754112939084,0.4208537127612272,0.4818808359270787,0.6706313917296576,0.4815473543797243,0.5282347710093375
rhymes-ai/Aria,0.5546909737661183,0.7874610938194754,0.6996442863494886,0.9099599822143176,0.7710093374833259,0.8139172965762561
rhysjones/phi-2-orange-v2,0.3543797243219208,0.3937305469097377,0.2361049355269008,0.1567363272565584,0.329035126722988,0.259670964873277
riaz/FineLlama-3.1-8B,0.4688750555802579,0.3679413072476656,0.2881280569141841,0.3030235660293464,0.3634948866162739,0.3532681191640729
rmdhirr/Gluon-8B,0.6004891062694531,0.5300133392618942,0.6094931080480214,0.6927523343708315,0.4413072476656292,0.6578479324144064
rombodawg/Rombos-Coder-V2.5-Qwen-14b,0.8377056469542019,0.8474877723432637,0.8383726100489106,0.5930413517118719,0.3282570031124944,0.7213205869275233
rombodawg/Rombos-Coder-V2.5-Qwen-7b,0.7438861716318363,0.5251222765673633,0.841929746554024,0.3861716318363717,0.3557136505113383,0.487105380168964
rombodawg/Rombos-LLM-V2.5-Qwen-0.5b,0.2572254335260115,0.1814139617607825,0.3679413072476656,0.2130947087594486,0.0084481991996442,0.2038683859493108
rombodawg/Rombos-LLM-V2.5-Qwen-1.5b,0.3230324588706091,0.2807914628723877,0.4299688750555802,0.4331925300133392,0.5202312138728323,0.3394842152067585
rombodawg/Rombos-LLM-V2.5-Qwen-14b,0.7045353490440196,0.9035126722987996,0.9368608270342376,0.927967985771454,0.9201867496665184,0.9470875944864384
rombodawg/Rombos-LLM-V2.5-Qwen-32b,0.8111382836816363,0.9919964428634948,0.9654290795909292,0.988216985326812,0.9917741218319251,0.997332147621165
rombodawg/Rombos-LLM-V2.5-Qwen-3b,0.638728323699422,0.4317474433081369,0.8028012449977768,0.6528457092040907,0.4117385504668742,0.6295020008892841
rombodawg/Rombos-LLM-V2.5-Qwen-72b,0.8517118719430858,0.9955535793686082,0.9884393063583816,0.9896620720320144,0.8850600266785238,0.9975544686527346
rombodawg/Rombos-LLM-V2.5-Qwen-7b,0.7458870609159627,0.7465540240106714,0.8857269897732325,0.7379946642952423,0.6492885726989773,0.8294797687861272
rombodawg/Rombos-LLM-V2.5.1-Qwen-3b,0.228990662516674,0.2343263672743441,0.449977767896843,0.2944642063139173,0.3666073810582481,0.2925744775455758
rombodawg/Rombos-LLM-V2.6-Nemotron-70b,0.9057358826144952,0.9779902178746108,0.8411516229435304,0.9943308136949756,0.9086260560249,0.9336371720764784
rombodawg/Rombos-LLM-V2.6-Qwen-14b,0.9964428634948866,0.901067140951534,0.9778790573588262,0.8200311249444198,0.6716318363717207,0.8739439751000445
rombodawg/rombos_Replete-Coder-Instruct-8b-Merged,0.6475100044464206,0.3269230769230769,0.4030680302356603,0.2396620720320142,0.1640729212983548,0.1969764339706536
rombodawg/rombos_Replete-Coder-Llama3-8B,0.5429079590929302,0.1538461538461538,0.2275455758114717,0.2130947087594486,0.3601600711427301,0.1120497999110715
rootxhacker/Apollo-70B,0.6104935526900844,0.961316140506892,0.9931080480213428,0.9991107158737216,0.9815473543797244,0.920409070698088
rootxhacker/Apollo_v2-32B,0.4489773232547799,0.9922187638950644,0.9206313917296576,0.9428634948866162,0.9864384170742552,0.9948866162738996
rootxhacker/apollo-7B,0.269897732325478,0.2067585593597154,0.1678523788350377,0.3351489550911516,0.4386393952867941,0.1885282347710093
rsh345/mistral-ft-optimized-1218-NeuralHermes-2.5-Mistral-7B,0.3873943975100044,0.6301689639839929,0.387616718541574,0.5930413517118719,0.8833926189417519,0.3825033348154735
rubenroy/Geneva-12B-GCv2-5m,0.2274344152956869,0.6227212094264117,0.411293908403735,0.4259670964873277,0.2551133837261005,0.447865718096932
rubenroy/Gilgamesh-72B,0.997332147621165,0.9964428634948866,0.926856380613606,0.983325922632281,0.8915073365940418,0.993552690084482
rubenroy/Zurich-14B-GCv2-5m,0.739773232547799,0.866162738995109,0.8234771009337484,0.9079590929301912,0.9693196976433972,0.906402845709204
ruizhe1217/sft-s1-qwen-0.5b,0.245664739884393,0.1778568252556691,0.3403734993330369,0.2633392618941751,0.0084481991996442,0.2065362383281458
rwitz/go-bruins-v2,0.4152956869719875,0.2156514006224988,0.3652734548688306,0.1656291685193419,0.565584704313028,0.3001333926189417
sabersaleh/Llama2-7B-CPO,0.0571365051133837,0.1840818141396176,0.1003779457536682,0.2218763895064473,0.4502000889284126,0.1656291685193419
sabersaleh/Llama2-7B-DPO,0.0457981325033348,0.1923076923076923,0.117163183637172,0.2312138728323699,0.5280124499777679,0.1691863050244553
sabersaleh/Llama2-7B-IPO,0.0901511783014673,0.1887505558025789,0.117163183637172,0.2218763895064473,0.4530902623388173,0.1678523788350377
sabersaleh/Llama2-7B-KTO,0.0544686527345486,0.1958648288128057,0.1337261004891062,0.2218763895064473,0.5812583370386839,0.1714095153401511
sabersaleh/Llama2-7B-SPO,0.0604713205869275,0.1707425522454424,0.1387283236994219,0.3195864828812805,0.3194753223654957,0.1894175188972877
sabersaleh/Llama2-7B-SimPO,0.0748110271231658,0.1883059137394397,0.117163183637172,0.2584481991996443,0.4148510449088484,0.1725211204979991
sabersaleh/Llama3,0.3119164072921298,0.4192974655402401,0.3138061360604713,0.6791907514450867,0.334370831480658,0.4261894175188973
sabersalehk/Llama3-001-300,0.2961316140506892,0.3963983992885727,0.295131169408626,0.5560248999555358,0.4555357936860827,0.4246331702979102
sabersalehk/Llama3-SimPO,0.3512672298799466,0.437083148065807,0.3190306803023566,0.6528457092040907,0.5669186305024455,0.4239662072032014
sabersalehk/Llama3_001_200,0.3012449977767897,0.3943975100044464,0.2881280569141841,0.6036016007114273,0.4555357936860827,0.4336371720764784
sabersalehk/Llama3_01_300,0.2705646954201867,0.3832814584259671,0.2794575366829702,0.6528457092040907,0.4443085815918186,0.4098488216985327
saishf/Fimbulvetr-Kuro-Lotus-10.7B,0.5801467318808359,0.2987994664295242,0.2991329479768786,0.5744775455758114,0.8488216985326812,0.4854379724321921
saishf/Neural-SOVLish-Devil-8B-L3,0.4313028012449977,0.5220097821253891,0.4410849266340595,0.6528457092040907,0.5140062249888839,0.6572921298354825
saishshinde15/TethysAI_Base_Reasoning,0.7607825700311249,0.3566029346376167,0.828479324144064,0.4105157847932414,0.4813250333481547,0.4455313472654513
saishshinde15/TethysAI_Vortex,0.4517563361493997,0.4246331702979102,0.8291462872387728,0.6229435304579813,0.8170297910182304,0.4460871498443752
saishshinde15/TethysAI_Vortex_Reasoning,0.403734993330369,0.3970653623832814,0.7354379724321921,0.6130502445531347,0.4722098710538017,0.4824366385060026
sakaltcommunity/novablast-preview,0.5020008892841262,0.9917741218319251,0.9610938194753224,0.9527567807914628,0.9913294797687862,0.9969986660738106
sakaltcommunity/sakaltum-7b,0.230102267674522,0.3590484659848821,0.1877501111605158,0.276345042240996,0.2797910182303246,0.302134281903068
sakhan10/quantized_open_llama_3b_v2,0.1029346376167185,0.047799021787461,0.0141173855046687,0.3195864828812805,0.2315473543797243,0.0115606936416184
saltlux/luxia-21.4b-alignment-v1.0,0.3590484659848821,0.8795020008892841,0.4667630057803468,0.5744775455758114,0.6853045798132503,0.4895509115162294
saltlux/luxia-21.4b-alignment-v1.2,0.4181858603823922,0.87638950644731,0.426856380613606,0.6528457092040907,0.8072476656291685,0.505891507336594
sam-paech/Darkest-muse-v1,0.8799466429524233,0.8172521120497999,0.7354379724321921,0.8572698977323254,0.8239217429968875,0.7605602489995553
sam-paech/Delirium-v1,0.8594931080480214,0.8145842596709649,0.7272120942641174,0.8538239217429969,0.8219208537127612,0.7612272120942641
sam-paech/Quill-v1,0.8460426856380614,0.8170297910182304,0.7309915518008003,0.8431525122276567,0.8512672298799466,0.7587816807469987
sarvamai/OpenHathi-7B-Hi-v0.1-Base,0.0949310804802134,0.1676300578034682,0.0619164072921298,0.0703646064917741,0.2472209871053801,0.1375055580257892
schnapss/testmerge-7b,0.3909515340151178,0.622054246331703,0.3708314806580702,0.5162294353045798,0.8932859048465985,0.3858381502890173
sci-m-wang/Mistral-7B-Instruct-sa-v0.1,0.4593152512227657,0.1116051578479324,0.1070475767007558,0.1186082703423744,0.3173632725655847,0.2425522454424188
sci-m-wang/Phi-3-mini-4k-instruct-sa-v0.1,0.5940417963539351,0.7547799021787461,0.6172743441529569,0.8013561582925744,0.4744330813694976,0.7343263672743442
sci-m-wang/deepseek-llm-7b-chat-sa-v0.1,0.4068474877723432,0.2127612272120942,0.1716318363717207,0.0914851044908848,0.4893285904846599,0.2298799466429524
securin/Securin-LLM-V2.5-Qwen-1.5B,0.0508003557136505,0.0982658959537572,0.1644064028457092,0.0262338817252112,0.1011560693641618,0.1674077367718986
senseable/WestLake-7B-v2,0.480658070253446,0.2696754112939084,0.2734548688305914,0.3195864828812805,0.3492663405958203,0.3009115162294353
sequelbox/Llama3.1-70B-PlumChat,0.6827478879502001,0.9568697198755002,0.8206980880391285,0.9749888839484216,0.9502000889284128,0.8931747443308137
sequelbox/Llama3.1-8B-MOTH,0.625833703868386,0.4488661627389951,0.5473543797243219,0.2312138728323699,0.2016451756336149,0.4706536238328145
sequelbox/Llama3.1-8B-PlumChat,0.4415295686971988,0.2256558470431302,0.213428190306803,0.1934192974655402,0.2353268119164072,0.2232103156958648
sequelbox/Llama3.1-8B-PlumCode,0.127389951089373,0.1825255669186305,0.1759670964873277,0.311805246776345,0.433303690529124,0.2394397510004446
sequelbox/Llama3.1-8B-PlumMath,0.1562916851934193,0.2496665184526456,0.2696754112939084,0.7379946642952423,0.4346376167185415,0.3554913294797688
sequelbox/gemma-2-9B-MOTH,0.130057803468208,0.0631391729657625,0.0780346820809248,0.1330591373943975,0.0045575811471765,0.0582481102712316
sethuiyer/Llama-3.1-8B-Experimental-1206-Instruct,0.8278123610493553,0.5204535349044019,0.5101156069364162,0.5560248999555358,0.4090706980880391,0.5244553134726545
sethuiyer/Llama-3.1-8B-Experimental-1208-Instruct,0.7323254779902179,0.4986660738105825,0.4410849266340595,0.5162294353045798,0.355380168963984,0.5176745220097821
sethuiyer/LlamaZero-3.1-8B-Experimental-1208,0.7267674522009782,0.4717652289906625,0.4987772343263673,0.2312138728323699,0.3364828812805691,0.3624944419742107
sethuiyer/Llamaverse-3.1-8B-Instruct,0.7422187638950645,0.6956425077812362,0.6848599377501111,0.4605380168963984,0.4052912405513562,0.5232325477990218
sethuiyer/Llamazing-3.1-8B-Instruct,0.6916407292129836,0.6331702979101823,0.3035793686082703,0.6927523343708315,0.4360827034237439,0.5518008003557137
sethuiyer/Qwen2.5-7B-Anvita,0.7707870164517563,0.717207647843486,0.7117607825700312,0.7922409959982214,0.7432192085371276,0.7580035571365051
shadowml/BeagSake-7B,0.6233881725211204,0.384393063583815,0.2833481547354379,0.3608270342374388,0.4881058248110271,0.26878612716763
shadowml/Mixolar-4x7b,0.3877278790573588,0.6271676300578035,0.3235882614495331,0.4789906625166741,0.697865718096932,0.463428190306803
shastraai/Shastra-LLAMA2-Math-Commonsense-SFT,0.2807914628723877,0.2229879946642952,0.1258337038683859,0.1186082703423744,0.237105380168964,0.2163183637172076
shivam9980/NEPALI-LLM,0.0062249888839484,0.2192085371276122,0.0668074699866607,0.1567363272565584,0.4975544686527345,0.219875500222321
shivam9980/mistral-7b-news-cnn-merged,0.5265673632725656,0.2074255224544242,0.1337261004891062,0.661849710982659,0.8374833259226323,0.3174744330813695
shivank21/mistral_dpo_self,0.3232547799021787,0.1093819475322365,0.151622943530458,0.0262338817252112,0.1770787016451756,0.230102267674522
shuttleai/shuttle-3,0.9866607381058248,0.9991107158737216,0.941418408181414,0.9961093819475324,0.7974655402401067,0.9904401956425076
shyamieee/Padma-v7.0,0.3797243219208537,0.5798132503334815,0.3767229879946643,0.4105157847932414,0.7721209426411738,0.3728323699421965
silma-ai/SILMA-9B-Instruct-v1.0,0.7047576700755892,0.542463317029791,0.5275678079146288,0.6229435304579813,0.882836816362828,0.7126500666963095
silma-ai/SILMA-Kashif-2B-Instruct-v1.0,0.0237883503779457,0.2169853268119164,0.0839261894175188,0.2485549132947976,0.3915073365940418,0.2332147621164962
siqi00/Mistral-7B-DFT,0.6756336149399733,0.3886171631836371,0.2194308581591818,0.6130502445531347,0.5375722543352601,0.3530457981325033
siqi00/Mistral-7B-DFT2,0.700533570475767,0.239217429968875,0.2585593597154291,0.5560248999555358,0.7734548688305913,0.3229212983548243
skumar9/Llama-medx_v2,0.4891062694530902,0.4366385060026678,0.4490884837705647,0.6229435304579813,0.1596265006669631,0.5024455313472654
skymizer/Llama2-7b-sft-chat-custom-template-dpo,0.1727434415295687,0.2078701645175633,0.1070475767007558,0.0262338817252112,0.7741218319253002,0.2123165851489551
someon98/qwen-CoMa-0.5b,0.1608492663405958,0.0228990662516674,0.045131169408626,0.0262338817252112,0.4197421076033792,0.0141173855046687
sometimesanotion/ChocoTrio-14B-v1,0.8417074255224545,0.9170742552245442,0.8986216096042685,0.9614273010226768,0.944642063139173,0.9431969764339706
sometimesanotion/IF-reasoning-experiment-40,0.7550022232103157,0.8457092040907069,0.8756113828368164,0.9479768786127168,0.9948866162738996,0.8786127167630058
sometimesanotion/IF-reasoning-experiment-80,0.6598488216985327,0.2621164962205424,0.4724321920853713,0.3947309915518008,0.9811027123165852,0.4798799466429524
sometimesanotion/KytheraMix-7B-v0.2,0.7356602934637617,0.7707870164517563,0.8120275678079146,0.8269230769230769,0.8448199199644286,0.8374833259226323
sometimesanotion/Lamarck-14B-v0.1-experimental,0.6407292129835482,0.93552690084482,0.8624944419742108,0.9527567807914628,0.9152956869719876,0.9670964873277011
sometimesanotion/Lamarck-14B-v0.3,0.5958203646064918,0.9421965317919077,0.8470431302801245,0.9706536238328146,0.899955535793686,0.9685415740329036
sometimesanotion/Lamarck-14B-v0.4-Qwenvergence,0.5743663850600267,0.9208537127612272,0.8460426856380614,0.9428634948866162,0.9544241885282349,0.9662072032014228
sometimesanotion/Lamarck-14B-v0.6,0.8283681636282793,0.9015117830146732,0.9030680302356604,0.9723210315695864,0.9497554468652736,0.9615384615384616
sometimesanotion/Lamarck-14B-v0.6-002-model_stock,0.791907514450867,0.8526011560693642,0.882836816362828,0.9347487772343264,0.9937750111160516,0.8808359270787016
sometimesanotion/Lamarck-14B-v0.6-model_stock,0.805913739439751,0.8634948866162739,0.9185193419297466,0.9594264117385504,0.9797687861271676,0.9004001778568252
sometimesanotion/Lamarck-14B-v0.7-Fusion,0.8104713205869275,0.9270787016451756,0.9030680302356604,0.9914406402845708,0.9759893285904848,0.955980435749222
sometimesanotion/Lamarck-14B-v0.7-rc1,0.8732770120053357,0.905291240551356,0.8897287683414851,0.9723210315695864,0.9026233881725212,0.9720987105380168
sometimesanotion/Lamarck-14B-v0.7-rc4,0.8606047132058693,0.912850155624722,0.9022899066251668,0.9723210315695864,0.9649844375277902,0.9615384615384616
sometimesanotion/LamarckInfusion-14B-v1,0.8572698977323254,0.925300133392619,0.9138506002667852,0.9749888839484216,0.96242774566474,0.9476433970653624
sometimesanotion/LamarckInfusion-14B-v2,0.8094708759448643,0.9359715429079593,0.9276345042240997,0.968319253001334,0.9786571809693198,0.9726545131169408
sometimesanotion/LamarckInfusion-14B-v2-hi,0.8143619386393953,0.9328590484659848,0.9174077367718986,0.9706536238328146,0.9508670520231214,0.9649844375277902
sometimesanotion/LamarckInfusion-14B-v2-lo,0.8056914184081814,0.9219653179190752,0.9178523788350378,0.963428190306803,0.9748777234326368,0.9604268563806136
sometimesanotion/LamarckInfusion-14B-v3,0.8480435749221876,0.9184081814139616,0.9114050689195198,0.9657625611382836,0.9426411738550466,0.966651845264562
sometimesanotion/Qwen-14B-ProseStock-v4,0.5809248554913294,0.9061805246776344,0.8680524677634505,0.9706536238328146,0.9724321920853712,0.9538683859493108
sometimesanotion/Qwen-2.5-14B-Virmarckeoso,0.5620275678079146,0.9326367274344152,0.8603823921742997,0.9453090262338816,0.939195197865718,0.9479768786127168
sometimesanotion/Qwen2.5-14B-Vimarckoso,0.512894619831036,0.8990662516674077,0.8447087594486439,0.9785460204535348,0.9553134726545132,0.9336371720764784
sometimesanotion/Qwen2.5-14B-Vimarckoso-v2,0.4968875055580258,0.926856380613606,0.8624944419742108,0.9552023121387284,0.9384170742552246,0.9493108048021344
sometimesanotion/Qwen2.5-14B-Vimarckoso-v3,0.8659404179635394,0.8890618052467764,0.9012894619831036,0.9479768786127168,0.934415295686972,0.9369719875500222
sometimesanotion/Qwen2.5-14B-Vimarckoso-v3-IF-Variant,0.7664517563361494,0.7216540684748777,0.7839039573143619,0.8701645175633614,0.9971098265895952,0.8471542907959093
sometimesanotion/Qwen2.5-14B-Vimarckoso-v3-Prose01,0.8165851489550912,0.8755002223210315,0.9004001778568252,0.9657625611382836,0.9404179635393508,0.9189639839928856
sometimesanotion/Qwen2.5-14B-Vimarckoso-v3-model_stock,0.8521565140062249,0.8926189417518897,0.9185193419297466,0.9479768786127168,0.9301911960871498,0.9305246776345042
sometimesanotion/Qwen2.5-7B-Gordion-v0.1,0.8992885726989773,0.7341040462427746,0.8105824811027124,0.6528457092040907,0.4132947976878612,0.7786794130724767
sometimesanotion/Qwen2.5-7B-Gordion-v0.1-Prose,0.6398399288572699,0.7703423743886172,0.8089150733659404,0.7541129390840373,0.8001333926189418,0.8412627834593153
sometimesanotion/Qwen2.5-7B-Gordion-v0.1-Reason,0.5759226322810138,0.7416629613161405,0.7903512672298799,0.8454868830591374,0.7527790128946198,0.7794575366829702
sometimesanotion/Qwentessential-14B-v1,0.7496665184526456,0.9261894175188972,0.9050689195197864,0.968319253001334,0.961316140506892,0.950978212538906
sometimesanotion/Qwentinuum-14B-v013,0.7947976878612717,0.8359270787016452,0.874722098710538,0.9004001778568252,0.992441084926634,0.87638950644731
sometimesanotion/Qwentinuum-14B-v1,0.5958203646064918,0.934415295686972,0.8648288128056915,0.9552023121387284,0.9286349488661628,0.9680969319697644
sometimesanotion/Qwentinuum-14B-v2,0.6460649177412183,0.9293019119608716,0.8799466429524233,0.9706536238328146,0.9037349933303692,0.9676522899066252
sometimesanotion/Qwentinuum-14B-v3,0.7383281458425968,0.9179635393508224,0.856491774121832,0.968319253001334,0.9579813250333482,0.9703201422854602
sometimesanotion/Qwentinuum-14B-v5,0.7510004446420632,0.9230769230769232,0.8497109826589595,0.968319253001334,0.9657625611382836,0.973654957759004
sometimesanotion/Qwentinuum-14B-v6,0.7527790128946198,0.9212983548243664,0.8648288128056915,0.9657625611382836,0.9670964873277011,0.9615384615384616
sometimesanotion/Qwentinuum-14B-v6-Prose,0.6851934192974656,0.91929746554024,0.8739439751000445,0.9706536238328146,0.9690973766118276,0.9570920409070698
sometimesanotion/Qwentinuum-14B-v7,0.7336594041796354,0.9250778123610494,0.8614939973321476,0.9749888839484216,0.9477545575811472,0.9680969319697644
sometimesanotion/Qwentinuum-14B-v8,0.6507336594041796,0.918852823477101,0.8947309915518008,0.9573143619386394,0.9606491774121833,0.9696531791907514
sometimesanotion/Qwentinuum-14B-v9,0.6113828368163629,0.9357492218763896,0.8520453534904402,0.963428190306803,0.9335260115606936,0.9761004891062696
sometimesanotion/Qwenvergence-14B-qv256,0.8314806580702534,0.870386838594931,0.8939528679413072,0.9428634948866162,0.9653179190751444,0.8966207203201423
sometimesanotion/Qwenvergence-14B-v0.6-004-model_stock,0.8152512227656736,0.8619386393952868,0.9079590929301912,0.9573143619386394,0.9826589595375722,0.8995108937305469
sometimesanotion/Qwenvergence-14B-v10,0.8028012449977768,0.8663850600266785,0.95431302801245,0.9453090262338816,0.9782125389061804,0.9076256113828368
sometimesanotion/Qwenvergence-14B-v11,0.8566029346376167,0.8743886171631836,0.9448643841707426,0.9298577145397956,0.9184081814139616,0.9331925300133392
sometimesanotion/Qwenvergence-14B-v12-Prose,0.6509559804357492,0.9095153401511784,0.856491774121832,0.9657625611382836,0.9775455758114716,0.950978212538906
sometimesanotion/Qwenvergence-14B-v12-Prose-DS,0.740884837705647,0.9130724766562917,0.9227434415295688,0.983325922632281,0.9922187638950644,0.9426411738550466
sometimesanotion/Qwenvergence-14B-v13-Prose-DS,0.8539350822587817,0.8857269897732325,0.890840373499333,0.9573143619386394,0.9715429079590928,0.9377501111605158
sometimesanotion/Qwenvergence-14B-v15-Prose-MS,0.5962650066696309,0.9228546020453536,0.8673855046687416,0.9857714539795464,0.9673188083592708,0.9576478434859936
sometimesanotion/Qwenvergence-14B-v2-Prose,0.5417963539350823,0.9141840818141396,0.8592707870164518,0.980658070253446,0.9710982658959536,0.9447532236549576
sometimesanotion/Qwenvergence-14B-v3,0.5984882169853268,0.9255224544241886,0.8729435304579813,0.9594264117385504,0.960204535349044,0.9538683859493108
sometimesanotion/Qwenvergence-14B-v3-Prose,0.5762561138283682,0.911738550466874,0.868830591373944,0.9857714539795464,0.9728768341485104,0.9431969764339706
sometimesanotion/Qwenvergence-14B-v3-Reason,0.6431747443308137,0.9330813694975544,0.8624944419742108,0.9657625611382836,0.9110715873721654,0.9586482881280568
sometimesanotion/Qwenvergence-14B-v6-Prose,0.7200978212538907,0.9190751445086706,0.8603823921742997,0.9706536238328146,0.963983992885727,0.9438639395286794
sometimesanotion/Qwenvergence-14B-v6-Prose-model_stock,0.5611382836816363,0.9135171187194308,0.8648288128056915,0.980658070253446,0.9644286349488662,0.9545353490440196
sometimesanotion/Qwenvergence-14B-v8,0.7112049799911072,0.9121831925300132,0.9035126722987996,0.9502000889284128,0.9264117385504668,0.9802134281903068
sometimesanotion/Qwenvergence-14B-v9,0.7823477100933748,0.8506002667852379,0.9120720320142286,0.9217429968875056,0.9931080480213428,0.8861716318363717
sometimesanotion/lamarck-14b-prose-model_stock,0.4481991996442863,0.9030680302356604,0.847821253890618,0.980658070253446,0.9528679413072476,0.9394175188972876
sometimesanotion/lamarck-14b-reason-model_stock,0.5848154735437973,0.9339706536238328,0.8624944419742108,0.9594264117385504,0.9190751445086706,0.9635393508225878
sonthenguyen/ft-unsloth-zephyr-sft-bnb-4bit-20241014-161415,0.2630057803468208,0.2167630057803468,0.0839261894175188,0.0262338817252112,0.2899066251667407,0.1183859493108048
sonthenguyen/ft-unsloth-zephyr-sft-bnb-4bit-20241014-164205,0.2976878612716763,0.253223654957759,0.0619164072921298,0.311805246776345,0.6576256113828368,0.222543352601156
sonthenguyen/ft-unsloth-zephyr-sft-bnb-4bit-20241014-170522,0.3697198755002223,0.2272120942641174,0.0668074699866607,0.1934192974655402,0.7736771898621609,0.2194308581591818
sonthenguyen/zephyr-sft-bnb-4bit-DPO-mtbc-213steps,0.4477545575811472,0.2945753668297021,0.1678523788350377,0.1567363272565584,0.4697643397065362,0.2890173410404624
sonthenguyen/zephyr-sft-bnb-4bit-DPO-mtbo-180steps,0.4142952423299244,0.3190306803023566,0.1572921298354824,0.311805246776345,0.296798577145398,0.2982436638506002
sonthenguyen/zephyr-sft-bnb-4bit-DPO-mtbr-180steps,0.4061805246776345,0.3172521120497999,0.1644064028457092,0.3523788350377946,0.634948866162739,0.29035126722988
sophosympatheia/Midnight-Miqu-70B-v1.5,0.7347710093374833,0.7825700311249444,0.3767229879946643,0.5162294353045798,0.6234993330369053,0.6670742552245442
speakleash/Bielik-11B-v2,0.1766340595820364,0.4455313472654513,0.4061805246776345,0.4331925300133392,0.3530457981325033,0.4155180080035571
speakleash/Bielik-11B-v2.0-Instruct,0.6269453090262339,0.6634059582036461,0.5352378835037794,0.7323254779902179,0.8014673188083593,0.4757670075589151
speakleash/Bielik-11B-v2.1-Instruct,0.6089373054690974,0.7432192085371276,0.7929079590929302,0.8335927078701645,0.5311249444197421,0.4986660738105825
speakleash/Bielik-11B-v2.2-Instruct,0.6729657625611383,0.7632281013783904,0.7939084037349934,0.8106936416184971,0.5045575811471765,0.5105602489995553
speakleash/Bielik-11B-v2.3-Instruct,0.6778568252556691,0.7796798577145398,0.72309915518008,0.8454868830591374,0.8482658959537572,0.4978879502000889
spmurrayzzz/Mistral-Syndicate-7B,0.2046465095598043,0.3065807025344597,0.2050911516229435,0.311805246776345,0.750555802578924,0.2767896843041352
spow12/ChatWaifu_12B_v2.0,0.5534682080924855,0.5593597154290796,0.3798354824366385,0.3195864828812805,0.841929746554024,0.4849933303690529
spow12/ChatWaifu_22B_v2.0_preview,0.8002445531347265,0.8561582925744775,0.6905291240551357,0.7194308581591818,0.1668519341929746,0.7345486883059137
spow12/ChatWaifu_v1.4,0.6889728768341485,0.5782570031124944,0.4926634059582036,0.6421742996887505,0.9486438417074256,0.5065584704313028
spow12/ChatWaifu_v2.0_22B,0.7755669186305024,0.8141396176078257,0.6848599377501111,0.7804579813250333,0.2712316585148955,0.6750778123610494
ssmits/Qwen2.5-95B-Instruct,0.996220542463317,0.9926634059582036,0.9818808359270788,0.91396176078257,0.7492218763895064,0.904846598488217
stabilityai/StableBeluga2,0.3730546909737661,0.8034682080924855,0.2517785682525567,0.7256558470431302,0.9159626500666964,0.4684304135171187
stabilityai/stablelm-2-12b,0.0609159626500667,0.3410404624277456,0.2473321476211649,0.3351489550911516,0.7921298354824367,0.3906180524677634
stabilityai/stablelm-2-12b-chat,0.4137394397510004,0.3861716318363717,0.2991329479768786,0.2130947087594486,0.3610493552690084,0.2950200088928412
stabilityai/stablelm-2-1_6b,0.0233437083148065,0.1834148510449088,0.0582481102712316,0.0262338817252112,0.2814584259670964,0.1227212094264117
stabilityai/stablelm-2-1_6b-chat,0.2832369942196532,0.1647398843930635,0.1644064028457092,0.0262338817252112,0.2772343263672743,0.1682970208981769
stabilityai/stablelm-2-zephyr-1_6b,0.3088039128501556,0.141396176078257,0.2025344597598933,0.0262338817252112,0.2885726989773232,0.1840818141396176
stabilityai/stablelm-3b-4e1t,0.1518452645620275,0.1885282347710093,0.0780346820809248,0.0262338817252112,0.2178746109381947,0.1773010226767452
stabilityai/stablelm-zephyr-3b,0.3571587372165407,0.2334370831480658,0.2473321476211649,0.0262338817252112,0.4835482436638506,0.1915295686971987
sthenno/tempesthenno-0120,0.6478434859937751,0.8772787905735883,0.8433748332592264,0.983325922632281,0.8617163183637172,0.9237438861716318
sthenno/tempesthenno-fusion-0309,0.9288572698977324,0.938194753223655,0.9527567807914628,0.9244108492663408,0.7676745220097821,0.9144064028457092
sthenno/tempesthenno-kto-0205-ckpt80,0.9802134281903068,0.932192085371276,0.94086260560249,0.872610048910627,0.710760337927968,0.9225211204979992
sthenno/tempesthenno-nuslerp-001,0.9648732770120052,0.9404179635393508,0.9519786571809692,0.9319697643397066,0.7641173855046688,0.9132947976878611
sthenno/tempesthenno-nuslerp-0124,0.8312583370386839,0.9008448199199643,0.9108492663405958,0.9733214762116495,0.9519786571809692,0.9385282347710092
sthenno/tempesthenno-ppo-ckpt40,0.9640951534015118,0.9295242329924412,0.9504224099599822,0.9416407292129836,0.7952423299244108,0.9242996887505558
sthenno/tempesthenno-sft-0309-ckpt10,0.9335260115606936,0.9308581591818588,0.9496442863494886,0.927967985771454,0.7881280569141841,0.91396176078257
sthenno/tempesthenno-sft-0314-stage1-ckpt50,0.8886171631836371,0.941974210760338,0.9468652734548688,0.9319697643397066,0.8136949755446865,0.9283014673188084
sthenno/tempestissimo-14b-0309,0.9106269453090262,0.9373054690973768,0.9550911516229436,0.918297020898177,0.7621164962205424,0.920964873277012
sthenno-com/miscii-14b-0130,0.786571809693197,0.912405513561583,0.9237438861716318,0.9527567807914628,0.9635393508225878,0.9405291240551356
sthenno-com/miscii-14b-0218,0.9229657625611384,0.9324144064028456,0.9755446865273456,0.9573143619386394,0.7276567363272566,0.9264117385504668
sthenno-com/miscii-14b-1028,0.989773232547799,0.8997332147621165,0.9707647843485994,0.8982881280569142,0.648955091151623,0.891951978657181
sthenno-com/miscii-14b-1225,0.955980435749222,0.9370831480658072,0.9346376167185416,0.9416407292129836,0.8028012449977768,0.9179635393508224
streamerbtw1002/Nexuim-R1-7B-Instruct,0.8243663850600267,0.5706980880391285,0.9318586038239216,0.1186082703423744,0.0342374388617163,0.7536682970208982
stupidity-ai/Llama-3-8B-Instruct-MultiMoose,0.1676300578034682,0.002667852378835,0.0141173855046687,0.0703646064917741,0.1258337038683859,0.0100044464206313
suayptalha/Clarus-7B-v0.1,0.8970653623832815,0.7349933303690529,0.9632058692752334,0.6421742996887505,0.8180302356602934,0.8066918630502445
suayptalha/Clarus-7B-v0.2,0.9266340595820364,0.7343263672743442,0.9588706091596264,0.5832592263228101,0.8145842596709649,0.812361049355269
suayptalha/Clarus-7B-v0.3,0.9029568697198757,0.7507781236104936,0.9600933748332592,0.6927523343708315,0.7901289461983103,0.8050244553134727
suayptalha/DeepSeek-R1-Distill-Llama-3B,0.8421520675855936,0.3205869275233437,0.7240995998221432,0.1459537572254335,0.1372832369942196,0.3564917741218319
suayptalha/Falcon3-Jessi-v0.4-7B-Slerp,0.9254112939084036,0.7685638061360605,0.8977323254779902,0.6927523343708315,0.9555357936860828,0.7433303690529124
suayptalha/HomerCreativeAnvita-Mix-Qw7B,0.9426411738550466,0.7638950644730992,0.8659404179635394,0.7138728323699421,0.8012449977767897,0.8238105824811027
suayptalha/Komodo-Llama-3.2-3B-v2-fp16,0.7567807914628724,0.303245887060916,0.4942196531791907,0.3271453979546465,0.1598488216985326,0.3229212983548243
suayptalha/Lamarckvergence-14B,0.9229657625611384,0.9248554913294798,0.9874388617163185,0.9121831925300132,0.8561582925744775,0.9216318363717207
suayptalha/Lix-14B-v0.1,0.9434192974655402,0.9439751000444642,0.9811027123165852,0.9244108492663408,0.740329035126723,0.9301911960871498
suayptalha/Luminis-phi-4,0.8200311249444198,0.9777678968430412,0.9441974210760338,0.8823921742996887,0.8654957759004002,0.977434415295687
suayptalha/Maestro-10B,0.9369719875500222,0.7885726989773233,0.6943085815918186,0.8172521120497999,0.7616718541574032,0.7648955091151622
suayptalha/Rombos-2.5-T.E-8.1,0.8231436193863939,0.7523343708314807,0.9632058692752334,0.6859715429079591,0.5645842596709649,0.8241440640284571
sumink/Qmerft,0.0599155180080035,0.0175633614939973,0.0364606491774121,0.06447309915518,0.1945309026233881,0.0722543352601156
sumink/Qwenftmodel,0.0835927078701645,0.226322810137839,0.4410849266340595,0.0914851044908848,0.2279902178746109,0.239773232547799
sumink/Qwenmplus,0.1269453090262338,0.216096042685638,0.1644064028457092,0.4027345486883059,0.246776345042241,0.216096042685638
sumink/Qwensci,0.0840373499333037,0.1251667407736771,0.1438417074255224,0.1066029346376167,0.1735215651400622,0.104268563806136
sumink/bbhqwen,0.0955980435749221,0.1380613606047132,0.0780346820809248,0.098377056469542,0.7383281458425968,0.1676300578034682
sumink/bbhqwen2,0.055357936860827,0.0775900400177856,0.0520231213872832,0.1656291685193419,0.7885726989773233,0.0679190751445086
sumink/bbhqwen3,0.1123832814584259,0.0255669186305024,0.0141173855046687,0.098377056469542,0.2563361493997332,0.0795909293019119
sumink/bbhqwen4,0.0455758114717652,0.0984882169853268,0.0520231213872832,0.0262338817252112,0.3935082258781681,0.1302801244997777
sumink/bbhqwen5,0.0535793686082703,0.0480213428190306,0.0364606491774121,0.1330591373943975,0.5073365940417963,0.0492441084926634
sumink/bbhqwen6,0.1067140951534015,0.0231213872832369,0.0302356602934637,0.1066029346376167,0.1011560693641618,0.0703646064917741
sumink/flflmillama,0.0775900400177856,0.2243219208537127,0.1387283236994219,0.4699866607381058,0.1990884837705647,0.2207647843485994
sumink/ftgpt,0.0137839039573143,0.0166740773677189,0.0141173855046687,0.1836371720764784,0.503779457536683,0.0862605602489995
sumink/llamaft,0.0675855935971543,0.2178746109381947,0.1219430858159181,0.2584481991996443,0.1450644730991551,0.2218763895064473
sumink/llamamerge,0.2379946642952423,0.3723877278790574,0.1123832814584259,0.5455758114717653,0.6249444197421076,0.2694530902623388
sumink/llftfl7,0.0815918185860382,0.2205424633170297,0.0780346820809248,0.3608270342374388,0.1416184971098266,0.187638950644731
sumink/llmer,0.2966874166296132,0.4212983548243664,0.3543797243219208,0.5355713650511338,0.3868385949310804,0.5244553134726545
sumink/qwft,0.0246776345042241,0.0506891951978657,0.0141173855046687,0.06447309915518,0.0867052023121387,0.0473543797243219
sumink/qwmer,0.1540684748777234,0.3052467763450422,0.0302356602934637,0.4181858603823922,0.4375277901289462,0.2304357492218764
sumink/solarmer3,0.3661627389951089,0.655402401067141,0.3235882614495331,0.4605380168963984,0.8128056914184082,0.4682080924855491
sumink/somer,0.2738995108937305,0.5824811027123166,0.2401067140951534,0.5455758114717653,0.909737661182748,0.4991107158737216
sumink/somer2,0.2916851934192974,0.5678079146287239,0.265562472209871,0.6036016007114273,0.9157403290351268,0.4951089373054691
sumink/somerft,0.0442418852823477,0.0733659404179635,0.1070475767007558,0.0262338817252112,0.4350822587816807,0.0297910182303245
sunbaby/BrainCog-8B-0.1-Instruct,0.4437527790128946,0.3703868385949311,0.4637616718541574,0.5744775455758114,0.3034682080924855,0.3239217429968875
swap-uniba/LLaMAntino-3-ANITA-8B-Inst-DPO-ITA,0.5626945309026233,0.4506447309915518,0.2734548688305914,0.5455758114717653,0.7307692307692307,0.6119386393952868
synergetic/FrankenQwen2.5-14B,0.1026011560693641,0.8450422409959982,0.0141173855046687,0.2485549132947976,0.2683414851044909,0.8035793686082704
talha2001/Beast-Soul-new,0.5675855935971543,0.6437305469097376,0.3902845709204091,0.3680524677634504,0.7751222765673633,0.4014006224988884
tangledgroup/tangled-llama-pints-1.5b-v0.1-instruct,0.0524677634504224,0.0771453979546465,0.0885949310804802,0.0262338817252112,0.2387727879057359,0.0212316585148955
tangledgroup/tangled-llama-pints-1.5b-v0.2-instruct,0.0824811027123165,0.0804802134281903,0.094041796353935,0.0262338817252112,0.2249888839484215,0.0297910182303245
tanliboy/lambda-gemma-2-9b-dpo,0.4959982214317474,0.7194308581591818,0.4578701645175633,0.706980880391285,0.3732770120053357,0.6496220542463317
tanliboy/lambda-qwen2.5-14b-dpo-test,0.9895509115162294,0.8863939528679413,0.9895509115162294,0.9099599822143176,0.691418408181414,0.8668297020898177
tanliboy/lambda-qwen2.5-32b-dpo-test,0.9819919964428636,0.9653179190751444,0.9979991107158738,0.8982881280569142,0.7361049355269008,0.9888839484215208
tannedbum/Ellaria-9B,0.9465317919075144,0.8081369497554469,0.7220987105380169,0.8172521120497999,0.555357936860827,0.7636727434415296
tannedbum/L3-Nymeria-Maid-8B,0.8649399733214762,0.5622498888394842,0.4557581147176522,0.5162294353045798,0.3092485549132948,0.623165851489551
tannedbum/L3-Nymeria-v2-8B,0.8528234771009338,0.6047132058692752,0.451089373054691,0.4504224099599822,0.2524455313472654,0.6255002223210315
tannedbum/L3-Rhaenys-8B,0.8827256558470431,0.6462872387727879,0.4368608270342374,0.5355713650511338,0.2780124499777679,0.6524010671409516
teknium/CollectiveCognition-v1.1-Mistral-7B,0.2518897287683415,0.3546020453534904,0.1947532236549577,0.4181858603823922,0.2783459315251222,0.3190306803023566
teknium/OpenHermes-13B,0.23654957759004,0.2736771898621609,0.0885949310804802,0.276345042240996,0.4110715873721654,0.2453312583370386
teknium/OpenHermes-2-Mistral-7B,0.6293908403734993,0.4911071587372165,0.2585593597154291,0.3861716318363717,0.8497109826589595,0.3429301911960871
teknium/OpenHermes-2.5-Mistral-7B,0.6763005780346821,0.4437527790128946,0.2833481547354379,0.3861716318363717,0.6549577590040018,0.3829479768786127
teknium/OpenHermes-7B,0.0962650066696309,0.2132058692752334,0.117163183637172,0.2396620720320142,0.6957536682970209,0.2105380168963984
tensopolis/falcon3-10b-tensopolis-v1,0.944530902623388,0.8537127612272121,0.7974655402401067,0.8045798132503335,0.7779012894619831,0.8186971987550022
tensopolis/falcon3-10b-tensopolis-v2,0.9404179635393508,0.8530457981325034,0.7929079590929302,0.7922409959982214,0.7261004891062695,0.8196976433970654
tensopolis/lamarckvergence-14b-tensopolis-v1,0.915629168519342,0.9384170742552246,0.9763228101378392,0.9065140062249888,0.8710538016896399,0.9109604268563806
tensopolis/mistral-small-2501-tensopolis-v1,0.9358603823921744,0.890840373499333,0.9305246776345042,0.9004001778568252,0.6442863494886616,0.8283681636282793
tensopolis/mistral-small-r1-tensopolis,0.5242329924410849,0.6889728768341485,0.8095820364606492,0.3680524677634504,0.3463761671854157,0.7414406402845709
tensopolis/phi-4-tensopolis-v1,0.8040240106714095,0.9695420186749668,0.9644286349488662,0.8231436193863939,0.5377945753668297,0.9525344597598931
tensopolis/qwen2.5-14b-tensopolis-v1,0.9716540684748776,0.8781680746998666,0.9811027123165852,0.8231436193863939,0.5898176967541129,0.8719430858159182
tensopolis/qwen2.5-3b-or1-tensopolis,0.340818141396176,0.3312583370386838,0.6616273899510894,0.4969986660738106,0.2234326367274344,0.4373054690973766
tensopolis/qwen2.5-7b-tensopolis-v1,0.9235215651400622,0.6958648288128056,0.937638950644731,0.5162294353045798,0.7425522454424188,0.7741218319253002
tensopolis/qwen2.5-7b-tensopolis-v2,0.9050689195197864,0.7096487327701201,0.9570920409070698,0.4504224099599822,0.6680746998666074,0.7708981769675411
tensopolis/virtuoso-lite-tensopolis-v1,0.9811027123165852,0.8348154735437973,0.7839039573143619,0.8601600711427301,0.8866162738995109,0.8218096931969764
tensopolis/virtuoso-lite-tensopolis-v2,0.976878612716763,0.8341485104490884,0.7802356602934638,0.8538239217429969,0.8921742996887505,0.8229212983548244
tensopolis/virtuoso-small-tensopolis-v1,0.9528679413072476,0.8815028901734104,0.8554913294797688,0.7966874166296132,0.7683414851044909,0.875277901289462
tensopolis/virtuoso-small-tensopolis-v2,0.9756558470431302,0.9210760337927968,0.8921742996887505,0.8013561582925744,0.8054690973766119,0.8922854602045354
tensopolis/virtuoso-small-v2-tensopolis-v1,0.9959982214317474,0.9379724321920854,0.9354157403290352,0.8663850600266785,0.8614939973321476,0.8963983992885727
tensoropera/Fox-1-1.6B,0.2481102712316585,0.1631836371720764,0.1258337038683859,0.1740773677189862,0.1893063583815029,0.1160515784793241
tenyx/Llama3-TenyxChat-70B,0.9824366385060028,0.9079590929301912,0.7697865718096932,0.5744775455758114,0.6860827034237439,0.9042907959092932
theo77186/Qwen2.5-Coder-7B-Instruct-20241106,0.7326589595375722,0.4812138728323699,0.8930635838150289,0.4699866607381058,0.4632058692752334,0.476878612716763
theprint/Boptruth-Agatha-7B,0.2907959092930191,0.4924410849266341,0.3073588261449533,0.5560248999555358,0.631169408626056,0.3245887060915963
theprint/CleverBoi-7B-v2,0.14517563361494,0.353712761227212,0.1716318363717207,0.4331925300133392,0.916184971098266,0.2890173410404624
theprint/CleverBoi-7B-v3,0.1771898621609604,0.3265895953757225,0.2317696754112939,0.203757225433526,0.4646509559804357,0.3255891507336594
theprint/CleverBoi-Llama-3.1-8B-Instruct,0.0778123610493552,0.3646064917741218,0.2765673632725656,0.5656958648288128,0.3923966207203201,0.391396176078257
theprint/CleverBoi-Llama-3.1-8B-v2,0.1147176522899066,0.367718986216096,0.295131169408626,0.4105157847932414,0.3189195197865718,0.4350822587816807
theprint/CleverBoi-Nemo-12B-v2,0.1276122721209426,0.5795909293019119,0.4864384170742552,0.706980880391285,0.6020453534904402,0.4433081369497554
theprint/Code-Llama-Bagel-8B,0.2154290795909293,0.388172521120498,0.3361493997332148,0.311805246776345,0.351600711427301,0.3156958648288128
theprint/Conversely-Mistral-7B,0.2311027123165851,0.3966207203201423,0.1794130724766563,0.4027345486883059,0.5380168963983993,0.3168074699866607
theprint/Llama-3.2-3B-VanRossum,0.5569141840818141,0.289239662072032,0.4667630057803468,0.2218763895064473,0.3113606047132058,0.3024677634504224
theprint/ReWiz-7B,0.4088483770564695,0.3550466874166296,0.2361049355269008,0.3030235660293464,0.8674966651845265,0.28223654957759
theprint/ReWiz-Llama-3.1-8B-v2,0.1756336149399733,0.3601600711427301,0.3190306803023566,0.5930413517118719,0.4538683859493108,0.4648732770120053
theprint/ReWiz-Llama-3.2-3B,0.5293463761671854,0.2887950200088928,0.5035571365051134,0.3861716318363717,0.3271453979546465,0.3301467318808359
theprint/ReWiz-Nemo-12B-Instruct,0.0200088928412627,0.5146731880835927,0.4885504668741663,0.7750111160515785,0.5135615829257448,0.4710982658959537
theprint/ReWiz-Qwen-2.5-14B,0.2507781236104935,0.8508225878168074,0.8120275678079146,0.9479768786127168,0.8305913739439751,0.8841707425522455
theprint/ReWiz-Worldbuilder-7B,0.2094264117385504,0.3828368163628279,0.2164295242329924,0.2396620720320142,0.858603823921743,0.3547132058692752
theprint/RuDolph-Hermes-7B,0.3470431302801245,0.5420186749666518,0.2881280569141841,0.6927523343708315,0.5684748777234326,0.390840373499333
theprint/WorldBuilder-12B,0.0385726989773232,0.4922187638950644,0.2550022232103157,0.5259004001778568,0.4357492218763895,0.4359715429079591
theprint/phi-3-mini-4k-python,0.1829702089817697,0.4653179190751445,0.4906625166740773,0.4605380168963984,0.4468652734548688,0.5401289461983103
thinkcoder/llama3-8b-instruct-lora-8-sft,0.7707870164517563,0.4313028012449977,0.4818808359270787,0.2130947087594486,0.0988216985326811,0.5071142730102267
thirdeyeai/elevate360m,0.0068919519786571,0.0309026233881725,0.117163183637172,0.0262338817252112,0.1036016007114273,0.0028901734104046
thomas-yanxin/XinYuan-Qwen2-1_5B,0.2734548688305914,0.213428190306803,0.3652734548688306,0.2485549132947976,0.1204979991107158,0.2421076033792796
thomas-yanxin/XinYuan-Qwen2-7B,0.4849933303690529,0.4633170297910182,0.6126056024899955,0.4605380168963984,0.4488661627389951,0.7140951534015118
thomas-yanxin/XinYuan-Qwen2-7B-0917,0.3630502445531347,0.6207203201422855,0.7067585593597154,0.6706313917296576,0.7538906180524677,0.7714539795464651
thomas-yanxin/XinYuan-Qwen2.5-7B-0917,0.3432636727434415,0.6551800800355714,0.6996442863494886,0.3608270342374388,0.176300578034682,0.697865718096932
tianyil1/MistralForCausalLM_Cal_DPO,0.6353935082258781,0.3248110271231658,0.183303690529124,0.311805246776345,0.3523788350377946,0.3005780346820809
tiiuae/Falcon3-10B-Base,0.3514895509115162,0.8052467763450423,0.779568697198755,0.8628279235215651,0.7767896843041352,0.7701200533570476
tiiuae/Falcon3-10B-Instruct,0.944530902623388,0.8503779457536683,0.7991329479768786,0.8013561582925744,0.7487772343263672,0.8204757670075589
tiiuae/Falcon3-1B-Base,0.1886393952867941,0.2085371276122721,0.2025344597598933,0.3432636727434415,0.4775455758114718,0.1659626500666963
tiiuae/Falcon3-1B-Instruct,0.6738550466874166,0.2180969319697643,0.3474877723432636,0.2130947087594486,0.5342374388617164,0.2007558915073365
tiiuae/Falcon3-3B-Base,0.2475544686527345,0.3223654957759004,0.5324588706091596,0.5259004001778568,0.3014673188083592,0.3280346820809248
tiiuae/Falcon3-3B-Instruct,0.829035126722988,0.4084037349933304,0.7802356602934638,0.4331925300133392,0.5770342374388617,0.3657180969319697
tiiuae/Falcon3-7B-Base,0.3251445086705202,0.5751445086705202,0.700533570475767,0.8663850600266785,0.9028457092040908,0.7095375722543352
tiiuae/Falcon3-7B-Instruct,0.9171854157403292,0.7779012894619831,0.9068474877723433,0.6791907514450867,0.9664295242329924,0.7449977767896843
tiiuae/Falcon3-Mamba-7B-Base,0.2621164962205424,0.3917296576256114,0.700533570475767,0.6706313917296576,0.2165406847487772,0.3776122721209426
tiiuae/Falcon3-Mamba-7B-Instruct,0.8526011560693642,0.3852823477100934,0.8191418408181413,0.6036016007114273,0.3910626945309026,0.4805469097376612
tiiuae/falcon-11B,0.306469542018675,0.3272565584704313,0.1794130724766563,0.2584481991996443,0.351600711427301,0.2453312583370386
tiiuae/falcon-40b,0.2050911516229435,0.2510004446420631,0.1296131614050689,0.2853490440195642,0.2551133837261005,0.2574477545575811
tiiuae/falcon-40b-instruct,0.1936416184971098,0.2587816807469986,0.1387283236994219,0.0262338817252112,0.2537794575366829,0.2336594041796354
tiiuae/falcon-7b,0.0980435749221876,0.1160515784793241,0.0716985326811916,0.0262338817252112,0.219875500222321,0.0405735882614495
tiiuae/falcon-7b-instruct,0.1162738995108937,0.0973766118274788,0.0885949310804802,0.0262338817252112,0.1564028457092041,0.0713650511338372
tiiuae/falcon-mamba-7b,0.3143619386393952,0.298354824366385,0.2550022232103157,0.6791907514450867,0.5558025789239662,0.2363272565584704
tinycompany/BiBo-v0.3,0.6198310360160071,0.371498443752779,0.4368608270342374,0.2218763895064473,0.3657180969319697,0.3608270342374388
tinycompany/BiBo-v0.7,0.3657180969319697,0.2947976878612717,0.4187416629613161,0.3195864828812805,0.4144064028457092,0.2789017341040462
tinycompany/ShawtyIsBad-bgem3,0.2311027123165851,0.2249888839484215,0.2734548688305914,0.6229435304579813,0.2845709204090706,0.2683414851044909
tinycompany/ShawtyIsBad-e5-large,0.1963094708759448,0.2274344152956869,0.2585593597154291,0.5832592263228101,0.2939084037349933,0.266118274788795
tinycompany/ShawtyIsBad-ib,0.2227656736327256,0.2287683414851045,0.2765673632725656,0.5455758114717653,0.2588928412627834,0.2678968430413517
tinycompany/ShawtyIsBad-nomic-moe,0.2307692307692307,0.2294353045798132,0.2473321476211649,0.6421742996887505,0.3170297910182303,0.2663405958203646
tinycompany/ShawtyIsBad-nomic1.5,0.2180969319697643,0.2281013783903957,0.2473321476211649,0.6859715429079591,0.266118274788795,0.2656736327256558
tinycompany/SigmaBoi-base,0.1906402845709204,0.3099155180080035,0.4030680302356603,0.487105380168964,0.683859493108048,0.3134726545131169
tinycompany/SigmaBoi-bge-m3,0.1917518897287683,0.3169186305024455,0.3979546465095598,0.4969986660738106,0.7322143174744331,0.3148065807025345
tinycompany/SigmaBoi-bgem3,0.1917518897287683,0.3169186305024455,0.3979546465095598,0.4969986660738106,0.7322143174744331,0.3148065807025345
tinycompany/SigmaBoi-ib,0.199977767896843,0.3145842596709648,0.3902845709204091,0.4259670964873277,0.5873721654068474,0.3164739884393063
tinycompany/SigmaBoi-nomic-moe,0.1984215206758559,0.3134726545131169,0.3828368163628279,0.4789906625166741,0.6600711427301023,0.3190306803023566
tinycompany/SigmaBoi-nomic1.5,0.1906402845709204,0.3202534459759893,0.4211871943085816,0.5162294353045798,0.6512894619831036,0.3202534459759893
tinycompany/SigmaBoi-nomic1.5-fp32,0.1958648288128057,0.3202534459759893,0.4211871943085816,0.5162294353045798,0.6512894619831036,0.3202534459759893
tinycompany/Tamed-Shawty,0.3792796798577145,0.2321031569586482,0.3828368163628279,0.1656291685193419,0.065028901734104,0.2717874610938194
tklohj/WindyFloLLM,0.2368830591373944,0.3728323699421965,0.117163183637172,0.3030235660293464,0.6399510893730547,0.2681191640729213
togethercomputer/GPT-JT-6B-v1,0.1302801244997777,0.160738105824811,0.0780346820809248,0.1459537572254335,0.1893063583815029,0.1691863050244553
togethercomputer/GPT-NeoXT-Chat-Base-20B,0.0991551800800355,0.1453979546465095,0.1572921298354824,0.0262338817252112,0.0723654957759004,0.0631391729657625
togethercomputer/LLaMA-2-7B-32K,0.1022676745220097,0.1758559359715429,0.1070475767007558,0.0262338817252112,0.2136505113383726,0.1915295686971987
togethercomputer/Llama-2-7B-32K-Instruct,0.1393952867941307,0.1829702089817697,0.117163183637172,0.0593597154290795,0.44619831036016,0.192974655402401
togethercomputer/RedPajama-INCITE-7B-Base,0.1333926189417519,0.1033792796798577,0.117163183637172,0.0809248554913294,0.1420631391729657,0.0952645620275678
togethercomputer/RedPajama-INCITE-7B-Chat,0.0593597154290795,0.0900400177856825,0.0552467763450422,0.06447309915518,0.0777012005335704,0.0343485993775011
togethercomputer/RedPajama-INCITE-7B-Instruct,0.1298354824366385,0.1731880835927078,0.1477323254779902,0.0545798132503334,0.2469986660738105,0.1056024899955535
togethercomputer/RedPajama-INCITE-Base-3B-v1,0.1638506002667852,0.0718096931969764,0.1070475767007558,0.0262338817252112,0.1974210760337928,0.0235660293463761
togethercomputer/RedPajama-INCITE-Chat-3B-v1,0.0736994219653179,0.1047132058692752,0.0668074699866607,0.0262338817252112,0.2497776789684304,0.0433526011560693
togethercomputer/RedPajama-INCITE-Instruct-3B-v1,0.1387283236994219,0.0902623388172521,0.094041796353935,0.0262338817252112,0.3063583815028902,0.0222321031569586
tokyotech-llm/Llama-3-Swallow-8B-Instruct-v0.1,0.6661849710982659,0.4919964428634948,0.3930635838150289,0.44086260560249,0.7598932859048466,0.3947309915518008
tomasmcm/sky-t1-coder-32b-flash,0.9384170742552246,0.9744330813694976,0.9884393063583816,0.9217429968875056,0.7034237438861717,0.9928857269897732
trthminh1112/autotrain-llama32-1b-finetune,0.0901511783014673,0.0500222321031569,0.1123832814584259,0.0914851044908848,0.1650733659404179,0.0141173855046687
tugstugi/Qwen2.5-7B-Instruct-QwQ-v0.1,0.7226545131169408,0.5349044019564251,0.8857269897732325,0.2312138728323699,0.2481102712316585,0.7445531347265452
universalml/NepaliGPT-2.0,0.00533570475767,0.3697198755002223,0.045131169408626,0.3608270342374388,0.888172521120498,0.4619831036016007
unsloth/Llama-3.2-1B-Instruct,0.7009782125389061,0.1785237883503779,0.4187416629613161,0.2218763895064473,0.0830369052912405,0.1874166296131614
unsloth/Llama-3.2-1B-Instruct-no-system-message,0.6856380613606047,0.192974655402401,0.3951756336149399,0.276345042240996,0.1043797243219208,0.1773010226767452
unsloth/Phi-3-mini-4k-instruct,0.6560693641618497,0.7583370386838595,0.6459537572254336,0.7700088928412628,0.7229879946642952,0.7407736771898622
unsloth/phi-4,0.8185860382392174,0.971987550022232,0.9693196976433972,0.8304802134281903,0.5063361493997333,0.948421520675856
unsloth/phi-4-bnb-4bit,0.7976878612716763,0.9615384615384616,0.9417518897287684,0.837149844375278,0.4057358826144953,0.912850155624722
unsloth/phi-4-unsloth-bnb-4bit,0.8070253445975989,0.9628723877278792,0.937638950644731,0.8304802134281903,0.4228546020453534,0.9225211204979992
upstage/SOLAR-10.7B-Instruct-v1.0,0.5482436638506003,0.5902623388172521,0.3138061360604713,0.661849710982659,0.3274788795020009,0.4159626500666963
upstage/SOLAR-10.7B-v1.0,0.1867496665184526,0.509115162294353,0.1716318363717207,0.3608270342374388,0.7536682970208982,0.4882169853268119
upstage/solar-pro-preview-instruct,0.9957759004001778,0.96776345042241,0.7475544686527346,0.9261894175188972,0.8121387283236994,0.9185193419297466
utkmst/chimera-beta-test2-lora-merged,0.7272120942641174,0.3939528679413072,0.45964873277012,0.6036016007114273,0.4568697198755002,0.3597154290795909
uukuguy/speechless-code-mistral-7b-v1.0,0.3541574032903513,0.3668297020898177,0.2917963539350822,0.3947309915518008,0.8030235660293463,0.4200755891507337
uukuguy/speechless-codellama-34b-v2.0,0.5200088928412628,0.4028457092040907,0.2473321476211649,0.2432192085371276,0.3389284126278346,0.2607825700311249
uukuguy/speechless-coder-ds-6.7b,0.2074255224544242,0.242996887505558,0.1477323254779902,0.1836371720764784,0.2616718541574033,0.1845264562027568
uukuguy/speechless-instruct-mistral-7b-v0.2,0.306469542018675,0.3759448643841707,0.2765673632725656,0.3680524677634504,0.9668741662961317,0.3347043130280124
uukuguy/speechless-llama2-hermes-orca-platypus-wizardlm-13b,0.5094486438417074,0.4206313917296576,0.1438417074255224,0.2485549132947976,0.8941751889728768,0.2637839039573144
uukuguy/speechless-mistral-dolphin-orca-platypus-samantha-7b,0.3603823921742997,0.5044464206313918,0.1877501111605158,0.3861716318363717,0.7630057803468208,0.3589373054690973
uukuguy/speechless-zephyr-code-functionary-7b,0.2416629613161405,0.4021787461093819,0.2433303690529124,0.5656958648288128,0.620942641173855,0.3973988439306358
v000000/L3-8B-Stheno-v3.2-abliterated,0.79568697198755,0.5440195642507781,0.3737216540684748,0.6706313917296576,0.2881280569141841,0.5508003557136505
v000000/L3.1-Niitorm-8B-DPO-t0.0001,0.9281903068030236,0.5369052912405513,0.6428412627834593,0.4969986660738106,0.3415962650066696,0.6901956425077812
v000000/L3.1-Storniitova-8B,0.944530902623388,0.5457981325033349,0.614495331258337,0.44086260560249,0.4951089373054691,0.6396176078257003
v000000/Qwen2.5-14B-Gutenberg-1e-Delta,0.97843485993775,0.8895064473099156,0.9797687861271676,0.8013561582925744,0.4570920409070698,0.8734993330369053
v000000/Qwen2.5-14B-Gutenberg-Instruct-Slerpeno,0.9879946642952424,0.8861716318363717,0.9834370831480658,0.8106936416184971,0.5015562472209871,0.8728323699421965
v000000/Qwen2.5-Lumen-14B,0.980658070253446,0.88706091596265,0.9856602934637616,0.7966874166296132,0.5162294353045798,0.8710538016896399
vhab10/Llama-3.1-8B-Base-Instruct-SLERP,0.2650066696309471,0.5144508670520231,0.5409070698088039,0.5162294353045798,0.4555357936860827,0.5580257892396621
vhab10/Llama-3.2-Instruct-3B-TIES,0.5467985771453979,0.2874610938194753,0.469875500222321,0.2396620720320142,0.1893063583815029,0.3380391285015562
vhab10/llama-3-8b-merged-linear,0.7116496220542463,0.4453090262338817,0.4162961316140507,0.5560248999555358,0.6266118274788796,0.602712316585149
vicgalle/CarbonBeagle-11B,0.6511783014673188,0.6431747443308137,0.3403734993330369,0.5832592263228101,0.4459759893285905,0.453201422854602
vicgalle/CarbonBeagle-11B-truthy,0.6228323699421965,0.6680746998666074,0.2765673632725656,0.5560248999555358,0.2045353490440195,0.4781013783903957
vicgalle/Configurable-Hermes-2-Pro-Llama-3-8B,0.6970875944864384,0.5362383281458426,0.3979546465095598,0.5259004001778568,0.5022232103156958,0.3990662516674077
vicgalle/Configurable-Llama-3.1-8B-Instruct,0.9926634059582036,0.5048910626945309,0.6616273899510894,0.2944642063139173,0.2859048465984882,0.5446865273454868
vicgalle/Configurable-Yi-1.5-9B-Chat,0.4567585593597154,0.713428190306803,0.7183192530013339,0.8538239217429969,0.6522899066251667,0.7396620720320143
vicgalle/ConfigurableBeagle-11B,0.7038683859493108,0.6102712316585149,0.2473321476211649,0.5832592263228101,0.3458203646064918,0.4815473543797243
vicgalle/ConfigurableHermes-7B,0.6505113383726101,0.3510449088483771,0.2696754112939084,0.3195864828812805,0.4424188528234771,0.3716096042685638
vicgalle/ConfigurableSOLAR-10.7B,0.610715873721654,0.4373054690973766,0.3610493552690084,0.5455758114717653,0.2547799021787461,0.4297465540240107
vicgalle/Humanish-RP-Llama-3.1-8B,0.7887950200088928,0.5155624722098711,0.622610048910627,0.4181858603823922,0.3917296576256114,0.5073365940417963
vicgalle/Merge-Mistral-Prometheus-7B,0.5669186305024455,0.276345042240996,0.1296131614050689,0.1740773677189862,0.4943308136949755,0.2914628723877279
vicgalle/Merge-Mixtral-Prometheus-8x7B,0.6943085815918186,0.6907514450867052,0.4534237438861716,0.661849710982659,0.4699866607381058,0.590818141396176
vicgalle/Roleplay-Llama-3-8B,0.8749444197421076,0.4699866607381058,0.4490884837705647,0.1459537572254335,0.0683637172076478,0.60482436638506
viettelsecurity-ai/security-llama3.2-3b,0.710204535349044,0.3074699866607381,0.5632503334815474,0.2944642063139173,0.1926411738550467,0.3194753223654957
vihangd/smart-dan-sft-v0.1,0.0629168519341929,0.0586927523343708,0.0716985326811916,0.0809248554913294,0.0266785237883503,0.0600266785237883
voidful/smol-360m-ft,0.1222765673632725,0.0546909737661182,0.0619164072921298,0.0262338817252112,0.1834148510449088,0.0062249888839484
vonjack/MobileLLM-125M-HF,0.1356158292574477,0.0593597154290795,0.0668074699866607,0.1330591373943975,0.2512227656736327,0.0771453979546465
vonjack/Phi-3-mini-4k-instruct-LLaMAfied,0.7000889284126278,0.7925744775455759,0.5994886616273899,0.8075811471765229,0.3348154735437972,0.6988661627389952
vonjack/Phi-3.5-mini-instruct-hermes-fc-json,0.0431302801244997,0.0337927967985771,0.0582481102712316,0.0767007558915073,0.4061805246776345,0.0564695420186749
vonjack/Qwen2.5-Coder-0.5B-Merged,0.2881280569141841,0.0726989773232547,0.2194308581591818,0.0703646064917741,0.0115606936416184,0.0963761671854157
vonjack/SmolLM2-1.7B-Merged,0.3599377501111605,0.2045353490440195,0.344041796353935,0.3432636727434415,0.187083148065807,0.2185415740329035
vonjack/SmolLM2-135M-Merged,0.2022009782125389,0.0911516229435304,0.0839261894175188,0.0262338817252112,0.1636282792352156,0.0247887950200088
vonjack/SmolLM2-360M-Merged,0.2981325033348154,0.094041796353935,0.1258337038683859,0.0852601156069364,0.1590706980880391,0.0131169408626056
w4r10ck/SOLAR-10.7B-Instruct-v1.0-uncensored,0.3868385949310804,0.666073810582481,0.3571587372165407,0.4969986660738106,0.911738550466874,0.4732103156958648
wanlige/li-14b-v0.4,0.9846598488216984,0.9264117385504668,0.9927745664739884,0.8407069808803913,0.8572698977323254,0.893508225878168
wanlige/li-14b-v0.4-slerp,0.5206758559359715,0.9406402845709204,0.9147398843930636,0.9906625166740772,0.9281903068030236,0.9453090262338816
wanlige/li-14b-v0.4-slerp0.1,0.9637616718541574,0.9364161849710982,0.9839928857269896,0.9039573143619386,0.630057803468208,0.925188972876834
wannaphong/KhanomTanLLM-Instruct,0.0686971987550022,0.078479324144064,0.1003779457536682,0.1740773677189862,0.2116496220542463,0.0320142285460204
waqasali1707/Beast-Soul-new,0.5953757225433526,0.6415073365940418,0.3767229879946643,0.3765006669630947,0.7937972432192085,0.404290795909293
wave-on-discord/qwent-7b,0.1227212094264117,0.272565584704313,0.0420186749666518,0.1934192974655402,0.2654513116940862,0.1654068474877723
weathermanj/Menda-3B-500,0.7586705202312138,0.4159626500666963,0.876834148510449,0.4259670964873277,0.353712761227212,0.5065584704313028
weathermanj/Menda-3b-750,0.755891507336594,0.4121831925300133,0.8756113828368164,0.4259670964873277,0.3403734993330369,0.5163405958203646
weathermanj/Menda-3b-Optim-100,0.7650066696309471,0.4041796353935082,0.8756113828368164,0.44086260560249,0.3755002223210316,0.5018897287683415
weathermanj/Menda-3b-Optim-200,0.7611160515784793,0.4052912405513562,0.8777234326367275,0.3765006669630947,0.4202979101823032,0.510226767452201
win10/ArliAI-RPMax-v1.3-merge-13.3B,0.2803468208092485,0.348377056469542,0.2275455758114717,0.2944642063139173,0.7759004001778568,0.438194753223655
win10/Breeze-13B-32k-Instruct-v1_0,0.3443752779012894,0.3866162738995109,0.094041796353935,0.1836371720764784,0.5695864828812806,0.2658959537572254
win10/EVA-Norns-Qwen2.5-v0.1,0.7443308136949756,0.5206758559359715,0.789795464650956,0.4027345486883059,0.4124055135615829,0.4933303690529124
win10/Llama-3.2-3B-Instruct-24-9-29,0.8778345931525122,0.3690529124055136,0.6569586482881281,0.2944642063139173,0.0576923076923076,0.4433081369497554
win10/Norns-Qwen2.5-12B,0.5729212983548244,0.3599377501111605,0.4238550466874166,0.3861716318363717,0.0979324144064028,0.2811249444197421
win10/Norns-Qwen2.5-7B,0.7354379724321921,0.5264562027567808,0.7910182303245887,0.3947309915518008,0.4430858159181858,0.4911071587372165
win10/Qwen2.5-2B-Instruct,0.160182303245887,0.2129835482436638,0.154846598488217,0.2218763895064473,0.7510004446420632,0.2107603379279679
win10/llama3-13.45b-Instruct,0.4228546020453534,0.4181858603823922,0.1604046242774566,0.1066029346376167,0.3030235660293464,0.4739884393063583
win10/miscii-14b-1M-0128,0.4284126278345931,0.7683414851044909,0.953201422854602,0.9552023121387284,0.9977767896843042,0.8348154735437973
winglian/Llama-3-8b-64k-PoSE,0.2585593597154291,0.2207647843485994,0.2401067140951534,0.1459537572254335,0.1463983992885727,0.2523343708314806
winglian/llama-3-8b-256k-PoSE,0.2654513116940862,0.108048021342819,0.1387283236994219,0.098377056469542,0.0160071142730102,0.0286794130724766
wzhouad/gemma-2-9b-it-WPO-HB,0.6556247220987106,0.7565584704313028,0.6259448643841707,0.8761671854157403,0.1958648288128057,0.4786571809693197
x0000001/Deepseek-Lumen-R1-Qwen2.5-14B,0.4844375277901289,0.3423743886171632,0.8008003557136505,0.4027345486883059,0.925300133392619,0.802134281903068
xMaulana/FinMatcha-3B-Instruct,0.9101823032458872,0.3517118719430858,0.608603823921743,0.2396620720320142,0.2465540240106714,0.4326367274344153
xinchen9/Llama3.1_8B_Instruct_CoT,0.2721209426411738,0.3156958648288128,0.3318141396176078,0.5832592263228101,0.7254335260115607,0.3280346820809248
xinchen9/Llama3.1_CoT,0.1565140062249888,0.2985771453979546,0.2232103156958648,0.4331925300133392,0.632281013783904,0.2962427745664739
xinchen9/Llama3.1_CoT_V1,0.1928634948866162,0.3016896398399288,0.2025344597598933,0.3432636727434415,0.8590484659848822,0.3102489995553579
xinchen9/Mistral-7B-CoT,0.2505558025789239,0.2336594041796354,0.1644064028457092,0.0262338817252112,0.3872832369942196,0.235437972432192
xinchen9/llama3-b8-ft-dis,0.0573588261449533,0.3783903957314362,0.2275455758114717,0.6998666073810582,0.3058025789239662,0.4466429524232992
xkp24/Llama-3-8B-Instruct-SPPO-Iter2_bt_2b-table,0.7611160515784793,0.4364161849710982,0.451089373054691,0.1186082703423744,0.2658959537572254,0.5928190306803024
xkp24/Llama-3-8B-Instruct-SPPO-Iter2_bt_8b-table,0.8681636282792352,0.496220542463317,0.426856380613606,0.1330591373943975,0.2508892841262783,0.5987105380168964
xkp24/Llama-3-8B-Instruct-SPPO-Iter2_gp_2b-table,0.7805691418408182,0.4419742107603379,0.4410849266340595,0.1186082703423744,0.1043797243219208,0.6013783903957315
xkp24/Llama-3-8B-Instruct-SPPO-Iter2_gp_8b-table,0.7845709204090707,0.4688750555802579,0.4324144064028457,0.1186082703423744,0.2454424188528234,0.5482436638506003
xkp24/Llama-3-8B-Instruct-SPPO-score-Iter2_bt_2b-table-0.001,0.7256558470431302,0.4395286794130725,0.4751000444642063,0.1186082703423744,0.2561138283681636,0.60482436638506
xkp24/Llama-3-8B-Instruct-SPPO-score-Iter2_bt_8b-table-0.002,0.8484882169853268,0.4706536238328145,0.4299688750555802,0.1066029346376167,0.291907514450867,0.5777012005335704
xkp24/Llama-3-8B-Instruct-SPPO-score-Iter2_gp_2b-table-0.001,0.714539795464651,0.4264117385504669,0.4959982214317474,0.1186082703423744,0.1053801689639839,0.602712316585149
xkp24/Llama-3-8B-Instruct-SPPO-score-Iter2_gp_8b-table-0.002,0.7692307692307693,0.4535349044019564,0.4557581147176522,0.1330591373943975,0.3438194753223655,0.5250111160515785
xukp20/Llama-3-8B-Instruct-SPPO-Iter3_bt_2b-table,0.6960871498443753,0.4224099599822143,0.4751000444642063,0.1186082703423744,0.1405068919519786,0.5745887060915963
xukp20/Llama-3-8B-Instruct-SPPO-Iter3_bt_8b-table,0.8350377945753669,0.5066696309470876,0.4637616718541574,0.1186082703423744,0.1917518897287683,0.5955980435749222
xukp20/Llama-3-8B-Instruct-SPPO-Iter3_gp_2b-table,0.7235437972432192,0.4479768786127168,0.4885504668741663,0.1186082703423744,0.1502890173410404,0.5739217429968875
xukp20/Llama-3-8B-Instruct-SPPO-Iter3_gp_8b-table,0.7842374388617164,0.4650955980435749,0.4557581147176522,0.1186082703423744,0.2514450867052023,0.5550244553134727
xukp20/Llama-3-8B-Instruct-SPPO-score-Iter3_bt_2b-table-0.001,0.6373943975100045,0.4295242329924411,0.469875500222321,0.1186082703423744,0.2334370831480658,0.5592485549132948
xukp20/Llama-3-8B-Instruct-SPPO-score-Iter3_bt_8b-table-0.002,0.8133614939973322,0.5073365940417963,0.3828368163628279,0.1066029346376167,0.273121387283237,0.5580257892396621
xukp20/Llama-3-8B-Instruct-SPPO-score-Iter3_gp_2b-table-0.001,0.6627389951089373,0.4217429968875055,0.4410849266340595,0.1459537572254335,0.1387283236994219,0.5825922632281014
xukp20/llama-3-8b-instruct-sppo-iter1-gp-2b-tau01-table,0.8200311249444198,0.4553134726545131,0.4906625166740773,0.1186082703423744,0.1467318808359271,0.6073810582481103
xwen-team/Xwen-7B-Chat,0.8158070253445976,0.5502445531347265,0.9339706536238328,0.1459537572254335,0.3216985326811916,0.7776789684304135
xxx777xxxASD/L3.1-ClaudeMaid-4x8B,0.7927967985771454,0.4975544686527345,0.6058248110271232,0.4605380168963984,0.7567807914628724,0.5412405513561583
yam-peleg/Hebrew-Gemma-11B-Instruct,0.2791240551356158,0.2547799021787461,0.3571587372165407,0.311805246776345,0.496220542463317,0.2627834593152512
yam-peleg/Hebrew-Mistral-7B,0.1694086260560249,0.3023566029346376,0.2794575366829702,0.3432636727434415,0.3574922187638951,0.3050244553134726
yam-peleg/Hebrew-Mistral-7B-200K,0.101044908848377,0.2625611382836816,0.1572921298354824,0.311805246776345,0.2227656736327256,0.266674077367719
yanng1242/Marcoro14-7B-slerp,0.4095153401511783,0.6380613606047132,0.3930635838150289,0.7138728323699421,0.8973988439306358,0.4281903068030235
yasserrmd/Coder-GRPO-3B,0.7436638506002667,0.3459315251222765,0.8324811027123166,0.3271453979546465,0.5211204979991108,0.4373054690973766
yasserrmd/Text2SQL-1.5B,0.2587816807469986,0.2234326367274344,0.3679413072476656,0.4259670964873277,0.509115162294353,0.2427745664739884
ycros/BagelMIsteryTour-v2-8x7B,0.7205424633170298,0.5820364606491775,0.4061805246776345,0.6130502445531347,0.5907069808803913,0.505891507336594
yfzp/Llama-3-8B-Instruct-SPPO-Iter1_bt_2b-table,0.7945753668297021,0.4570920409070698,0.5101156069364162,0.1186082703423744,0.1883059137394397,0.6073810582481103
yfzp/Llama-3-8B-Instruct-SPPO-Iter1_bt_8b-table,0.8782792352156514,0.4931080480213428,0.4864384170742552,0.1330591373943975,0.2458870609159626,0.6233881725211204
yfzp/Llama-3-8B-Instruct-SPPO-Iter1_gp_2b-table,0.8050244553134727,0.4379724321920853,0.512894619831036,0.1186082703423744,0.1277234326367274,0.6084926634059582
yfzp/Llama-3-8B-Instruct-SPPO-Iter1_gp_8b-table,0.8484882169853268,0.4713205869275233,0.4724321920853713,0.1186082703423744,0.1767452200978212,0.5899288572698977
yfzp/Llama-3-8B-Instruct-SPPO-score-Iter1_bt_2b-table-0.001,0.7732325477990218,0.4546465095598043,0.4791018230324588,0.1186082703423744,0.2384393063583815,0.6096042685638061
yfzp/Llama-3-8B-Instruct-SPPO-score-Iter1_bt_8b-table-0.002,0.8570475767007559,0.4757670075589151,0.4368608270342374,0.1330591373943975,0.2716763005780346,0.6176078257003113
yfzp/Llama-3-8B-Instruct-SPPO-score-Iter1_gp_2b-table-0.001,0.7747887950200089,0.4457536682970209,0.4557581147176522,0.1186082703423744,0.1328368163628279,0.6021565140062249
yfzp/Llama-3-8B-Instruct-SPPO-score-Iter1_gp_8b-table-0.002,0.8328145842596709,0.4555357936860827,0.4347487772343263,0.1186082703423744,0.2291018230324588,0.5814806580702534
yifAI/Llama-3-8B-Instruct-SPPO-score-Iter3_gp_8b-table-0.002,0.7718986216096043,0.4337483325922632,0.3951756336149399,0.1567363272565584,0.3357047576700755,0.5218986216096043
ylalain/ECE-PRYMMAL-YL-1B-SLERP-V8,0.0516896398399288,0.2363272565584704,0.045131169408626,0.44086260560249,0.3209204090706981,0.2447754557581147
ymcki/Llama-3.1-8B-GRPO-Instruct,0.8962872387727879,0.5304579813250333,0.7136505113383727,0.4969986660738106,0.355380168963984,0.620386838594931
ymcki/Llama-3.1-8B-SFT-GRPO-Instruct,0.3174744330813695,0.0893730546909737,0.2317696754112939,0.0703646064917741,0.1088261449533125,0.0131169408626056
ymcki/gemma-2-2b-ORPO-jpn-it-abliterated-18,0.5260115606936416,0.2478879502000889,0.2473321476211649,0.4331925300133392,0.2339928857269897,0.2405513561582925
ymcki/gemma-2-2b-ORPO-jpn-it-abliterated-18-merge,0.62361049355269,0.2598932859048466,0.3035793686082703,0.3861716318363717,0.1590706980880391,0.2517785682525567
ymcki/gemma-2-2b-jpn-it-abliterated-17,0.6068252556691863,0.2461093819475322,0.2232103156958648,0.2673410404624277,0.1907514450867052,0.2510004446420631
ymcki/gemma-2-2b-jpn-it-abliterated-17-18-24,0.6007114273010227,0.2189862160960426,0.1678523788350377,0.3608270342374388,0.088150289017341,0.2352156514006225
ymcki/gemma-2-2b-jpn-it-abliterated-17-ORPO,0.5500222321031569,0.2303245887060916,0.3403734993330369,0.2944642063139173,0.2229879946642952,0.2287683414851045
ymcki/gemma-2-2b-jpn-it-abliterated-17-ORPO-alpaca,0.2843485993775011,0.255891507336594,0.2000889284126278,0.2396620720320142,0.3706091596265006,0.2325477990217874
ymcki/gemma-2-2b-jpn-it-abliterated-18,0.6180524677634505,0.2581147176522899,0.2550022232103157,0.2853490440195642,0.2097598932859048,0.2574477545575811
ymcki/gemma-2-2b-jpn-it-abliterated-18-ORPO,0.5493552690084482,0.2505558025789239,0.265562472209871,0.1567363272565584,0.347265451311694,0.2283236994219653
ymcki/gemma-2-2b-jpn-it-abliterated-24,0.5870386838594931,0.2536682970208981,0.2517785682525567,0.3271453979546465,0.3303690529124055,0.2536682970208981
yuchenxie/ArlowGPT-3B-Multilingual,0.7646731880835927,0.291907514450867,0.512894619831036,0.3523788350377946,0.2038683859493108,0.3134726545131169
yuchenxie/ArlowGPT-8B,0.9508670520231214,0.5111160515784793,0.7169853268119164,0.487105380168964,0.3992885726989773,0.6469542018674966
yuvraj17/Llama3-8B-SuperNova-Spectrum-Hermes-DPO,0.5381280569141841,0.3174744330813695,0.3138061360604713,0.5832592263228101,0.4719875500222321,0.2773454868830591
yuvraj17/Llama3-8B-SuperNova-Spectrum-dare_ties,0.4026233881725211,0.35482436638506,0.426856380613606,0.3030235660293464,0.5666963094708759,0.5391285015562473
yuvraj17/Llama3-8B-abliterated-Spectrum-slerp,0.2616718541574033,0.4697643397065362,0.3318141396176078,0.5744775455758114,0.5673632725655847,0.4491996442863495
zake7749/gemma-2-2b-it-chinese-kyara-dpo,0.6466207203201423,0.2847932414406403,0.4238550466874166,0.2130947087594486,0.8681636282792352,0.266674077367719
zake7749/gemma-2-9b-it-chinese-kyara,0.0898176967541129,0.8005780346820809,0.4906625166740773,0.837149844375278,0.6485104490884838,0.759670964873277
zelk12/Gemma-2-TM-9B,0.9781013783903956,0.8110271231658515,0.7136505113383727,0.8663850600266785,0.5858159181858604,0.7452200978212539
zelk12/MT-Gen1-gemma-2-9B,0.9578701645175632,0.8370386838594931,0.7512227656736328,0.8663850600266785,0.6181636282792352,0.8028012449977768
zelk12/MT-Gen2-GI-gemma-2-9B,0.9632058692752334,0.8363717207647844,0.7475544686527346,0.878501556247221,0.6954201867496665,0.7917963539350823
zelk12/MT-Gen2-gemma-2-9B,0.9619831036016008,0.8390395731436194,0.7442196531791907,0.8663850600266785,0.7345486883059137,0.8066918630502445
zelk12/MT-Gen3-gemma-2-9B,0.9756558470431302,0.8352601156069365,0.76345042240996,0.8743886171631836,0.6181636282792352,0.7917963539350823
zelk12/MT-Gen4-gemma-2-9B,0.9572032014228546,0.8357047576700756,0.753779457536683,0.8936193863939529,0.5964873277012005,0.8066918630502445
zelk12/MT-Gen5-gemma-2-9B,0.9640951534015118,0.846820809248555,0.7379946642952423,0.8823921742996887,0.5571365051133838,0.8135838150289018
zelk12/MT-Gen6-gemma-2-9B,0.068252556691863,0.7881280569141841,0.4187416629613161,0.8172521120497999,0.4290795909293019,0.7580035571365051
zelk12/MT-Gen6fix-gemma-2-9B,0.0626945309026233,0.7970208981769675,0.4162961316140507,0.8335927078701645,0.4573143619386394,0.7493330369052913
zelk12/MT-Gen7-gemma-2-9B,0.0757003112494442,0.7987994664295243,0.4410849266340595,0.8269230769230769,0.480102267674522,0.75
zelk12/MT-Max-Merge_02012025163610-gemma-2-9B,0.9619831036016008,0.8472654513116941,0.7497776789684304,0.8823921742996887,0.5869275233437083,0.8106936416184971
zelk12/MT-Merge-gemma-2-9B,0.9777678968430412,0.8459315251222765,0.7475544686527346,0.872610048910627,0.6585148955091151,0.7941307247665629
zelk12/MT-Merge1-gemma-2-9B,0.9612049799911072,0.8379279679857714,0.7627834593152513,0.8823921742996887,0.6616273899510894,0.8002445531347265
zelk12/MT-Merge2-MU-gemma-2-MTg2MT1g2-9B,0.9678746109381948,0.8321476211649622,0.7428857269897733,0.878501556247221,0.7294353045798132,0.799466429524233
zelk12/MT-Merge2-gemma-2-9B,0.9555357936860828,0.840818141396176,0.7691196087149844,0.878501556247221,0.6117163183637172,0.8035793686082704
zelk12/MT-Merge3-gemma-2-9B,0.9533125833703868,0.838150289017341,0.7475544686527346,0.8743886171631836,0.6816362827923521,0.7999110715873722
zelk12/MT-Merge4-gemma-2-9B,0.9421965317919077,0.8377056469542019,0.7404401956425077,0.8859493108048021,0.6834148510449088,0.8086927523343709
zelk12/MT-Merge5-gemma-2-9B,0.950533570475767,0.8439306358381503,0.7428857269897733,0.8885060026678524,0.6685193419297466,0.8066918630502445
zelk12/MT-Merge6-gemma-2-9B,0.0789239662072032,0.8045798132503335,0.411293908403735,0.8013561582925744,0.4855491329479768,0.7481102712316585
zelk12/MT-gemma-2-9B,0.9693196976433972,0.8245887060915963,0.719875500222321,0.8628279235215651,0.4686527345486883,0.7662294353045798
zelk12/MT1-Gen1-gemma-2-9B,0.969875500222321,0.8448199199644286,0.7553357047576701,0.8572698977323254,0.7225433526011561,0.8011338372610048
zelk12/MT1-Gen2-gemma-2-9B,0.9706536238328146,0.8337038683859493,0.7568919519786572,0.8859493108048021,0.7056469542018675,0.7913517118719431
zelk12/MT1-Gen3-gemma-2-9B,0.9686527345486884,0.8361493997332148,0.7553357047576701,0.8743886171631836,0.649955535793686,0.7894619831036016
zelk12/MT1-Gen4-gemma-2-9B,0.9662072032014228,0.8230324588706092,0.7393285904846598,0.8701645175633614,0.6566251667407736,0.7765673632725656
zelk12/MT1-Gen5-IF-gemma-2-S2DMv1-9B,0.9653179190751444,0.8128056914184082,0.7156514006224989,0.8572698977323254,0.6916407292129836,0.7648955091151622
zelk12/MT1-Gen5-gemma-2-9B,0.9407514450867052,0.816140506891952,0.7220987105380169,0.8663850600266785,0.6047132058692752,0.7656736327256558
zelk12/MT1-Gen6-gemma-2-9B,0.0699199644286349,0.8032458870609159,0.4135171187194308,0.7966874166296132,0.4179635393508226,0.7525566918630503
zelk12/MT1-Gen7-gemma-2-9B,0.0699199644286349,0.8023566029346376,0.4211871943085816,0.7966874166296132,0.4989995553579369,0.7551133837261005
zelk12/MT1-Max-Merge_02012025163610-gemma-2-9B,0.9650955980435748,0.8437083148065807,0.7525566918630503,0.8936193863939529,0.6409515340151178,0.8035793686082704
zelk12/MT1-gemma-2-9B,0.9668741662961317,0.8414851044908849,0.753779457536683,0.8628279235215651,0.7252112049799911,0.7929079590929302
zelk12/MT2-Gen1-gemma-2-9B,0.9522009782125388,0.840373499333037,0.7497776789684304,0.8538239217429969,0.649955535793686,0.8016896398399288
zelk12/MT2-Gen2-gemma-2-9B,0.9585371276122722,0.8374833259226323,0.7428857269897733,0.8663850600266785,0.6907514450867052,0.8078034682080925
zelk12/MT2-Gen3-gemma-2-9B,0.9428634948866162,0.8365940417963539,0.7272120942641174,0.8663850600266785,0.6545131169408626,0.8002445531347265
zelk12/MT2-Gen4-gemma-2-9B,0.9606491774121833,0.8308136949755447,0.753779457536683,0.8628279235215651,0.5286794130724767,0.7813472654513117
zelk12/MT2-Gen5-gemma-2-9B,0.9341929746554024,0.82258781680747,0.7272120942641174,0.8823921742996887,0.6771898621609604,0.779012894619831
zelk12/MT2-Gen6-gemma-2-9B,0.0757003112494442,0.808581591818586,0.426856380613606,0.837149844375278,0.5486883059137394,0.7644508670520231
zelk12/MT2-Gen7-gemma-2-9B,0.0883726100489106,0.82792352156514,0.4818808359270787,0.8936193863939529,0.6141618497109826,0.7803468208092486
zelk12/MT2-Max-Merge_02012025163610-gemma-2-9B,0.9612049799911072,0.8372610048910627,0.7553357047576701,0.8823921742996887,0.594597598932859,0.8092485549132948
zelk12/MT2-gemma-2-9B,0.957536682970209,0.8417074255224545,0.7497776789684304,0.8701645175633614,0.6138283681636283,0.7980213428190307
zelk12/MT3-Gen1-gemma-2-9B,0.9491996442863496,0.8399288572698977,0.7354379724321921,0.8663850600266785,0.5491329479768786,0.7834593152512228
zelk12/MT3-Gen2-gemma-2-9B,0.9502000889284128,0.834370831480658,0.753779457536683,0.9004001778568252,0.4989995553579369,0.7850155624722098
zelk12/MT3-Gen3-gemma-2-9B,0.9528679413072476,0.8312583370386839,0.7379946642952423,0.8823921742996887,0.6858603823921743,0.7792352156514006
zelk12/MT3-Gen4-gemma-2-9B,0.9330813694975544,0.8310360160071143,0.7207647843485994,0.8701645175633614,0.8010226767452201,0.8066918630502445
zelk12/MT3-Gen5-gemma-2-9B,0.9716540684748776,0.835482436638506,0.7592263228101378,0.8885060026678524,0.600044464206314,0.7810137839039573
zelk12/MT3-Gen5-gemma-2-9B_v1,0.9728768341485104,0.8410404624277457,0.7525566918630503,0.8743886171631836,0.6061582925744775,0.7932414406402846
zelk12/MT3-Gen6-gemma-2-9B,0.0883726100489106,0.8174744330813695,0.4388617163183637,0.8538239217429969,0.5389061805246776,0.7472209871053802
zelk12/MT3-Max-Merge_02012025163610-gemma-2-9B,0.0883726100489106,0.8432636727434415,0.4791018230324588,0.878501556247221,0.634393063583815,0.8082481102712317
zelk12/MT3-gemma-2-9B,0.939195197865718,0.8441529568697199,0.7404401956425077,0.8601600711427301,0.642507781236105,0.7834593152512228
zelk12/MT4-Gen1-gemma-2-9B,0.960204535349044,0.8368163628279235,0.7454424188528235,0.8572698977323254,0.720987105380169,0.8082481102712317
zelk12/MT4-Gen2-gemma-2-9B,0.979546465095598,0.8423743886171632,0.7667852378835038,0.8628279235215651,0.665629168519342,0.7974655402401067
zelk12/MT4-Gen3-gemma-2-9B,0.949533125833704,0.8330369052912405,0.7442196531791907,0.8572698977323254,0.64517563361494,0.8028012449977768
zelk12/MT4-Gen4-gemma-2-9B,0.954868830591374,0.8270342374388617,0.7354379724321921,0.8859493108048021,0.6538461538461539,0.7823477100933748
zelk12/MT4-Gen5-gemma-2-9B,0.9398621609604269,0.8350377945753669,0.7592263228101378,0.8982881280569142,0.6520675855935971,0.8048021342819031
zelk12/MT4-Max-Merge_02012025163610-gemma-2-9B,0.0904846598488217,0.841929746554024,0.45964873277012,0.8823921742996887,0.5964873277012005,0.8092485549132948
zelk12/MT4-gemma-2-9B,0.9354157403290352,0.8274788795020009,0.72309915518008,0.837149844375278,0.7160960426856381,0.7963539350822588
zelk12/MT5-Gen1-gemma-2-9B,0.9470875944864384,0.8425967096487328,0.7497776789684304,0.8701645175633614,0.6211649622054246,0.7980213428190307
zelk12/MT5-Gen2-gemma-2-9B,0.9689862160960429,0.8392618941751889,0.7475544686527346,0.8823921742996887,0.525789239662072,0.802134281903068
zelk12/MT5-Gen3-gemma-2-9B,0.9458648288128056,0.8328145842596709,0.7404401956425077,0.8823921742996887,0.6560693641618497,0.8005780346820809
zelk12/MT5-Gen4-gemma-2-9B,0.9479768786127168,0.8461538461538461,0.7553357047576701,0.8885060026678524,0.594597598932859,0.8110271231658515
zelk12/MT5-Gen5-gemma-2-9B,0.9670964873277011,0.8397065362383281,0.7580035571365051,0.872610048910627,0.6162738995108937,0.7841262783459315
zelk12/MT5-Max-Merge_02012025163610-gemma-2-9B,0.0883726100489106,0.8452645620275678,0.469875500222321,0.8823921742996887,0.5827034237438862,0.8086927523343709
zelk12/MT5-gemma-2-9B,0.978990662516674,0.844597598932859,0.7580035571365051,0.8538239217429969,0.6061582925744775,0.7969097376611828
zelk12/MTM-Merge-gemma-2-9B,0.9415295686971988,0.8465984882169854,0.7415518008003558,0.8936193863939529,0.6456202756780791,0.8078034682080925
zelk12/MTMaMe-Merge_02012025163610-gemma-2-9B,0.0927078701645175,0.8412627834593153,0.4614273010226767,0.8859493108048021,0.6058248110271232,0.8035793686082704
zelk12/Rv0.4DMv1t0.25-gemma-2-9B,0.9008448199199643,0.8294797687861272,0.7580035571365051,0.8628279235215651,0.7116496220542463,0.8128056914184082
zelk12/Rv0.4DMv1t0.25Tt0.25-gemma-2-9B,0.921520675855936,0.8334815473543797,0.7212094264117386,0.8511560693641619,0.6974210760337928,0.788683859493108
zelk12/Rv0.4MT4g2-gemma-2-9B,0.8749444197421076,0.8236994219653179,0.7015340151178302,0.8885060026678524,0.6429524232992441,0.8181413961760783
zelk12/T31122024203920-gemma-2-9B,0.9254112939084036,0.8299244108492664,0.719875500222321,0.878501556247221,0.7358826144953312,0.799466429524233
zelk12/Test01012025155054,0.058025789239662,0.0045575811471765,0.0141173855046687,0.0262338817252112,0.1787461093819475,0.0081147176522899
zelk12/Test01012025155054t0.5_gemma-2,0.058025789239662,0.0045575811471765,0.0141173855046687,0.0262338817252112,0.1787461093819475,0.0081147176522899
zelk12/gemma-2-S2MTM-9B,0.9453090262338816,0.8223654957759003,0.7183192530013339,0.8628279235215651,0.6620720320142286,0.7781236104935527
zelk12/recoilme-gemma-2-Ataraxy-9B-v0.1,0.9219653179190752,0.8297020898176968,0.7618941751889728,0.8761671854157403,0.5168963983992886,0.7813472654513117
zelk12/recoilme-gemma-2-Ataraxy-9B-v0.1-t0.25,0.9300800355713652,0.8325922632281014,0.7354379724321921,0.8538239217429969,0.723654957759004,0.812361049355269
zelk12/recoilme-gemma-2-Ataraxy-9B-v0.1-t0.75,0.8601600711427301,0.8159181858603823,0.7117607825700312,0.8761671854157403,0.3623832814584259,0.7541129390840373
zelk12/recoilme-gemma-2-Ataraxy-9B-v0.2,0.9147398843930636,0.8292574477545576,0.7525566918630503,0.872610048910627,0.487105380168964,0.7819030680302357
zelk12/recoilme-gemma-2-Gutenberg-Doppel-9B-v0.1,0.9175188972876834,0.8345931525122277,0.7255446865273455,0.848377056469542,0.7351044908848378,0.7805691418408182
zelk12/recoilme-gemma-2-Ifable-9B-v0.1,0.966651845264562,0.825255669186305,0.7475544686527346,0.8823921742996887,0.5740329035126723,0.7823477100933748
zelk12/recoilme-gemma-2-psy10k-mental_healt-9B-v0.1,0.8962872387727879,0.8119164072921299,0.6905291240551357,0.8572698977323254,0.6636282792352156,0.7601156069364162
zetasepic/Qwen2.5-32B-Instruct-abliterated-v2,0.9933303690529124,0.9848821698532682,0.9966651845264562,0.919853268119164,0.8081369497554469,0.9881058248110272
zetasepic/Qwen2.5-72B-Instruct-abliterated,0.8513783903957315,0.99466429524233,0.9788795020008892,0.9947754557581148,0.9273010226767452,0.9951089373054692
zhengr/MixTAO-7Bx2-MoE-v8.1,0.4291907514450867,0.2872387727879057,0.3318141396176078,0.5455758114717653,0.3945086705202312,0.3212538906180525
