Model,IFEval,BBH,MATH Lvl 5,GPQA,MUSR,MMLU-PRO
0-hero/Matter-0.2-7B-DPO,33.02792147058693,10.055525080241036,1.4350453172205435,1.230425055928408,5.871874999999999,1.8173758865248215
01-ai/Yi-1.5-34B,28.411725333226947,42.74936268839652,15.332326283987916,15.436241610738255,11.217187500000003,40.732121749408975
01-ai/Yi-1.5-34B-32K,31.186917379220468,43.38184666762572,15.40785498489426,15.100671140939594,14.07786458333333,41.21232269503546
01-ai/Yi-1.5-34B-Chat,60.66758423205982,44.262825981005655,27.7190332326284,15.324384787472036,13.058072916666664,39.11606087470449
01-ai/Yi-1.5-34B-Chat-16K,45.6449997118756,44.53615654671034,21.37462235649547,11.74496644295302,13.73671875,39.383865248226954
01-ai/Yi-1.5-6B,26.166017278598567,22.027904536694773,6.646525679758309,8.501118568232664,13.309114583333336,23.823507683215126
01-ai/Yi-1.5-6B-Chat,51.452701055421834,23.67872313235784,16.238670694864048,6.935123042505594,14.030468750000002,24.368351063829788
01-ai/Yi-1.5-9B,29.358435617494916,30.50071699492122,11.404833836858003,17.225950782997764,12.030989583333332,32.402482269503544
01-ai/Yi-1.5-9B-32K,23.031113002389215,28.937011582169664,10.80060422960725,14.5413870246085,10.82682291666667,30.721778959810877
01-ai/Yi-1.5-9B-Chat,60.455258713546726,36.95293138417893,22.58308157099698,11.297539149888143,12.838281249999996,33.05814125295508
01-ai/Yi-1.5-9B-Chat-16K,42.14040966856828,31.49760894701832,17.82477341389728,7.829977628635347,10.03828125,33.261303191489354
01-ai/Yi-34B,30.45751938190668,35.542431259008794,5.13595166163142,15.548098434004473,9.648437500000004,37.90632387706855
01-ai/Yi-34B-200K,15.424850507763844,36.02211028900003,5.740181268882175,14.205816554809845,9.414843749999998,39.273049645390074
01-ai/Yi-34B-Chat,46.98887839820566,37.623987597243485,6.268882175226587,11.74496644295302,8.363802083333338,34.369459219858165
01-ai/Yi-6B,28.93378458046871,19.408504737915056,1.5861027190332326,2.572706935123044,7.044270833333335,22.12433510638298
01-ai/Yi-6B-200K,8.433068702154728,20.148020103768047,1.812688821752266,4.250559284116329,16.842447916666668,20.489804964539008
01-ai/Yi-6B-Chat,33.95213588833185,17.00016656742376,1.3595166163141994,5.92841163310962,3.5656250000000003,22.90004432624113
01-ai/Yi-9B,27.08779372066118,27.626956112077934,5.589123867069486,9.060402684563762,8.909114583333334,28.59781323877068
01-ai/Yi-9B-200K,23.270921155866432,26.49249509714754,6.646525679758309,8.7248322147651,12.109114583333332,29.1334219858156
01-ai/Yi-Coder-9B-Chat,48.17041006750976,25.94315294491389,4.003021148036254,0.0,7.963802083333333,15.83554964539007
1-800-LLMs/Qwen-2.5-14B-Hindi,58.2570911847232,49.32988995210337,33.30815709969788,14.988814317673372,14.350520833333334,47.362588652482266
1-800-LLMs/Qwen-2.5-14B-Hindi-Custom-Instruct,30.774677854758707,46.54015554088327,31.1178247734139,15.99552572706935,15.432812499999995,46.263667257683224
1024m/PHI-4-Hindi,0.816832670647216,52.46181381023763,23.338368580060425,19.686800894854585,21.519270833333326,47.10401891252955
1024m/QWEN-14B-B100,77.62104549262622,49.77664782103219,54.38066465256798,13.422818791946312,9.883333333333336,46.429890661938536
152334H/miqu-1-70b-sf,51.81740005407873,43.807147003691966,12.462235649546828,13.422818791946312,17.209374999999998,35.865469858156025
1TuanPham/T-VisStar-7B-v0.1,36.07040430502179,30.24383447882599,5.740181268882175,4.697986577181204,13.554166666666667,24.562278368794324
1TuanPham/T-VisStar-v0.1,36.07040430502179,30.24383447882599,5.740181268882175,4.697986577181204,13.554166666666667,24.562278368794324
3rd-Degree-Burn/L-3.1-Science-Writer-8B,42.625012743963794,29.19930078641656,10.347432024169184,3.243847874720355,11.693489583333331,29.43816489361702
3rd-Degree-Burn/Llama-3.1-8B-Squareroot,22.134381219608414,8.618063681935197,26.586102719033235,0.8948545861297527,0.7812499999999996,8.32779255319149
3rd-Degree-Burn/Llama-3.1-8B-Squareroot-v1,28.923811043586575,6.515144725982737,8.836858006042297,0.7829977628635317,1.7578124999999991,1.4110520094562635
3rd-Degree-Burn/Llama-Squared-8B,27.55244972229241,21.277103190106818,5.740181268882175,2.9082774049216997,1.9518229166666672,15.179890661938533
4season/final_model_test_v2,31.911328608093193,47.410670136906425,8.38368580060423,10.290827740492167,12.430989583333334,28.08990839243498
AALF/FuseChat-Llama-3.1-8B-Instruct-preview,71.89579205397234,30.84806521622957,24.773413897280967,7.38255033557047,6.150000000000006,30.361628250591018
AALF/FuseChat-Llama-3.1-8B-SFT-preview,72.80504616639405,32.53678156315301,22.507552870090635,7.270693512304249,9.749999999999998,30.481678486997637
AALF/gemma-2-27b-it-SimPO-37K,24.065257959990603,15.307880971954305,1.283987915407855,4.026845637583895,1.5950520833333328,10.793439716312056
AALF/gemma-2-27b-it-SimPO-37K-100steps,25.67642743476199,15.261078322847055,2.1148036253776437,5.145413870246088,0.7812499999999996,12.501846926713949
AELLM/gemma-2-aeria-infinity-9b,75.93995044260342,42.0902142313775,21.45015105740181,11.185682326621922,9.046093750000004,31.80223108747045
AELLM/gemma-2-lyco-infinity-9b,73.1647583966099,39.78753882674737,17.069486404833835,10.402684563758392,8.912760416666671,30.961879432624112
AGI-0/Art-v0-3B,31.9238509377341,8.029776912286984,24.62235649546828,1.230425055928408,5.002864583333332,1.983599290780142
AGI-0/Artificium-llama3.1-8B-001,52.47687247614108,19.34889807323965,13.595166163141997,2.1252796420581683,5.165625000000001,24.23906619385342
AGI-0/smartllama3.1-8B-001,35.178659290682056,24.8577369132814,12.990936555891238,7.494407158836691,14.397395833333333,27.628176713947987
AI-MO/NuminaMath-7B-CoT,26.88544173903022,19.152364282090307,26.963746223564954,2.1252796420581683,0.8263020833333333,20.75760933806146
AI-MO/NuminaMath-7B-TIR,27.562423259174547,16.87354725795866,16.08761329305136,1.1185682326621946,4.199218749999999,19.252364066193852
AI-Sweden-Models/Llama-3-8B-instruct,24.012841482821138,18.388095615027524,3.8519637462235647,2.1252796420581683,19.936718749999997,17.747118794326237
AI-Sweden-Models/gpt-sw3-40b,14.702988071649887,6.894934050796576,1.7371601208459215,0.0,2.8382812499999996,3.064051418439715
AI4free/Dhanishtha,24.51240486353985,7.93648440557281,25.604229607250755,0.3355704697986553,1.951822916666666,7.145759456264774
AI4free/t2,38.66828902866616,2.133152068631521,18.95770392749245,1.0067114093959737,5.646093750000001,1.595744680851063
AIDC-AI/Marco-o1,47.7083028586373,34.84254498655976,37.46223564954683,1.230425055928408,9.963802083333334,34.62802895981088
Aashraf995/Creative-7B-nerd,47.21871301480073,37.0801538173552,31.64652567975831,10.17897091722595,14.942708333333334,38.802083333333336
Aashraf995/Gemma-Evo-10B,73.32211864519475,43.42455936867185,22.2809667673716,13.870246085011187,16.66822916666666,36.3918439716312
Aashraf995/Qwen-Evo-7B,47.57343847657549,38.585326990506125,31.419939577039273,10.067114093959727,15.534895833333335,38.46963652482269
Aashraf995/QwenStock-14B,50.08632650256874,50.433898707168744,35.725075528700906,18.568232662192393,19.274218750000003,48.69237588652482
AbacusResearch/Jallabi-34B,35.28604103777975,43.61576498719506,5.211480362537765,11.85682326621924,20.23880208333333,40.90757978723404
Ahdoot/StructuredThinker-v0.3-MoreStructure,41.928084150055184,27.258541777802407,29.078549848942597,6.263982102908276,10.011197916666667,29.00413711583924
Ahdoot/Test_StealthThinker,42.20036170693759,25.366571749083093,17.900302114803626,6.152125279642054,11.938541666666666,28.856382978723406
AicoresSecurity/Cybernet-Sec-3B-R1-V0,63.58018945287393,22.32210586978715,11.555891238670696,1.789709172259505,1.920572916666666,22.336731678486995
AicoresSecurity/Cybernet-Sec-3B-R1-V0-Coder,70.9765644046685,22.65149321038919,14.879154078549847,2.9082774049216997,1.965625,24.202127659574465
AicoresSecurity/Cybernet-Sec-3B-R1-V1,61.45693426774292,19.125071594281845,15.181268882175228,1.45413870246085,1.920572916666666,20.849955673758867
AicoresSecurity/Cybernet-Sec-3B-R1-V1.1,67.30209178313541,20.43056853928926,17.598187311178247,2.796420581655479,4.528385416666668,23.204787234042552
Alepach/notHumpback-M0,23.500755772461517,1.2773603683897798,1.8882175226586104,0.0,2.8382812499999996,1.3187056737588652
Alepach/notHumpback-M1,22.06944241279804,1.922946094565394,1.5861027190332326,0.0,2.0833333333333326,1.0139627659574466
Alepach/notHumpback-M1-v2,22.77135777514772,1.2676708259061196,2.190332326283988,1.342281879194629,2.3499999999999996,1.3187056737588652
Alibaba-NLP/gte-Qwen2-7B-instruct,22.55404548819355,21.92548248566236,6.419939577039275,0.0,6.315104166666665,25.790484633569736
Alsebay/Qwen2.5-7B-test-novelist,53.51600420218354,30.41750003635299,23.48942598187311,5.480984340044745,18.29401041666667,31.839169621749413
Amaorynho/BBAI2006,14.670518668244704,1.6776683167876156,0.0,0.3355704697986553,2.7343749999999996,1.3648788416075646
Amaorynho/BBAI270V4,19.90374428737971,3.006785000149223,0.8308157099697886,0.0,2.291145833333333,1.263297872340425
Amaorynho/BBAIIFEV1,80.47369867507103,32.97465792285014,19.335347432024168,8.05369127516779,10.877864583333327,31.746823286052013
Amaorynho/BBAI_375,14.670518668244704,1.6776683167876156,0.0,0.3355704697986553,2.7343749999999996,1.3648788416075646
Amu/t1-1.5B,33.93717558300864,15.17286027788074,5.13595166163142,0.0,1.1968749999999997,17.405437352245865
Amu/t1-3B,33.27770316094629,15.248848632790676,13.746223564954684,0.0,1.5361979166666664,3.1563977541371155
ArliAI/ArliAI-RPMax-12B-v1.1,53.48852156721942,24.80906331793277,11.253776435045316,4.250559284116329,5.563802083333336,26.492316784869978
ArliAI/Llama-3.1-8B-ArliAI-RPMax-v1.1,63.59016298975607,28.787014099442825,13.141993957703926,4.4742729306487705,5.3109375000000005,28.34847813238771
Arthur-LAGACHERIE/Precis-1B-Instruct,36.70738086056109,6.06909792285563,0.3776435045317221,2.1252796420581683,3.077343750000001,4.735520094562647
Artples/L-MChat-7b,52.96646231997766,24.20155738881327,9.214501510574015,7.38255033557047,8.124739583333334,25.541149527186757
Artples/L-MChat-Small,32.87056122200207,26.856515500031353,3.776435045317221,2.348993288590602,9.265885416666665,16.269577423167846
Aryanne/QwentileSwap,73.78422585406722,57.67565555333628,42.220543806646525,15.659955257270694,19.20520833333333,54.95345744680851
Aryanne/SHBA,78.16560060639105,32.47770265291174,17.97583081570997,7.38255033557047,11.11692708333333,32.134677895981085
Aryanne/SuperHeart,51.92234382549414,31.893554212659296,15.634441087613292,6.823266219239373,14.713281249999996,32.35630910165484
AtAndDev/Qwen2.5-1.5B-continuous-learnt,46.05214165081983,19.53766599736009,7.477341389728097,2.1252796420581683,3.7890625000000018,20.12965425531915
Ateron/Glowing-Forest-12B,35.91803082487799,35.52548240518279,7.779456193353475,11.0738255033557,15.179947916666665,30.1954048463357
Ateron/Lotus-Magpic,62.86076499244227,32.65772737584173,9.969788519637463,7.046979865771815,12.781770833333336,27.67434988179669
Ateron/Way_of_MagPicaro,26.37091805298829,34.315941121704846,5.8912386706948645,11.185682326621922,17.84661458333333,28.173020094562645
AuraIndustries/Aura-4B,38.15620331830654,22.64085672774061,4.229607250755287,5.033557046979867,7.363802083333336,18.95685579196217
AuraIndustries/Aura-8B,72.05315230255721,30.981348410709717,15.181268882175228,4.809843400447425,9.22265625,31.93151595744681
AuraIndustries/Aura-MoE-2x4B,46.00969871053249,20.61384808360901,3.096676737160121,2.9082774049216997,9.83046875,18.32890070921986
AuraIndustries/Aura-MoE-2x4B-v2,47.77822843388875,20.801181076748463,3.1722054380664653,5.033557046979867,10.42447916666667,17.88563829787234
Aurel9/testmerge-7b,39.79984219648311,32.79279332763635,6.570996978851963,6.711409395973152,17.133072916666666,22.807697990543733
Ayush-Singh/Llama1B-sft-2,13.743755457741017,1.2375708061002186,0.0,0.0,2.7343749999999996,1.300236406619384
Azure99/Blossom-V6-14B,63.95486198841297,30.3528011952772,52.567975830815705,1.6778523489932915,8.906770833333335,39.3746306146572
Azure99/Blossom-V6-7B,55.38194213575535,29.447521285247884,45.84592145015105,7.270693512304249,13.395052083333336,34.932771867612296
Azure99/blossom-v5-32b,52.3544196066437,42.883055884713976,18.65558912386707,8.165548098434002,8.350000000000001,35.93934692671394
Azure99/blossom-v5-llama3-8b,43.4293230849701,18.306535405618444,5.13595166163142,2.0134228187919474,5.3109375000000005,13.397606382978722
Azure99/blossom-v5.1-34b,56.96562897556262,44.14770458838461,25.90634441087613,7.941834451901568,7.298958333333334,39.531619385342786
Azure99/blossom-v5.1-9b,50.85816744016986,34.20124449031171,21.22356495468278,11.409395973154364,8.024479166666667,33.10431442080379
BAAI/Gemma2-9B-IT-Simpo-Infinity-Preference,31.763831079313995,42.19084405906616,9.743202416918429,11.968680089485462,8.104947916666669,31.876108156028373
BAAI/Infinity-Instruct-3M-0613-Llama3-70B,68.21134589555712,51.32716098252211,21.52567975830816,14.429530201342288,16.53255208333333,41.44318853427896
BAAI/Infinity-Instruct-3M-0613-Mistral-7B,53.19873491225504,28.992936470320583,8.157099697885197,6.152125279642054,13.252083333333331,24.00820035460993
BAAI/Infinity-Instruct-3M-0625-Llama3-70B,74.42120240960651,52.02816164280523,22.507552870090635,14.317673378076066,18.34036458333333,39.84559692671394
BAAI/Infinity-Instruct-3M-0625-Llama3-8B,60.50268842227513,28.9882222457564,8.836858006042297,3.355704697986576,5.6677083333333345,25.02401004728132
BAAI/Infinity-Instruct-3M-0625-Mistral-7B,58.67420666054956,28.82328942958971,7.628398791540786,4.921700223713646,12.23828125,24.774674940898343
BAAI/Infinity-Instruct-3M-0625-Qwen2-7B,55.53930238434022,34.65682860864863,19.259818731117825,8.389261744966444,6.461718749999999,32.89191784869976
BAAI/Infinity-Instruct-3M-0625-Yi-1.5-9B,51.85984299436606,35.37870748220464,16.389728096676738,13.870246085011187,16.724739583333335,34.64649822695036
BAAI/Infinity-Instruct-7M-0729-Llama3_1-8B,61.31952109292233,30.888804607565575,12.764350453172204,5.7046979865771785,5.297135416666668,24.710032505910167
BAAI/Infinity-Instruct-7M-0729-mistral-7B,61.61928128476886,28.697915491520025,8.308157099697885,5.369127516778524,10.04010416666667,25.26411052009456
BAAI/Infinity-Instruct-7M-Gen-Llama3_1-70B,73.35458804859994,52.49894685232329,25.226586102719033,16.778523489932887,16.97161458333333,40.07646276595744
BAAI/Infinity-Instruct-7M-Gen-Llama3_1-8B,61.31952109292233,30.888804607565575,12.764350453172204,5.7046979865771785,5.297135416666668,24.710032505910167
BAAI/Infinity-Instruct-7M-Gen-mistral-7B,61.46690780462506,28.697915491520025,8.308157099697885,5.369127516778524,10.04010416666667,25.26411052009456
BAAI/OPI-Llama-3.1-8B-Instruct,20.745510800232275,9.76871171424153,1.3595166163141994,3.243847874720355,3.579427083333334,12.492612293144209
BEE-spoke-data/Meta-Llama-3-8Bee,19.506575885317623,24.19903269979749,4.833836858006042,8.501118568232664,6.242447916666666,24.66385933806146
BEE-spoke-data/smol_llama-101M-GQA,13.843712460715349,3.1980040943527936,0.6042296072507553,1.0067114093959737,4.275520833333334,1.1894208037825047
BEE-spoke-data/smol_llama-220M-GQA,23.860468002677344,3.03784275772053,1.0574018126888218,0.7829977628635317,9.067708333333334,1.6603871158392434
BEE-spoke-data/smol_llama-220M-GQA-fineweb_edu,19.88124842085666,2.314902449149024,0.6797583081570997,1.230425055928408,14.261718750000002,1.4110520094562635
BEE-spoke-data/smol_llama-220M-openhermes,15.552290145702292,3.107692077087363,1.0574018126888218,2.348993288590602,6.224479166666669,1.337174940898345
BEE-spoke-data/tFINE-900m-e16-d32-flan,15.057713533424646,4.411893932611097,0.9818731117824772,0.0,3.7187500000000018,3.4149674940898342
BEE-spoke-data/tFINE-900m-e16-d32-flan-infinity-instruct-7m-T2T_en-1024,13.206735905176044,4.737018282627999,1.0574018126888218,0.5592841163310973,13.808854166666668,2.6300236406619386
BEE-spoke-data/tFINE-900m-e16-d32-instruct_2e,14.02855534426433,5.013070335904381,1.3595166163141994,1.230425055928408,11.187239583333335,2.6300236406619386
BEE-spoke-data/tFINE-900m-instruct-orpo,13.299157346950537,3.267300577931774,1.5861027190332326,1.230425055928408,1.1067708333333328,1.6880910165484628
BSC-LT/salamandra-7b,13.673829882489574,10.157421990520298,0.3776435045317221,2.684563758389265,1.8617187499999996,5.474290780141842
BSC-LT/salamandra-7b-instruct,24.507418095098785,14.688128545731288,0.8308157099697886,1.9015659955257265,10.213020833333337,8.946513002364064
Ba2han/Llama-Phi-3_DoRA,51.30531434371911,37.24916418079274,12.16012084592145,10.17897091722595,9.532552083333336,32.393247635933804
Baptiste-HUVELLE-10/LeTriomphant2.2_ECE_iLAB,50.76330802271307,61.61232489960707,44.48640483383686,19.910514541387023,17.15234375,53.90070921985816
BenevolenceMessiah/Qwen2.5-72B-2x-Instruct-TIES-v1.0,54.73499204333391,61.91149453060484,57.85498489425982,15.659955257270694,12.016666666666673,51.425827423167846
BenevolenceMessiah/Yi-Coder-9B-Chat-Instruct-TIES-MoE-v1.0,30.115316249772825,26.877991478721707,4.1540785498489425,1.6778523489932915,8.930729166666667,18.67058215130024
BlackBeenie/Bloslain-8B-v0.2,50.233713214271475,30.662901797340655,14.501510574018129,7.494407158836691,10.446614583333334,29.484338061465724
BlackBeenie/Llama-3.1-8B-OpenO1-SFT-v0.1,51.240375536908736,26.034289552808826,15.256797583081571,2.460850111856823,5.726562500000003,27.683584515366427
BlackBeenie/Llama-3.1-8B-pythonic-passthrough-merge,23.158552640327663,9.359904687487282,1.1329305135951662,2.460850111856823,4.593229166666666,3.692006501182032
BlackBeenie/Neos-Gemma-2-9b,58.75665456544192,35.638851313766615,9.818731117824774,9.731543624161072,5.785416666666667,33.12278368794326
BlackBeenie/Neos-Llama-3.1-8B,49.43937641014729,21.080122945815933,13.217522658610273,2.460850111856823,5.740364583333334,25.1348256501182
BlackBeenie/Neos-Llama-3.1-base,17.508211545366294,2.2214471263806472,0.0,0.0,2.8382812499999996,1.2448286052009452
BlackBeenie/Neos-Phi-3-14B-v0.1,40.22449323350931,46.63138689861978,17.82477341389728,7.38255033557047,10.534375000000002,39.596261820330966
BlackBeenie/llama-3-luminous-merged,43.234506664538976,30.643687228787257,8.685800604229607,5.7046979865771785,10.628645833333335,30.814125295508273
BlackBeenie/llama-3.1-8B-Galore-openassistant-guanaco,26.34842218646525,31.444704759068383,6.646525679758309,6.711409395973152,14.578124999999996,24.516105200945624
Bllossom/llama-3.2-Korean-Bllossom-AICA-5B,51.72497861230424,18.65022251208589,12.386706948640484,6.487695749440718,5.824479166666667,19.003028959810873
BoltMonkey/DreadMix,70.94908176970438,34.84501521605123,15.55891238670695,6.599552572706939,13.619010416666663,30.99881796690307
BoltMonkey/NeuralDaredevil-SuperNova-Lite-7B-DARETIES-abliterated,79.98909559967552,30.75990006920939,11.933534743202417,4.138702460850116,9.467708333333327,30.37086288416076
BoltMonkey/SuperNeuralDreadDevil-8b,77.09898624538445,32.61215762394777,9.290030211480364,5.592841163310966,8.3109375,29.76137706855792
BrainWave-ML/llama3.2-3B-maths-orpo,20.490742341431847,2.3470409575204094,0.0,1.230425055928408,4.524739583333332,1.8635490543735225
BramVanroy/GEITje-7B-ultra,37.23442687624392,12.879913010035898,1.5861027190332326,1.6778523489932915,1.5223958333333336,11.236702127659573
BramVanroy/fietje-2,20.980332185268423,15.603676192567876,1.5861027190332326,0.5592841163310973,5.161979166666666,10.950428486997636
BramVanroy/fietje-2-chat,29.17359273394593,17.718965848323496,1.8882175226586104,0.0,3.195052083333334,11.71690307328605
BramVanroy/fietje-2-instruct,27.899639622867326,17.57247980884759,2.2658610271903323,0.0,2.914583333333334,12.26174645390071
CYFRAGOVPL/Llama-PLLuM-8B-base,28.98874985039695,20.218737977791477,3.625377643504532,4.697986577181204,10.062239583333335,19.52016843971631
CYFRAGOVPL/Llama-PLLuM-8B-chat,35.148627862959174,16.279056764258215,3.3987915407854987,1.9015659955257265,11.856249999999998,19.104609929078016
CYFRAGOVPL/PLLuM-12B-base,28.20937335159599,21.240801542833136,2.8700906344410875,5.369127516778524,10.979947916666667,19.335475768321512
CYFRAGOVPL/PLLuM-12B-chat,32.14360120037057,21.319737721095155,1.812688821752266,1.342281879194629,14.668229166666665,20.803782505910167
CYFRAGOVPL/PLLuM-12B-nc-base,24.045310886226325,19.387664951963902,2.190332326283988,2.684563758389265,2.897135416666666,17.322325650118206
CYFRAGOVPL/PLLuM-12B-nc-chat,28.34423773365781,23.008553823293617,1.2084592145015105,4.36241610738255,12.919270833333334,17.747118794326237
CarrotAI/Llama-3.2-Rabbit-Ko-3B-Instruct,71.98821349574685,21.49731033280348,20.54380664652568,2.796420581655479,3.9812500000000024,20.249704491725765
CarrotAI/Llama-3.2-Rabbit-Ko-3B-Instruct-2412,47.818233398493774,20.17567961421505,17.598187311178247,5.7046979865771785,6.801041666666673,23.712692080378247
Casual-Autopsy/L3-Umbral-Mind-RP-v2.0-8B,71.22634609502786,32.48627762381486,10.95166163141994,4.921700223713646,5.550000000000002,30.26004728132387
CausalLM/14B,27.882130524785342,24.780942674518663,7.552870090634441,7.046979865771815,11.468229166666667,24.682328605200944
CausalLM/34b-beta,30.43247472262486,36.677226262739055,4.833836858006042,12.863534675615217,6.924739583333334,48.05518617021277
CausalLM/preview-1-hf,55.58928088582738,10.100940706274752,3.0211480362537766,1.5659955257270708,1.1067708333333328,28.856382978723406
Changgil/K2S3-14b-v0.2,32.428401086893885,24.283946726650168,5.740181268882175,4.138702460850116,6.7992187500000005,18.26425827423168
Changgil/K2S3-v0.1,32.76561745058666,24.559557672503782,4.607250755287009,1.9015659955257265,7.842447916666667,17.359264184397162
ClaudioItaly/Albacus,46.674157901035926,31.63886474402479,7.099697885196375,2.9082774049216997,10.658072916666663,24.054373522458626
ClaudioItaly/Book-Gut12B,39.984685080032094,34.63219258973313,10.196374622356496,7.606263982102905,18.276041666666668,29.669030732860524
ClaudioItaly/Evolutionstory-7B-v2.2,48.137940664104576,31.62386474402479,7.099697885196375,3.355704697986576,10.658072916666663,23.98973108747045
ClaudioItaly/intelligence-cod-rag-7b-v3,68.97820006471717,34.776158539494425,38.066465256797585,3.0201342281879207,10.675520833333335,35.50531914893617
CohereForAI/aya-23-35B,64.61932117891638,34.85836046775463,3.474320241691843,5.92841163310962,13.47369791666666,26.178339243498815
CohereForAI/aya-23-8B,46.98887839820566,20.203760646739372,1.6616314199395772,4.5861297539149914,8.424479166666664,14.2010195035461
CohereForAI/aya-expanse-32b,73.01737168490715,38.70961143301418,15.332326283987916,10.067114093959727,6.408854166666668,34.77578309692671
CohereForAI/aya-expanse-8b,63.585176221315,28.52348250428851,8.610271903323262,7.046979865771815,4.410677083333334,22.26285460992908
CohereForAI/c4ai-command-r-plus,76.64186580495308,39.91995423143177,8.006042296072508,7.38255033557047,20.42317708333333,33.242833924349874
CohereForAI/c4ai-command-r-plus-08-2024,75.39539532883859,42.83686540770696,12.386706948640484,13.422818791946312,19.835156249999994,38.0079048463357
CohereForAI/c4ai-command-r-v01,67.48194789824333,34.556659257058264,3.474320241691843,7.606263982102905,16.12890625,26.326093380614655
CohereForAI/c4ai-command-r7b-12-2024,77.13145564878965,36.0245641700103,29.909365558912388,7.829977628635347,10.230468750000002,28.5793439716312
Columbia-NLP/LION-Gemma-2b-dpo-v1.0,32.78312654866864,14.585976093815775,4.305135951661631,0.0,9.834635416666668,7.395094562647753
Columbia-NLP/LION-Gemma-2b-odpo-v1.0,30.664858131978704,14.02392166541634,6.948640483383686,0.0,12.056250000000004,7.690602836879433
Columbia-NLP/LION-Gemma-2b-sft-v1.0,36.924693147515256,14.11717086360044,6.797583081570997,0.7829977628635317,8.309114583333335,8.687943262411347
Columbia-NLP/LION-LLaMA-3-8b-dpo-v1.0,49.57424079220912,30.356398875749075,11.706948640483382,4.138702460850116,10.281510416666665,24.654624704491724
Columbia-NLP/LION-LLaMA-3-8b-odpo-v1.0,39.6799381197445,30.457173008350704,10.649546827794564,4.697986577181204,9.718749999999998,23.91585401891253
Columbia-NLP/LION-LLaMA-3-8b-sft-v1.0,38.17116362362975,30.88426036029,11.404833836858003,3.691275167785232,15.483854166666664,24.857786643026003
CombinHorizon/Josiefied-abliteratedV4-Qwen2.5-14B-Inst-BaseMerge-TIES,82.39958864701215,48.19594986631396,53.17220543806647,9.955257270693512,12.65390625,44.213578605200944
CombinHorizon/Rombos-Qwen2.5-7B-Inst-BaseMerge-TIES,75.64019025075689,34.954070231174235,49.320241691842895,6.375838926174497,8.779427083333333,37.1306146572104
CombinHorizon/YiSM-blossom5.1-34B-SLERP,50.33112142448702,46.397612796396146,21.52567975830816,14.093959731543624,14.367968750000005,41.56323877068557
CombinHorizon/huihui-ai-abliterated-Qwen2.5-32B-Inst-BaseMerge-TIES,82.06237228331938,56.04478184089901,59.44108761329305,11.85682326621924,12.091145833333336,52.45087174940899
CombinHorizon/huihui-ai-abliteratedV2-Qwen2.5-14B-Inst-BaseMerge-TIES,81.75762532303177,47.767346005909815,54.7583081570997,8.612975391498878,12.45390625,43.44710401891253
CombinHorizon/zetasepic-abliteratedV2-Qwen2.5-32B-Inst-BaseMerge-TIES,83.28136012446973,56.82740697772572,58.53474320241692,15.659955257270694,14.224479166666663,52.05378250591017
ContactDoctor/Bio-Medical-3B-CoT-012025,36.037934901616595,22.263528103895354,22.129909365558913,7.270693512304249,3.195052083333334,21.48714539007092
ContactDoctor/Bio-Medical-Llama-3-8B,44.223659889094264,26.195811296028182,6.722054380664652,11.185682326621922,1.7578124999999991,29.419695626477544
CoolSpring/Qwen2-0.5B-Abyme,19.151850423542868,2.2764835705971893,2.9456193353474323,0.4474272930648763,1.47734375,3.701241134751772
CoolSpring/Qwen2-0.5B-Abyme-merge2,20.21846478454944,3.709041394335512,3.3232628398791544,1.342281879194629,3.891145833333334,5.437352245862883
CoolSpring/Qwen2-0.5B-Abyme-merge3,23.860468002677344,4.301149162861492,3.1722054380664653,1.9015659955257265,2.1283854166666667,5.557402482269504
Corianas/Neural-Mistral-7B,54.892352291918776,22.431162626805257,1.8882175226586104,4.4742729306487705,6.208854166666669,19.307771867612292
Corianas/Quokka_2.7b,17.490702447284317,3.1652676176883503,0.8308157099697886,0.7829977628635317,6.087499999999999,1.6142139479905429
Corianas/llama-3-reactor,23.0011923917428,21.88855981925079,4.682779456193353,6.375838926174497,8.014843750000002,20.00960401891253
CortexLM/btlm-7b-base-v0.2,14.832865685270637,16.19327709708517,1.5105740181268883,0.4474272930648763,5.542187500000001,14.995197990543732
Cran-May/SCE-2-24B,58.65924635522636,46.32574571477496,18.95770392749245,11.6331096196868,16.001562499999995,40.13187056737589
Cran-May/SCE-3-24B,54.65254413844155,42.278564800296486,18.806646525679756,12.863534675615217,14.601562499999996,40.51972517730496
Cran-May/T.E-8.1,70.76922565459647,37.02437662584371,44.5619335347432,8.389261744966444,15.31510416666667,38.13718971631205
Cran-May/merge_model_20250308_2,59.32370554572978,50.99569841983836,43.80664652567976,18.791946308724835,19.519270833333326,49.10793439716312
Cran-May/merge_model_20250308_3,60.177994388223254,46.56854499584235,25.45317220543807,9.61968680089485,13.538541666666664,44.0196513002364
Cran-May/merge_model_20250308_4,45.39521802151624,52.02370667184541,41.99395770392749,19.686800894854585,17.801562500000003,48.51691784869976
Cran-May/tempmotacilla-cinerea-0308,80.84837121061007,50.59894860885105,55.51359516616314,14.988814317673372,12.66953125,47.224069148936174
CreitinGameplays/Llama-3.1-8B-R1-v0.1,32.3485019747603,3.2159805820764724,18.12688821752266,1.1185682326621946,2.6028645833333326,2.7962470449172567
CultriX/Qwen2.5-14B-Broca,56.0414145578177,50.034411781701095,35.80060422960725,18.232662192393736,18.94869791666667,48.48921394799055
CultriX/Qwen2.5-14B-BrocaV9,67.62933460994606,48.05322494738571,38.14199395770393,15.212527964205815,18.395572916666666,48.119828605200944
CultriX/Qwen2.5-14B-Brocav3,69.51776841004092,49.04911178348141,38.74622356495468,14.5413870246085,19.25442708333333,47.972074468085104
CultriX/Qwen2.5-14B-Brocav6,69.95239298394925,47.81922480607394,38.74622356495468,15.659955257270694,18.87604166666667,47.99054373522459
CultriX/Qwen2.5-14B-Brocav7,67.23715297632504,48.90536078331687,38.4441087613293,15.659955257270694,20.150520833333328,47.307180851063826
CultriX/Qwen2.5-14B-Emerged,70.00237148543641,45.932419368684656,32.477341389728096,14.317673378076066,18.47005208333333,46.51300236406619
CultriX/Qwen2.5-14B-Emergedv3,63.884936413161526,44.731608242608615,43.58006042296073,14.76510067114094,18.601562500000004,46.3744828605201
CultriX/Qwen2.5-14B-FinalMerge,48.909781601705696,38.16247948342354,38.14199395770393,13.982102908277405,14.504947916666667,39.716312056737586
CultriX/Qwen2.5-14B-Hyper,53.91317260424563,49.759879377498386,34.3655589123867,18.903803131991047,21.029166666666665,48.60002955082743
CultriX/Qwen2.5-14B-HyperMarck-dl,66.50276821057017,43.78585928068085,52.87009063444109,15.659955257270694,15.095312499999997,45.4510195035461
CultriX/Qwen2.5-14B-Hyperionv3,68.36371937570092,49.95005488379496,37.00906344410876,16.10738255033557,18.921093749999994,48.22140957446809
CultriX/Qwen2.5-14B-Hyperionv4,54.157967526163915,49.07652018118392,34.74320241691843,19.686800894854585,19.86640625,48.48921394799055
CultriX/Qwen2.5-14B-Hyperionv5,67.29211824625327,48.948279827370094,38.21752265861027,16.21923937360179,19.876041666666666,47.796616430260045
CultriX/Qwen2.5-14B-MegaMerge-pt2,56.8307645935008,50.9079030473653,39.95468277945619,17.225950782997764,18.74270833333333,49.11716903073285
CultriX/Qwen2.5-14B-MergeStock,56.85326046002385,51.00939101332111,41.46525679758308,16.442953020134222,17.854427083333334,48.84013002364066
CultriX/Qwen2.5-14B-ReasoningMerge,46.05469044357859,50.867897804151305,52.0392749244713,21.029082774049215,25.60755208333333,48.27681737588653
CultriX/Qwen2.5-14B-Ultimav2,55.00228283177525,50.441052694140744,38.4441087613293,18.008948545861294,22.036979166666654,49.0802304964539
CultriX/Qwen2.5-14B-Unity,67.38952645646884,42.25861689291335,43.126888217522655,12.975391498881436,18.76015624999999,45.28479609929077
CultriX/Qwen2.5-14B-Wernicke,52.34699486252033,50.642876092422625,38.14199395770393,19.12751677852349,18.24661458333333,49.15410756501182
CultriX/Qwen2.5-14B-Wernicke-SFT,49.37443760333692,49.33057176327372,35.95166163141994,13.870246085011187,7.549999999999996,45.2201536643026
CultriX/Qwen2.5-14B-Wernicke-SLERP,55.88904107767391,49.372327095724025,44.864048338368576,12.527964205816552,11.120572916666662,45.48795803782507
CultriX/Qwen2.5-14B-Wernickev3,70.48198779239087,44.57627490618109,35.422960725075534,14.988814317673372,18.69166666666666,46.12514775413712
CultriX/Qwen2.5-14B-partialmergept1,63.3728507028019,44.5944042928325,45.392749244712995,14.87695749440716,19.662239583333328,46.75310283687944
CultriX/Qwenfinity-2.5-14B,48.137940664104576,37.259942422120695,41.012084592145015,13.19910514541387,15.456250000000002,38.86672576832151
CultriX/Qwestion-14B,63.178034282370774,48.75703449690036,37.235649546827794,15.771812080536916,17.217187500000005,49.13563829787233
CultriX/SeQwence-14B,53.51600420218354,50.16357763465521,35.34743202416919,14.76510067114094,18.426822916666666,49.09869976359338
CultriX/SeQwence-14B-EvolMerge,53.81576439403007,50.780351477179785,36.70694864048338,17.4496644295302,20.26041666666666,49.09869976359338
CultriX/SeQwence-14B-EvolMergev1,55.546837945540055,50.30225894842213,42.14501510574018,16.890380313199106,17.08385416666667,48.81242612293145
CultriX/SeQwence-14B-v5,59.1988147005501,49.99573116031767,33.081570996978854,15.99552572706935,18.327083333333334,49.05252659574468
CultriX/SeQwence-14Bv1,66.78003253589365,47.190897916289224,36.102719033232624,14.87695749440716,18.80338541666666,47.99977836879433
CultriX/SeQwence-14Bv2,57.85992278266112,46.52922387651957,47.583081570996974,14.76510067114094,17.546354166666664,48.1567671394799
CultriX/SeQwence-14Bv3,57.19047682371663,46.38536750450479,47.65861027190332,15.324384787472036,17.270052083333336,48.16600177304965
DRXD1000/Atlas-7B,37.04459722425387,7.540207541436388,1.8882175226586104,1.0067114093959737,0.7812499999999996,4.4584810874704495
DRXD1000/Phoenix-7B,32.09617149164218,15.620179664331877,1.6616314199395772,3.803131991051453,6.418489583333333,14.921320921985814
DUAL-GPO/zephyr-7b-ipo-0k-15k-i1,27.562423259174547,22.65864266009636,3.0211480362537766,5.480984340044745,10.567968750000002,23.66651891252955
DZgas/GIGABATEMAN-7B,46.07463751734288,29.82751665401399,5.5135951661631415,5.257270693512303,11.972135416666667,24.183658392434985
Daemontatox/AetherDrake-SFT,48.12796712722243,27.13925232163005,15.105740181268882,9.395973154362418,9.972135416666667,27.76669621749409
Daemontatox/AetherSett,53.695860317291455,34.7441456018993,39.72809667673716,7.718120805369126,16.205729166666668,36.42878250591017
Daemontatox/AetherTOT,43.97642699149368,29.43639149563461,14.879154078549847,9.843400447427292,9.781770833333336,31.155806737588655
Daemontatox/AetherUncensored,40.41930965394043,21.678618361970496,14.501510574018129,5.145413870246088,9.501302083333336,19.003028959810873
Daemontatox/Cogito-MIS,18.1451881009056,29.075970117521223,8.610271903323262,0.8948545861297527,4.928385416666668,4.837101063829785
Daemontatox/CogitoDistil,27.764775240805506,11.94875947902338,39.274924471299094,1.230425055928408,4.802864583333334,18.061096335697396
Daemontatox/CogitoZ,39.67240255854466,53.889571248021504,52.416918429003026,19.35123042505593,19.940885416666664,51.028738179669034
Daemontatox/CogitoZ14,66.37034180419066,46.47935186892328,42.220543806646525,8.83668903803132,9.067708333333334,33.32594562647754
Daemontatox/DocumentCogito,50.643403945974455,29.79360859597188,16.314199395770395,8.83668903803132,8.597395833333335,31.13733747044917
Daemontatox/Llama3.3-70B-CogniLink,69.31042965996889,52.12466257626164,41.389728096676734,26.062639821029084,21.395572916666666,46.36524822695035
Daemontatox/Llama_cot,75.48781677061308,26.866582717626457,20.241691842900305,5.480984340044745,6.638281250000001,27.979092789598106
Daemontatox/MawaredT1,41.98803618842449,31.900788297617016,30.211480362537763,11.297539149888143,18.676041666666663,41.3139036643026
Daemontatox/Mini_QwQ,44.97056698449004,36.210284793752635,41.918429003021146,7.158836689038028,17.264583333333334,37.47229609929077
Daemontatox/NemoR,22.873752753804347,31.605520137148783,8.308157099697885,10.290827740492167,9.916927083333327,25.44880319148936
Daemontatox/PathFinderAI2.0,45.41017832683946,52.95651298557802,50.75528700906344,6.935123042505594,10.961979166666666,50.520833333333336
Daemontatox/PathFinderAi3.0,42.70989862453845,55.53835541644173,50.453172205438065,21.140939597315437,20.05260416666666,52.85719562647754
Daemontatox/PathfinderAI,37.45173916319809,52.64654733435329,47.583081570996974,19.239373601789712,20.829166666666666,51.037972813238774
Daemontatox/Phi-4-COT,17.93031378963373,45.34299043065811,22.432024169184288,11.409395973154364,15.158333333333337,44.49985224586289
Daemontatox/PixelParse_AI,43.82904027979095,29.03185731417456,14.72809667673716,9.843400447427292,9.2484375,30.86953309692671
Daemontatox/RA2.0,37.838934028378034,28.471838145021337,38.36858006042296,7.38255033557047,9.373958333333333,17.95951536643026
Daemontatox/RA_Reasoner,55.921510481079096,43.07300777347365,21.22356495468278,10.850111856823268,7.510937500000001,36.6688829787234
Daemontatox/RA_Reasoner2.0,53.663390913886275,43.07006895743249,23.11178247734139,9.955257270693512,7.177604166666669,37.259899527186754
Daemontatox/ReasonTest,40.79653098223824,35.37503681384339,21.37462235649547,9.172259507829976,12.076041666666669,36.35490543735224
Daemontatox/Research_PathfinderAI,34.56916537010687,1.4263456550462994,16.993957703927492,0.0,1.7578124999999991,1.4479905437352243
Daemontatox/SphinX,57.25042886208593,34.71245082713039,30.81570996978852,6.375838926174497,12.695833333333333,37.39841903073286
Daemontatox/Sphinx2.0,71.23133286346894,49.39675153748764,40.181268882175225,5.8165548098433995,13.053906249999995,46.485298463356976
Daemontatox/TinySphinx,25.669002690638617,6.54657571552213,4.305135951661631,3.1319910514541416,1.5950520833333328,7.7552452718676115
Daemontatox/TinySphinx2.0,25.351733400710117,5.004028710418718,3.2477341389728096,2.460850111856823,1.3145833333333334,8.12463061465721
Daemontatox/Zirel-7B-Math,66.38785090227265,34.93944104913604,19.788519637462233,10.17897091722595,18.597916666666663,35.96705082742317
Daemontatox/Zirel_1.5,41.67575366693706,15.082126333167832,11.329305135951662,1.342281879194629,3.3265624999999996,12.705008865248226
Daemontatox/mini-Cogito-R1,22.983683293660818,6.038995128638223,27.492447129909365,4.921700223713646,2.987239583333334,5.354240543735224
Daemontatox/mini_Pathfinder,29.615752869054106,16.03002789836758,47.507552870090635,1.1185682326621946,4.8617187500000005,20.10195035460993
Dampfinchen/Llama-3.1-8B-Ultra-Instruct,80.81091503876381,32.49458680420566,22.05438066465257,5.592841163310966,8.607031250000002,31.395907210401887
Danielbrdz/Barcenas-10b,66.07811717354397,43.769694605609374,21.52567975830816,12.192393736017896,10.316927083333336,37.34301122931442
Danielbrdz/Barcenas-14b-Phi-3-medium-ORPO,47.990553952401854,51.029418403280296,20.241691842900305,10.17897091722595,20.527083333333337,41.36931146572104
Danielbrdz/Barcenas-14b-phi-4,4.97590836757581,53.25769202541582,25.83081570996979,17.785234899328863,24.24296875,46.38371749408983
Danielbrdz/Barcenas-14b-phi-4-v2,27.74726614272353,50.20692953827006,32.17522658610272,17.114093959731544,14.293489583333328,47.150192080378254
Danielbrdz/Barcenas-3b-GRPO,54.44276741268723,21.13661740394343,13.746223564954684,5.369127516778524,6.065885416666667,22.63223995271868
Danielbrdz/Barcenas-Llama3-8b-ORPO,73.7242738156979,28.600623499981847,6.570996978851963,7.606263982102905,11.169791666666669,31.44208037825059
Danielbrdz/Barcenas-R1-Qwen-1.5b,24.28013227126247,10.491260075913582,34.96978851963746,7.158836689038028,3.832291666666668,10.10084219858156
Dans-DiscountModels/12b-mn-dans-reasoning-test-2,37.109536031064245,26.108938446170427,6.3444108761329305,3.1319910514541416,3.944010416666668,16.749778368794324
Dans-DiscountModels/12b-mn-dans-reasoning-test-3,50.52593784491815,25.84864126816548,7.779456193353475,2.796420581655479,10.995052083333334,16.842124704491724
Dans-DiscountModels/Dans-Instruct-CoreCurriculum-12b-ChatML,21.11020979888917,26.046417064819565,4.305135951661631,4.026845637583895,5.712760416666669,20.05577718676123
Dans-DiscountModels/Dans-Instruct-Mix-8b-ChatML,8.250774611364513,26.336393544053255,5.5135951661631415,5.92841163310962,9.677864583333337,25.42109929078014
Dans-DiscountModels/Dans-Instruct-Mix-8b-ChatML-V0.1.0,6.682048076880455,26.737651950701505,6.722054380664652,4.809843400447425,8.122916666666667,25.37492612293144
Dans-DiscountModels/Dans-Instruct-Mix-8b-ChatML-V0.1.1,9.105063453857984,26.412550636134668,5.966767371601208,5.480984340044745,7.811197916666667,25.319518321513
Dans-DiscountModels/Dans-Instruct-Mix-8b-ChatML-V0.2.0,50.64085515321569,24.734770612245033,7.326283987915408,5.8165548098433995,3.755989583333333,22.21668144208038
Dans-DiscountModels/Mistral-7b-v0.3-Test-E0.7,51.235388768467665,26.82076225675771,3.3987915407854987,6.152125279642054,8.030468749999999,19.38164893617021
Dans-DiscountModels/mistral-7b-test-merged,66.78003253589365,28.94100499482477,4.45619335347432,5.92841163310962,4.3578125000000005,21.976580969267136
Darkknight535/OpenCrystal-12B-L3,40.70909630890482,31.84449091545611,8.987915407854985,7.494407158836691,5.740364583333334,29.33658392434987
DavidAU/DeepHermes-3-Llama-3-8B-Preview-16.5B-Brainstorm,31.35679995744624,24.9087539518445,10.574018126888216,8.501118568232664,10.830989583333334,24.543809101654844
DavidAU/DeepSeek-BlackRoot-R1-Distill-Llama-3.1-8B,36.849780803822746,27.616644147779652,6.570996978851963,9.060402684563762,12.397395833333334,21.95811170212766
DavidAU/DeepSeek-Grand-Horror-SMB-R1-Distill-Llama-3.1-16B,25.06948230694557,22.777139438535443,2.9456193353474323,8.501118568232664,10.289322916666668,18.99379432624113
DavidAU/DeepSeek-MOE-4X8B-R1-Distill-Llama-3.1-Deep-Thinker-Uncensored-24B,38.82564927725103,27.773550052185215,8.157099697885197,9.731543624161072,13.220833333333331,22.49372044917257
DavidAU/DeepSeek-MOE-4X8B-R1-Distill-Llama-3.1-Mad-Scientist-24B,34.36182662003484,25.61443384964336,7.552870090634441,11.6331096196868,11.78541666666667,21.884234633569736
DavidAU/DeepSeek-R1-Distill-Qwen-25.5B-Brainstorm,34.15947463840388,38.54849081746308,55.36253776435045,18.120805369127517,25.23880208333333,40.26115543735224
DavidAU/DeepSeek-V2-Grand-Horror-SMB-R1-Distill-Llama-3.1-Uncensored-16.5B,28.531629409965557,22.878424102179434,1.7371601208459215,7.38255033557047,10.734375,19.751034278959807
DavidAU/DeepThought-MOE-8X3B-R1-Llama-3.2-Reasoning-18B,37.931355470152525,18.81085739291651,10.80060422960725,3.9149888143176734,6.197395833333332,19.113844562647756
DavidAU/Gemma-The-Writer-9B,17.403156956874426,41.272318662592205,8.761329305135952,12.751677852348994,10.134375,33.10431442080379
DavidAU/Gemma-The-Writer-DEADLINE-10B,23.31580207183606,41.01919903629973,9.894259818731117,12.304250559284116,10.79140625,32.73492907801418
DavidAU/Gemma-The-Writer-J.GutenBerg-10B,28.578948301617487,41.15599097529755,9.214501510574015,11.74496644295302,10.665885416666669,32.74416371158392
DavidAU/Gemma-The-Writer-Mighty-Sword-9B,75.27549125209998,41.392610073884825,19.108761329305135,13.087248322147648,10.363802083333336,32.97502955082743
DavidAU/Gemma-The-Writer-N-Restless-Quill-10B-Uncensored,70.70927361622716,40.850090817774024,22.9607250755287,12.192393736017896,10.40703125,32.95656028368795
DavidAU/L3-DARKEST-PLANET-16.5B,62.30623634179532,31.776241491685315,8.987915407854985,6.040268456375841,7.253906249999997,29.22576832151299
DavidAU/L3-Dark-Planet-8B,41.34108609600305,29.78962694499553,8.23262839879154,6.711409395973152,6.332552083333334,30.40780141843972
DavidAU/L3-Jamet-12.2B-MK.V-Blackroot-Instruct,39.619986081375195,25.869793144697734,4.078549848942599,3.803131991051453,8.312760416666668,25.458037825059098
DavidAU/L3-Lumimaid-12.2B-v0.1-OAS-Instruct,39.24032677739509,24.504815583181394,4.607250755287009,3.5794183445190177,11.26171875,23.795803782505907
DavidAU/L3-SMB-Instruct-12.2B-F32,43.032154682908015,26.130957088441544,4.682779456193353,4.250559284116329,9.624479166666667,25.688903664302597
DavidAU/L3-Stheno-Maid-Blackroot-Grand-HORROR-16B,34.389309254998956,26.692021341537863,2.190332326283988,2.796420581655479,8.555989583333334,28.560874704491717
DavidAU/L3-Stheno-v3.2-12.2B-Instruct,40.279458503437546,27.36962320894452,5.0604229607250755,3.355704697986576,10.314583333333331,26.0582890070922
DavidAU/L3.1-Dark-Planet-SpinFire-Uncensored-8B,70.42702252246261,32.46178300050608,9.290030211480364,3.9149888143176734,2.498958333333334,29.669030732860524
DavidAU/L3.1-MOE-2X8B-Deepseek-DeepHermes-e32-uncensored-abliterated-13.7B,33.452572507613134,21.197829273123393,26.057401812688823,8.501118568232664,7.458072916666668,21.025413711583923
DavidAU/Qwen2.5-MOE-2X1.5B-DeepSeek-Uncensored-Censored-4B,17.832905579418167,3.023581212338263,2.492447129909366,1.230425055928408,4.565625000000001,1.5772754137115832
DavidAU/Qwen2.5-MOE-2X7B-DeepSeek-Abliterated-Censored-19B,28.351773294857644,10.870199077362608,24.169184290030213,2.0134228187919474,5.653906249999999,7.0718823877068555
DavidAU/Qwen2.5-MOE-6x1.5B-DeepSeek-Reasoning-e32,21.067766858601843,6.218964782807416,6.646525679758309,0.0,3.2226562499999996,1.3556442080378246
Davidsv/SUONG-1,24.97207409673001,1.8272424825748752,0.0,0.0,4.185416666666667,0.9493203309692664
DavieLion/Llama-3.2-1B-SPIN-iter0,15.067687070306786,2.1008283750749497,0.0,0.4474272930648763,2.7343749999999996,1.392582742316784
DavieLion/Llama-3.2-1B-SPIN-iter1,15.754642127333252,2.433772217660189,0.2265861027190332,0.1118568232662209,2.675520833333333,1.309471040189124
DavieLion/Llama-3.2-1B-SPIN-iter2,13.761264555822994,3.1573429783229785,0.5287009063444108,0.5592841163310973,2.512760416666666,1.4295212765957446
DavieLion/Llama-3.2-1B-SPIN-iter3,13.35910938531984,3.1395015434855087,0.6797583081570997,0.4474272930648763,2.512760416666666,1.4202866430260035
DavieLion/Lllma-3.2-1B,16.01439735457475,2.4381228956228953,0.6797583081570997,0.0,3.0598958333333326,1.4018173758865236
DebateLabKIT/Llama-3.1-Argunaut-1-8B-SFT,55.1921124837653,27.187826826803345,14.501510574018129,4.4742729306487705,15.854427083333333,27.47118794326241
Deci/DeciLM-7B,28.129474239462404,21.252729791067395,2.8700906344410875,6.040268456375841,13.0484375,18.799867021276594
Deci/DeciLM-7B-instruct,48.802399854608,23.887149044184596,3.0211480362537766,5.257270693512303,5.985416666666667,17.86716903073286
DeepAutoAI/Explore_Llama-3.1-8B-Inst,77.94828831943687,30.393262902042363,20.090634441087612,4.4742729306487705,9.63645833333333,31.017287234042552
DeepAutoAI/Explore_Llama-3.2-1B-Inst,56.48856146136695,8.292273657131942,7.477341389728097,0.7829977628635317,1.359635416666667,8.983451536643026
DeepAutoAI/Explore_Llama-3.2-1B-Inst_v0,55.97148898256626,7.042771972349901,5.966767371601208,1.789709172259505,0.4557291666666662,8.928043735224584
DeepAutoAI/Explore_Llama-3.2-1B-Inst_v1,49.98891829235318,4.257780193079653,3.096676737160121,0.0,5.1950520833333345,2.990174349881796
DeepAutoAI/Explore_Llama-3.2-1B-Inst_v1.1,58.44193406827218,8.818154144791238,7.175226586102719,1.6778523489932915,0.6635416666666667,9.094267139479904
DeepAutoAI/causal_gpt2,18.12767900282362,2.6333438399574587,0.5287009063444109,1.342281879194629,12.103125,1.457225177304964
DeepAutoAI/d2nwg_Llama-3.1-8B-Instruct-v0.0,78.92746800711004,30.51007603826353,18.051359516616312,5.592841163310966,10.983593749999995,31.96845449172577
DeepAutoAI/d2nwg_causal_gpt2,19.161823960425007,2.850573557678692,0.4531722054380665,1.0067114093959737,12.681510416666669,1.6788563829787229
DeepAutoAI/d2nwg_causal_gpt2_v1,19.886235189297732,2.3872783507070148,0.3776435045317221,1.1185682326621946,13.244270833333331,1.5033983451536632
DeepAutoAI/ldm_soup_Llama-3.1-8B-Inst,80.32631196336831,31.101628224178786,18.882175226586103,5.257270693512303,11.51692708333333,32.070035460992905
DeepAutoAI/ldm_soup_Llama-3.1-8B-Instruct-v0.0,78.89499860370483,31.162649496607862,19.18429003021148,5.480984340044745,11.51692708333333,32.171616430260045
DeepAutoAI/ldm_soup_Llama-3.1-8B-Instruct-v0.1,78.89499860370483,31.162649496607862,19.18429003021148,5.480984340044745,11.51692708333333,32.171616430260045
DeepMount00/Lexora-Lite-3B,57.759965779686794,28.43627869001684,23.036253776435046,3.243847874720355,7.942187500000003,28.911790780141843
DeepMount00/Lexora-Lite-3B_v2,49.43184084894746,27.16845176322372,22.80966767371601,2.796420581655479,5.669531250000002,28.26536643026005
DeepMount00/Lexora-Medium-7B,41.03379034295669,32.6953311808552,22.20543806646526,7.38255033557047,14.76015625,36.9459219858156
DeepMount00/Llama-3-8b-Ita,75.3029738870641,28.077745566893725,6.646525679758309,7.38255033557047,11.6796875,31.691415484633573
DeepMount00/Llama-3.1-8b-ITA,79.16727616058725,30.933181176860177,10.876132930513595,5.033557046979867,11.399218749999998,31.959219858156025
DeepMount00/Llama-3.1-8b-Ita,53.64843060856306,31.333639113507697,17.069486404833835,7.494407158836691,15.156510416666665,32.89191784869976
DeepMount00/Llama-3.1-Distilled,78.43787816327344,30.84142128641545,20.31722054380665,7.158836689038028,10.126562499999997,30.906471631205672
DeepMount00/Qwen2-1.5B-Ita,51.734952149186384,15.42299613137108,11.404833836858003,1.6778523489932915,1.0635416666666688,19.686391843971627
DeepMount00/Qwen2-1.5B-Ita_v2,49.99889182923532,15.106125348603843,9.667673716012084,1.230425055928408,3.840104166666667,22.57683215130024
DeepMount00/Qwen2-1.5B-Ita_v3,48.90479483326463,15.22652186012814,10.42296072507553,0.4474272930648763,4.269531250000001,22.419843380614655
DeepMount00/Qwen2-1.5B-Ita_v5,49.87400098405564,16.487037607634196,11.782477341389727,0.5592841163310973,1.847916666666667,21.588726359338057
DeepMount00/Qwen2-1.5B-Ita_v6,29.990425404593147,19.093803548070223,8.459214501510575,4.36241610738255,4.765625000000001,20.794547872340427
DeepMount00/Qwen2.5-7B-Instruct-MathCoder,15.302508455342934,2.636670587150039,0.0755287009063444,1.6778523489932915,5.379427083333334,1.309471040189124
DeepMount00/mergekit-ties-okvgjfz,15.302508455342934,2.636670587150039,0.0755287009063444,1.6778523489932915,5.379427083333334,1.309471040189124
Delta-Vector/Baldur-8B,47.818233398493774,32.54183409581636,14.350453172205436,6.935123042505594,14.011197916666664,29.493572695035457
Delta-Vector/Control-8B,54.89733906035985,29.15507782169402,13.897280966767372,8.83668903803132,13.209374999999994,30.352393617021285
Delta-Vector/Control-8B-V1.1,56.96562897556262,28.725850265520112,12.764350453172204,7.606263982102905,11.2328125,30.500147754137117
Delta-Vector/Darkens-8B,25.476624245889795,32.88379503743108,5.8912386706948645,9.955257270693512,9.019010416666667,30.398566784869978
Delta-Vector/Henbane-7b-attempt2,41.57335868828043,30.865849451121655,22.734138972809667,5.369127516778524,8.701302083333335,33.63992316784869
Delta-Vector/Odin-9B,36.91970637907419,34.83242280758616,14.501510574018129,12.192393736017896,17.56432291666666,33.85231973995272
Delta-Vector/Tor-8B,23.815476269631244,31.73822449849867,5.8912386706948645,9.843400447427292,8.819010416666666,30.33392434988179
DevQuasar/DevQuasar-R1-Uncensored-Llama-8B,38.48843291355825,30.22023823479265,33.081570996978854,12.975391498881436,14.779947916666664,29.050310283687946
Dongwei/DeepSeek-R1-Distill-Qwen-7B-GRPO,40.3768667136531,7.882702983365756,19.561933534743204,3.9149888143176734,3.5518229166666675,14.690455082742314
DoppelReflEx/L3-8B-R1-WolfCore,37.75404814780339,33.760104762918594,16.314199395770395,10.514541387024613,12.358333333333327,30.18617021276595
DoppelReflEx/L3-8B-R1-WolfCore-V1.5-test,39.55006050612376,33.45949833611522,12.31117824773414,10.17897091722595,8.375781250000001,30.306220449172574
DoppelReflEx/L3-8B-WolfCore,40.219506465068235,31.290072076092343,9.818731117824774,7.941834451901568,7.693489583333334,30.056885342789595
DoppelReflEx/MN-12B-FoxFrame-test,42.22030878070187,34.55981394889724,13.972809667673715,7.718120805369126,13.042447916666667,27.812869385342783
DoppelReflEx/MN-12B-FoxFrame2-test,43.18951493149288,34.99669953906846,14.04833836858006,8.612975391498878,12.448437499999995,28.54240543735224
DoppelReflEx/MN-12B-FoxFrame3-test,43.23195787178021,34.041185744792614,13.217522658610273,6.823266219239373,18.270052083333333,28.09914302600473
DoppelReflEx/MN-12B-Kakigori,35.932991130201195,34.3313471973429,11.933534743202417,9.955257270693512,9.35234375,28.680924940898343
DoppelReflEx/MN-12B-LilithFrame,45.095457829669726,27.492064455270775,11.555891238670696,9.284116331096197,9.428645833333327,25.070183215130022
DoppelReflEx/MN-12B-LilithFrame-Experiment-2,42.99469851106176,28.11118297022868,10.725075528700906,10.067114093959727,8.822656249999996,25.29181442080378
DoppelReflEx/MN-12B-LilithFrame-Experiment-3,41.27858526487498,34.998286324114495,13.444108761329304,10.402684563758392,9.781770833333336,28.93026004728133
DoppelReflEx/MN-12B-LilithFrame-Experiment-4,39.81480250180631,35.77765007970374,12.235649546827794,8.948545861297541,14.966145833333334,29.428930260047277
DoppelReflEx/MN-12B-Mimicore-GreenSnake,47.8007243004118,35.390600609410264,13.897280966767372,9.955257270693512,13.589583333333332,29.4566341607565
DoppelReflEx/MN-12B-Mimicore-Nocturne,39.56502081144696,38.39866772323549,10.574018126888216,9.284116331096197,17.31328125,29.26270685579196
DoppelReflEx/MN-12B-Mimicore-Orochi,46.20451513096362,35.28322975535459,13.595166163141997,8.389261744966444,17.256249999999998,27.184914302600472
DoppelReflEx/MN-12B-Mimicore-Orochi-v2-Experiment,28.424136845791388,32.77471060618407,6.117824773413897,6.375838926174497,18.205208333333335,26.926344562647753
DoppelReflEx/MN-12B-Mimicore-Orochi-v3-Experiment,41.016281244874705,34.569479663100296,12.16012084592145,5.7046979865771785,15.773958333333336,26.621601654846337
DoppelReflEx/MN-12B-Mimicore-Orochi-v4-Experiment,43.20702402957486,35.29906847464648,12.084592145015106,7.38255033557047,15.483854166666667,27.997562056737586
DoppelReflEx/MN-12B-Mimicore-WhiteSnake,44.376033369238066,36.89971047715762,13.141993957703926,9.060402684563762,17.34270833333333,29.53051122931442
DoppelReflEx/MN-12B-Mimicore-WhiteSnake-v2-Experiment-1,39.090391272933594,27.07796440244996,7.854984894259818,7.38255033557047,8.303124999999996,23.49106087470449
DoppelReflEx/MN-12B-Mimicore-WhiteSnake-v2-Experiment-2,31.239333856389933,30.66571959351228,11.253776435045316,6.152125279642054,11.51692708333333,25.70737293144208
DoppelReflEx/MN-12B-Mimicore-WhiteSnake-v2-Experiment-3,43.02218114602588,26.321395450260827,8.987915407854985,6.935123042505594,7.918749999999996,24.423758865248228
DoppelReflEx/MN-12B-Mimicore-WhiteSnake-v2-Experiment-4,42.40515166425085,31.42294702518673,11.404833836858003,8.05369127516779,11.458072916666666,26.021350472813243
DoppelReflEx/MN-12B-Unleashed-Twilight,35.05121965274361,35.97610662338389,9.59214501510574,10.514541387024613,14.499479166666667,29.752142434988176
DoppelReflEx/MN-12B-WolFrame,43.97387819873491,29.991929835267143,13.141993957703926,8.05369127516779,10.716927083333331,26.593897754137114
DoppelReflEx/MiniusLight-24B,25.766410900854176,46.002968874248914,12.613293051359516,14.429530201342288,12.989583333333329,45.46025413711584
DoppelReflEx/MiniusLight-24B-test,3.9367766415333536,46.95696642451458,2.56797583081571,15.771812080536916,9.32291666666667,46.466829196217496
DoppelReflEx/MiniusLight-24B-v1b-test,37.911408396388246,50.63814760323434,23.94259818731118,17.225950782997764,16.032812500000002,48.49844858156028
DoppelReflEx/MiniusLight-24B-v1c-test,37.85888110214232,52.84065809537824,29.68277945619335,19.35123042505593,16.860416666666666,49.85593971631205
DoppelReflEx/MiniusLight-24B-v1d-test,40.324339419407174,52.35844104160633,29.45619335347432,19.35123042505593,16.727083333333333,49.87440898345154
DreadPoor/Again-8B-Model_Stock,67.2421397447661,33.259461226875196,12.009063444108762,6.823266219239373,8.701302083333335,27.979092789598106
DreadPoor/Alita99-8B-LINEAR,71.90077882241341,35.00891825379863,16.46525679758308,8.83668903803132,12.930729166666667,31.21121453900709
DreadPoor/AnotherTest,47.00638749628763,25.197137506034824,6.193353474320242,6.375838926174497,11.42682291666666,20.831486406619387
DreadPoor/Aspire-8B-model_stock,71.40620221013577,32.534270073092834,14.954682779456194,8.612975391498878,13.456249999999995,30.703309692671393
DreadPoor/Aspire_1.3-8B_model-stock,70.61685217445267,32.66185070730422,16.91842900302115,7.718120805369126,12.240624999999996,30.17693557919622
DreadPoor/Aspire_V2-8B-Model_Stock,73.71430027881576,33.327406017534244,17.598187311178247,9.395973154362418,10.138541666666663,29.964539007092196
DreadPoor/Aspire_V2.1-8B-Model_Stock,72.37540836092678,32.18794456865431,17.673716012084594,7.941834451901568,11.13255208333333,31.11886820330969
DreadPoor/Aspire_V2_ALT-8B-Model_Stock,73.81170848903133,32.44516856104618,17.29607250755287,9.955257270693512,10.554166666666664,30.296985815602827
DreadPoor/Aspire_V2_ALT_ROW-8B-Model_Stock,73.81170848903133,32.44516856104618,17.29607250755287,9.955257270693512,10.554166666666664,30.296985815602827
DreadPoor/Aspire_V3-8B-Model_Stock,51.18795905973927,32.68368177507647,18.580060422960727,7.38255033557047,11.620833333333332,29.35505319148935
DreadPoor/Aspire_V4-8B-Model_Stock,76.9416259967996,33.20598944793845,19.259818731117825,7.270693512304249,9.442447916666662,30.093823877068555
DreadPoor/Aspire_V4_ALT-8B-Model_Stock,73.65933500888754,32.63543581177509,18.12688821752266,9.395973154362418,10.405208333333327,29.79831560283688
DreadPoor/Asymmetric_Linearity-8B-Model_Stock,71.74341857382856,35.4412470409656,16.46525679758308,8.612975391498878,12.226822916666665,31.599069148936167
DreadPoor/Aurora_faustus-8B-LINEAR,72.81003293483514,36.26348248348271,17.069486404833835,7.606263982102905,12.389583333333327,31.580599881796683
DreadPoor/Aurora_faustus-8B-LORABLATED,75.27050448365891,34.19993531370101,14.879154078549847,6.935123042505594,13.781770833333333,29.696734633569736
DreadPoor/Aurora_faustus-8B-LORABLATED_ALT,73.77923908562614,34.21152011815682,15.861027190332328,6.487695749440718,13.781770833333333,29.93683510638298
DreadPoor/Autumn_Dawn-8B-LINEAR,72.92993701157374,35.845555124121006,18.580060422960727,5.8165548098433995,11.485677083333329,32.97502955082743
DreadPoor/BaeZel-8B-LINEAR,73.77923908562614,35.53537606986396,18.12688821752266,9.50782997762864,13.338541666666666,31.792996453900702
DreadPoor/BaeZel-8B-Model_Stock,77.13145564878965,34.643632940053415,16.389728096676738,8.501118568232664,11.456249999999995,32.00539302600473
DreadPoor/BaeZel_V2-8B-Model_Stock,76.76675665013276,34.4487493680143,17.97583081570997,6.599552572706939,11.58958333333333,32.74416371158392
DreadPoor/BaeZel_V2_ALT-8B-Model_Stock,76.76675665013276,34.4487493680143,17.97583081570997,6.599552572706939,11.58958333333333,32.74416371158392
DreadPoor/BaeZel_V3-8B-Model_Stock,78.31797408653483,34.408658796480346,18.95770392749245,9.395973154362418,11.146354166666663,32.08850472813239
DreadPoor/Blunt_Edge-8B-SLERP,74.96575752337131,34.14138253488904,18.580060422960727,8.165548098434002,11.471874999999995,30.740248226950357
DreadPoor/BulkUp,17.7804891022487,1.6612873090290492,0.0,0.0,2.0833333333333326,1.2171247044917255
DreadPoor/Cadence-8B-LINEAR,76.82172192006098,34.914380348862515,16.76737160120846,7.046979865771815,10.76796875,31.146572104018905
DreadPoor/Caelid-8B-Model_Stock,72.47281657114235,35.23706805025389,15.105740181268882,8.05369127516779,8.213020833333335,31.29432624113476
DreadPoor/Casuar-9B-Model_Stock,77.64852812759035,43.92726768312374,21.299093655589125,12.639821029082771,11.201041666666669,35.07129137115839
DreadPoor/Condensed_Milk-8B-Model_Stock,75.3629259254334,35.12062025244797,17.447129909365557,9.50782997762864,11.10130208333333,31.959219858156025
DreadPoor/CoolerCoder-8B-LINEAR,45.19286603988529,26.365382993393997,7.930513595166164,5.369127516778524,7.777604166666667,23.98973108747045
DreadPoor/Damasteel-8B-LINEAR,73.84417789243652,34.10613777622061,16.691842900302113,6.487695749440718,11.856249999999998,30.87876773049646
DreadPoor/Dearly_Beloved-8B-TIES,82.66687943545348,16.671812993247975,21.148036253776432,6.487695749440718,10.450260416666666,20.295877659574465
DreadPoor/Decayed-8B-LINEAR,76.76176988169169,34.490500759556504,17.14501510574018,7.941834451901568,11.226822916666665,30.703309692671393
DreadPoor/Derivative-8B-Model_Stock,76.67433520835827,34.248821021284016,17.900302114803626,8.948545861297541,11.605208333333328,31.229683806146568
DreadPoor/Derivative_V2-8B-Model_Stock,75.36791269387447,34.49028104908971,17.97583081570997,7.606263982102905,10.503124999999995,31.73758865248227
DreadPoor/Derivative_V2_ALT-8B-Model_Stock,77.19639445560003,34.09335381950132,18.806646525679756,8.165548098434002,10.78359375,32.023862293144205
DreadPoor/Derivative_V3-8B-Model_Stock,69.63767248677954,32.42070195179438,14.652567975830816,5.92841163310962,11.140364583333332,27.803634751773053
DreadPoor/Elusive_Dragon_Heart-8B-LINEAR,71.31378076836128,35.31017141761393,14.803625377643504,7.494407158836691,11.752343749999996,31.26662234042553
DreadPoor/Emu_Eggs-9B-Model_Stock,76.06982805622415,42.783674159620205,20.996978851963743,11.0738255033557,9.318750000000003,35.85623522458629
DreadPoor/Eunoia_Vespera-8B-LINEAR,72.35291249440374,34.21610348917685,15.40785498489426,7.606263982102905,12.611197916666663,31.543661347517727
DreadPoor/Fu_sion_HA-8B-SLERP,76.0923239227472,34.05290214273217,17.522658610271904,9.731543624161072,10.967968749999995,31.38667257683215
DreadPoor/HOT_STINKING_GARBAGE,57.54265349273261,27.851418136508787,6.722054380664652,3.355704697986576,11.625000000000004,22.410608747044915
DreadPoor/H_the_eighth-8B-LINEAR,74.69347996648892,34.15424498998624,17.749244712990937,10.402684563758392,12.76015625,31.37743794326241
DreadPoor/Happy_New_Year-8B-Model_Stock,76.15726272955757,34.00006494069371,15.93655589123867,8.501118568232664,11.752343749999996,31.98692375886525
DreadPoor/Heart_Stolen-8B-Model_Stock,72.44533393617823,34.44482164620488,17.220543806646525,8.948545861297541,12.361979166666666,31.044991134751776
DreadPoor/Heart_Stolen-ALT-8B-Model_Stock,71.83584001560305,32.354424456472486,15.634441087613292,6.823266219239373,9.754166666666665,30.80489066193854
DreadPoor/Here_We_Go_Again-8B-SLERP,74.42120240960651,35.53148620432186,17.29607250755287,9.172259507829976,12.434635416666666,31.922281323877066
DreadPoor/Howdy-8B-LINEAR,73.77923908562614,34.22706196535763,17.749244712990937,8.612975391498878,12.316927083333333,31.183510638297868
DreadPoor/Incidental-8B-Model_Stock,74.81837081166859,35.15766080254052,16.1631419939577,7.046979865771815,12.301302083333333,31.922281323877066
DreadPoor/Irina-8B-model_stock,67.99403360860295,32.08833034979686,10.196374622356496,4.5861297539149914,8.636458333333332,28.59781323877068
DreadPoor/Kindling-8B-Model_Stock,73.08231049171752,35.77883534009465,17.522658610271904,9.060402684563762,11.087499999999997,31.44208037825059
DreadPoor/L3.1-BaeZel-8B-Della,51.802439748755525,35.15745504522053,17.447129909365557,9.284116331096197,11.597395833333332,32.245493498817964
DreadPoor/Laughing_Stock-8B-Model_Stock,71.89579205397234,34.93824337423678,15.78549848942598,5.257270693512303,10.68567708333333,30.71254432624113
DreadPoor/Lava_Lamp-8B-SLERP,73.81170848903133,33.802734199229576,17.371601208459214,7.38255033557047,12.00520833333333,30.555555555555557
DreadPoor/LemonP-8B-Model_Stock,76.76176988169169,35.371476735853804,17.673716012084594,7.046979865771815,10.079687499999997,33.38135342789598
DreadPoor/Lydia_of_Whiterun-8B-LINEAR,76.03237188437791,33.86908733681889,17.673716012084594,8.83668903803132,13.099479166666663,31.11886820330969
DreadPoor/Matryoshka-8B-LINEAR,72.62519005128615,35.110911704209016,17.522658610271904,9.395973154362418,12.45625,31.839169621749413
DreadPoor/Mercury_In_Retrograde-8b-Model-Stock,72.96240641497891,34.38486477258895,16.46525679758308,8.83668903803132,11.485677083333329,31.432845744680847
DreadPoor/Minthy-8B-Model_Stock,76.57692699814271,34.170029690638636,19.18429003021148,7.158836689038028,9.975781249999995,33.25206855791962
DreadPoor/Minthy_ALT-8B-Model_Stock,69.91992358054407,34.16825686462601,17.598187311178247,7.494407158836691,11.648437499999998,29.70596926713948
DreadPoor/Minthy_V2-8B-Model_Stock,71.25881549843305,35.82274773153525,15.93655589123867,5.92841163310962,11.219010416666665,30.40780141843972
DreadPoor/Minus_Penus-8B-Model_Stock,73.11477989512272,33.57084078325773,20.01510574018127,7.941834451901568,9.638281249999997,30.57402482269504
DreadPoor/Morphing-8B-Model_Stock,74.45367181301171,34.452420920507734,18.882175226586103,5.8165548098433995,10.391406249999998,31.691415484633573
DreadPoor/Not_Even_My_Final_Form-8B-Model_Stock,77.21889032212307,33.71901446820086,17.598187311178247,6.040268456375841,10.70911458333333,31.55289598108747
DreadPoor/Nother_One-8B-Model_Stock,68.63101016414225,31.92112823138842,15.181268882175228,5.257270693512303,6.6442708333333345,28.82867907801418
DreadPoor/Noxis-8B-LINEAR,69.13057354486097,34.8222565522494,19.788519637462233,9.172259507829976,13.252083333333331,29.558215130023648
DreadPoor/Nullsworn-12B-LINEAR,44.35608629547379,35.51240857664764,11.253776435045316,7.718120805369126,14.436458333333327,29.39199172576831
DreadPoor/Nwah-8B-Model_Stock,77.15893828375377,34.11306781436337,17.97583081570997,8.05369127516779,9.82682291666667,31.19274527186761
DreadPoor/ONeil-model_stock-8B,67.85662043378235,36.4126125295027,10.120845921450153,7.38255033557047,10.967968749999995,28.874852245862886
DreadPoor/Oh_Boy-8B-LINEAR,75.0306963301817,34.14329045372282,17.82477341389728,7.718120805369126,11.679687499999998,31.654476950354617
DreadPoor/OrangeJ-8B-Model_Stock,78.41039552830932,35.15080738484264,17.598187311178247,6.823266219239373,10.346354166666664,32.98426418439716
DreadPoor/Promissum_Mane-8B-LINEAR,71.50361042035134,35.253190231117536,15.55891238670695,7.270693512304249,13.338541666666666,31.672946217494097
DreadPoor/Promissum_Mane-8B-LINEAR-lorablated,71.56356245872064,34.60910725048443,15.332326283987916,7.158836689038028,13.840624999999998,30.43550531914893
DreadPoor/RPMash-8B-Model_Stock,45.635026174993456,31.112591631105516,10.80060422960725,4.921700223713646,8.805208333333335,28.93026004728133
DreadPoor/RPMash_V3-8B-Model_Stock,70.491961329273,31.99104716376097,10.42296072507553,6.711409395973152,6.052083333333336,29.0410756501182
DreadPoor/Rusted_Gold-8B-LINEAR,72.96240641497891,34.12086145705898,19.335347432024168,6.487695749440718,12.11875,30.888002364066192
DreadPoor/Rusted_Platinum-8B-LINEAR,71.7983838437568,34.78573450204923,17.220543806646525,4.026845637583895,8.816666666666663,30.33392434988179
DreadPoor/Rusted_Platinum-8B-Model_Stock,44.078821970150315,32.36931288487491,10.196374622356496,2.460850111856823,4.424479166666667,28.29307033096927
DreadPoor/Sellen-8B-model_stock,71.1289378848123,31.3609793143707,13.36858006042296,3.243847874720355,10.671874999999996,28.551640070921984
DreadPoor/Something-8B-Model_Stock,50.43107842746136,34.539896807500135,17.97583081570997,8.948545861297541,11.642447916666669,32.06080082742317
DreadPoor/Spring_Dusk-8B-SCE,65.14636719459922,37.76481840522523,7.628398791540786,5.033557046979867,17.33072916666666,27.06486406619385
DreadPoor/Summer_Dawn-8B-SCE,66.42032030567782,34.62851818112923,17.220543806646525,6.711409395973152,10.671874999999996,30.592494089834517
DreadPoor/Summer_Dusk-8B-TIES,49.22206412319312,33.83081371910365,18.051359516616312,7.606263982102905,13.76796875,31.728354018912537
DreadPoor/Summer_Rain-8B-SCE,54.59259210007225,40.61854240395792,7.02416918429003,7.158836689038028,15.366145833333333,28.33924349881796
DreadPoor/Summer_Rain-8B-TIES,54.44021861992846,40.61854240395792,7.02416918429003,7.158836689038028,15.366145833333333,28.33924349881796
DreadPoor/Sun-8B-Model_Stock,77.58358932077998,32.954595045665,20.996978851963743,6.599552572706939,10.852083333333333,31.49748817966903
DreadPoor/Sweetened_Condensed_Milk-8B-Model_Stock,74.17142071924715,34.670888066076664,18.731117824773413,7.046979865771815,11.10130208333333,31.645242316784863
DreadPoor/TEST02-Ignore,61.18964347930159,37.13218783602701,8.685800604229607,4.5861297539149914,10.848437500000005,27.425014775413715
DreadPoor/TEST03-ignore,69.67014189018471,34.38735467240193,16.540785498489427,7.829977628635347,11.226822916666665,30.989583333333336
DreadPoor/TEST06-ignore,73.22969720342026,35.92411184894727,11.782477341389727,4.921700223713646,11.411197916666667,29.05954491725768
DreadPoor/TEST07-ignore,73.99655137258031,36.88142926288663,16.61631419939577,7.829977628635347,9.671875000000004,31.99615839243498
DreadPoor/TEST08-ignore,74.66599733152479,35.35061865878467,18.202416918429005,8.389261744966444,9.679687499999998,31.700650118203303
DreadPoor/Trinas_Nectar-8B-model_stock,72.59272064788095,31.97509368554489,15.256797583081571,4.809843400447425,11.413020833333327,29.08724881796691
DreadPoor/UNTESTED-VENN_1.2-8B-Model_Stock,47.17627007451341,35.427098756489926,15.40785498489426,8.7248322147651,15.15052083333333,30.961879432624112
DreadPoor/VENN_1.2-8B-Model_Stock,72.26049105262925,35.12536864211717,17.069486404833835,6.263982102908276,12.167968749999998,30.232343380614655
DreadPoor/WIP-Acacia-8B-Model_Stock,62.46359659038019,31.162352922428383,16.691842900302113,7.494407158836691,12.122916666666663,30.40780141843972
DreadPoor/WIP_Damascus-8B-TIES,47.76326812856554,34.52230581565854,16.540785498489427,7.606263982102905,12.715104166666665,30.67560579196217
DreadPoor/Wannabe-8B-Model_Stock,72.04816553411615,34.278852846231906,17.749244712990937,6.823266219239373,12.316927083333333,31.451315011820324
DreadPoor/What_A_Thrill-8B-Model_Stock,70.64433480941679,32.94877726470522,18.202416918429005,6.263982102908276,10.938541666666664,29.05954491725768
DreadPoor/Winter-8B-SCE,75.3629259254334,32.53825480363242,19.18429003021148,6.599552572706939,10.118749999999997,31.543661347517727
DreadPoor/Winter_Dawn-8B-TIES,54.96482665992899,33.71410059102799,18.580060422960727,7.941834451901568,13.2484375,32.337839834515364
DreadPoor/Winter_Dusk-8B-TIES,71.52610628687438,28.227815382165357,7.175226586102719,6.599552572706939,3.6028645833333335,27.53583037825059
DreadPoor/Winter_Night-8B-Model_Stock,70.40452665593958,31.604274148057367,14.577039274924472,7.494407158836691,9.595052083333334,29.622857565011817
DreadPoor/Yafune-8B-Model_Stock,75.33045652202821,35.2912300982616,16.61631419939577,10.290827740492167,11.426822916666664,31.672946217494097
DreadPoor/Yearn_V3-8B-Model_Stock,72.89746760816854,33.41239643429133,18.95770392749245,7.38255033557047,9.961979166666664,31.128102836879428
DreadPoor/ZEUS-8B-V17-Abliterated_ALT,55.11221337163172,32.2576119397764,19.033232628398792,7.718120805369126,11.265885416666665,32.116208628841605
DreadPoor/Zelus-8B-Model_Stock,77.8833495126265,33.05816146454601,16.46525679758308,7.494407158836691,11.975781249999995,31.57136524822695
DreadPoor/Zelus_V2-8B-Model_Stock,78.98243327703825,33.66407644966964,20.54380664652568,7.941834451901568,8.375781250000001,31.47901891252955
DreadPoor/felix_dies-mistral-7B-model_stock,30.07786007792657,28.890798050964488,5.362537764350453,5.592841163310966,15.477864583333336,23.43565307328605
DreadPoor/hakuchido-8B-MODEL_STOCK,73.75175645066203,34.575610505807134,19.486404833836858,6.040268456375841,11.316927083333333,30.906471631205672
DreadPoor/ichor-8B-Model_Stock,53.863194102758456,29.922368800073578,10.876132930513595,9.843400447427292,11.55234375,23.89738475177305
DreadPoor/ichor_1.1-8B-Model_Stock,80.9632885189076,32.6207492618971,17.749244712990937,7.494407158836691,9.546354166666662,31.728354018912537
DreadPoor/inexpertus-8B-Model_Stock,77.95327508787796,32.4633736795138,17.069486404833835,7.941834451901568,11.811197916666664,31.008052600472812
DreadPoor/inexpertus_1.1-8B-LINEAR,75.27050448365891,36.1991911954092,17.29607250755287,6.375838926174497,11.10130208333333,31.414376477541367
DreadPoor/inexpertus_1.2-8B-LINEAR,73.47947889377961,36.05652346278443,15.861027190332324,6.040268456375841,10.301302083333328,30.98034869976359
DreadPoor/mergekit-nuslerp-nqzkedi,77.64852812759035,34.09522783768477,18.806646525679756,6.823266219239373,11.973958333333329,32.430186170212764
DreadPoor/remember_to_breathe-8b-Model-Stock,71.04150321147887,34.67899076231628,14.879154078549847,6.823266219239373,11.440624999999995,30.67560579196217
DreadPoor/test,49.36945083489586,34.28751436834826,19.335347432024168,2.796420581655479,14.518749999999995,29.41046099290779
DreadPoor/test_ALT,49.9689712185889,33.986912493518574,17.069486404833835,2.572706935123044,14.303124999999996,27.692819148936167
DreadPoor/tests_pending-do_not_use_yet,76.91414336183549,34.6745089445582,19.788519637462233,6.263982102908276,8.79322916666667,31.414376477541367
ECE-ILAB-PRYMMAL/ILAB-Merging-3B-V2,40.28943204031969,36.00403694105599,15.181268882175228,7.38255033557047,13.752343749999996,31.783761820330973
EVA-UNIT-01/EVA-Qwen2.5-14B-v0.2,40.38429145777648,43.60784925797068,34.06344410876133,19.239373601789712,19.630989583333328,45.94968971631205
EVA-UNIT-01/EVA-Qwen2.5-72B-v0.2,68.78837041272712,59.0667326828602,43.126888217522655,21.140939597315437,19.730729166666663,53.47591607565011
Edgerunners/meta-llama-3-8b-instruct-hf-ortho-baukit-34fail-3000total-bf16,71.47114101694615,28.25639185977421,9.06344410876133,1.342281879194629,1.2695312499999996,29.290410756501185
EleutherAI/gpt-j-6b,25.221855787089368,4.912818068323685,1.3595166163141994,0.0,5.252083333333334,2.6761968085106376
EleutherAI/gpt-neo-1.3B,20.790502533278367,3.024569180930987,1.0574018126888218,0.7829977628635317,4.873697916666666,1.8173758865248215
EleutherAI/gpt-neo-125m,19.054442213327302,3.436738951426704,0.6042296072507553,0.4474272930648763,2.616666666666666,0.2844267139479898
EleutherAI/gpt-neo-2.7B,25.896288514474925,4.178602667081014,1.0574018126888218,2.1252796420581683,3.5205729166666675,1.8081412529550824
EleutherAI/gpt-neox-20b,25.86880587951081,4.929114201526899,1.3595166163141994,0.0,2.816666666666666,1.725029550827422
EleutherAI/pythia-1.4b,23.708094522533543,3.878989478987103,1.5105740181268883,1.5659955257270708,4.02265625,1.3648788416075646
EleutherAI/pythia-12b,24.71475684517081,4.987531038290507,1.6616314199395772,0.0,3.7872395833333345,1.2078900709219855
EleutherAI/pythia-160m,18.155161637787735,2.198832279508135,0.906344410876133,1.1185682326621946,10.675520833333332,1.3279403073286051
EleutherAI/pythia-1b,22.079415949680183,2.2939863995762866,0.906344410876133,0.8948545861297527,2.7343749999999996,1.512632978723403
EleutherAI/pythia-2.8b,21.73222604910526,5.077786161905462,1.3595166163141994,0.0,3.63828125,1.521867612293143
EleutherAI/pythia-410m,21.954525104500505,2.7154281203357473,0.9818731117824772,1.230425055928408,3.0598958333333326,1.4202866430260035
EleutherAI/pythia-6.9b,22.811362739752745,5.88163197981621,1.4350453172205435,0.2237136465324418,3.81484375,1.632683215130022
Enno-Ai/EnnoAi-Pro-French-Llama-3-8B-v0.4,41.88807918545016,16.875928374989595,3.625377643504532,2.796420581655479,10.758333333333336,18.162677304964536
Enno-Ai/EnnoAi-Pro-Llama-3-8B,31.953771548380523,17.507545086854382,2.190332326283988,1.5659955257270708,9.081510416666667,12.788120567375886
Enno-Ai/EnnoAi-Pro-Llama-3-8B-v0.3,50.82569803676467,16.668385554519382,4.833836858006042,2.0134228187919474,12.313281249999996,22.11510047281324
Enno-Ai/EnnoAi-Pro-Llama-3.1-8B-v0.9,46.891470187990095,17.49829637438283,3.776435045317221,2.1252796420581683,5.43046875,17.728649527186757
EnnoAi/EnnoAi-7B-French-Instruct-202502,55.64424615575562,36.92413092542704,37.235649546827794,6.040268456375841,18.39739583333333,33.48293439716312
EnnoAi/EnnoAi-Pro-Llama-3.1-8B-v1.0,47.04384366813389,17.49829637438283,3.776435045317221,2.1252796420581683,5.43046875,17.728649527186757
Epiculous/Azure_Dusk-v0.2,34.67156034876351,17.396414392379338,2.9456193353474323,1.45413870246085,6.365625000000002,22.604536052009458
Epiculous/Crimson_Dawn-v0.2,31.034543899076674,21.68824851395527,4.305135951661631,3.467561521252797,10.897135416666666,19.123079196217496
Epiculous/NovaSpark,64.08473960203372,29.52691068844395,15.181268882175228,6.375838926174497,6.924739583333334,29.428930260047277
Epiculous/Violet_Twilight-v0.2,45.317756885064966,23.94053725590186,2.870090634441088,2.1252796420581683,13.608854166666664,23.45412234042553
EpistemeAI/Alpaca-Llama3.1-8B,15.986914719610631,25.93522655511771,5.0604229607250755,5.369127516778524,6.599218750000001,24.959367612293143
EpistemeAI/Athena-gemma-2-2b-it,31.341728835046567,19.417817674461514,4.909365558912387,2.460850111856823,13.348177083333333,15.79861111111111
EpistemeAI/Athena-gemma-2-2b-it-Philos,46.20950189940469,13.212088152695856,3.700906344410875,4.138702460850116,12.85390625,13.86857269503546
EpistemeAI/Athene-codegemma-2-7b-it-alpaca-v1.3,40.299405577201824,20.87379456667128,6.193353474320242,4.026845637583895,14.854427083333334,17.636303191489358
EpistemeAI/DeepPhi-3.5-mini-instruct,13.259152382345508,1.667358455856632,0.6797583081570997,0.0,4.036458333333333,1.1432476359338055
EpistemeAI/DeepThinkers-Phi4,69.3978643333023,53.786668719353166,45.84592145015105,12.080536912751676,8.024479166666667,47.307180851063826
EpistemeAI/FineLlama3.1-8B-Instruct,8.000992921005155,23.506618815003453,3.474320241691843,4.026845637583895,4.954166666666666,23.472591607565015
EpistemeAI/Fireball-12B,18.335017752895652,30.666711502632054,4.078549848942599,1.5659955257270708,12.521093749999997,26.03981973995272
EpistemeAI/Fireball-12B-v1.13a-philosophers,8.755324760524298,30.336232640303574,4.607250755287009,6.823266219239373,9.975781249999995,26.29838947990544
EpistemeAI/Fireball-Alpaca-Llama-3.1-8B-Philos-DPO-200,45.77243934981405,26.377774027551386,12.31117824773414,6.711409395973152,6.907291666666666,28.69939420803782
EpistemeAI/Fireball-Alpaca-Llama3.1.07-8B-Philos-Math-KTO-beta,72.74010735958367,26.897964171299805,15.256797583081571,4.026845637583895,4.275520833333334,28.25613179669031
EpistemeAI/Fireball-Alpaca-Llama3.1.08-8B-Philos-C-R2,46.731561146646456,28.24700927539328,12.386706948640484,4.809843400447425,16.995572916666667,26.13216607565012
EpistemeAI/Fireball-Meta-Llama-3.1-8B-Instruct-0.001-128K-auto,44.31863012362753,26.832966985874886,13.293051359516618,8.277404921700223,8.730729166666668,27.95138888888889
EpistemeAI/Fireball-Meta-Llama-3.1-8B-Instruct-Agent-0.003-128K,44.57339858242795,28.02516078188715,12.084592145015106,5.92841163310962,4.895312499999999,28.25613179669031
EpistemeAI/Fireball-Meta-Llama-3.1-8B-Instruct-Agent-0.003-128K-code,59.753343351197046,28.171887782172757,13.36858006042296,6.935123042505594,8.462239583333334,26.917109929078016
EpistemeAI/Fireball-Meta-Llama-3.1-8B-Instruct-Agent-0.003-128K-code-ds,66.9099101495144,24.46265416899608,13.36858006042296,3.0201342281879207,4.555989583333334,26.547724586288417
EpistemeAI/Fireball-Meta-Llama-3.1-8B-Instruct-Agent-0.003-128K-code-ds-auto,73.04984108831235,24.58673708035273,13.972809667673715,2.1252796420581683,1.2106770833333331,27.554299645390067
EpistemeAI/Fireball-Meta-Llama-3.1-8B-Instruct-Agent-0.004-128K-code-COT,45.78241288669619,25.82086537586569,13.821752265861026,5.8165548098433995,6.450260416666667,27.452718676122934
EpistemeAI/Fireball-Meta-Llama-3.1-8B-Instruct-Agent-0.004-128K-code-ds-auto,72.04816553411615,26.45205960447092,14.350453172205436,0.0,2.0833333333333326,28.311539598108748
EpistemeAI/Fireball-Meta-Llama-3.1-8B-Instruct-Math,46.22955979024543,28.95934409387967,10.80060422960725,5.480984340044745,5.97578125,25.901300236406616
EpistemeAI/Fireball-Meta-Llama-3.2-8B-Instruct-agent-003-128k-code-DPO,46.109655713506825,26.317877757648738,12.537764350453172,6.711409395973152,8.077864583333334,28.00679669030733
EpistemeAI/Fireball-Mistral-Nemo-Base-2407-v1-DPO2,18.607295309778056,28.567824892702276,3.625377643504532,5.592841163310966,9.501302083333336,26.14140070921986
EpistemeAI/Fireball-R1-Llama-3.1-8B,44.27363839058143,10.273656027098816,31.1178247734139,0.0,1.432291666666666,1.2817671394799046
EpistemeAI/Fireball-R1-Llama-3.1-8B-Medical-COT,32.16111029845255,12.153438929855737,32.703927492447136,3.243847874720355,2.187239583333333,4.467715721040189
EpistemeAI/Fireball-R1.1-Llama-3.1-8B,36.76234613048933,6.28685605104149,13.821752265861026,0.2237136465324418,2.408854166666666,1.2817671394799046
EpistemeAI/Llama-3.2-3B-Agent007-Coder,53.99562050913798,19.02580948500905,11.10271903323263,1.0067114093959737,7.783593750000001,20.572916666666664
EpistemeAI/Mistral-Nemo-Instruct-12B-Philosophy-Math,6.946790072563022,33.835810999564586,9.59214501510574,10.850111856823268,12.885677083333327,25.513445626477537
EpistemeAI/OpenReasoner-Llama-3.2-3B-rs1.0,72.74010735958367,22.80780815942809,13.444108761329304,2.9082774049216997,2.024479166666666,23.712692080378247
EpistemeAI/Polypsyche-Llama-3.1-8B-Instruct-Agent-0.003-128K-code-ds-auto-Empathy,71.0090338080737,24.419414132832703,13.972809667673715,3.5794183445190177,1.2695312499999996,25.67966903073286
EpistemeAI/Polypsyche-Llama-3.1-8B-Instruct-Agent-0.003-128K-code-ds-auto-Logic,71.22135932658679,23.576450573055748,12.462235649546828,4.5861297539149914,1.2695312499999996,26.11369680851064
EpistemeAI/Polypsyche-Llama-3.1-8B-Instruct-Agent-0.003-128K-code-ds-auto-divergent,69.15306941138402,22.89036811976203,12.915407854984895,2.2371364653243813,5.518750000000002,25.44880319148936
EpistemeAI/Reasoning-Llama-3.1-CoT-RE1-NMT,48.285327375807306,25.544054444754476,12.990936555891238,1.45413870246085,0.9440104166666662,26.03058510638298
EpistemeAI/Reasoning-Llama-3.1-CoT-RE1-NMT-V2-ORPO,45.53263119633683,25.89560083857891,12.915407854984895,7.606263982102905,7.173958333333332,28.865617612293136
EpistemeAI/Reasoning-Llama-3.2-1B-Instruct-v1.2,40.871443325930755,6.5772148357059725,5.0604229607250755,1.45413870246085,1.1067708333333328,1.983599290780142
EpistemeAI/Reasoning-Llama-3.2-1B-Instruct-v1.3,32.72816127874041,6.111150533529301,5.0604229607250755,1.1185682326621946,2.0833333333333326,1.9189568557919616
EpistemeAI/Reasoning-Llama-3.2-3B-Math-Instruct-RE1,51.19538380386264,20.728881523559497,10.80060422960725,1.9015659955257265,2.1734375000000004,19.880319148936167
EpistemeAI/Reasoning-Llama-3.2-3B-Math-Instruct-RE1-ORPO,72.89746760816854,23.004650311661734,15.332326283987916,3.1319910514541416,2.8833333333333333,23.33407210401891
EpistemeAI/ReasoningCore-1.0-3B-Instruct-r01-Reflect-Math,59.02893212232432,19.821269315746473,14.803625377643504,1.342281879194629,1.5950520833333328,20.258939125295505
EpistemeAI/ReasoningCore-3B-0,73.41454008696924,22.166822802153792,15.861027190332324,3.0201342281879207,2.5578125000000003,24.137485224586285
EpistemeAI/ReasoningCore-3B-Instruct-r01-Reflect,73.34960128015888,22.265678862081568,15.40785498489426,3.1319910514541416,3.091145833333334,23.823507683215126
EpistemeAI/ReasoningCore-3B-R01,29.76059078799807,20.62436739279366,12.990936555891238,1.45413870246085,1.698958333333333,17.682476359338057
EpistemeAI/ReasoningCore-3B-RE1-V2,73.93161256576994,22.472883801695517,15.634441087613292,3.1319910514541416,2.024479166666666,24.229831560283685
EpistemeAI/ReasoningCore-3B-RE1-V2A,57.32534120577844,18.05942921696145,9.290030211480364,3.691275167785232,2.7343749999999996,19.289302600472812
EpistemeAI/ReasoningCore-3B-RE1-V2B,50.51097753959495,17.62918970867094,10.725075528700906,1.5659955257270708,1.8028645833333332,18.587470449172574
EpistemeAI/ReasoningCore-3B-RE1-V2C,50.57092957796425,17.793270992983555,9.743202416918429,1.45413870246085,1.5361979166666664,18.790632387706857
EpistemeAI/ReasoningCore-3B-T1-V1,72.07564816908027,23.06533291680579,14.577039274924472,3.467561521252797,2.720572916666667,23.55570330969267
EpistemeAI/ReasoningCore-3B-T1_1,72.74509412802476,23.094998793873295,15.40785498489426,3.467561521252797,2.720572916666667,23.51876477541371
EpistemeAI2/Athene-codegemma-2-7b-it-alpaca-v1.2,43.511770989862455,18.971369774912947,4.229607250755287,2.796420581655479,10.387760416666667,14.413416075650115
EpistemeAI2/Fireball-12B-v1.2,13.553925805750964,29.776014226579218,4.1540785498489425,6.487695749440718,11.264062499999996,25.965942671394792
EpistemeAI2/Fireball-Alpaca-Llama3.1-8B-Philos,49.8640274471735,29.259226071264724,11.858006042296072,5.7046979865771785,11.891666666666667,26.73241725768321
EpistemeAI2/Fireball-Alpaca-Llama3.1.01-8B-Philos,42.11791380204524,28.628475325906475,13.595166163141997,5.145413870246088,13.432812500000002,26.48308215130023
EpistemeAI2/Fireball-Alpaca-Llama3.1.03-8B-Philos,38.80814017916904,27.99254879661235,12.83987915407855,3.803131991051453,12.034635416666667,26.16910460992908
EpistemeAI2/Fireball-Alpaca-Llama3.1.04-8B-Philos,40.84396069096664,27.963797525362725,12.009063444108762,5.369127516778524,13.685677083333337,26.695478723404253
EpistemeAI2/Fireball-Alpaca-Llama3.1.06-8B-Philos-dpo,48.657561935664035,27.207176615070413,13.066465256797583,6.375838926174497,6.848437499999999,29.050310283687946
EpistemeAI2/Fireball-Alpaca-Llama3.1.07-8B-Philos-Math,50.79079065767719,26.901201452028392,12.009063444108762,6.152125279642054,7.854427083333334,28.117612293144205
EpistemeAI2/Fireball-Alpaca-Llama3.1.08-8B-C-R1-KTO-Reflection,39.52257787115964,27.571611204577167,12.462235649546828,6.599552572706939,10.4015625,28.8102098108747
EpistemeAI2/Fireball-Alpaca-Llama3.1.08-8B-Philos-C-R1,53.16382753316755,26.76368521382555,12.386706948640484,6.263982102908276,8.454427083333332,28.034500591016545
EpistemeAI2/Fireball-Llama-3.1-8B-Philos-Reflection,35.96047376516532,27.76979570236311,12.83987915407855,7.718120805369126,9.632812500000002,28.33924349881796
EpistemeAI2/Fireball-MathMistral-Nemo-Base-2407-v2dpo,30.972043067948597,21.145528378150857,3.700906344410875,1.789709172259505,8.96979166666667,1.6419178486997636
EpistemeAI2/Fireball-Meta-Llama-3.1-8B-Instruct-Agent-0.003-128K-code-math,55.15465631191904,26.743767165585172,13.51963746223565,7.270693512304249,6.789583333333333,26.889406028368796
EpistemeAI2/Fireball-Meta-Llama-3.1-8B-Instruct-Agent-0.005-128K-code-COT,46.331954768902065,26.400991557555106,11.706948640483382,8.277404921700223,5.013020833333332,28.496232269503547
EpistemeAI2/Fireball-Phi-3-medium-4k-inst-Philos,53.128809337003595,46.20887281141656,17.069486404833835,10.96196868008949,10.704947916666669,39.984116430260045
Eric111/CatunaMayo,40.741565712310006,33.299425909067885,8.459214501510575,5.592841163310966,15.348697916666667,24.202127659574465
Eric111/CatunaMayo-DPO,42.14539643700936,33.08995159999345,8.157099697885197,5.592841163310966,14.662239583333337,24.109781323877066
Etherll/Chocolatine-3B-Instruct-DPO-Revised-Ties,37.24694920588483,35.58334267696659,16.314199395770395,9.843400447427292,17.817187499999996,33.08584515366431
Etherll/Chocolatine-3B-Instruct-DPO-Revised-Ties-v2,37.399322686028626,35.58334267696659,16.314199395770395,9.843400447427292,17.817187499999996,33.08584515366431
Etherll/Herplete-LLM-Llama-3.1-8b,46.71914963408201,28.952590926070883,2.794561933534743,4.809843400447425,6.6833333333333345,27.57276891252955
Etherll/Herplete-LLM-Llama-3.1-8b-Ties,61.63679038285083,33.07089034564546,16.012084592145015,8.948545861297541,8.948177083333329,30.583259456264773
Etherll/Qwen2.5-7B-della-test,76.24968417133206,35.54689390845198,48.94259818731118,7.829977628635347,8.987239583333334,37.34301122931442
Etherll/Qwen2.5-Coder-7B-Instruct-Ties,50.05385709916355,28.008294264156472,29.154078549848943,10.626398210290828,13.426822916666667,27.812869385342783
Etherll/Replete-LLM-V3-Llama-3.1-8b,52.62924595628488,22.902455222412783,22.734138972809667,2.460850111856823,2.0557291666666675,27.44348404255319
Etherll/SuperHermes,54.590154124389954,32.84031674117277,16.540785498489427,9.843400447427292,14.938541666666666,32.7626329787234
Eurdem/Defne-llama3.1-8B,50.36115285220991,32.822381370434904,16.012084592145015,6.152125279642054,13.53671875,31.839169621749413
FINGU-AI/Chocolatine-Fusion-14B,69.49028577507679,48.600901490542746,38.51963746223565,16.21923937360179,21.985937499999995,47.35335401891253
FINGU-AI/L3-8B,75.17309627344335,28.805821240438444,25.45317220543807,6.040268456375841,8.687500000000002,29.32734929078014
FINGU-AI/Phi-4-RRStock,28.554125276488605,48.68220452265962,5.81570996978852,17.337807606263986,14.960156250000002,43.14236111111111
FINGU-AI/Q-Small-3B,41.45345461154182,21.386476977673595,8.308157099697885,2.2371364653243813,8.067708333333334,19.889553782505907
FINGU-AI/QwQ-Buddy-32B-Alpha,34.46422159869147,48.730953196766194,38.51963746223565,17.225950782997764,24.41536458333333,47.71350472813239
FINGU-AI/RomboUltima-32B,66.71509372908326,56.67376969863417,53.85196374622356,16.21923937360179,21.72109375,53.20811170212767
FINGU-AI/Ultimos-32B,15.92197591280026,2.277935201319207,0.0,0.0,2.408854166666666,1.2355939716312052
FallenMerick/Chewy-Lemon-Cookie-11B,48.75242135312082,33.01430008846961,5.438066465256798,3.9149888143176734,15.952343750000002,25.19023345153664
Felladrin/Llama-160M-Chat-v1,15.754642127333252,3.166755569392556,0.6042296072507553,1.0067114093959737,3.165625,1.512632978723403
Felladrin/Minueza-32M-UltraChat,13.756277787381924,2.4372895622895623,0.4531722054380665,0.7829977628635317,4.640104166666668,1.4756944444444438
FlofloB/100k_fineweb_continued_pretraining_Qwen2.5-0.5B-Instruct_Unsloth_merged_16bit,30.83219191744571,7.347825006715016,4.078549848942599,2.572706935123044,0.9440104166666662,5.529698581560284
FlofloB/10k_continued_pretraining_Phi-3-mini-4k-instruct_Unsloth_merged_16bit,50.9730847484674,32.60779983085876,9.743202416918429,6.599552572706939,13.569791666666662,30.76795212765957
FlofloB/10k_continued_pretraining_Qwen2.5-0.5B-Instruct_Unsloth_merged_16bit,28.154408081667754,7.530228683558659,3.096676737160121,3.9149888143176734,1.47734375,6.009899527186761
FlofloB/40k_continued_pretraining_Qwen2.5-0.5B-Instruct_Unsloth_merged_16bit,30.157759190060155,7.532089563374818,3.3232628398791544,2.348993288590602,1.5361979166666664,5.391179078014184
FlofloB/83k_continued_pretraining_Qwen2.5-0.5B-Instruct_Unsloth_merged_16bit,28.693976426991497,8.132273330945772,3.0211480362537766,3.1319910514541416,1.4184895833333335,6.166888297872341
FlofloB/smollm2-135M_pretrained_1000k_fineweb,14.845388014911546,2.708743994249611,0.906344410876133,1.6778523489932915,3.2911458333333328,1.8173758865248215
FlofloB/smollm2-135M_pretrained_1000k_fineweb_uncovai_human_removed,15.537329840379083,3.2742669103063946,0.6042296072507553,0.1118568232662209,3.2539062500000004,1.5865100472813234
FlofloB/smollm2-135M_pretrained_1000k_fineweb_uncovai_selected,14.67805422944454,2.113413506540018,0.6797583081570997,2.1252796420581683,8.995052083333334,1.7434988179669018
FlofloB/smollm2-135M_pretrained_1200k_fineweb,15.809607397261487,2.2372961213751537,0.6797583081570997,1.9015659955257265,3.65390625,0.8477393617021267
FlofloB/smollm2-135M_pretrained_1200k_fineweb_uncovai_human_removed,15.7771379938563,2.8494191919191914,0.0755287009063444,2.0134228187919474,3.416666666666666,1.549571513002364
FlofloB/smollm2-135M_pretrained_1200k_fineweb_uncovai_selected,15.847063569107746,2.206545314818884,0.7552870090634441,1.789709172259505,1.7578124999999991,1.8266105200945617
FlofloB/smollm2-135M_pretrained_1400k_fineweb,17.638089158987043,2.1601002436397274,1.1329305135951662,2.1252796420581683,6.016666666666666,0.8846778959810875
FlofloB/smollm2-135M_pretrained_1400k_fineweb_uncovai_human_removed,17.066051410258115,2.630029274903698,1.0574018126888218,1.45413870246085,7.008854166666666,1.1617169030732852
FlofloB/smollm2-135M_pretrained_1400k_fineweb_uncovai_selected,15.384956360235286,2.631616005839404,1.0574018126888218,2.460850111856823,4.6911458333333345,1.521867612293143
FlofloB/smollm2-135M_pretrained_200k_fineweb_uncovai_human_removed,14.747979804695984,2.8225402293478967,0.3776435045317221,1.1185682326621946,2.897135416666666,1.3279403073286051
FlofloB/smollm2-135M_pretrained_200k_fineweb_uncovai_selected,13.45153082709433,2.3223515642593,0.7552870090634441,0.1118568232662209,2.853906249999999,1.457225177304964
FlofloB/smollm2-135M_pretrained_400k_fineweb,15.112678803352882,1.8897660733797557,1.2084592145015105,0.3355704697986553,4.995052083333334,1.8081412529550824
FlofloB/smollm2-135M_pretrained_400k_fineweb_uncovai_human_removed,15.5648124753432,3.575492461700485,0.906344410876133,0.6711409395973182,6.016666666666666,1.5311022458628842
FlofloB/smollm2-135M_pretrained_400k_fineweb_uncovai_selected,15.842076800666677,2.073466032877798,0.6797583081570997,0.5592841163310973,5.416666666666668,1.7527334515366433
FlofloB/smollm2-135M_pretrained_600k_fineweb,16.391618682872554,3.4240529327139213,0.6042296072507553,2.1252796420581683,5.373437499999999,1.4018173758865236
FlofloB/smollm2-135M_pretrained_600k_fineweb_uncovai_human_removed,16.414114549395602,2.418749257278669,0.906344410876133,1.6778523489932915,4.816666666666667,1.632683215130022
FlofloB/smollm2-135M_pretrained_600k_fineweb_uncovai_selected,16.059389087620847,2.1651564259299954,0.7552870090634441,1.45413870246085,5.712760416666669,1.798906619385342
FlofloB/smollm2-135M_pretrained_800k_fineweb,16.414114549395602,2.348388410325006,0.8308157099697886,0.0,3.765625,1.6880910165484628
FlofloB/smollm2-135M_pretrained_800k_fineweb_uncovai_human_removed,16.22927166584662,3.210703163941808,0.6797583081570997,0.3355704697986553,8.208854166666667,1.5311022458628842
FlofloB/smollm2-135M_pretrained_800k_fineweb_uncovai_selected,14.742993036254914,1.9228579509844617,0.4531722054380665,1.5659955257270708,4.579427083333333,1.4479905437352243
FlofloB/smollm2_pretrained_200k_fineweb,15.270039051937747,2.872523000621309,0.3776435045317221,0.0,3.7421875,1.7712027186761226
FlofloB/test_continued_pretraining_Phi-3-mini-4k-instruct_Unsloth_merged_16bit,52.15461641777151,32.882433170322564,11.027190332326285,8.165548098434002,12.452083333333327,30.232343380614655
FuJhen/ft-openhermes-25-mistral-7b-irca-dpo-pairs,54.20041046645124,26.596860970431894,4.833836858006042,3.803131991051453,11.20520833333333,21.736480496453904
FuJhen/mistral-instruct-7B-DPO,49.68417133206558,24.92582719493644,3.8519637462235647,3.691275167785232,9.428645833333327,22.59530141843972
FuJhen/mistral_7b_v0.1_structedData_e2e,17.268403391889077,18.06242392393546,0.4531722054380665,3.9149888143176734,5.6364583333333345,20.12041962174941
FuJhen/mistral_7b_v0.1_structedData_viggo,17.832905579418167,23.960171694414896,2.8700906344410875,4.4742729306487705,3.9265625000000015,21.579491725768317
FuseAI/FuseChat-7B-v2.0,34.23194900641409,29.341638180782923,6.117824773413897,6.935123042505594,20.22499999999999,24.02666962174941
FuseAI/FuseChat-Llama-3.1-8B-Instruct,72.04816553411615,30.84806521622957,24.773413897280967,7.38255033557047,6.150000000000006,30.37086288416076
FuseAI/FuseChat-Llama-3.2-3B-Instruct,68.48861022088059,24.2199004496583,24.244712990936556,6.152125279642054,7.691145833333336,23.684988179669027
FuseAI/FuseChat-Qwen-2.5-7B-Instruct,59.05641475728844,36.25134763068275,45.61933534743202,6.152125279642054,6.720572916666669,34.64649822695036
GalrionSoftworks/MN-LooseCannon-12B-v1,54.177914599928194,29.976062092951295,8.534743202416918,4.697986577181204,10.963802083333327,24.396054964539008
GalrionSoftworks/MagnusIntellectus-12B-v1,44.21368635221213,33.26225439614359,6.495468277945619,4.5861297539149914,15.183593749999996,26.898640661938533
GenVRadmin/AryaBhatta-GemmaOrca-2-Merged,30.637375497014588,13.66159169666284,4.984894259818732,2.460850111856823,16.9109375,15.383052600472812
GenVRadmin/AryaBhatta-GemmaOrca-Merged,30.637375497014588,17.68358820544961,5.13595166163142,0.7829977628635317,4.081510416666666,13.6469414893617
GenVRadmin/AryaBhatta-GemmaUltra-Merged,30.207737691547315,17.96825031857262,5.362537764350453,0.4474272930648837,11.6484375,14.0625
GenVRadmin/llama38bGenZ_Vikas-Merged,30.002947734234056,23.131910422007778,5.740181268882175,6.040268456375841,13.620833333333332,18.02415780141844
GoToCompany/gemma2-9b-cpt-sahabatai-v1-instruct,65.50607942481504,41.86650373118869,20.54380664652568,11.297539149888143,19.333072916666666,36.26255910165484
GoToCompany/llama3-8b-cpt-sahabatai-v1-instruct,52.38445103436659,28.539529393915917,12.764350453172204,2.2371364653243813,15.172135416666665,27.258791371158388
Goekdeniz-Guelmez/Josiefied-Qwen2.5-0.5B-Instruct-abliterated-v1,34.7189900574919,6.845785955173547,8.91238670694864,0.2237136465324418,0.7812499999999996,7.127290189125294
Goekdeniz-Guelmez/Josiefied-Qwen2.5-1.5B-Instruct-abliterated-v1,47.68580699211426,18.306013289403676,20.84592145015106,0.0,4.002864583333333,19.806442080378247
Goekdeniz-Guelmez/Josiefied-Qwen2.5-1.5B-Instruct-abliterated-v2,42.155369973891496,16.499503211302823,12.68882175226586,0.0,4.7067708333333345,17.350029550827426
Goekdeniz-Guelmez/Josiefied-Qwen2.5-1.5B-Instruct-abliterated-v3,42.52505574098946,16.439711885397813,13.066465256797583,0.0,4.240104166666668,17.28538711583924
Goekdeniz-Guelmez/Josiefied-Qwen2.5-14B-Instruct-abliterated-v4,82.91666112581285,48.05226992969286,54.229607250755286,12.304250559284116,13.15,44.64760638297872
Goekdeniz-Guelmez/Josiefied-Qwen2.5-7B-Instruct-abliterated-v2,78.13811797142694,33.33398601463088,45.31722054380665,6.487695749440718,13.957812500000005,34.66496749408983
Goekdeniz-Guelmez/j.o.s.i.e.v4o-1.5b-dpo-stage1-v1,41.883092417009095,17.748016873381815,12.009063444108762,0.1118568232662209,1.4401041666666683,17.2761524822695
Goekdeniz-Guelmez/josie-3b-v6.0,60.09554648333089,22.87108835512943,29.38066465256798,5.369127516778524,6.098958333333333,24.66385933806146
Goekdeniz-Guelmez/josie-7b-v6.0,74.11645544931892,30.44475330982171,43.58006042296073,4.36241610738255,10.5578125,31.183510638297868
Goekdeniz-Guelmez/josie-7b-v6.0-step2000,76.27716680629618,30.081094189593973,0.0,4.026845637583895,17.7421875,33.69533096926713
GreenNode/GreenNode-small-9B-it,74.36125037123722,41.899925635193455,17.447129909365557,9.284116331096197,11.652083333333335,32.52253250591017
GritLM/GritLM-7B-KTO,53.10132670203948,27.904317623033844,2.719033232628399,6.375838926174497,6.6442708333333345,18.67058215130024
GritLM/GritLM-8x7B-KTO,57.14049832222946,40.8261615594601,12.235649546827794,6.152125279642054,11.673697916666669,29.419695626477544
Groq/Llama-3-Groq-8B-Tool-Use,60.982304729229554,27.254234386573227,6.042296072507553,2.348993288590602,5.3872395833333355,26.658540189125297
Gryphe/Pantheon-RP-1.0-8b-Llama-3,39.32521265796974,23.631914688111305,6.3444108761329305,3.467561521252797,5.504947916666667,22.964686761229316
Gryphe/Pantheon-RP-1.5-12b-Nemo,47.63084172218603,31.750144021634004,4.909365558912387,3.0201342281879207,15.053906250000004,25.57808806146572
Gryphe/Pantheon-RP-1.6-12b-Nemo,44.80567117470534,31.687343826178378,4.607250755287009,3.691275167785232,12.92838541666667,25.67966903073286
Gryphe/Pantheon-RP-1.6-12b-Nemo-KTO,46.36187537954849,33.032200369425645,5.287009063444108,6.040268456375841,12.165625,26.46461288416076
Gryphe/Pantheon-RP-Pure-1.6.2-22b-Small,69.31042965996889,31.68316320987065,20.241691842900305,10.514541387024613,4.393229166666666,32.68875591016548
GuilhermeNaturaUmana/Nature-Reason-1.2-reallysmall,49.85405391029136,37.752975371907866,25.755287009063444,6.711409395973152,13.960156249999995,38.1002511820331
Gunulhona/Gemma-Ko-Merge,64.15721397004393,38.78719707326869,18.806646525679756,11.409395973154364,9.120572916666667,31.98692375886525
Gunulhona/Gemma-Ko-Merge-PEFT,28.80390696684797,30.18627333134207,0.0,9.955257270693512,8.76796875,31.303560874704488
HPAI-BSC/Llama3-Aloe-8B-Alpha,50.81073773144146,27.145977577581775,6.117824773413897,5.92841163310962,5.8755208333333355,25.5042109929078
HPAI-BSC/Llama3.1-Aloe-Beta-8B,72.53276860951165,30.36962478134476,18.27794561933535,2.460850111856823,6.8322916666666655,28.671690307328607
HPAI-BSC/Qwen2.5-Aloe-Beta-7B,45.535069172019135,30.33160459968833,35.422960725075534,5.480984340044745,12.920572916666664,37.2691341607565
HarbingerX/Zeitgeist-3b-V1,67.11724889958643,21.647559636357908,10.347432024169184,4.250559284116329,4.542187500000002,22.327497044917255
HarbingerX/Zeitgeist-3b-V1.2,67.54189993661264,21.6297148573501,10.120845921450153,3.691275167785232,3.9049479166666674,22.844636524822693
Hastagaras/L3.2-JametMini-3B-MK.III,61.826620034840886,22.362058620348964,14.577039274924472,4.36241610738255,5.342187500000001,22.031988770685576
Hastagaras/Llama-3.1-Jamet-8B-MK.I,73.38207068356405,29.50390474831947,12.68882175226586,3.243847874720355,6.142187500000003,27.582003546099287
Hastagaras/Zabuza-8B-Llama-3.1,62.65342624237024,23.220320849670458,5.5135951661631415,1.9015659955257265,4.8989583333333355,21.3670951536643
HelpingAI/Cipher-20B,53.77575942942504,43.43973598811683,19.939577039274926,6.040268456375841,8.169791666666669,30.49091312056737
HelpingAI/Dhanishtha-Large,24.56737013346809,24.0022140693209,38.51963746223565,7.046979865771815,5.697135416666668,19.501699172576835
HelpingAI/Priya-10B,40.429283190822574,19.96679684299346,1.8882175226586104,0.7829977628635317,5.208854166666668,16.583554964539008
HelpingAI/Priya-3B,45.25780484669566,14.335273409626751,1.4350453172205435,0.8948545861297527,3.779427083333333,14.875147754137116
HeraiHench/DeepSeek-R1-Qwen-Coder-8B,18.69472998311148,2.147966883446335,0.0,1.342281879194629,3.830468749999999,1.3648788416075646
HeraiHench/Double-Down-Qwen-Math-7B,16.69636564316015,1.9548697694104624,0.0755287009063444,2.0134228187919474,3.873697916666666,1.2448286052009452
HeraiHench/Marge-Qwen-Math-7B,12.622175826806208,3.363509103932151,0.5287009063444109,0.0,7.371614583333336,0.616873522458628
HeraiHench/Phi-4-slerp-ReasoningRP-14B,15.754642127333252,18.8853764817121,0.0,5.8165548098433995,0.6184895833333329,9.99926122931442
HiroseKoichi/Llama-Salad-4x8B-V3,66.53523761397537,31.92884881074505,9.59214501510574,7.046979865771815,6.453906249999996,27.979092789598106
HoangHa/Pensez-Llama3.1-8B,38.868092217538354,24.84515798598393,11.48036253776435,5.145413870246088,10.32890625,23.620345744680847
HuggingFaceH4/zephyr-7b-alpha,51.914808264294294,23.890291427068444,1.9637462235649543,6.375838926174497,7.503125000000001,19.94496158392435
HuggingFaceH4/zephyr-7b-beta,49.50431521695767,21.487542182806735,2.8700906344410875,5.369127516778524,7.7343749999999964,19.78797281323877
HuggingFaceH4/zephyr-7b-gemma-v0.1,33.637415391162115,23.75116274920127,8.157099697885197,5.92841163310962,4.179427083333334,20.526743498817968
HuggingFaceH4/zephyr-orpo-141b-A35b-v0.1,65.10891102275296,47.5037962865412,20.468277945619334,17.114093959731544,14.715104166666668,39.84559692671394
HuggingFaceTB/SmolLM-1.7B,23.615673080759052,4.4111278515492005,1.6616314199395772,0.0,2.1283854166666667,1.6419178486997636
HuggingFaceTB/SmolLM-1.7B-Instruct,23.478259905938465,2.0803742908537424,2.1148036253776437,1.342281879194629,2.0833333333333326,1.8450797872340412
HuggingFaceTB/SmolLM-135M,21.247622973709756,3.2853998220852616,1.3595166163141994,1.1185682326621946,13.3421875,1.3556442080378246
HuggingFaceTB/SmolLM-135M-Instruct,12.14012154416947,2.69295800470458,0.5287009063444109,1.230425055928408,3.365625,1.9558953900709208
HuggingFaceTB/SmolLM-360M,21.33505764704318,3.284915303246592,1.1329305135951662,2.348993288590602,8.089322916666665,1.374113475177304
HuggingFaceTB/SmolLM-360M-Instruct,19.51654942219977,2.0803742908537424,1.812688821752266,1.9015659955257265,2.897135416666666,1.8450797872340412
HuggingFaceTB/SmolLM2-1.7B,24.40003634800108,9.301788459551682,2.643504531722054,3.9149888143176734,4.601041666666668,12.640366430260045
HuggingFaceTB/SmolLM2-1.7B-Instruct,53.678351219209475,10.917989226208066,5.81570996978852,3.9149888143176734,4.098958333333335,11.707668439716311
HuggingFaceTB/SmolLM2-135M,18.177657504310783,3.70807758683998,1.2084592145015105,0.0,10.03046875,1.0509013002364058
HuggingFaceTB/SmolLM2-135M-Instruct,28.83138960181208,4.720807660805284,0.3021148036253776,0.0,3.677343750000003,1.2725325059101646
HuggingFaceTB/SmolLM2-360M,21.145227995053123,5.543603155369513,1.2084592145015105,0.0,7.728385416666666,1.8820183215130024
HuggingFaceTB/SmolLM2-360M-Instruct,8.303191088533978,3.2990473293233173,0.8308157099697886,2.0134228187919474,2.751822916666668,1.4018173758865236
HumanLLMs/Humanish-LLama3-8B-Instruct,64.97903340913221,28.012476599572,10.27190332326284,0.7829977628635317,2.0028645833333325,30.019946808510632
HumanLLMs/Humanish-Mistral-Nemo-Instruct-2407,54.51269298793867,32.70961342122556,13.670694864048338,5.033557046979867,9.395052083333336,28.00679669030733
HumanLLMs/Humanish-Qwen2.5-7B-Instruct,72.84250233824031,34.47899758661866,50.0,6.487695749440718,8.424479166666668,37.75856973995272
IDEA-CCNL/Ziya-LLaMA-13B-v1,16.968643200042553,1.4636170460989155,0.0,0.0,3.881510416666668,1.124778368794326
INSAIT-Institute/BgGPT-Gemma-2-27B-IT-v1.0,0.0,2.3470409575204094,0.0,1.342281879194629,4.524739583333332,1.854314420803781
IlyaGusev/gemma-2-2b-it-abliterated,53.30866545211151,16.796334504661765,6.117824773413897,2.0134228187919474,4.906770833333335,17.091459810874703
IlyaGusev/gemma-2-9b-it-abliterated,74.7259493698941,40.82468502686295,17.749244712990937,12.751677852348994,9.320572916666668,32.393247635933804
Infinirc/Infinirc-Llama3-8B-2G-Release-v1.0,20.24339862675479,20.83116494676627,1.6616314199395772,6.599552572706939,16.750520833333336,12.889701536643026
Intel/neural-chat-7b-v3,27.779735546128713,30.205692320538088,2.9456193353474323,5.592841163310966,23.019531249999996,18.873744089834513
Intel/neural-chat-7b-v3-1,46.86897432146704,29.7397523676162,3.5498489425981874,5.369127516778524,22.236979166666657,18.642878250591018
Intel/neural-chat-7b-v3-2,49.883974520937784,30.237457969159426,4.758308157099698,5.369127516778524,20.056770833333335,18.522828014184395
Intel/neural-chat-7b-v3-3,47.62585495374495,27.753850886523697,4.078549848942599,5.257270693512303,20.578124999999996,18.05186170212766
IntervitensInc/internlm2_5-20b-llamafied,34.099522600034575,63.47057952429436,17.14501510574018,11.74496644295302,14.942708333333329,33.89849290780142
Invalid-Null/PeiYangMe-0.5,14.088507382633631,1.4745771439889088,0.0,0.0,3.793229166666666,1.2078900709219855
Invalid-Null/PeiYangMe-0.7,14.91032682172192,3.600797717385781,1.1329305135951662,0.0,5.6148437499999995,1.124778368794326
Isaak-Carter/JOSIEv4o-8b-stage1-v4,25.526602747376963,25.7872756997585,5.287009063444108,5.592841163310966,6.0796874999999995,25.7350768321513
Isaak-Carter/Josiefied-Qwen2.5-7B-Instruct-abliterated,73.17473193349201,34.904315688323074,49.24471299093656,7.046979865771815,9.616666666666667,36.401078605200944
Isaak-Carter/Josiefied-Qwen2.5-7B-Instruct-abliterated-v2,78.41039552830932,33.2945398202129,47.205438066465256,6.487695749440718,13.957812500000005,34.757313829787236
J-LAB/Thynk_orpo,21.017788357114675,22.062783944144368,14.803625377643504,5.7046979865771785,15.2015625,24.793144208037827
JackFram/llama-160m,17.91036671586945,2.033606152852728,0.8308157099697886,1.5659955257270708,4.667708333333334,1.4202866430260035
JackFram/llama-68m,17.26341662344801,2.5910478068354776,0.6042296072507553,1.1185682326621946,6.607031250000001,1.595744680851063
Jacoby746/Casual-Magnum-34B,19.301675110927896,43.05156762846773,9.214501510574015,16.33109619686801,8.403385416666666,46.485298463356976
Jacoby746/Inf-Silent-Kunoichi-v0.1-2x7B,38.79816664228691,32.38700420411291,7.099697885196375,5.257270693512303,12.338541666666671,25.236406619385345
Jacoby746/Inf-Silent-Kunoichi-v0.2-2x7B,36.36019095998617,32.259183510828905,6.268882175226587,6.711409395973152,13.264062499999996,25.24564125295508
Jacoby746/Proto-Athena-4x7B,37.02963691893066,30.870822876627887,6.495468277945619,5.92841163310962,13.813020833333328,24.516105200945624
Jacoby746/Proto-Athena-v0.2-4x7B,37.524213531208304,30.34084433030367,6.3444108761329305,6.487695749440718,10.960156250000002,24.414524231678485
Jacoby746/Proto-Harpy-Blazing-Light-v0.1-2x7B,49.04719477652628,32.63252990159268,7.477341389728097,6.040268456375841,14.12109375,25.56885342789598
Jacoby746/Proto-Harpy-Spark-v0.1-7B,43.32692810631347,26.913110159424864,6.193353474320242,7.38255033557047,12.29166666666667,22.992390661938536
JayHyeon/Qwen-0.5B-DPO-1epoch,26.473313031644928,5.543694750350672,2.8700906344410875,0.3355704697986553,2.897135416666666,6.19459219858156
JayHyeon/Qwen-0.5B-DPO-5epoch,25.701472094043805,5.056692258334079,4.003021148036254,0.0,2.512760416666666,5.917553191489359
JayHyeon/Qwen-0.5B-IRPO-1epoch,25.891301746033857,5.324351851851852,3.1722054380664653,0.0,2.2460937499999996,5.557402482269504
JayHyeon/Qwen-0.5B-IRPO-5epoch,24.86713032531461,5.7113344972692275,3.2477341389728096,0.0,2.0833333333333326,5.631279550827422
JayHyeon/Qwen-0.5B-eDPO-1epoch,26.233504878167707,5.918400632703615,3.474320241691843,0.0,1.920572916666666,6.139184397163118
JayHyeon/Qwen-0.5B-eDPO-5epoch,24.77470888354011,5.197837690631808,2.3413897280966767,0.0,2.2460937499999996,5.8067375886524815
JayHyeon/Qwen2.5-0.5B-Instruct-SFT,27.677340567472086,5.93241994210165,3.927492447129909,4.36241610738255,1.2695312499999996,5.779033687943262
JayHyeon/Qwen2.5-0.5B-Instruct-SFT-DPO-1epoch_v1,24.687274210206695,6.12607291013818,6.495468277945618,3.0201342281879207,2.187239583333333,6.3885195035461
JayHyeon/Qwen2.5-0.5B-Instruct-SFT-IRPO-1epoch_v1,26.05863553150086,6.622365326648162,4.984894259818732,4.026845637583895,1.2695312499999996,6.951832151300234
JayHyeon/Qwen2.5-0.5B-Instruct-SFT-MDPO-1epoch_v1,25.291781362340817,6.129987166860655,5.664652567975831,2.460850111856823,1.432291666666666,6.3977541371158395
JayHyeon/Qwen2.5-0.5B-SFT,19.636453498938373,4.4344753335124,2.719033232628399,3.803131991051453,1.5950520833333328,7.478206264775414
JayHyeon/Qwen2.5-0.5B-SFT-1e-4,20.19596891802639,4.331493365022777,1.8882175226586104,0.1118568232662209,2.2460937499999996,6.877955082742317
JayHyeon/Qwen2.5-0.5B-SFT-1e-4-2ep,21.40498322229462,5.650884333531393,2.643504531722054,0.0,2.408854166666666,5.963726359338062
JayHyeon/Qwen2.5-0.5B-SFT-1e-4-3ep,22.573992561957823,4.797235096058625,2.643504531722054,0.0,2.891145833333333,5.908318557919619
JayHyeon/Qwen2.5-0.5B-SFT-1e-4-5ep,19.868726091215752,4.784241393250257,1.9637462235649543,0.4474272930648763,2.0833333333333326,6.19459219858156
JayHyeon/Qwen2.5-0.5B-SFT-1e-5,19.858752554333613,4.213683823190269,3.776435045317221,2.460850111856823,1.920572916666666,7.7552452718676115
JayHyeon/Qwen2.5-0.5B-SFT-1e-5-2ep,19.706379074189815,5.619297426317974,5.287009063444108,2.572706935123044,1.5950520833333328,7.238105791962175
JayHyeon/Qwen2.5-0.5B-SFT-1e-5-3ep,22.41164554493189,6.246296486215907,5.362537764350453,2.684563758389265,2.0833333333333326,7.65366430260047
JayHyeon/Qwen2.5-0.5B-SFT-1e-5-5ep,22.918744486850443,6.5376144197820265,5.211480362537765,3.9149888143176734,1.1067708333333328,7.644429669030731
JayHyeon/Qwen2.5-0.5B-SFT-2e-4,20.34335562972912,3.114588111846371,2.416918429003021,1.0067114093959737,1.8617187499999996,4.587765957446806
JayHyeon/Qwen2.5-0.5B-SFT-2e-4-2ep,18.307535117931533,3.1994992498175416,2.492447129909366,0.0,3.728385416666668,5.381944444444444
JayHyeon/Qwen2.5-0.5B-SFT-2e-4-3ep,19.89620872617987,4.420916097586122,1.5105740181268883,1.45413870246085,0.8851562499999998,4.62470449172577
JayHyeon/Qwen2.5-0.5B-SFT-2e-4-5ep,18.97199430843495,3.069330255279086,1.812688821752266,2.572706935123044,6.357812500000001,3.7381796690307305
JayHyeon/Qwen2.5-0.5B-SFT-2e-5,20.67558522498083,4.981848012762598,3.700906344410875,2.572706935123044,2.3499999999999996,7.533614066193853
JayHyeon/Qwen2.5-0.5B-SFT-2e-5-2ep,22.014477142869808,5.7648020969838045,4.078549848942599,3.691275167785232,2.720572916666667,7.884530141843972
JayHyeon/Qwen2.5-0.5B-SFT-2e-5-2ep-DPOP_3e-7-3ep_0alp_5lam,24.10526292459563,6.702479854955681,3.474320241691843,2.796420581655479,1.432291666666666,6.249999999999999
JayHyeon/Qwen2.5-0.5B-SFT-2e-5-2ep-DPOP_5e-6-1ep_0alp_5lam,23.685598656010495,6.892109783030413,4.531722054380665,3.467561521252797,2.4401041666666674,6.333111702127657
JayHyeon/Qwen2.5-0.5B-SFT-2e-5-2ep-DPOP_5e-6-2ep_0alp_5lam,22.62397106344499,7.351407019428777,3.474320241691843,3.9149888143176734,2.336197916666667,6.009899527186761
JayHyeon/Qwen2.5-0.5B-SFT-2e-5-2ep-DPOP_5e-6-3ep_0alp_5lam,25.07945584382771,6.453776300474527,4.078549848942599,3.467561521252797,1.965625,6.166888297872341
JayHyeon/Qwen2.5-0.5B-SFT-2e-5-2ep-DPOP_5e-7-1ep_0alp_5lam,23.8979241745236,6.676263541946459,4.003021148036254,2.348993288590602,1.432291666666666,6.22229609929078
JayHyeon/Qwen2.5-0.5B-SFT-2e-5-2ep-DPOP_5e-7-2ep_0alp_5lam,24.230153769775303,6.449024830632406,3.474320241691843,2.348993288590602,1.432291666666666,6.083776595744679
JayHyeon/Qwen2.5-0.5B-SFT-2e-5-2ep-DPOP_5e-7-3ep_0alp_5lam,24.932069132124983,6.900838556122601,4.380664652567976,2.0134228187919474,1.432291666666666,6.23153073286052
JayHyeon/Qwen2.5-0.5B-SFT-2e-5-2ep-DPO_1e-6-1ep_0alp_0lam,25.41667220752049,6.330228534336109,4.078549848942599,2.9082774049216997,1.1067708333333328,6.443927304964539
JayHyeon/Qwen2.5-0.5B-SFT-2e-5-2ep-DPO_1e-6-2ep_0alp_0lam,24.507418095098785,6.636386948995733,4.078549848942599,3.243847874720355,1.1067708333333328,6.23153073286052
JayHyeon/Qwen2.5-0.5B-SFT-2e-5-2ep-DPO_1e-6-3ep_0alp_0lam,25.574032456105357,6.317309144357895,4.003021148036254,3.243847874720355,1.1067708333333328,6.3885195035461
JayHyeon/Qwen2.5-0.5B-SFT-2e-5-2ep-DPO_1e-7-2ep_0alp_0lam,26.05364876305979,6.435274271047841,3.625377643504532,2.684563758389265,1.432291666666666,6.406988770685579
JayHyeon/Qwen2.5-0.5B-SFT-2e-5-2ep-DPO_1e-7-3ep_0alp_0lam,25.781371206177383,6.3853505237711525,3.5498489425981874,1.789709172259505,1.432291666666666,6.4808658392434975
JayHyeon/Qwen2.5-0.5B-SFT-2e-5-2ep-DPO_2e-6-1ep_0alp_0lam,23.353369060758787,6.402744874205392,3.8519637462235647,3.355704697986583,0.9440104166666662,6.453161938534278
JayHyeon/Qwen2.5-0.5B-SFT-2e-5-2ep-DPO_2e-6-2ep_0alp_0lam,24.71974361361188,6.901808055033277,5.0604229607250755,3.467561521252797,0.9440104166666662,5.972960992907801
JayHyeon/Qwen2.5-0.5B-SFT-2e-5-2ep-DPO_2e-6-3ep_0alp_0lam,24.742239480134938,7.002679365505716,4.1540785498489425,3.0201342281879207,1.2695312499999996,5.991430260047281
JayHyeon/Qwen2.5-0.5B-SFT-2e-5-2ep-DPO_3e-6-1ep_0alp_0lam,24.027801788144345,6.620615393798311,4.305135951661631,4.250559284116329,0.9440104166666662,6.37005023640662
JayHyeon/Qwen2.5-0.5B-SFT-2e-5-2ep-DPO_3e-6-2ep_0alp_0lam,23.680611887569427,6.7804484137642875,4.607250755287009,3.243847874720355,1.2695312499999996,5.7328605200945635
JayHyeon/Qwen2.5-0.5B-SFT-2e-5-2ep-DPO_3e-6-3ep_0alp_0lam,23.718068059415685,7.007125824454593,4.758308157099698,2.684563758389265,1.5950520833333328,6.111480496453899
JayHyeon/Qwen2.5-0.5B-SFT-2e-5-2ep-DPO_3e-7-3ep_0alp_0lam,24.99202117049429,6.671898931566538,4.1540785498489425,2.0134228187919474,1.2695312499999996,6.37928486997636
JayHyeon/Qwen2.5-0.5B-SFT-2e-5-2ep-DPO_5e-6-1ep_0alp_0lam,23.810489501190176,6.428288118900529,4.984894259818732,3.243847874720355,1.2695312499999996,6.3608156028368805
JayHyeon/Qwen2.5-0.5B-SFT-2e-5-2ep-DPO_5e-6-2ep_0alp_0lam,24.20765790325226,6.992686975855793,4.003021148036254,4.026845637583895,1.2695312499999996,5.511229314420804
JayHyeon/Qwen2.5-0.5B-SFT-2e-5-2ep-DPO_5e-6-3ep_0alp_0lam,23.805502732749105,7.221132822992211,4.45619335347432,3.467561521252797,1.698958333333333,5.538933215130023
JayHyeon/Qwen2.5-0.5B-SFT-2e-5-2ep-DPO_5e-7_1ep_0alp_0lam,25.264298727376698,6.537585206076343,4.380664652567976,3.1319910514541416,1.2695312499999996,6.3608156028368805
JayHyeon/Qwen2.5-0.5B-SFT-2e-5-2ep-DPO_5e-7_2ep_0alp_0lam,24.572356901909156,6.56672292356821,4.45619335347432,3.0201342281879207,1.2695312499999996,6.351580969267137
JayHyeon/Qwen2.5-0.5B-SFT-2e-5-2ep-DPO_5e-7_3ep_0alp_0lam,24.41998342176536,6.932125973677143,4.833836858006042,3.1319910514541416,1.2695312499999996,6.296173167848698
JayHyeon/Qwen2.5-0.5B-SFT-2e-5-2ep-DPO_7e-7_1ep_0alp_0lam,26.036139664977817,6.4262889097800455,3.5498489425981874,3.467561521252797,1.2695312499999996,6.305407801418437
JayHyeon/Qwen2.5-0.5B-SFT-2e-5-2ep-DPO_7e-7_2ep_0alp_0lam,24.899599728719796,6.4779954188677,3.927492447129909,2.796420581655479,1.1067708333333328,6.323877068557918
JayHyeon/Qwen2.5-0.5B-SFT-2e-5-2ep-DPO_7e-7_3ep_0alp_0lam,26.036139664977817,6.25191698749515,3.776435045317221,3.243847874720355,1.3734374999999996,6.286938534278959
JayHyeon/Qwen2.5-0.5B-SFT-2e-5-2ep-IRPO_1e-7-1ep_1alp_0lam,25.50410688085391,6.714916509982989,4.909365558912387,2.684563758389265,1.5950520833333328,6.342346335697398
JayHyeon/Qwen2.5-0.5B-SFT-2e-5-2ep-IRPO_1e-7-2ep_1alp_0lam,24.779695651981186,6.875548169039305,4.229607250755287,2.2371364653243813,1.432291666666666,6.5178043735224565
JayHyeon/Qwen2.5-0.5B-SFT-2e-5-2ep-IRPO_1e-7-3ep_1alp_0lam,24.747226248576,7.08976945115946,4.003021148036254,2.796420581655479,1.432291666666666,6.176122931442081
JayHyeon/Qwen2.5-0.5B-SFT-2e-5-2ep-IRPO_3e-7-3ep_1alp_0lam,25.901275282915996,6.706365162503357,3.625377643504532,3.0201342281879207,1.1067708333333328,6.508569739952717
JayHyeon/Qwen2.5-0.5B-SFT-2e-5-2ep-IRPO_5e-6-1ep_1alp_0lam,23.233464984020177,6.3889454442355325,4.531722054380665,4.36241610738255,1.0479166666666664,6.083776595744679
JayHyeon/Qwen2.5-0.5B-SFT-2e-5-2ep-IRPO_5e-6-2ep_1alp_0lam,23.151017079127826,7.489152117467992,4.1540785498489425,2.684563758389265,0.9890625,5.788268321513002
JayHyeon/Qwen2.5-0.5B-SFT-2e-5-2ep-IRPO_5e-6-3ep_1alp_0lam,22.983683293660818,8.34016877070463,4.305135951661631,2.1252796420581683,0.9440104166666662,6.305407801418437
JayHyeon/Qwen2.5-0.5B-SFT-2e-5-2ep-IRPO_5e-7-1ep_1alp_0lam,24.687274210206695,6.5670715074462045,4.1540785498489425,3.9149888143176734,1.2695312499999996,6.3885195035461
JayHyeon/Qwen2.5-0.5B-SFT-2e-5-2ep-IRPO_5e-7-2ep_1alp_0lam,25.20434668900739,6.6590467663473305,3.700906344410875,3.355704697986576,1.2695312499999996,6.3977541371158395
JayHyeon/Qwen2.5-0.5B-SFT-2e-5-2ep-IRPO_5e-7-3ep_1alp_0lam,26.65815591519391,6.8009730056406115,3.474320241691843,2.9082774049216997,1.1067708333333328,6.296173167848698
JayHyeon/Qwen2.5-0.5B-SFT-2e-5-2ep-MDPO_0.5_1e-7-1ep_0alp_0lam,24.99202117049429,6.560842435908914,3.700906344410875,2.0134228187919474,1.432291666666666,6.249999999999999
JayHyeon/Qwen2.5-0.5B-SFT-2e-5-2ep-MDPO_0.5_1e-7-2ep_0alp_0lam,24.170201731406003,6.524571656668756,4.003021148036254,2.460850111856823,1.432291666666666,6.3885195035461
JayHyeon/Qwen2.5-0.5B-SFT-2e-5-2ep-MDPO_0.5_1e-7-3ep_0alp_0lam,25.62401095759252,6.739192109111529,4.229607250755287,2.1252796420581683,1.432291666666666,6.3977541371158395
JayHyeon/Qwen2.5-0.5B-SFT-2e-5-2ep-MDPO_1e-6-3ep_0alp_0lam,24.082767058072584,6.42055719700361,4.305135951661631,3.1319910514541416,1.1067708333333328,6.18535756501182
JayHyeon/Qwen2.5-0.5B-SFT-2e-5-2ep-MDPO_1e-6_1ep_0alp_0lam,24.812165055386373,6.6874635150864,4.758308157099698,3.467561521252797,1.1067708333333328,6.573212174940895
JayHyeon/Qwen2.5-0.5B-SFT-2e-5-2ep-MDPO_1e-6_2ep_0alp_0lam,25.44914161092568,6.553899558301251,4.984894259818732,2.9082774049216997,1.1067708333333328,6.23153073286052
JayHyeon/Qwen2.5-0.5B-SFT-2e-5-2ep-MDPO_2e-6-3ep_0alp_0lam,25.19935992056632,6.583344002745696,3.927492447129909,3.0201342281879207,1.2695312499999996,5.972960992907801
JayHyeon/Qwen2.5-0.5B-SFT-2e-5-2ep-MDPO_2e-6_1ep_0alp_0lam,23.14603031068676,6.560212045244278,4.531722054380665,4.026845637583895,0.9440104166666662,6.471631205673758
JayHyeon/Qwen2.5-0.5B-SFT-2e-5-2ep-MDPO_2e-6_2ep_0alp_0lam,25.149381419079155,6.83074782881189,4.305135951661631,2.9082774049216997,0.9440104166666662,5.991430260047281
JayHyeon/Qwen2.5-0.5B-SFT-2e-5-2ep-MDPO_3e-6-1ep_0alp_0lam,24.71974361361188,6.204970976213926,3.474320241691843,3.0201342281879207,1.1067708333333328,6.536273640661936
JayHyeon/Qwen2.5-0.5B-SFT-2e-5-2ep-MDPO_3e-6-2ep_0alp_0lam,24.599839536873276,7.019682155967409,3.776435045317221,3.9149888143176734,0.9440104166666662,5.926787825059102
JayHyeon/Qwen2.5-0.5B-SFT-2e-5-2ep-MDPO_3e-6-3ep_0alp_0lam,25.236816092412575,7.0604011102157775,5.362537764350453,3.691275167785232,1.432291666666666,5.89908392434988
JayHyeon/Qwen2.5-0.5B-SFT-2e-5-2ep-MDPO_5e-6-1ep_0alp_0lam,22.64646692996804,6.715595621810369,4.758308157099698,3.1319910514541416,1.2695312499999996,6.314642434988178
JayHyeon/Qwen2.5-0.5B-SFT-2e-5-2ep-MDPO_5e-6-2ep_0alp_0lam,23.01615269706601,6.98474035276211,4.380664652567976,3.5794183445190177,1.432291666666666,5.557402482269504
JayHyeon/Qwen2.5-0.5B-SFT-2e-5-2ep-MDPO_5e-6-3ep_0alp_0lam,25.236816092412575,7.363649162861492,4.078549848942599,3.691275167785232,1.432291666666666,5.788268321513002
JayHyeon/Qwen2.5-0.5B-SFT-2e-5-2ep-MDPO_5e-7-3ep_0alp_0lam,26.57570801030155,6.726276300474528,3.625377643504532,1.5659955257270708,1.1067708333333328,6.3885195035461
JayHyeon/Qwen2.5-0.5B-SFT-2e-5-2ep-MDPO_5e-7_1ep_0alp_0lam,24.87211709375568,6.708541946458948,3.776435045317221,2.9082774049216997,1.1067708333333328,6.610150709219859
JayHyeon/Qwen2.5-0.5B-SFT-2e-5-2ep-MDPO_5e-7_2ep_0alp_0lam,25.601515091069473,6.253469424299401,3.776435045317221,3.5794183445190177,1.1067708333333328,6.240765366430259
JayHyeon/Qwen2.5-0.5B-SFT-2e-5-2ep-MDPO_7e-7-3ep_0alp_0lam,24.98703440205322,6.443718103679828,4.003021148036254,2.684563758389265,1.1067708333333328,6.176122931442081
JayHyeon/Qwen2.5-0.5B-SFT-2e-5-2ep-MDPO_7e-7_1ep_0alp_0lam,24.9595517670891,6.39987465305757,4.531722054380665,1.6778523489932915,1.2695312499999996,6.296173167848698
JayHyeon/Qwen2.5-0.5B-SFT-2e-5-2ep-MDPO_7e-7_2ep_0alp_0lam,25.149381419079155,6.482712194466828,4.380664652567976,2.684563758389265,1.1067708333333328,6.148419030732861
JayHyeon/Qwen2.5-0.5B-SFT-2e-5-3ep,22.808813946993972,6.085450245131953,4.531722054380665,1.5659955257270708,1.432291666666666,8.290854018912528
JayHyeon/Qwen2.5-0.5B-SFT-2e-5-5ep,23.478259905938465,7.179764119844701,5.0604229607250755,1.9015659955257265,0.9440104166666662,7.727541371158392
JayHyeon/Qwen2.5-0.5B-SFT-2e-5-5ep-MDPO_5e-7_3ep_0alp_0lam,25.259311958935623,6.757650565553466,3.927492447129909,2.348993288590602,2.336197916666667,6.37928486997636
JayHyeon/Qwen2.5-0.5B-SFT-2e-5-5ep-MDPO_5e-7_3ep_0alp_0lam_1ep,24.812165055386373,5.959990748201868,3.8519637462235647,1.6778523489932915,1.9067708333333335,6.628619976359339
JayHyeon/Qwen2.5-0.5B-SFT-2e-5-5ep-MDPO_5e-7_3ep_0alp_0lam_2ep,25.476624245889795,6.1123436893783385,3.8519637462235647,2.0134228187919474,1.2695312499999996,6.240765366430259
JayHyeon/Qwen2.5-0.5B-SFT-2e-5-5ep-MDPO_7e-7_3ep_0alp_0lam,24.230153769775303,6.240268525979645,3.3987915407854987,2.684563758389265,1.9067708333333335,6.259234633569739
JayHyeon/Qwen2.5-0.5B-SFT-2e-5-5ep-MDPO_7e-7_3ep_0alp_0lam_1ep,24.927082363683915,6.292637807025397,3.927492447129909,2.460850111856823,1.3734374999999996,6.573212174940895
JayHyeon/Qwen2.5-0.5B-SFT-2e-5-5ep-MDPO_7e-7_3ep_0alp_0lam_2ep,24.779695651981186,6.357407183573582,4.1540785498489425,2.572706935123044,2.1734375000000004,6.176122931442081
JayHyeon/Qwen2.5-0.5B-SFT-5e-5,20.098560707810833,4.746972667855022,3.3987915407854987,2.348993288590602,1.5950520833333328,7.468971631205674
JayHyeon/Qwen2.5-0.5B-SFT-5e-5-2ep,21.74718635442847,5.832625611473314,3.776435045317221,1.342281879194629,1.432291666666666,6.970301418439714
JayHyeon/Qwen2.5-0.5B-SFT-5e-5-3ep,21.986994507905692,7.669544389639071,3.0211480362537766,0.4474272930648763,2.0833333333333326,7.238105791962175
JayHyeon/Qwen2.5-0.5B-SFT-5e-5-5ep,20.77299343519639,7.191287458251598,2.719033232628399,2.460850111856823,4.979427083333333,6.5178043735224565
JayHyeon/Qwen2.5-0.5B-SFT-7e-5,20.925366915340184,6.35784176033773,3.0211480362537766,0.8948545861297527,2.4539062499999997,6.914893617021275
JayHyeon/Qwen2.5-0.5B-SFT-7e-5-2ep,21.56234347087949,5.463607645078233,3.927492447129909,0.0,1.7578124999999991,6.305407801418437
JayHyeon/Qwen2.5-0.5B-SFT-7e-5-3ep,23.805502732749105,5.984021663044627,3.3232628398791544,0.0,2.4539062499999997,5.7975029550827415
JayHyeon/Qwen2.5-0.5B-SFT-7e-5-5ep,21.197644472222592,5.343662111309169,2.190332326283988,0.0,3.7421875,6.979536052009454
JayHyeon/Qwen2.5-0.5B-SFT-DPO-1epoch_v1,20.245947419513556,6.136573850240249,3.625377643504532,3.0201342281879207,0.7812499999999996,3.664302600472812
JayHyeon/Qwen2.5-0.5B-SFT-MDPO-1epoch_v1,19.64144026737944,6.524721998388398,4.682779456193353,3.467561521252797,1.8028645833333332,3.7474143026004705
JayHyeon/Qwen_0.5-DPOP_1e-6-3ep_0alp_5lam,25.324250765746,6.140998671919301,4.909365558912387,3.243847874720355,1.432291666666666,6.286938534278959
JayHyeon/Qwen_0.5-DPOP_1e-7-3ep_0alp_5lam,26.695612087040164,6.642106052466649,4.078549848942599,2.2371364653243813,1.432291666666666,6.249999999999999
JayHyeon/Qwen_0.5-DPOP_3e-6-1ep_0alp_5lam,24.807178286945305,6.943810696272422,4.380664652567976,1.342281879194629,1.2695312499999996,6.277703900709218
JayHyeon/Qwen_0.5-DPOP_3e-6-2ep_0alp_5lam,23.83298536771322,7.149861894529503,4.305135951661631,3.9149888143176734,1.3734374999999996,5.594341016548462
JayHyeon/Qwen_0.5-DPOP_3e-6-3ep_0alp_5lam,24.71475684517081,6.96901565344555,4.003021148036254,2.684563758389265,1.5950520833333328,5.926787825059102
JayHyeon/Qwen_0.5-DPOP_3e-7-1ep_0alp_5lam,24.4749486916936,6.629315516160802,4.380664652567976,1.5659955257270708,1.432291666666666,6.277703900709218
JayHyeon/Qwen_0.5-DPOP_3e-7-2ep_0alp_5lam,25.51408041773605,6.682421807383531,4.45619335347432,1.5659955257270708,1.2695312499999996,6.296173167848698
JayHyeon/Qwen_0.5-DPOP_3e-7-3ep_0alp_5lam,25.379216035674233,6.35458053541051,4.1540785498489425,2.348993288590602,1.432291666666666,6.4808658392434975
JayHyeon/Qwen_0.5-DPOP_5e-7-1ep_0alp_5lam,24.022815019703277,6.505902199540394,3.776435045317221,2.9082774049216997,1.432291666666666,6.314642434988178
JayHyeon/Qwen_0.5-DPOP_5e-7-2ep_0alp_5lam,24.83964769035049,6.769462425761781,4.380664652567976,2.684563758389265,1.2695312499999996,6.37005023640662
JayHyeon/Qwen_0.5-DPOP_5e-7-3ep_0alp_5lam,25.781371206177383,6.7976270630017614,4.229607250755287,2.796420581655479,1.1067708333333328,6.4808658392434975
JayHyeon/Qwen_0.5-DPO_1e-6-3ep_0alp_0lam,23.163539408768735,6.865286941551371,5.287009063444108,2.572706935123044,1.432291666666666,6.443927304964539
JayHyeon/Qwen_0.5-DPO_1e-7-3ep_0alp_0lam,23.59816398267707,7.100430208613126,4.380664652567976,2.796420581655479,0.9440104166666662,6.619385342789598
JayHyeon/Qwen_0.5-DPO_3e-6-1ep_0alp_0lam,23.370878158840764,5.926862745098039,3.474320241691843,1.45413870246085,1.3734374999999996,5.917553191489359
JayHyeon/Qwen_0.5-DPO_3e-6-2ep_0alp_0lam,25.693936532843964,7.35619576137537,5.438066465256798,2.9082774049216997,0.7812499999999996,6.277703900709218
JayHyeon/Qwen_0.5-DPO_3e-6-3ep_0alp_0lam,24.599839536873276,7.139829635632065,4.305135951661631,2.460850111856823,1.3145833333333334,6.03760342789598
JayHyeon/Qwen_0.5-DPO_3e-7-1ep_0alp_0lam,25.291781362340817,6.931145581520281,5.5135951661631415,2.348993288590602,1.1067708333333328,6.628619976359339
JayHyeon/Qwen_0.5-DPO_3e-7-2ep_0alp_0lam,25.04698644042252,7.1273111588623275,4.758308157099698,2.9082774049216997,1.2695312499999996,6.656323877068558
JayHyeon/Qwen_0.5-DPO_3e-7-3ep_0alp_0lam,23.87044153955948,7.222719655594354,4.45619335347432,3.243847874720355,1.1067708333333328,6.545508274231676
JayHyeon/Qwen_0.5-DPO_5e-7-1ep_0alp_0lam,25.324250765746,6.663952457695408,6.3444108761329305,2.460850111856823,1.1067708333333328,6.591681442080379
JayHyeon/Qwen_0.5-DPO_5e-7-2ep_0alp_0lam,24.562383365027017,7.732770540484078,5.362537764350453,2.796420581655479,1.432291666666666,6.684027777777778
JayHyeon/Qwen_0.5-DPO_5e-7-3ep_0alp_0lam,24.22516700133424,7.20213873220521,5.13595166163142,3.243847874720355,1.432291666666666,6.610150709219859
JayHyeon/Qwen_0.5-IPO_5e-7-1ep_0alp_0lam,25.73892826589006,7.733923210075507,5.589123867069486,2.572706935123044,1.1067708333333328,7.228871158392436
JayHyeon/Qwen_0.5-IPO_5e-7-3ep_0alp_0lam,30.724810170348007,6.747260572417705,5.81570996978852,0.8948545861297527,0.4557291666666662,6.933362884160756
JayHyeon/Qwen_0.5-IRPO_1e-6-3ep_1alp_0lam,25.509093649294982,7.213578356761274,4.682779456193353,2.2371364653243813,0.7812499999999996,6.37928486997636
JayHyeon/Qwen_0.5-IRPO_1e-7-3ep_1alp_0lam,26.358395723347385,6.900346643984839,5.13595166163142,3.467561521252797,1.2695312499999996,6.508569739952717
JayHyeon/Qwen_0.5-IRPO_3e-6-1ep_1alp_0lam,23.228478215579106,7.306987942817919,3.700906344410875,0.1118568232662209,1.2106770833333331,6.794843380614658
JayHyeon/Qwen_0.5-IRPO_3e-6-2ep_1alp_0lam,24.137732328000816,7.390762452621842,3.474320241691843,0.2237136465324418,2.602864583333334,5.908318557919619
JayHyeon/Qwen_0.5-IRPO_3e-6-3ep_1alp_0lam,26.778059991932516,8.111779105858478,5.13595166163142,0.5592841163310973,1.8028645833333332,6.23153073286052
JayHyeon/Qwen_0.5-IRPO_3e-7-1ep_1alp_0lam,25.60650185951054,7.0010276210941,5.362537764350453,2.9082774049216997,0.9440104166666662,6.545508274231676
JayHyeon/Qwen_0.5-IRPO_3e-7-3ep_1alp_0lam,26.390865126752573,7.133620064464142,4.758308157099698,2.684563758389265,1.1067708333333328,6.5178043735224565
JayHyeon/Qwen_0.5-IRPO_5e-7-1ep_1alp_0lam,25.17686405404327,7.061898931566539,5.740181268882175,3.1319910514541416,0.9440104166666662,6.499335106382978
JayHyeon/Qwen_0.5-IRPO_5e-7-2ep_1alp_0lam,24.382527249919107,7.42829155101919,6.193353474320242,3.0201342281879207,0.9440104166666662,6.157653664302601
JayHyeon/Qwen_0.5-IRPO_5e-7-3ep_1alp_0lam,24.654804806801508,7.086835437371295,5.287009063444108,2.9082774049216997,0.9440104166666662,6.259234633569739
JayHyeon/Qwen_0.5-MDPO_0.1_3e-6-3ep_0alp_0lam,25.056959977304665,6.819112125824454,4.984894259818732,4.250559284116329,1.3734374999999996,5.7975029550827415
JayHyeon/Qwen_0.5-MDPO_0.1_5e-7-3ep_0alp_0lam,24.56737013346809,6.6221693974393405,3.474320241691843,1.789709172259505,1.1067708333333328,6.286938534278959
JayHyeon/Qwen_0.5-MDPO_0.3_3e-6-3ep_0alp_0lam,24.539887498503965,6.5665358731011425,5.0604229607250755,4.026845637583895,1.1067708333333328,6.046838061465721
JayHyeon/Qwen_0.5-MDPO_0.3_5e-7-3ep_0alp_0lam,23.41830786756916,6.633772569910765,4.003021148036254,2.684563758389265,1.2695312499999996,6.443927304964539
JayHyeon/Qwen_0.5-MDPO_0.5_1e-5-3ep_0alp_0lam,23.19600881217392,7.674537111648312,3.927492447129909,3.243847874720355,1.47734375,6.02836879432624
JayHyeon/Qwen_0.5-MDPO_0.5_3e-7-1ep_0alp_0lam,24.17518849984707,6.547597964604411,4.229607250755287,1.6778523489932915,1.2695312499999996,6.443927304964539
JayHyeon/Qwen_0.5-MDPO_0.5_3e-7-2ep_0alp_0lam,24.932069132124983,6.797543498373474,4.229607250755287,2.684563758389265,1.2695312499999996,6.342346335697398
JayHyeon/Qwen_0.5-MDPO_0.5_3e-7-3ep_0alp_0lam,25.20434668900739,6.479625973677142,4.229607250755287,1.789709172259505,1.1067708333333328,6.120715130023639
JayHyeon/Qwen_0.5-MDPO_0.5_4e-6-3ep_0alp_0lam,25.80386707270043,7.112517981317336,4.758308157099698,3.355704697986576,1.8028645833333332,5.991430260047281
JayHyeon/Qwen_0.5-MDPO_0.5_6e-6-3ep_0alp_0lam,23.19600881217392,7.373346017250125,3.8519637462235647,2.796420581655486,1.5361979166666664,5.963726359338062
JayHyeon/Qwen_0.5-MDPO_0.5_7e-6-3ep_0alp_0lam,24.877103862196748,7.574128764138837,4.607250755287009,2.9082774049216997,1.8028645833333332,5.89908392434988
JayHyeon/Qwen_0.5-MDPO_0.5_7e-7-3ep_0alp_0lam,25.236816092412575,6.263411227504701,4.45619335347432,2.796420581655479,1.1067708333333328,6.268469267139479
JayHyeon/Qwen_0.5-MDPO_0.7_3e-6-3ep_0alp_0lam,25.139407882197013,6.770439236577431,4.380664652567976,3.355704697986576,1.2695312499999996,5.982195626477541
JayHyeon/Qwen_0.5-MDPO_0.7_5e-7-3ep_0alp_0lam,24.56737013346809,6.636595785955174,3.8519637462235647,2.2371364653243813,1.1067708333333328,6.3608156028368805
JayHyeon/Qwen_0.5-MDPO_0.9_5e-7-3ep_0alp_0lam,26.363382491788457,6.534335437371297,4.758308157099698,2.1252796420581683,1.1067708333333328,6.37928486997636
JayHyeon/Qwen_0.5-VDPO_3e-6-1ep_3vpo_const,24.829674153468353,6.10466259440003,3.776435045317221,0.5592841163310973,1.432291666666666,6.2038268321513
JayHyeon/Qwen_0.5-VDPO_5e-7-1ep_0alp_0lam,25.17686405404327,6.86099852269675,5.287009063444108,2.9082774049216997,1.2695312499999996,6.610150709219859
JayHyeon/Qwen_0.5-VDPO_5e-7-1ep_10vpo_const,25.361706937592253,7.109440788491956,4.909365558912387,3.467561521252797,0.9440104166666662,6.628619976359339
JayHyeon/Qwen_0.5-VDPO_5e-7-1ep_1vpo_const,24.479935460134666,6.97515616139911,6.042296072507553,3.355704697986576,1.1067708333333328,6.5178043735224565
JayHyeon/Qwen_0.5-VDPO_5e-7-1ep_3vpo_const,25.04698644042252,6.852004431909751,4.682779456193353,2.796420581655479,0.7812499999999996,6.545508274231676
JayHyeon/Qwen_0.5-VDPO_5e-7-3ep_0alp_0lam,24.71974361361188,7.2279757961023074,4.984894259818732,3.355704697986576,1.432291666666666,6.5178043735224565
JayHyeon/Qwen_0.5-VDPO_5e-7-3ep_1vpo_const,24.16521496296493,7.343317068075329,5.81570996978852,3.0201342281879207,1.432291666666666,6.249999999999999
JayHyeon/Qwen_0.5-VDPO_5e-7-3ep_3vpo_const,25.26928549581776,7.24175202196556,5.362537764350453,3.803131991051453,1.2695312499999996,6.443927304964539
JayHyeon/Qwen_0.5-VIPO_5e-7-1ep_0alp_0lam,26.685638550158025,7.834260900707316,7.099697885196375,2.348993288590602,1.2695312499999996,7.0441784869976365
JayHyeon/Qwen_0.5-VIPO_5e-7-1ep_10vpo_const,27.022854913850807,7.692240203539559,7.401812688821751,3.355704697986576,1.432291666666666,7.053413120567376
JayHyeon/Qwen_0.5-VIPO_5e-7-1ep_1vpo_const,24.802191518504237,7.776385232936402,6.797583081570997,1.9015659955257265,1.2695312499999996,7.210401891252953
JayHyeon/Qwen_0.5-VIPO_5e-7-1ep_30vpo_const,26.223531341285565,7.655186826633241,7.401812688821751,2.572706935123044,1.432291666666666,7.0441784869976365
JayHyeon/Qwen_0.5-VIPO_5e-7-1ep_3vpo_const,26.086118166464978,7.67033388545677,6.495468277945619,2.684563758389265,1.432291666666666,7.238105791962175
JayHyeon/Qwen_0.5-VIPO_5e-7-3ep_0alp_0lam,29.30347034756668,6.099203002357716,6.268882175226587,2.460850111856823,0.7812499999999996,6.563977541371156
JayHyeon/Qwen_0.5-VIPO_5e-7-3ep_10vpo_const,28.8138805037301,6.454270227116723,7.250755287009064,3.355704697986576,0.7812499999999996,6.4623965721040175
JayHyeon/Qwen_0.5-VIPO_5e-7-3ep_1vpo_const,28.873832542099404,6.08394171367177,7.477341389728097,4.026845637583895,0.7812499999999996,6.767139479905436
JayHyeon/Qwen_0.5-VIPO_5e-7-3ep_30vpo_const,29.05368865720732,6.616879159578596,7.7039274924471295,3.1319910514541416,0.7812499999999996,6.37928486997636
JayHyeon/Qwen_0.5-VIPO_5e-7-3ep_3vpo_const,29.048701888766253,5.989063404661713,7.02416918429003,3.1319910514541416,0.6184895833333329,6.573212174940895
JayHyeon/Qwen_0.5-cDPO_5e-7-3ep_0vpo_const_0.1,23.925406809487715,7.201174679917629,5.13595166163142,3.691275167785232,1.1067708333333328,6.37005023640662
JayHyeon/Qwen_0.5-cDPO_5e-7-3ep_0vpo_const_0.3,24.747226248576,6.9860820873250375,4.607250755287009,4.138702460850116,1.1067708333333328,6.296173167848698
JayHyeon/Qwen_0.5-rDPO_3e-6-1ep_0vpo_const_0.1,23.213517910255906,6.90518932317681,4.758308157099698,1.0067114093959737,1.1067708333333328,5.511229314420804
JayHyeon/Qwen_0.5-rDPO_5e-7-3ep_0vpo_const_0.1,25.41667220752049,7.1964107499925385,5.287009063444108,2.796420581655479,1.432291666666666,6.767139479905436
JayHyeon/Qwen_0.5-rDPO_5e-7-3ep_0vpo_const_0.3,27.3875539125077,6.775212492911929,4.607250755287009,0.1118568232662209,0.7812499999999996,6.628619976359339
Jimmy19991222/Llama-3-Instruct-8B-SimPO-v0.2,65.40368444615842,29.1238227637126,6.193353474320242,8.612975391498878,8.389583333333334,29.844488770685572
Jimmy19991222/llama-3-8b-instruct-gapo-v2-bert-f1-beta10-gamma0.3-lr1.0e-6-1minus-rerun,67.17221416951466,27.755228582197063,6.042296072507553,5.92841163310962,8.709114583333337,29.26270685579196
Jimmy19991222/llama-3-8b-instruct-gapo-v2-bert_f1-beta10-gamma0.3-lr1.0e-6-scale-log,65.55605792630222,28.613596677525617,5.438066465256798,7.270693512304249,8.167968750000002,29.53051122931442
Jimmy19991222/llama-3-8b-instruct-gapo-v2-bert_p-beta10-gamma0.3-lr1.0e-6-scale-log,63.150551647406665,27.666183558964235,6.495468277945619,4.809843400447425,7.087500000000001,29.01337174940898
Jimmy19991222/llama-3-8b-instruct-gapo-v2-bleu-beta0.1-no-length-scale-gamma0.4,62.84580468711906,29.329731874817796,5.13595166163142,5.7046979865771785,9.071875000000002,28.27460106382979
Jimmy19991222/llama-3-8b-instruct-gapo-v2-rouge2-beta10-1minus-gamma0.3-rerun,66.77504576745258,28.390676236054286,6.117824773413897,7.494407158836691,8.005208333333334,29.53051122931442
Jimmy19991222/llama-3-8b-instruct-gapo-v2-rouge2-beta10-gamma0.3-lr1.0e-6-scale-log,66.05063453857986,28.07503551511944,6.570996978851963,7.158836689038028,7.805208333333336,29.604388297872337
Jimmy19991222/llama-3-8b-instruct-gapo-v2-rougeL-beta10-gamma0.3-lr1.0e-6-scale-log,64.91908137076291,28.56256683836558,6.419939577039275,6.935123042505594,7.383593750000003,30.12152777777778
Joseph717171/Hermes-3-Llama-3.1-8B_TIES_with_Base_Embeds_Initialized_to_Special_Instruct_Toks_dtypeF32,61.854102669805016,30.724096614147953,5.13595166163142,4.36241610738255,13.617187499999996,23.823507683215126
Joseph717171/Llama-3.1-SuperNova-8B-Lite_TIES_with_Base,80.9632885189076,31.46581339489899,18.35347432024169,7.941834451901568,10.74036458333333,32.00539302600473
Josephgflowers/Cinder-Phi-2-V1-F16-gguf,23.565694579271884,22.45340222827221,2.416918429003021,4.250559284116329,1.965625,12.898936170212766
Josephgflowers/Differential-Attention-Liquid-Metal-Tinyllama,22.269245601670235,2.5522242028124382,3.2477341389728096,0.1118568232662209,0.9440104166666662,2.3806885342789585
Josephgflowers/TinyLlama-Cinder-Agent-v1,26.695612087040164,3.804167155031377,3.474320241691843,0.0,2.232291666666667,1.7896719858156025
Josephgflowers/TinyLlama-v1.1-Cinders-World,24.692260978647766,3.107714473502144,3.474320241691843,0.0,0.6184895833333329,2.2052304964539005
Josephgflowers/TinyLlama_v1.1_math_code-world-test-1,0.784363267242029,4.164017098724634,1.9637462235649543,0.0,3.63828125,1.466459810874704
Josephgflowers/Tinyllama-STEM-Cinder-Agent-v1,21.257596510591895,3.731312676862636,6.722054380664652,0.0,1.432291666666666,0.958554964539006
Josephgflowers/Tinyllama-r1,21.19265770378152,3.2046589179465896,3.2477341389728096,0.8948545861297527,1.2695312499999996,1.4941637115839237
JungZoona/T3Q-Qwen2.5-14B-Instruct-1M-e3,73.2396707403024,65.46659667305961,28.625377643504528,22.259507829977633,38.688020833333326,54.27009456264776
JungZoona/T3Q-qwen2.5-14b-v1.0-e3,73.2396707403024,65.46659667305961,28.625377643504528,22.259507829977633,38.688020833333326,54.27009456264776
Junhoee/Qwen-Megumin,71.41118897857685,33.64214368642437,49.01812688821752,6.152125279642054,8.187239583333335,35.54225768321512
KSU-HW-SEC/Llama3-70b-SVA-FT-1415,61.79913739987677,51.328741195678994,21.978851963746223,16.666666666666664,17.801041666666663,47.140957446808514
KSU-HW-SEC/Llama3-70b-SVA-FT-500,61.052230304481,51.8870262488106,21.37462235649547,17.4496644295302,16.993229166666666,46.96549940898345
KSU-HW-SEC/Llama3-70b-SVA-FT-final,61.64676391973297,51.328741195678994,21.978851963746223,16.666666666666664,17.801041666666663,47.140957446808514
KSU-HW-SEC/Llama3.1-70b-SVA-FT-1000step,72.38039512936786,55.48536459580824,32.09969788519638,19.463087248322143,17.830468749999998,47.242538416075654
Khetterman/DarkAtom-12B-v3,61.734198593066395,31.6595419899606,11.10271903323263,6.375838926174497,16.116927083333334,28.29307033096927
Khetterman/Kosmos-8B-v1,41.291107594515886,31.75895920189927,9.894259818731117,6.487695749440718,8.819010416666668,29.659796099290777
Kimargin/GPT-NEO-1.3B-wiki,19.2068156934711,3.423611572649296,1.4350453172205435,0.0,6.932552083333333,1.0970744680851066
KingNish/Qwen2.5-0.5b-Test-ft,26.708134416681073,6.058845092070314,3.5498489425981874,1.789709172259505,1.432291666666666,7.65366430260047
KingNish/Reasoning-0.5b,21.7421995859874,7.491210642552303,2.190332326283988,2.348993288590602,2.0833333333333326,7.127290189125294
KingNish/Reasoning-Llama-3b-v0.1,62.246284303426016,19.86245115758441,12.990936555891238,1.230425055928408,2.3950520833333333,22.549128250591018
KingNish/qwen-1b-continued,12.547263483113692,4.387464099020609,0.906344410876133,2.348993288590602,5.6677083333333345,2.897828014184398
KingNish/qwen-1b-continued-v2,15.787111530738445,4.989232311632899,1.0574018126888218,0.0,2.675520833333333,2.14058806146572
KingNish/qwen-1b-continued-v2.1,11.26832360359402,4.197658352409889,0.906344410876133,2.348993288590602,10.957812500000005,3.0917553191489344
KingNish/qwen-1b-continued-v2.2,14.12596355447989,4.956068589848116,1.5105740181268883,0.8948545861297527,2.2460937499999996,2.916297281323877
Kquant03/CognitiveFusion2-4x7B-BF16,35.665700341759866,17.689002759870313,5.740181268882175,4.809843400447425,9.95234375,19.917257683215126
Kquant03/L3-Pneuma-8B,23.74056392593873,28.820201716269676,5.0604229607250755,7.606263982102905,10.211197916666668,24.266770094562652
Krystalan/DRT-o1-14B,40.67662690549963,48.14182185507073,48.26283987915408,13.646532438478744,19.83880208333333,46.429890661938536
Krystalan/DRT-o1-7B,39.28276971768241,35.73893662836844,44.78851963746224,9.50782997762864,24.08203125,35.01588356973995
Kukedlc/NeuralExperiment-7b-MagicCoder-v7.5,45.52509563513699,16.386034485864904,6.646525679758309,6.152125279642054,13.058072916666664,20.268173758865245
Kukedlc/NeuralLLaMa-3-8b-DT-v0.1,43.71412297149342,28.008307823364888,8.08157099697885,7.046979865771815,9.68932291666667,31.017287234042552
Kukedlc/NeuralLLaMa-3-8b-ORPO-v0.3,52.759123569905626,22.39171190823084,4.833836858006042,0.0,3.65390625,22.853871158392433
Kukedlc/NeuralSynthesis-7B-v0.1,41.84563624516284,31.83439540006779,6.3444108761329305,4.138702460850116,13.160156250000004,22.770759456264773
Kukedlc/NeuralSynthesis-7B-v0.3,40.78400865259733,31.811748341244265,7.779456193353475,4.026845637583895,13.389583333333327,22.779994089834513
Kukedlc/NeuralSynthesis-7b-v0.4-slerp,39.47259936967247,31.99718681136041,6.268882175226587,3.691275167785232,13.056250000000004,22.696882387706857
Kukedlc/Qwen-2.5-7b-Spanish-o1-CoT,42.10295349672203,36.86336502529178,27.26586102719033,9.395973154362418,18.44296875,37.37071513002365
Kumar955/Hemanth-llm,50.45102550122565,33.044262388969805,7.02416918429003,4.36241610738255,14.503645833333335,23.472591607565015
L-RAGE/3_PRYMMAL-ECE-7B-SLERP-V1,27.42257210867166,19.083009480539996,10.80060422960725,4.250559284116329,6.18359375,21.38556442080378
LEESM/llama-2-7b-hf-lora-oki100p,25.129434345314877,10.265743141867237,1.6616314199395772,2.572706935123044,3.5578125000000003,9.509825650118202
LEESM/llama-2-7b-hf-lora-oki10p,22.70143219989627,9.438287176618806,1.6616314199395772,0.5592841163310973,1.1067708333333328,7.542848699763592
LEESM/llama-3-8b-bnb-4b-kowiki231101,16.848739123303943,16.93486814930169,1.3595166163141994,2.796420581655479,3.0598958333333326,15.83554964539007
LEESM/llama-3-Korean-Bllossom-8B-trexlab-oki10p,21.37251381888943,19.79743576091139,4.682779456193353,3.355704697986576,7.665885416666669,24.183658392434985
LGAI-EXAONE/EXAONE-3.0-7.8B-Instruct,71.92826145737754,17.97733539518049,30.438066465256796,2.1252796420581683,3.298958333333333,28.63475177304965
LGAI-EXAONE/EXAONE-3.5-2.4B-Instruct,79.50449252428001,15.94743717105687,36.78247734138973,2.1252796420581683,3.165625,25.33798758865248
LGAI-EXAONE/EXAONE-3.5-32B-Instruct,83.91833668000905,39.82420331711213,51.283987915407856,5.033557046979867,5.150000000000001,40.40890957446809
LGAI-EXAONE/EXAONE-3.5-7.8B-Instruct,81.3604569209697,25.65374942082902,47.507552870090635,1.0067114093959737,4.9421875,34.812721631205676
LLM360/K2,22.52157608478836,28.220402834201128,2.719033232628399,3.5794183445190177,8.550000000000004,22.272089243498815
LLM360/K2-Chat,51.51763986223221,33.79382923599304,10.347432024169184,7.494407158836691,16.824999999999996,26.34456264775413
LLM4Binary/llm4decompile-1.3b-v2,22.67893633337323,5.915475430438469,1.283987915407855,0.0,9.43046875,2.3252807328605196
Lambent/qwen2.5-reinstruct-alternate-lumen-14B,47.93813747523238,48.989609006737815,46.22356495468278,16.890380313199106,19.624999999999996,48.757018321512994
Langboat/Mengzi3-8B-Chat,51.3977357854936,25.188298449475575,9.06344410876133,3.243847874720355,9.040625,23.795803782505907
Lawnakk/BBA100,20.75803312987318,2.1684042140448265,0.9818731117824772,0.0,8.24609375,1.3556442080378246
Lawnakk/BBALAW1,19.054442213327302,2.532750619273585,0.9818731117824772,0.0,10.3421875,1.3464095744680846
Lawnakk/BBALAW1.0,13.511482865463638,1.2476381461675576,0.0,0.7829977628635317,2.5716145833333326,1.4202866430260035
Lawnakk/BBALAW1.2,13.543952268868823,1.316794909883146,0.0,1.9015659955257265,2.5716145833333326,1.1709515366430252
Lawnakk/BBALAW1.3,13.543952268868823,1.223376519696021,0.0,1.45413870246085,2.8382812499999996,1.041666666666666
Lawnakk/BBALAW1.6,52.45437660961804,36.42650233476133,36.027190332326285,9.843400447427292,12.572135416666669,38.968306737588655
Lawnakk/BBALAW1.61,57.71253607095839,36.40356700548264,36.63141993957704,8.948545861297541,12.50546875,38.56198286052009
Lawnakk/BBALAW1.62,50.46099903810777,37.104537583170234,28.24773413897281,9.284116331096197,12.758333333333336,39.383865248226954
Lawnakk/BBALAW1.63,44.07383520170925,36.36091509685001,37.00906344410876,8.277404921700223,11.958333333333336,38.56198286052009
Lawnakk/BBALAW1.64,13.946107439371977,1.7755006354076055,0.0,0.0,2.0833333333333326,1.2817671394799046
LenguajeNaturalAI/leniachat-gemma-2b-v0,21.497404664069116,4.1382969637280675,1.1329305135951662,2.1252796420581683,3.63828125,1.891252955082742
LenguajeNaturalAI/leniachat-qwen2-1.5B-v0,22.211842356059694,12.771666354808303,1.283987915407855,1.5659955257270708,3.873697916666666,9.77763002364066
LeroyDyer/CheckPoint_A,45.127927233074914,25.80938677777848,5.8912386706948645,4.4742729306487705,11.385416666666666,20.886894208037827
LeroyDyer/CheckPoint_B,44.39852923576112,26.27124893315022,7.175226586102719,5.369127516778524,6.830468750000001,21.19163711583924
LeroyDyer/CheckPoint_C,34.76896855897907,24.18304052622304,5.5135951661631415,2.796420581655479,12.960156250000002,22.456781914893615
LeroyDyer/CheckPoint_R1,17.278376928771216,17.927717512520747,4.305135951661631,3.243847874720355,8.459895833333333,13.388371749408984
LeroyDyer/LCARS_AI_001,31.094495937445977,19.460966800253622,2.3413897280966767,1.789709172259505,13.328906250000005,18.55976654846335
LeroyDyer/LCARS_AI_1x4_003_SuperAI,41.11125147940797,28.423430655930204,5.740181268882175,4.36241610738255,15.560156250000004,21.911938534278956
LeroyDyer/LCARS_AI_StarTrek_Computer,35.8256093831035,21.78100309570489,4.078549848942599,2.348993288590602,7.444270833333334,16.204934988179666
LeroyDyer/LCARS_TOP_SCORE,43.70658741029358,31.69912679947687,6.722054380664652,4.809843400447425,12.426822916666673,22.567597517730498
LeroyDyer/Mixtral_AI_SwahiliTron_7b,15.339964627189191,3.211683047233007,1.3595166163141994,2.0134228187919474,1.920572916666666,2.30681146572104
LeroyDyer/SpydazWebAI_Human_AGI,33.88221031308041,7.445695539873622,1.4350453172205435,4.36241610738255,7.379427083333333,5.317302009456265
LeroyDyer/SpydazWebAI_Human_AGI_001,31.1819306107794,8.661200013836998,1.9637462235649543,6.487695749440718,8.224479166666667,4.735520094562647
LeroyDyer/SpydazWeb_AI_CyberTron_Ultra_7b,15.557276914143362,27.74553183153259,1.3595166163141994,5.7046979865771785,10.303125000000003,20.72990543735224
LeroyDyer/SpydazWeb_AI_HumanAGI_001_M2,39.39513823322119,27.92150509438776,3.8519637462235647,5.257270693512303,15.254427083333336,22.281323877068555
LeroyDyer/SpydazWeb_AI_HumanAGI_002,40.87643009437183,29.62691236357759,6.646525679758309,4.921700223713646,21.144531249999996,22.872340425531913
LeroyDyer/SpydazWeb_AI_HumanAI_001,22.516589316347293,8.06526235359233,1.6616314199395772,5.145413870246088,6.053906250000002,3.008643617021276
LeroyDyer/SpydazWeb_AI_HumanAI_006,14.300832901146736,6.725319981390316,1.0574018126888218,4.026845637583895,1.7656250000000016,1.5033983451536632
LeroyDyer/SpydazWeb_AI_HumanAI_007,33.51751131442351,8.46281905839016,2.2658610271903323,5.145413870246088,9.236458333333331,3.9136377068557904
LeroyDyer/SpydazWeb_AI_HumanAI_009_CHAT,29.73310815303395,7.033815600268059,1.6616314199395772,4.138702460850116,10.31875,4.809397163120566
LeroyDyer/SpydazWeb_AI_HumanAI_010_CHAT,25.06948230694557,7.351959868629893,1.812688821752266,1.230425055928408,10.01484375,4.781693262411347
LeroyDyer/SpydazWeb_AI_HumanAI_011_INSTRUCT,31.48667757106699,9.415285279602362,1.4350453172205435,3.9149888143176734,5.793229166666667,6.610150709219859
LeroyDyer/SpydazWeb_AI_HumanAI_011_INSTRUCT_ML,37.524213531208304,15.599125312205128,2.56797583081571,5.7046979865771785,10.922916666666666,11.31981382978723
LeroyDyer/SpydazWeb_AI_HumanAI_011_INSTRUCT_ML_r1,40.496770790391714,27.188612130290466,5.5135951661631415,5.7046979865771785,7.250260416666667,21.736480496453904
LeroyDyer/SpydazWeb_AI_HumanAI_012_INSTRUCT_IA,30.35512440325004,23.116920348203426,4.45619335347432,6.823266219239373,11.16796875,14.764332151300236
LeroyDyer/SpydazWeb_AI_HumanAI_012_INSTRUCT_MX,30.65987136353764,5.885758837366411,1.5105740181268883,5.480984340044745,3.5481770833333326,1.1894208037825047
LeroyDyer/SpydazWeb_AI_HumanAI_012_INSTRUCT_XA,35.78815321125724,22.464434124386617,4.229607250755287,7.941834451901568,9.77578125,15.290706264775414
LeroyDyer/SpydazWeb_AI_HumanAI_RP,25.41168543907942,7.1764945791517105,1.283987915407855,3.355704697986576,5.865885416666665,3.599660165484633
LeroyDyer/SpydazWeb_AI_HumanAI_TextVision,30.62740196013245,7.525593201173674,1.4350453172205435,5.592841163310966,7.497135416666669,4.301492316784869
LeroyDyer/SpydazWeb_HumanAI_M1,35.820622614662426,10.02754339015283,2.492447129909366,2.348993288590602,4.289322916666667,7.367390661938533
LeroyDyer/SpydazWeb_HumanAI_M2,37.50171766468526,15.397194202296944,2.8700906344410875,3.9149888143176734,3.9932291666666657,11.227467494089831
LeroyDyer/SpydazWeb_HumanAI_M3,15.787111530738445,4.765388996591294,0.906344410876133,2.796420581655479,7.128385416666667,1.6511524822695034
LeroyDyer/_Spydaz_Web_AI_12,27.64985793250797,4.495993524198578,1.3595166163141994,2.460850111856823,2.2028645833333327,1.521867612293143
LeroyDyer/_Spydaz_Web_AI_14,18.11770546594148,2.162400468558809,1.2084592145015105,2.1252796420581683,1.1067708333333328,1.549571513002364
LeroyDyer/_Spydaz_Web_AI_AGI_R1_001,45.05046609662362,24.633582827112217,6.3444108761329305,2.348993288590602,11.465885416666666,19.270833333333332
LeroyDyer/_Spydaz_Web_AI_AGI_R1_002,53.06885729863429,25.041939148110867,5.81570996978852,2.460850111856823,11.78359375,21.043882978723403
LeroyDyer/_Spydaz_Web_AI_AGI_R1_MUSR,47.860676338781104,25.691235509522457,6.042296072507553,4.5861297539149914,21.428645833333334,20.314346926713945
LeroyDyer/_Spydaz_Web_AI_AGI_R1_MasterCoder,41.4259719765777,26.08792985697224,6.117824773413897,3.467561521252797,18.73072916666667,19.104609929078016
LeroyDyer/_Spydaz_Web_AI_AGI_R1_Math_001,45.714925287127045,27.307995975060845,6.948640483383686,3.5794183445190177,19.897135416666668,18.679816784869978
LeroyDyer/_Spydaz_Web_AI_AGI_R1_Math_003,62.00148938150774,26.687805677059902,6.948640483383686,4.138702460850116,10.724739583333331,22.20744680851064
LeroyDyer/_Spydaz_Web_AI_AGI_R1_Math_AdvancedStudent,59.50854842927876,28.149314045731852,5.438066465256798,5.592841163310966,25.144531249999996,22.21668144208038
LeroyDyer/_Spydaz_Web_AI_AGI_R1_Math_Student,57.35781060918363,27.800315912370294,5.13595166163142,5.369127516778524,24.452083333333334,21.413268321513
LeroyDyer/_Spydaz_Web_AI_AGI_R1_Math_Teacher,57.72250960784053,26.94544131311821,5.438066465256798,4.809843400447425,25.51328125,21.736480496453904
LeroyDyer/_Spydaz_Web_AI_AGI_R1_OmG_001,58.17963004827192,28.227992314307016,5.0604229607250755,6.711409395973152,15.608854166666667,21.17316784869976
LeroyDyer/_Spydaz_Web_AI_AGI_R1_OmG_002,54.6150879665953,25.17142443952299,4.984894259818732,3.803131991051453,15.452083333333333,20.739140070921984
LeroyDyer/_Spydaz_Web_AI_AGI_R1_OmG_Coder,49.237024428516335,24.689255801381034,5.438066465256798,3.1319910514541416,32.37395833333334,20.997709810874703
LeroyDyer/_Spydaz_Web_AI_AGI_R1_OmG_Math,50.33112142448702,25.173866858214165,4.758308157099698,4.36241610738255,13.171614583333335,21.256279550827426
LeroyDyer/_Spydaz_Web_AI_AGI_R1_OmG_MathMaster,55.584294117386314,26.599272622298702,5.362537764350453,5.033557046979867,15.80703125,18.57823581560283
LeroyDyer/_Spydaz_Web_AI_AGI_R1_Student_Coder,54.49518388985669,25.0582336059518,6.570996978851963,4.5861297539149914,13.954166666666673,19.64945330969267
LeroyDyer/_Spydaz_Web_AI_AGI_R1_Teacher_Coder,50.815724499882535,27.13550121385457,6.495468277945619,5.480984340044745,13.593229166666667,20.499039598108748
LeroyDyer/_Spydaz_Web_AI_AGI_R1_Top_Student,60.395306675177416,29.306594525870576,7.250755287009064,3.0201342281879207,29.37395833333333,22.49372044917257
LeroyDyer/_Spydaz_Web_AI_AGI_R1_X1,42.7323944910615,26.46227536747539,5.664652567975831,1.342281879194629,11.763802083333337,21.006944444444443
LeroyDyer/_Spydaz_Web_AI_AGI_R1_X2,54.337823641271825,27.24420156630025,6.117824773413897,6.375838926174497,19.12473958333333,21.339391252955085
LeroyDyer/_Spydaz_Web_AI_AGI_RP_R1,54.26036250482054,25.310204381698416,6.042296072507553,2.572706935123044,11.38359375,21.043882978723403
LeroyDyer/_Spydaz_Web_AI_BIBLE_002,21.949538336059433,6.349580156104774,1.7371601208459215,4.5861297539149914,2.4539062499999997,4.089095744680851
LeroyDyer/_Spydaz_Web_AI_ChatML_002,24.12277202267761,4.191974214495695,1.1329305135951662,1.0067114093959737,2.7890625000000004,1.0509013002364058
LeroyDyer/_Spydaz_Web_AI_ChatQA,14.14591062824417,5.599561733978841,0.9818731117824772,2.1252796420581683,2.5578125000000003,5.280363475177306
LeroyDyer/_Spydaz_Web_AI_ChatQA_003,22.09193827932109,4.293436202390652,1.0574018126888218,2.796420581655479,5.830468750000001,1.4756944444444438
LeroyDyer/_Spydaz_Web_AI_TEMP_,47.95309778055559,28.61644015422753,12.386706948640484,3.9149888143176734,11.652083333333335,23.56493794326241
LeroyDyer/_Spydaz_Web_AI_Top_Teacher_,44.03881700554528,27.7244640207969,11.555891238670696,3.691275167785232,14.475520833333327,23.88815011820331
LightningRodLabs/Flashlight-v1.0,67.4544652632792,55.15022389243257,49.69788519637463,12.304250559284116,9.92838541666667,48.91400709219858
LightningRodLabs/Flashlight-v1.1,67.20967034136092,55.432811255376855,53.24773413897282,11.968680089485462,8.995052083333334,49.06176122931441
LightningRodLabs/Flashlight-v1.2,43.599205663195875,6.159209487289303,15.55891238670695,0.0,16.45390625,16.500443262411345
Lil-R/2_PRYMMAL-ECE-2B-SLERP-V1,58.23459531820015,19.53491130754225,9.138972809667674,7.494407158836691,13.916927083333334,18.642878250591018
Lil-R/2_PRYMMAL-ECE-2B-SLERP-V2,55.42693386880145,20.197376640583055,9.441087613293051,6.375838926174497,15.620833333333335,19.38164893617021
Lil-R/2_PRYMMAL-ECE-7B-SLERP,55.77412376937637,36.482570049394035,36.329305135951664,8.05369127516779,13.483854166666667,38.968306737588655
Lil-R/2_PRYMMAL-ECE-7B-SLERP-V1,10.733742026711347,2.7840182309259673,0.0755287009063444,0.1118568232662209,7.318749999999999,1.374113475177304
Lil-R/2_PRYMMAL-ECE-7B-SLERP-V2,10.733742026711347,2.7840182309259673,0.0755287009063444,0.1118568232662209,7.318749999999999,1.374113475177304
Lil-R/2_PRYMMAL-ECE-7B-SLERP-V3,22.346706738121515,10.612229209084203,0.6042296072507553,0.8948545861297527,9.738541666666668,9.075797872340424
Lil-R/PRYMMAL-ECE-1B-SLERP-V1,28.743954928478654,17.999676133564762,10.347432024169184,3.467561521252797,7.346354166666667,21.39479905437352
Lil-R/PRYMMAL-ECE-7B-SLERP-V8,12.58471965495995,2.270601109130521,0.9818731117824772,0.0,3.0598958333333326,1.4202866430260035
LilRg/10PRYMMAL-3B-slerp,19.45903535951276,34.877917500461,14.954682779456194,9.50782997762864,15.71328125,32.014627659574465
LilRg/ECE-1B-merge-PRYMMAL,27.122811916825135,19.141465000010825,10.120845921450153,4.138702460850116,5.279687499999999,21.1824024822695
LilRg/ECE_Finetunning,4.453849120334047,26.530834895216355,4.531722054380665,4.36241610738255,7.693489583333334,24.34988179669031
LilRg/PRYMMAL-6B-slerp,11.533065599276586,2.2124311744899985,0.0,0.0,4.452083333333333,1.198655437352245
LilRg/PRYMMAL-ECE-7B-SLERP-V3,12.432346174816152,2.2903233313527434,0.9818731117824772,0.8948545861297527,3.193229166666668,1.4110520094562635
LilRg/PRYMMAL-ECE-7B-SLERP-V4,12.492298213185457,2.2903233313527434,0.9818731117824772,0.8948545861297527,3.193229166666668,1.4110520094562635
LilRg/PRYMMAL-ECE-7B-SLERP-V5,12.492298213185457,2.2903233313527434,0.9818731117824772,0.8948545861297527,3.193229166666668,1.4110520094562635
LilRg/PRYMMAL-ECE-7B-SLERP-V6,12.432346174816152,2.2903233313527434,0.9818731117824772,0.8948545861297527,3.193229166666668,1.4110520094562635
LilRg/PRYMMAL-ECE-7B-SLERP-V7,12.492298213185457,2.2903233313527434,0.9818731117824772,0.8948545861297527,3.193229166666668,1.4110520094562635
LilRg/PRYMMAL-slerp-Merge,30.440010283824694,35.553775523419816,16.1631419939577,9.395973154362418,17.2015625,31.811465721040182
LimYeri/CodeMind-Llama3-8B-unsloth_v2-merged,69.46280314011267,26.655629407381003,6.646525679758309,2.0134228187919474,2.218489583333334,27.840573286052013
LimYeri/CodeMind-Llama3-8B-unsloth_v3-merged,67.62933460994606,27.02521610839599,6.797583081570997,1.1185682326621946,1.1518229166666667,27.729757683215126
LimYeri/CodeMind-Llama3-8B-unsloth_v4-one-DPO-merged,64.92406813920398,26.37017668673992,6.797583081570997,2.460850111856823,3.565625000000001,26.150635342789595
LimYeri/CodeMind-Llama3-8B-unsloth_v4-one-merged,32.10869382128308,24.57473532012109,5.5135951661631415,7.941834451901568,9.399218750000005,26.14140070921986
LimYeri/CodeMind-Llama3.1-8B-unsloth-merged,64.90157227268094,24.185738827978955,10.876132930513595,1.9015659955257265,6.038281250000002,26.002881205673763
Locutusque/CollectiveLM-Falcon-3-7B,39.182812714708085,30.787344558496812,21.827794561933533,10.067114093959727,6.957812500000003,28.874852245862886
Locutusque/Hercules-6.0-Llama-3.1-8B,66.30041622893921,26.63965184405082,16.691842900302113,1.9015659955257265,2.432291666666666,29.050310283687946
Locutusque/Hercules-6.1-Llama-3.1-8B,60.068063848366776,24.151873375413786,17.598187311178247,1.45413870246085,3.4166666666666674,29.650561465721044
Locutusque/Llama-3-NeuralHercules-5.0-8B,44.89310584803876,16.34207153663529,4.305135951661631,2.460850111856823,6.7757812500000005,21.47791075650118
Locutusque/Llama-3-Yggdrasil-2.0-8B,53.70583385417359,26.922800957191782,8.308157099697885,1.6778523489932915,8.073697916666669,24.072842789598106
Locutusque/TinyMistral-248M-v2.5,13.36409615376091,3.181881126755549,0.9818731117824772,0.1118568232662209,5.069531250000002,1.5033983451536632
Luni/StarDust-12b-v1,54.59259210007225,34.44627563758498,7.628398791540786,3.467561521252797,13.755989583333331,26.797059692671393
Luni/StarDust-12b-v2,56.28620947973599,34.95288411454464,6.873111782477341,5.8165548098433995,14.259895833333331,27.101802600472812
Lunzima/NQLSG-Qwen2.5-14B-MegaFusion-v3,70.48697456083192,49.31202888085861,41.616314199395774,17.561521252796418,19.59375,48.82166075650118
Lunzima/NQLSG-Qwen2.5-14B-MegaFusion-v4,69.4303337367075,48.72079878457851,34.66767371601209,16.21923937360179,19.409374999999994,47.242538416075654
Lunzima/NQLSG-Qwen2.5-14B-MegaFusion-v5,74.85084021507379,49.50507308185843,43.58006042296073,14.988814317673372,16.846093749999998,46.00509751773049
Lunzima/NQLSG-Qwen2.5-14B-MegaFusion-v6,70.4320092909037,49.104366248398456,39.577039274924466,17.00223713646532,18.964322916666664,48.8031914893617
Lunzima/NQLSG-Qwen2.5-14B-MegaFusion-v6-cpt,46.634152936430894,44.89488240805749,33.157099697885194,16.778523489932887,21.38411458333333,46.716164302600475
Lunzima/NQLSG-Qwen2.5-14B-MegaFusion-v7,67.93906833867472,50.00470562826306,41.012084592145015,17.225950782997764,20.356510416666666,48.6184988179669
Lunzima/NQLSG-Qwen2.5-14B-MegaFusion-v7-rebase,69.3054428915278,48.854078526667685,34.06344410876133,16.666666666666664,21.33489583333333,47.519577423167846
Lunzima/NQLSG-Qwen2.5-14B-MegaFusion-v8,78.74761189200211,49.0341381962539,55.58912386706949,11.409395973154364,15.18723958333333,46.734633569739955
Lunzima/NQLSG-Qwen2.5-14B-MegaFusion-v8.5,59.28624937388352,49.07822518409933,36.5558912386707,17.337807606263986,19.45442708333333,47.667331560283685
Lunzima/NQLSG-Qwen2.5-14B-MegaFusion-v8.6,59.19382793210902,48.98525935245095,40.70996978851964,17.897091722595075,22.082031249999996,48.88630319148937
Lunzima/NQLSG-Qwen2.5-14B-MegaFusion-v8.7,78.74761189200211,49.91009317302106,54.0785498489426,13.534675615212524,15.157812499999997,47.131722813238774
Lunzima/NQLSG-Qwen2.5-14B-MegaFusion-v8.8,70.27963581075988,50.74642495052259,42.37160120845921,16.778523489932887,21.06640625,48.03671690307329
Lunzima/NQLSG-Qwen2.5-14B-MegaFusion-v8.9,79.93413032974729,49.946869654224066,53.70090634441088,10.626398210290828,14.269531249999996,46.660756501182036
Lunzima/NQLSG-Qwen2.5-14B-MegaFusion-v9,52.35198163096141,50.25550159491318,43.65558912386707,18.456375838926174,19.3703125,49.13563829787233
Lunzima/NQLSG-Qwen2.5-14B-MegaFusion-v9-stock,65.13639365771708,50.620019436503945,41.842900302114806,17.897091722595075,19.711458333333336,49.02482269503546
Lunzima/NQLSG-Qwen2.5-14B-MegaFusion-v9.1,80.02655177152178,50.73787805937095,54.68277945619335,12.416107382550338,14.757812499999998,47.23330378250591
Lunzima/NQLSG-Qwen2.5-14B-MegaFusion-v9.2,78.62272104682242,50.455174757059126,53.32326283987915,14.093959731543624,15.261718749999996,47.593454491725765
Lunzima/NQLSG-Qwen2.5-14B-OriginalFusion,61.419478095896665,50.991749442122575,42.74924471299094,17.4496644295302,23.952864583333326,47.094784278959814
Lyte/Llama-3.1-8B-Instruct-Reasoner-1o1_v0.3,70.98155117310957,27.83521213410715,19.033232628398792,2.684563758389265,4.8989583333333355,29.08724881796691
Lyte/Llama-3.2-1B-Instruct-COT-RL-Expriement1-EP04,57.73503193748144,8.894408584162113,8.006042296072508,1.342281879194629,2.5440104166666675,9.362071513002364
Lyte/Llama-3.2-3B-Overthinker,64.07975283359264,20.095582226457154,15.634441087613292,1.230425055928408,3.9049479166666674,22.059692671394796
M4-ai/TinyMistral-248M-v3,16.386631914431486,1.7775539303863237,0.4531722054380665,0.0,5.150000000000001,1.466459810874704
MEscriva/ECE-PRYMMAL-0.5B-FT-V5-MUSR-Mathis,8.662903318749805,3.237774271047842,1.0574018126888216,0.2237136465324418,8.614843750000002,1.7157949172576823
MLP-KTLim/llama-3-Korean-Bllossom-8B,51.12800702136997,26.927527973055067,10.196374622356496,1.6778523489932915,3.63229166666667,28.819444444444446
MTSAIR/Cotype-Nano,37.479221798162214,14.446870023241225,9.743202416918429,2.684563758389265,2.114583333333334,16.40809692671395
MTSAIR/MultiVerse_70B,52.49183278146429,46.135898982415,19.259818731117825,13.870246085011187,18.815364583333327,42.89302600472813
Magpie-Align/Llama-3-8B-Magpie-Align-SFT-v0.1,43.61416596851908,23.990124398411343,5.740181268882175,1.6778523489932915,0.0,20.702201536643024
Magpie-Align/Llama-3-8B-Magpie-Align-SFT-v0.3,50.635868384774625,23.698815892387582,7.326283987915408,2.1252796420581683,0.3968749999999998,21.1362293144208
Magpie-Align/Llama-3-8B-Magpie-Align-v0.1,41.181177054659415,26.69176089392447,3.3987915407854987,3.355704697986576,1.920572916666666,22.2905585106383
Magpie-Align/Llama-3-8B-Magpie-Align-v0.3,44.97056698449004,24.311446807587014,5.664652567975831,2.0134228187919474,3.7421875,23.712692080378247
Magpie-Align/Llama-3.1-8B-Magpie-Align-SFT-v0.1,47.82067137417607,26.13667696363235,8.987915407854985,1.45413870246085,1.8666666666666685,21.588726359338057
Magpie-Align/Llama-3.1-8B-Magpie-Align-v0.1,44.57838535086903,24.04053735093787,6.646525679758309,1.789709172259505,3.091145833333334,25.1348256501182
Magpie-Align/MagpieLM-8B-Chat-v0.1,37.00714105240761,18.25580502860485,6.117824773413897,1.5659955257270708,2.824479166666667,24.386820330969268
Magpie-Align/MagpieLM-8B-SFT-v0.1,47.20619068515982,23.612313350177956,7.552870090634441,2.348993288590602,3.877343750000002,22.1058658392435
MagusCorp/grpo_lora_enem_llama3_7b,47.23622211288271,25.896379467976946,12.16012084592145,7.941834451901568,7.973958333333333,28.59781323877068
ManoloPueblo/ContentCuisine_1-7B-slerp,39.07044419916931,32.78974404613455,7.326283987915408,7.046979865771815,17.26640625,22.816932624113473
ManoloPueblo/LLM_MERGE_CC2,38.53087585384557,33.241073524404655,6.419939577039275,7.270693512304249,16.444791666666664,22.57683215130024
ManoloPueblo/LLM_MERGE_CC3,39.58751667797001,33.23001780763082,7.930513595166164,7.941834451901568,17.42916666666667,23.95279255319149
MarinaraSpaghetti/NemoReRemix-12B,33.42508987264902,36.12470152357596,9.06344410876133,9.060402684563762,15.668229166666665,28.865617612293136
MarinaraSpaghetti/Nemomix-v4.0-12B,55.74664113441224,32.879942700903165,10.80060422960725,5.592841163310966,12.75598958333333,29.031841016548455
Marsouuu/MiniMathExpert-2_61B-ECE-PRYMMAL-Martial,25.484159807089632,15.297499289020854,7.401812688821751,3.355704697986576,9.273697916666668,14.154846335697396
Marsouuu/MiniQwenMathExpert-ECE-PRYMMAL-Martial,27.949618124354487,19.019948525917457,11.404833836858003,4.250559284116329,6.509114583333333,21.35786052009456
Marsouuu/MistralBase-4x7B-MoE-ECE-PRYMMAL-Martial,16.973629968483625,8.870227428732667,1.4350453172205435,1.230425055928408,7.852083333333336,4.209145981087471
Marsouuu/general3B-ECE-PRYMMAL-Martial,27.222658102722995,35.70087336193955,15.483383685800604,9.284116331096197,18.22317708333333,31.959219858156025
Marsouuu/general3Bv2-ECE-PRYMMAL-Martial,56.928172803716365,37.66776306891555,36.70694864048338,8.05369127516779,13.28385416666667,38.86672576832151
Marsouuu/lareneg1_78B-ECE-PRYMMAL-Martial,27.949618124354487,19.019948525917457,11.404833836858003,4.250559284116329,6.509114583333333,21.35786052009456
Marsouuu/lareneg3B-ECE-PRYMMAL-Martial,33.032908239028,36.35072191454026,15.181268882175228,9.955257270693512,18.39192708333333,30.740248226950357
Marsouuu/lareneg3Bv2-ECE-PRYMMAL-Martial,57.53267995585048,37.47164011473157,36.5558912386707,9.284116331096197,12.817187500000005,39.01447990543734
MaziyarPanahi/Calme-4x7B-MoE-v0.1,43.15205875964662,31.26187805626151,8.006042296072508,4.250559284116329,10.619010416666669,22.853871158392433
MaziyarPanahi/Calme-4x7B-MoE-v0.2,42.94472000957459,31.396819621762447,7.401812688821751,3.9149888143176734,12.536718750000004,22.86310579196217
MaziyarPanahi/Llama-3-70B-Instruct-v0.1,47.14380067110822,32.71291726367119,18.051359516616312,4.5861297539149914,15.312760416666672,40.196513002364064
MaziyarPanahi/Llama-3-8B-Instruct-v0.10,76.67433520835827,27.924674302120888,5.740181268882175,7.829977628635347,10.813020833333333,31.80223108747045
MaziyarPanahi/Llama-3-8B-Instruct-v0.8,75.27549125209998,28.270418759783485,7.779456193353475,7.38255033557047,10.924739583333334,31.700650118203303
MaziyarPanahi/Llama-3-8B-Instruct-v0.9,76.3046494412603,27.903013285410186,7.326283987915408,7.718120805369126,9.850260416666666,31.61753841607564
MaziyarPanahi/Qwen1.5-MoE-A2.7B-Wikihow,29.5432785010439,15.47343942401254,8.23262839879154,3.355704697986576,2.010677083333334,15.336879432624112
MaziyarPanahi/Qwen2-7B-Instruct-v0.1,33.52249808286457,31.92360727430821,22.129909365558913,4.697986577181204,13.868229166666667,31.746823286052013
MaziyarPanahi/Qwen2-7B-Instruct-v0.8,27.74726614272353,25.53252452836147,17.673716012084594,5.8165548098433995,12.0640625,28.514701536643027
MaziyarPanahi/calme-2.1-llama3.1-70b,84.34298771703524,48.55364600487639,41.012084592145015,10.402684563758392,13.720572916666663,47.58421985815603
MaziyarPanahi/calme-2.1-phi3-4b,55.2520645221346,38.1242795228128,13.141993957703926,10.626398210290828,8.258072916666668,30.50938238770685
MaziyarPanahi/calme-2.1-phi3.5-4b,56.59095644002358,36.110096929573025,20.39274924471299,12.527964205816552,9.765624999999998,32.61487884160757
MaziyarPanahi/calme-2.1-qwen2-72b,81.62774770941103,57.3258823447103,40.78549848942598,17.4496644295302,20.15234375,49.05252659574468
MaziyarPanahi/calme-2.1-qwen2-7b,38.16119008674761,31.00709744702013,23.11178247734139,5.257270693512303,13.795572916666666,29.918365839243503
MaziyarPanahi/calme-2.1-qwen2.5-72b,86.62360315075111,61.65570318314716,59.13897280966768,15.100671140939594,13.297135416666665,51.3242464539007
MaziyarPanahi/calme-2.1-rys-78b,81.35547015252862,59.4700307859535,39.42598187311178,19.239373601789712,18.99739583333333,49.37573877068559
MaziyarPanahi/calme-2.2-llama3-70b,82.0848681498424,48.57170594999846,23.94259818731118,12.192393736017896,15.30494791666667,46.74386820330969
MaziyarPanahi/calme-2.2-llama3.1-70b,85.92667455684251,54.20646208605566,43.65558912386707,9.955257270693512,17.06953125,49.05252659574468
MaziyarPanahi/calme-2.2-phi3-4b,50.69083365470286,37.733734155011526,14.501510574018129,9.50782997762864,7.695312500000001,31.26662234042553
MaziyarPanahi/calme-2.2-qwen2-72b,80.08151704145003,56.79594225047665,45.31722054380665,16.554809843400445,16.516927083333332,49.27415780141844
MaziyarPanahi/calme-2.2-qwen2-7b,35.97299609480623,33.10936559556884,21.45015105740181,5.480984340044745,13.277864583333338,32.208554964539005
MaziyarPanahi/calme-2.2-qwen2.5-72b,84.76763875406145,61.80360419146786,58.91238670694864,14.5413870246085,12.016666666666673,51.305777186761226
MaziyarPanahi/calme-2.2-rys-78b,79.86420475449586,59.268645675184494,40.70996978851964,20.917225950782996,16.82864583333333,48.72931442080378
MaziyarPanahi/calme-2.3-llama3-70b,80.10401290797307,48.0085850617923,23.26283987915408,11.74496644295302,12.565625000000002,46.716164302600475
MaziyarPanahi/calme-2.3-llama3.1-70b,86.04657863358113,55.58549511699308,39.274924471299094,12.527964205816552,17.736197916666658,48.4799793144208
MaziyarPanahi/calme-2.3-phi3-4b,49.26450706348045,37.65889241962552,14.72809667673716,9.060402684563762,7.754166666666667,31.42361111111111
MaziyarPanahi/calme-2.3-qwen2-72b,38.498406450440385,51.22830430718469,31.722054380664655,16.21923937360179,11.23828125,49.09869976359338
MaziyarPanahi/calme-2.3-qwen2-7b,38.24862476008103,30.95608211537095,20.694864048338367,6.263982102908276,13.313281249999998,29.01337174940898
MaziyarPanahi/calme-2.3-rys-78b,80.65854155862002,59.57454695904105,39.803625377643506,20.581655480984335,16.999218749999997,49.7266548463357
MaziyarPanahi/calme-2.4-llama3-70b,50.27371817887649,48.39776612820646,24.47129909365559,11.968680089485462,13.098958333333336,46.706929669030735
MaziyarPanahi/calme-2.4-qwen2-7b,32.995452067181745,31.8182656422348,20.31722054380665,4.4742729306487705,14.426822916666667,33.076610520094555
MaziyarPanahi/calme-2.4-rys-78b,80.10899967641413,62.15654929467119,40.70996978851964,20.3579418344519,34.56614583333333,66.690676713948
MaziyarPanahi/calme-2.5-qwen2-7b,31.449221399220733,28.28099517875505,22.58308157099698,8.05369127516779,15.791927083333334,29.79831560283688
MaziyarPanahi/calme-2.6-qwen2-7b,34.426765426845215,29.30841923308876,12.16012084592145,4.586129753914999,16.560156250000002,30.352393617021285
MaziyarPanahi/calme-2.7-qwen2-7b,35.92301759331906,28.912244614673995,13.821752265861026,5.480984340044745,19.93671875,30.056885342789595
MaziyarPanahi/calme-3.1-baguette-3b,62.343692513641585,25.50768075774144,25.604229607250755,4.809843400447425,8.565625000000002,26.658540189125297
MaziyarPanahi/calme-3.1-instruct-3b,43.35939750971866,27.309895959339897,17.749244712990937,4.809843400447425,7.401041666666669,28.413120567375884
MaziyarPanahi/calme-3.1-instruct-78b,81.35547015252862,62.40968270370106,39.274924471299094,19.463087248322143,36.49947916666666,68.72229609929079
MaziyarPanahi/calme-3.1-llamaloi-3b,73.75175645066203,23.7691655758483,17.29607250755287,4.138702460850116,1.1067708333333328,24.497635933806144
MaziyarPanahi/calme-3.2-baguette-3b,63.38282423968404,25.865746650731108,28.24773413897281,5.92841163310962,8.595052083333334,25.975177304964536
MaziyarPanahi/calme-3.2-instruct-3b,55.33196363426819,27.976798242393084,21.676737160120847,4.4742729306487705,8.787239583333333,29.47510342789598
MaziyarPanahi/calme-3.2-instruct-78b,80.62607215521483,62.609443282901594,40.33232628398791,20.3579418344519,38.52890624999999,70.03361406619385
MaziyarPanahi/calme-3.3-baguette-3b,63.59514975819714,25.596594106096415,38.066465256797585,4.026845637583895,7.136197916666667,26.021350472813243
MaziyarPanahi/calme-3.3-instruct-3b,64.23212631373644,25.682137818579093,37.38670694864049,4.36241610738255,9.395052083333336,25.615026595744684
Minami-su/Amara-o1-7B-Qwen,73.89914316236475,32.7968298710958,51.81268882175226,5.8165548098433995,8.35,34.258643617021285
Minami-su/Amara-o2-7B-Qwen,71.46615424850509,31.79812727299554,40.86102719033233,1.789709172259505,5.128385416666668,35.163637706855795
Minami-su/test-7B-00,66.90492338107333,21.48995001898129,45.16616314199396,7.046979865771815,10.3421875,28.75480200945626
Minami-su/test-7B-01,67.36204382150471,20.824494266256867,45.54380664652568,7.606263982102905,10.979427083333336,28.173020094562645
Minami-su/test-v2-7B-00,67.47197436136119,21.19075482398095,44.18429003021148,5.592841163310966,10.995052083333336,27.47118794326241
ModelCloud/Llama-3.2-1B-Instruct-gptqmodel-4bit-vortex-v1,52.68919799465418,5.859172283470534,6.042296072507553,0.4474272930648763,1.0479166666666664,8.494015957446807
ModelSpace/GemmaX2-28-9B-v0.1,0.3921816336210145,11.707676917585225,2.719033232628399,3.5794183445190177,3.873697916666666,13.67464539007092
MoonRide/Llama-3.2-3B-Khelavaster,49.24954675815725,22.686343682382105,16.1631419939577,3.691275167785232,5.504947916666668,23.57417257683215
Mostafa8Mehrabi/llama-3.2-1b-Insomnia-ChatBot-merged,13.206735905176044,2.4675184428555217,0.7552870090634441,0.0,1.2695312499999996,1.457225177304964
MrRobotoAI/MrRoboto-ProLong-8b-v4i,38.34603297029659,23.792248519686385,5.5135951661631415,5.257270693512303,9.605208333333328,22.983156028368796
MrRobotoAI/MrRoboto-ProLongBASE-pt8-unaligned-8b,34.754008253655854,22.9412099929998,4.229607250755287,4.138702460850116,12.152343750000002,17.396202718676122
MultivexAI/Gladiator-Mini-Exp-1211-3B,68.760887777763,22.116062493215253,13.746223564954684,3.0201342281879207,2.0833333333333326,23.90661938534279
MultivexAI/Gladiator-Mini-Exp-1221-3B-Instruct,60.78748830879843,20.39546213621821,13.51963746223565,1.789709172259505,1.432291666666666,22.761524822695034
MultivexAI/Gladiator-Mini-Exp-1221-3B-Instruct-V2,62.15386286165153,20.651248138719236,14.123867069486405,1.789709172259505,1.2695312499999996,22.50295508274231
MultivexAI/Gladiator-Mini-Exp-1222-3B-Instruct,61.63180361440977,20.567490871055163,14.123867069486405,1.789709172259505,1.5950520833333328,22.410608747044915
MultivexAI/Phi-3.5-Mini-Instruct-MultiVex-v0.25-GGUF,14.398241111362296,1.6023814703484736,0.6042296072507553,0.6711409395973182,4.524739583333332,1.2078900709219855
Mxode/NanoLM-0.3B-Instruct-v1,15.36744726215331,3.104609898338746,1.4350453172205435,2.9082774049216997,10.440104166666668,1.1709515366430252
Mxode/NanoLM-0.3B-Instruct-v1.1,17.827918810977096,3.0952799822018195,1.3595166163141994,0.0,12.216666666666669,1.3464095744680846
Mxode/NanoLM-0.3B-Instruct-v2,16.67885654507817,2.2094810446663793,0.6797583081570997,1.45413870246085,7.565625,1.4941637115839237
Mxode/NanoLM-1B-Instruct-v1.1,23.95288944445183,6.106919191919192,3.625377643504532,1.789709172259505,2.675520833333333,2.3899231678486985
Mxode/NanoLM-1B-Instruct-v2,26.29844368497808,4.910622895622894,4.1540785498489425,1.789709172259505,4.3343750000000005,2.639258274231678
NAPS-ai/naps-gemma-2-27b-v-0.1.0,0.0,2.3470409575204094,0.0,1.342281879194629,4.524739583333332,1.8635490543735225
NAPS-ai/naps-gemma-2-27b-v0.1.0,0.0,2.3470409575204094,0.0,1.342281879194629,4.524739583333332,1.8635490543735225
NAPS-ai/naps-llama-3_1-8b-instruct-v0.3,53.90818583580456,26.27454019814682,19.033232628398792,6.599552572706939,7.205208333333334,26.649305555555554
NAPS-ai/naps-llama-3_1-8b-instruct-v0.4,73.44202272193337,27.832818693945708,19.637462235649547,3.9149888143176734,13.964322916666667,27.498891843971627
NAPS-ai/naps-llama-3_1-instruct-v0.5.0,50.20124381086628,18.110133310152776,3.625377643504532,2.460850111856823,3.675520833333333,17.93181146572104
NAPS-ai/naps-llama-3_1_instruct-v0.6.0,32.80063564675062,22.339533869982745,6.419939577039275,4.250559284116329,3.971614583333333,24.894725177304963
NAPS-ai/naps-llama3.1-70B-v0.2-fp16,18.449935061193187,3.0702609839914836,0.0,0.0,2.675520833333333,1.0970744680851066
NCSOFT/Llama-VARCO-8B-Instruct,44.703276196048705,29.177056729688577,10.649546827794564,6.263982102908276,10.775781249999996,24.33141252955083
NJS26/NJS_777,18.809647291409014,3.1606011091305213,0.0,0.0,3.2226562499999996,1.8081412529550824
NLPark/AnFeng_v3.1-Avocet,50.96311121158526,40.309033651453255,15.93655589123867,9.955257270693512,14.979947916666662,38.20183215130024
NLPark/B-and-W_Flycatcher-3AD1E,49.08465094837254,43.74245801092346,23.791540785498487,10.738255033557047,13.883854166666673,41.56323877068557
NLPark/Shi-Ci-Robin-Test_3AD80,72.26547782107032,52.265661751102094,31.57099697885196,14.65324384787472,18.86588541666667,45.78346631205674
NTQAI/NxMobileLM-1.5B-SFT,63.92239258500778,16.162542725891466,8.459214501510575,1.230425055928408,2.4401041666666674,20.19429669030733
NTQAI/Nxcode-CQ-7B-orpo,40.07211975336551,17.58000487008142,2.190332326283988,0.5592841163310973,7.04609375,6.794843380614658
NYTK/PULI-GPTrio,21.79716485591564,3.0152211415704975,1.2084592145015105,2.1252796420581683,5.3343750000000005,1.521867612293143
NYTK/PULI-LlumiX-32K,16.99612583500667,5.107047129907727,1.283987915407855,0.4474272930648763,7.718750000000001,7.561317966903072
Naveenpoliasetty/llama3-8B-V2,41.226168787705504,30.873209425039573,7.854984894259818,5.369127516778524,9.183593750000002,30.417036052009458
NbAiLab/nb-llama-3.1-8B-Instruct,36.2502604201297,5.448858800501278,2.2658610271903323,3.1319910514541416,1.5950520833333328,2.186761229314421
NbAiLab/nb-llama-3.1-8B-sft,36.15783897835521,5.952497646658256,2.190332326283988,0.5592841163310973,1.7578124999999991,2.4638002364066187
Nekochu/Llama-3.1-8B-German-ORPO,46.10710692074806,29.419254274936463,11.706948640483382,8.83668903803132,16.860416666666666,26.593897754137114
Nekochu/Llama-3.1-8B-french-DPO,46.56422736117945,30.03259699633449,9.743202416918429,5.480984340044745,11.561979166666667,26.824763593380613
Nekochu/Luminia-13B-v3,25.231829323971507,17.690523920374847,1.812688821752266,2.684563758389265,8.891666666666667,13.499187352245862
Nekochu/Luminia-8B-RP,55.74165436597117,31.802699112572423,13.595166163141997,6.263982102908276,11.070052083333328,29.235002955082745
NeverSleep/Lumimaid-v0.2-12B,10.993497253952846,34.40988943485442,5.664652567975831,8.612975391498878,21.297656250000003,27.905215721040182
NeverSleep/Lumimaid-v0.2-8B,50.3810999259742,31.96337378118023,14.350453172205436,8.165548098434002,12.32109375,29.290410756501185
Nexesenex/Dolphin3.0-Llama3.1-1B-abliterated,53.11883580012146,6.8620788810826765,3.8519637462235647,0.0,0.2929687499999995,4.14450354609929
Nexesenex/Llama_3.1_8b_DeepDive_3_Prev_v1.0,68.09144181881851,31.122746611299153,18.65558912386707,5.480984340044745,9.456250000000002,27.083333333333332
Nexesenex/Llama_3.1_8b_DeepDive_3_R1_Prev_v1.0,71.0090338080737,30.73278378127992,19.259818731117825,6.711409395973152,10.003385416666667,27.12027186761229
Nexesenex/Llama_3.1_8b_DobHerWild_R1_v1.1R,75.99990248097271,32.825750312399464,23.187311178247736,6.599552572706939,9.885677083333336,29.8721926713948
Nexesenex/Llama_3.1_8b_DoberWild_v2.01,79.95662619627035,32.37775915384321,20.01510574018127,7.046979865771815,10.581770833333328,31.008052600472812
Nexesenex/Llama_3.1_8b_DoberWild_v2.02,77.46368524404136,33.35331271516665,19.939577039274926,5.92841163310962,9.456250000000002,30.71254432624113
Nexesenex/Llama_3.1_8b_DoberWild_v2.03,77.64354135914928,33.032829118870865,20.770392749244714,7.270693512304256,9.989583333333336,30.24157801418439
Nexesenex/Llama_3.1_8b_DodoWild_v2.01,79.77677008116243,32.110872058033216,19.86404833836858,7.158836689038028,12.521093749999997,30.4262706855792
Nexesenex/Llama_3.1_8b_DodoWild_v2.02,80.16895171478345,32.31915252588661,22.734138972809667,7.270693512304249,11.232812499999994,30.67560579196217
Nexesenex/Llama_3.1_8b_DodoWild_v2.03,79.41207108250552,33.022959512096214,22.20543806646526,7.718120805369126,10.31510416666667,30.952644799054376
Nexesenex/Llama_3.1_8b_DodoWild_v2.10,80.53863748188141,32.75807763538685,19.71299093655589,6.152125279642054,11.558333333333328,31.719119385342783
Nexesenex/Llama_3.1_8b_Dolermed_R1_V1.01,75.33544329046929,33.28793158004305,20.166163141993955,7.38255033557047,9.33854166666667,30.361628250591018
Nexesenex/Llama_3.1_8b_Dolermed_R1_V1.03,75.64019025075689,33.285577384040586,20.921450151057403,9.060402684563762,9.605208333333328,30.223108747044915
Nexesenex/Llama_3.1_8b_Dolermed_V1.01,50.865703001369695,31.7058028455963,13.444108761329304,5.92841163310962,10.211197916666668,28.560874704491717
Nexesenex/Llama_3.1_8b_Dolerstormed_V1.04,78.89001183526376,31.641151925155334,19.259818731117825,9.61968680089485,9.169791666666669,32.097739361702125
Nexesenex/Llama_3.1_8b_Hermedash_R1_V1.04,78.71514248859691,31.65897163469844,18.65558912386707,9.731543624161072,10.881510416666664,32.023862293144205
Nexesenex/Llama_3.1_8b_Hermedive_R1_V1.01,50.01141415887623,31.12996175276656,17.749244712990937,4.36241610738255,12.63880208333333,26.963283096926716
Nexesenex/Llama_3.1_8b_Hermedive_R1_V1.03,66.47528557560605,30.801237679727436,18.580060422960727,6.375838926174497,9.130729166666669,27.64664598108747
Nexesenex/Llama_3.1_8b_Hermedive_V1.01,50.61592131101034,27.6484297794192,16.46525679758308,5.257270693512303,8.407031249999996,28.33924349881796
Nexesenex/Llama_3.1_8b_Mediver_V1.01,18.847103463255273,20.441503466276757,0.1510574018126888,3.691275167785232,6.622656250000001,22.1520390070922
Nexesenex/Llama_3.1_8b_Medusa_v1.01,76.85419132346618,30.029014461113167,14.652567975830816,5.592841163310966,9.03463541666667,28.126846926713934
Nexesenex/Llama_3.1_8b_Smarteaz_0.2_R1,63.455298607694246,30.6976172290985,26.057401812688823,6.711409395973152,12.316927083333333,29.39199172576831
Nexesenex/Llama_3.1_8b_Smarteaz_V1.01,81.51283040111349,32.275457070272665,23.413897280966765,7.941834451901568,8.199218750000002,30.398566784869978
Nexesenex/Llama_3.1_8b_Stormeder_v1.04,78.52531283660687,31.780498933752288,18.50453172205438,9.395973154362418,8.36197916666667,31.691415484633573
Nexesenex/Llama_3.1_8b_Typhoon_v1.03,80.7834324037997,33.3207800758965,22.734138972809667,7.606263982102905,7.783593750000001,31.580599881796683
Nexesenex/Llama_3.2_1b_AquaSyn_0.1,27.41004977903075,6.212570678140739,2.190332326283988,0.0,1.920572916666666,4.199911347517731
Nexesenex/Llama_3.2_1b_AquaSyn_0.11,24.312601674667658,3.648692187121848,2.3413897280966767,2.0134228187919474,1.5950520833333328,1.291001773049644
Nexesenex/Llama_3.2_1b_Dolto_0.1,54.337823641271825,6.613056736761025,3.700906344410875,0.0,2.498958333333334,4.042922576832151
Nexesenex/Llama_3.2_1b_Odyssea_V1,25.526602747376963,2.6467030023577163,1.4350453172205435,1.1185682326621946,1.920572916666666,1.6973256501182026
Nexesenex/Llama_3.2_1b_Odyssea_V1.01,24.95456499864803,2.848403718897272,1.7371601208459215,0.7829977628635317,1.920572916666666,1.6880910165484628
Nexesenex/Llama_3.2_1b_OpenTree_R1_0.1,53.663390913886275,6.205590121534224,4.758308157099698,0.3355704697986553,1.6000000000000014,7.496675531914894
Nexesenex/Llama_3.2_1b_OrcaSun_V1,59.48605256275572,9.790397902616846,5.966767371601208,0.0,3.5205729166666675,10.04543439716312
Nexesenex/Llama_3.2_1b_RandomLego_RP_R1_0.1,55.42693386880145,7.937728461020434,5.664652567975831,0.0,1.58125,6.259234633569739
Nexesenex/Llama_3.2_1b_SunOrca_V1,54.295380700984495,7.852676178179103,6.722054380664652,3.243847874720355,2.114583333333334,9.82380319148936
Nexesenex/Llama_3.2_1b_Sydonia_0.1,21.96704743414141,4.742438568322573,2.0392749244712993,0.0,1.9067708333333335,2.491504137115838
Nexesenex/Llama_3.2_1b_Syneridol_0.2,21.5748658005204,4.769662709936999,2.190332326283988,0.0,1.4184895833333335,2.519208037825059
Nexesenex/Llama_3.2_1b_Synopsys_0.1,17.638089158987043,4.9658457398394615,1.6616314199395772,0.0,2.9283854166666674,2.565381205673758
Nexesenex/Llama_3.2_1b_Synopsys_0.11,28.421698870109086,3.4442338168143976,1.283987915407855,1.6778523489932915,3.1500000000000004,1.3648788416075646
Nexesenex/Llama_3.2_3b_Kermes_v1,48.51759996808468,21.16913127462915,3.096676737160121,3.1319910514541416,9.310937500000003,17.193040780141843
Nexesenex/Llama_3.2_3b_Kermes_v2,57.53766672429155,22.049944802060324,5.438066465256798,2.0134228187919474,4.659895833333333,19.270833333333332
Nexesenex/Llama_3.2_3b_Kermes_v2.1,55.839062576186734,22.166370114893436,5.211480362537765,3.9149888143176734,7.510937500000001,18.799867021276594
Nexesenex/Nemotron_W_4b_Halo_0.1,36.27275628665275,18.55038854839016,4.229607250755287,4.026845637583901,10.763802083333337,16.722074468085104
Nexesenex/Nemotron_W_4b_MagLight_0.1,42.30275668559422,19.287938293762227,4.003021148036254,4.4742729306487705,9.934375,17.165336879432623
Nexesenex/Qwen_2.5_3b_Smarteaz_0.01a,40.119549462093914,24.370416982068875,18.051359516616312,3.691275167785232,12.871875,20.665263002364064
Nexesenex/pankajmathur_orca_mini_v9_6_1B-instruct-Abliterated-LPL,58.89905450870358,9.728333239440492,7.477341389728095,2.2371364653243813,2.8106770833333345,8.918809101654844
Nexusflow/NexusRaven-V2-13B,17.90781792311068,15.336448395229596,2.9456193353474323,1.342281879194629,3.7109375,9.685283687943262
NikolaSigmoid/AceMath-1.5B-Instruct-1epoch,28.48918646967823,19.829634263073658,30.513595166163142,3.691275167785232,7.230468750000003,15.290706264775414
NikolaSigmoid/AceMath-1.5B-Instruct-dolphin-r1-200,18.08024929409522,1.586299722165597,0.0,0.7829977628635317,4.303125,1.5865100472813234
NikolaSigmoid/DeepSeek-R1-Distill-Qwen-1.5B-500,17.48571567884325,0.3579812834224598,0.0,0.0,2.2460937499999996,1.383348108747044
NikolaSigmoid/acemath-200,28.48918646967823,19.829634263073658,30.513595166163142,3.691275167785232,7.230468750000003,15.290706264775414
NikolaSigmoid/phi-4-14b,5.607898154674043,52.50069258575488,29.38066465256798,20.46979865771812,23.985937499999995,47.538046690307326
NikolaSigmoid/phi-4-1steps,5.275668559422333,52.760921126950045,29.83383685800604,20.246085011185684,23.62317708333333,47.48263888888889
NikolaSigmoid/phi-4-300steps,5.607898154674043,52.64505879688579,29.45619335347432,20.69351230425056,23.71927083333333,47.63962765957447
Nitral-AI/Captain-Eris-BMO_Violent-GRPO-v0.420,63.12805578088361,30.43355174896298,13.141993957703926,7.941834451901568,12.050260416666662,28.847148345153663
Nitral-AI/Captain-Eris_BMO-Violent-12B,61.5218730745533,31.041896932456876,13.670694864048338,7.941834451901568,12.791406249999996,28.570109338061467
Nitral-AI/Captain-Eris_Violet-GRPO-v0.420,62.615970070523986,31.108573670502523,10.80060422960725,6.487695749440718,12.456249999999995,28.1637854609929
Nitral-AI/Captain-Eris_Violet-V0.420-12B,43.39186691312385,35.32694075023367,10.725075528700906,8.165548098434002,13.899479166666666,30.250812647754135
Nitral-AI/Captain_BMO-12B,47.50595087700634,32.44069784748834,13.972809667673715,9.284116331096197,7.516927083333335,28.54240543735224
Nitral-AI/Hathor_Stable-v0.2-L3-8B,71.74840534226962,32.826028565585965,10.498489425981871,4.921700223713646,5.557812500000004,29.955304373522463
Nitral-AI/Hathor_Tahsin-L3-8B-v0.85,71.10145524984819,32.71311306903596,10.045317220543806,4.697986577181204,4.216666666666668,30.223108747044915
Nitral-AI/Nera_Noctis-12B,45.61751707691148,31.86959138887418,8.761329305135952,1.789709172259505,8.50494791666667,27.425014775413715
Nohobby/MS-Schisandra-22B-v0.1,63.312898664432595,40.01139961622215,22.2809667673716,10.96196868008949,9.70546875,34.39716312056737
Nohobby/MS-Schisandra-22B-v0.2,63.82997114323328,40.61445808855272,20.31722054380665,11.409395973154364,10.668229166666668,34.84966016548463
Norquinal/Alpha,28.029517236488076,8.664581329003166,5.740181268882175,2.0134228187919474,5.785416666666667,22.25361997635934
Norquinal/Bravo,30.24519386339357,10.654043944684554,5.740181268882175,4.250559284116329,7.458072916666668,23.63881501182033
Norquinal/Charlie,30.609892862050472,9.860055463308887,5.81570996978852,2.796420581655479,6.6442708333333345,23.250960401891252
Norquinal/Delta,25.384202804115304,9.097511313782466,6.117824773413897,1.45413870246085,4.310937500000001,21.76418439716312
Norquinal/Echo,31.57909901284148,10.011495800063487,5.740181268882175,3.9149888143176734,6.1559895833333345,23.278664302600472
Norquinal/Foxtrot,30.115316249772825,10.170272602468412,5.81570996978852,4.921700223713646,6.318750000000001,22.779994089834513
Norquinal/Golf,35.33601953926692,9.89858882268834,5.362537764350453,5.369127516778524,4.750000000000002,22.844636524822693
Norquinal/Hotel,32.15113676157041,11.514936892426824,5.287009063444108,3.9149888143176734,2.869531250000001,23.96202718676123
NotASI/FineTome-Llama3.2-1B-0929,39.9072239435808,5.741405038838561,3.625377643504532,3.0201342281879207,2.6617187500000004,4.763223995271866
NotASI/FineTome-Llama3.2-3B-1002,54.744965580216046,19.52006065248879,6.268882175226587,0.1118568232662209,3.963802083333334,15.96483451536643
NotASI/FineTome-v1.5-Llama3.2-1B-1007,39.23777798463632,5.801724673541757,3.1722054380664653,0.0,2.498958333333334,4.744754728132387
NotASI/FineTome-v1.5-Llama3.2-3B-1007,55.07719517546776,19.457219278849333,6.419939577039275,1.5659955257270708,4.067708333333334,16.094119385342786
NousResearch/DeepHermes-3-Mistral-24B-Preview,45.357761849669984,48.963404310757504,25.755287009063444,15.99552572706935,15.95833333333333,39.891770094562645
NousResearch/Hermes-2-Pro-Llama-3-8B,53.61839918084017,30.667993420825,8.38368580060423,5.7046979865771785,11.246614583333336,22.798463356973993
NousResearch/Hermes-2-Pro-Mistral-7B,56.68337788179808,29.427578860536,6.042296072507553,3.1319910514541416,14.132552083333335,21.625664893617017
NousResearch/Hermes-2-Theta-Llama-3-8B,65.17883659800441,32.046073848075835,9.667673716012084,7.158836689038028,8.36197916666667,26.316858747044915
NousResearch/Hermes-3-Llama-3.1-70B,76.61438316998897,53.76540869130056,20.996978851963743,14.87695749440716,23.42864583333333,41.40625
NousResearch/Hermes-3-Llama-3.1-8B,61.70172918966122,30.724096614147953,4.758308157099698,6.375838926174497,13.617187499999996,23.768099881796687
NousResearch/Hermes-3-Llama-3.2-3B,38.24862476008103,20.187188037454582,3.927492447129909,3.355704697986576,8.577604166666669,17.156102245862883
NousResearch/Nous-Hermes-2-Mistral-7B-DPO,57.62510139762497,27.792545658366084,4.758308157099697,5.7046979865771785,8.330729166666668,22.392139479905435
NousResearch/Nous-Hermes-2-Mixtral-8x7B-DPO,58.96898008395502,37.10778379133987,12.235649546827794,9.50782997762864,16.676041666666666,29.622857565011817
NousResearch/Nous-Hermes-2-Mixtral-8x7B-SFT,57.30783210769647,30.594312778864406,2.1148036253776437,6.935123042505594,11.138541666666669,22.95545212765957
NousResearch/Nous-Hermes-2-SOLAR-10.7B,52.78660620486975,34.990894584465195,5.740181268882175,5.8165548098433995,13.826822916666664,27.314199172576835
NousResearch/Nous-Hermes-llama-2-7b,17.290788441335657,13.78941955171473,0.906344410876133,1.789709172259505,11.681510416666669,10.442523640661936
NousResearch/Yarn-Llama-2-13b-128k,16.546430138698653,13.505319085673955,1.7371601208459215,1.1185682326621946,3.385416666666666,14.671985815602836
NousResearch/Yarn-Llama-2-7b-128k,14.847825990593847,6.1446917129934855,1.5105740181268883,1.342281879194629,8.253906250000004,8.789524231678488
NousResearch/Yarn-Llama-2-7b-64k,16.99856381068897,7.0440554144724175,1.5861027190332326,1.9015659955257265,6.934374999999998,8.872635933806146
NousResearch/Yarn-Mistral-7b-128k,19.33669330709185,20.633112436478672,3.1722054380664653,6.487695749440718,8.948177083333333,21.034648345153663
NousResearch/Yarn-Mistral-7b-64k,20.79548930171944,20.23020020918289,3.700906344410875,5.369127516778524,9.881510416666666,21.26551418439716
NousResearch/Yarn-Solar-10b-32k,19.421579187666502,28.99482436025671,3.0211480362537766,7.046979865771815,10.597395833333332,25.24564125295508
NousResearch/Yarn-Solar-10b-64k,19.88867316498003,28.395714153595826,2.8700906344410875,6.935123042505594,9.013020833333336,23.869680851063833
Novaciano/ASTAROTH-3.2-1B,56.12884923115112,9.493517929020854,7.326283987915408,0.7829977628635317,1.2106770833333331,10.10084219858156
Novaciano/BLAST_PROCESSING-3.2-1B,39.21783091087204,9.362853718947571,7.477341389728097,2.1252796420581683,3.0598958333333326,10.460992907801415
Novaciano/Cerberus-3.2-1B,50.16877440746109,16.97415923404232,5.81570996978852,1.1185682326621946,0.9440104166666662,7.367390661938533
Novaciano/Cultist-3.2-1B,52.94895322189568,7.520040161824312,5.8912386706948645,1.45413870246085,1.8929687500000008,7.930703309692672
Novaciano/FuseChat-3.2-1B-GRPO_Creative_RP,55.9814625194484,8.942707229882872,8.006042296072508,0.7829977628635317,1.2106770833333331,8.16156914893617
Novaciano/Fusetrix-3.2-1B-GRPO_RP_Creative,53.663390913886275,8.772109627787136,11.48036253776435,0.0,1.58125,8.420138888888888
Novaciano/Fusetrix-Dolphin-3.2-1B-GRPO_Creative_RP,53.42856952885012,9.680798809347326,10.498489425981871,2.460850111856823,0.4557291666666662,9.149674940898343
Novaciano/HarmfulProject-3.2-1B,38.738214603917605,6.5128050720912585,4.758308157099698,2.2371364653243813,2.7343749999999996,9.140440307328603
Novaciano/LEWD-Mental-Cultist-3.2-1B,53.08636639671627,8.636853527747606,5.287009063444108,0.8948545861297527,1.4184895833333335,8.540189125295509
Novaciano/La_Mejor_Mezcla-3.2-1B,55.09969104199081,9.41305894751064,8.987915407854985,1.0067114093959737,0.6184895833333329,9.214317375886525
Novaciano/Sigil-Of-Satan-3.2-1B,54.942330793405944,9.400065990891235,5.438066465256798,1.45413870246085,1.4184895833333335,9.500591016548462
NucleusAI/nucleus-22B-token-500B,2.5654153202391874,1.8879990685708257,0.0,0.0,3.5481770833333326,1.798906619385342
NyxKrage/Microsoft_Phi-4,5.852693076592331,52.42784845820486,29.909365558912388,20.805369127516784,23.7859375,47.630393026004725
OEvortex/Emotional-llama-8B,35.16369898535885,26.45405447203827,8.157099697885197,5.92841163310962,2.867708333333334,28.1637854609929
OEvortex/HelpingAI-15B,20.30091268944179,1.8153805514942336,0.0,1.0067114093959737,2.7343749999999996,1.2355939716312052
OEvortex/HelpingAI-3B-reloaded,46.466819150963886,16.98574044907848,1.3595166163141994,1.789709172259505,4.289322916666667,17.719414893617017
OEvortex/HelpingAI2-9B,44.131238447319774,27.073241609173305,5.8912386706948645,1.1185682326621946,6.318750000000001,21.108525413711583
OEvortex/HelpingAI2.5-10B,32.76561745058666,21.135366144659056,2.0392749244712993,2.572706935123044,6.259895833333336,17.49778368794326
OliveiraJLT/Sagui-7B-Instruct-v0.1,28.916275482386737,5.043571655312187,1.5105740181268883,0.0,10.61484375,5.391179078014184
Omkar1102/code-yi,21.477457590304837,1.8441580122160068,0.0,0.1118568232662209,4.695312500000001,1.4018173758865236
OmnicromsBrain/NeuralStar_FusionWriter_4x7b,59.63842604289951,26.038439832659787,4.909365558912387,3.803131991051453,8.201041666666667,17.83946513002364
OnlyCheeini/greesychat-turbo,2.3256071667619693,4.018369933555268,0.0,1.342281879194629,1.5950520833333328,1.5311022458628842
Open-Orca/Mistral-7B-OpenOrca,49.77659277384008,25.840025395269805,3.5498489425981874,2.9082774049216997,5.889322916666667,18.36583924349882
OpenAssistant/oasst-sft-1-pythia-12b,10.553885911603434,4.778508799161477,1.5105740181268883,1.0067114093959737,2.987239583333334,1.2540632387706852
OpenBuddy/openbuddy-falcon3-10b-v24.2-131k,50.86315420861093,42.72636129353911,21.299093655589125,6.599552572706939,10.664062500000002,31.488253546099287
OpenBuddy/openbuddy-llama3-70b-v21.2-32k,70.10476646409305,49.969365808428186,20.31722054380665,12.304250559284116,18.04609375,42.579048463356976
OpenBuddy/openbuddy-llama3-8b-v21.1-8k,55.69666263292508,26.115045337590946,4.305135951661631,2.796420581655479,10.346354166666664,21.71801122931442
OpenBuddy/openbuddy-llama3-8b-v21.2-32k,61.91904147661538,27.25233473655879,7.854984894259818,3.9149888143176734,5.934375000000003,25.541149527186757
OpenBuddy/openbuddy-llama3.1-70b-v22.1-131k,73.32710541363582,51.94077625159233,39.50151057401813,16.666666666666664,18.23645833333333,47.82432033096927
OpenBuddy/openbuddy-llama3.1-8b-v22.2-131k,66.57269378582163,29.057538243651496,11.48036253776435,3.9149888143176734,9.81302083333333,25.67043439716312
OpenBuddy/openbuddy-llama3.1-8b-v22.3-131k,59.97065563815122,30.3195108847562,12.084592145015106,3.9149888143176734,8.316927083333335,25.30104905437352
OpenBuddy/openbuddy-llama3.2-1b-v23.1-131k,35.90052172679601,6.043619508652057,2.492447129909366,1.1185682326621946,1.2106770833333331,9.334367612293144
OpenBuddy/openbuddy-llama3.2-3b-v23.2-131k,43.19450169993395,16.588825592691695,2.643504531722054,3.467561521252797,0.4557291666666662,16.435800827423165
OpenBuddy/openbuddy-llama3.3-70b-v24.1-131k,81.2080834408259,54.146647969721265,44.10876132930513,24.608501118568235,22.265885416666663,48.082890070921984
OpenBuddy/openbuddy-mixtral-7bx8-v18.1-32k,54.9347952322061,24.535442968436797,10.80060422960725,7.270693512304249,5.281510416666666,31.155806737588655
OpenBuddy/openbuddy-nemotron-70b-v23.1-131k,75.55275557742345,53.18804887163517,32.09969788519638,15.100671140939594,16.38541666666667,46.38371749408983
OpenBuddy/openbuddy-nemotron-70b-v23.2-131k,72.26547782107032,52.265661751102094,31.57099697885196,14.65324384787472,18.86588541666667,45.78346631205674
OpenBuddy/openbuddy-qwen2.5llamaify-14b-v23.1-200k,63.08805081627859,43.27649863201484,25.37764350453172,11.0738255033557,11.538541666666667,40.81523345153664
OpenBuddy/openbuddy-qwen2.5llamaify-14b-v23.3-200k,61.31453432448127,44.1839402106242,23.11178247734139,10.290827740492167,12.722916666666668,42.16348995271868
OpenBuddy/openbuddy-qwen2.5llamaify-7b-v23.1-200k,56.72582082208539,36.3981275172541,18.882175226586103,8.612975391498878,13.807031250000003,32.75339834515366
OpenBuddy/openbuddy-qwq-32b-v24.1-200k,59.366148486017096,54.46917637764042,37.38670694864049,17.4496644295302,21.209375,49.89287825059102
OpenBuddy/openbuddy-qwq-32b-v24.2-200k,59.698378081268814,54.16349558366793,37.764350453172206,16.890380313199106,19.440624999999997,49.4034426713948
OpenBuddy/openbuddy-yi1.5-34b-v21.3-32k,54.20041046645124,45.637092606204,17.82477341389728,13.19910514541387,14.693489583333337,39.99335106382979
OpenBuddy/openbuddy-zero-14b-v22.3-32k,37.529200299649375,26.289506846678147,9.365558912386708,7.606263982102905,11.3421875,24.30370862884161
OpenBuddy/openbuddy-zero-3b-v21.2-32k,38.02377691192702,15.293406418468868,1.8882175226586104,1.342281879194629,2.2460937499999996,11.486037234042552
OpenBuddy/openbuddy-zero-56b-v21.2-32k,50.57092957796425,44.796541615730554,16.238670694864048,9.060402684563762,12.781770833333333,37.76780437352246
OpenGenerativeAI/Bifrost,63.47524568145853,55.09700864855187,25.45317220543807,15.771812080536916,16.870052083333338,46.21749408983452
OpenGenerativeAI/Bifrost-14B,66.15302951723649,55.088066493614235,23.564954682779454,17.225950782997764,17.09947916666667,45.26632683215129
OpenLLM-France/Lucie-7B,24.964538535530178,9.91394298206345,1.4350453172205435,3.0201342281879207,6.807031250000001,5.529698581560284
OpenLLM-France/Lucie-7B-Instruct,27.9645784296777,7.261384026200003,1.6616314199395772,3.9149888143176734,3.2106770833333336,6.176122931442081
OpenLLM-France/Lucie-7B-Instruct-human-data,29.460830596151546,7.629771133304573,2.190332326283988,3.355704697986576,4.0401041666666675,4.772458628841606
OpenLLM-France/Lucie-7B-Instruct-v1.1,30.38759380665523,14.739314179940692,3.1722054380664653,4.250559284116329,3.844270833333334,9.602171985815602
OpenLeecher/llama3-8b-lima,43.70658741029358,19.573064881964964,5.0604229607250755,0.0,3.7421875,18.070330969267136
OpenScholar/Llama-3.1_OpenScholar-8B,60.64010159709571,32.40392120448785,16.540785498489427,4.250559284116329,11.838802083333334,30.093823877068555
Orenguteng/Llama-3.1-8B-Lexi-Uncensored,77.76843220432897,29.24254324176861,15.709969788519636,2.9082774049216997,6.422656250000002,30.99881796690307
Orenguteng/Llama-3.1-8B-Lexi-Uncensored-V2,77.91581891603168,29.687032745631218,19.71299093655589,4.36241610738255,7.76979166666667,30.897236997635936
Orion-zhen/Qwen2.5-7B-Instruct-Uncensored,72.04317876567507,35.83245286228819,47.73413897280967,7.046979865771815,13.58359375,38.07254728132387
Orion-zhen/phi-4-abliterated,5.760271634817839,52.45712922578372,30.211480362537763,20.581655480984335,23.17812499999999,47.685800827423165
P0x0/Astra-v1-12B,28.05943784713449,31.80990734117942,11.329305135951662,8.501118568232664,11.381770833333327,27.341903073286055
PJMixers/LLaMa-3-CursedStock-v2.0-8B,63.30791189599152,32.56361170891586,9.441087613293051,3.243847874720355,8.036458333333336,28.40388593380615
PJMixers-Dev/L3.2-Instruct-Thinking-v0.1-1B,46.27698949897383,6.3866369990439695,5.438066465256798,1.0067114093959737,0.9440104166666662,5.363475177304964
PJMixers-Dev/LLaMa-3.1-Instruct-Interleaved-Zeroed-13B,78.71015572015585,29.89275635245275,20.01510574018127,5.592841163310966,8.407031249999996,30.74948286052009
PJMixers-Dev/LLaMa-3.1-RomboTiesTest-8B,78.25303527972446,29.89275635245275,20.01510574018127,5.592841163310966,8.407031249999996,30.74948286052009
PJMixers-Dev/LLaMa-3.1-RomboTiesTest2-8B,78.25303527972446,29.89275635245275,20.01510574018127,5.592841163310966,8.407031249999996,30.74948286052009
PJMixers-Dev/LLaMa-3.2-Instruct-JankMix-v0.1-SFT-3B,69.3054428915278,23.80830677255767,12.16012084592145,3.243847874720355,4.053906250000002,23.63881501182033
PJMixers-Dev/LLaMa-3.2-Instruct-JankMix-v0.2-SFT-3B,62.9157302623705,23.34123990373789,12.990936555891238,3.0201342281879207,4.867708333333335,23.50029550827423
PJMixers-Dev/LLaMa-3.2-Instruct-JankMix-v0.2-SFT-HailMary-v0.1-KTO-3B,65.03898544750152,22.28871530922464,12.613293051359516,2.9082774049216997,4.691145833333335,23.417183806146575
PJMixers-Dev/LLaMa-3.2-Instruct-JankMixBread-v0.1-3B,50.408582560938314,22.759588390933697,13.066465256797583,4.36241610738255,4.677343750000003,23.149379432624112
PJMixers-Dev/Qwen2.5-RomboTiesTest-7B,75.58023821238757,34.93145651665548,49.62235649546828,6.375838926174497,8.720572916666669,36.50265957446809
Parissa3/test-model,38.82564927725103,32.83903240379116,6.495468277945619,5.92841163310962,17.53307291666667,22.853871158392433
Pinkstack/PARM-V1.5-base-QwQ-Qwen-2.5-o1-3B,50.84819390328772,26.33092647670804,16.91842900302115,6.263982102908276,15.315104166666664,27.89598108747045
Pinkstack/SuperThoughts-CoT-14B-16k-o1-QwQ,5.1457909458015845,52.848496844057365,41.99395770392749,19.01565995525727,21.7859375,47.42723108747045
Pinkstack/Superthoughts-lite-1.8B-experimental-o1,3.7519337579843706,9.132472807581593,3.1722054380664653,3.355704697986576,1.7578124999999991,9.454417848699762
Pinkstack/Superthoughts-lite-v1,16.58643510330368,8.902845043233844,2.9456193353474323,4.138702460850116,3.4304687499999997,8.39243498817967
PocketDoc/Dans-Instruct-CoreCurriculum-12b,21.914520139895476,13.232564953040011,5.438066465256798,4.36241610738255,9.561979166666667,2.4360963356973993
PocketDoc/Dans-PersonalityEngine-V1.1.0-12b,70.74672978807342,33.666618823462954,10.498489425981871,4.921700223713646,17.30130208333333,25.1348256501182
PocketDoc/Dans-PersonalityEngine-V1.2.0-24b,78.86252920029965,47.56102293719791,24.546827794561935,9.172259507829976,13.379427083333336,44.73071808510639
PocketDoc/Dans-PersonalityEngine-v1.0.0-8b,49.81903571412741,25.68795976908214,8.157099697885197,4.697986577181204,3.936197916666668,22.94621749408983
PocketDoc/Dans-SakuraKaze-V1.0.0-12b,65.20133246452745,34.38815279713936,9.290030211480364,5.8165548098433995,19.581770833333326,28.440824468085108
PowerInfer/SmallThinker-3B-Preview,61.99650261306667,22.062104642168745,27.794561933534744,1.45413870246085,3.5932291666666667,22.419843380614655
PranavHarshan/LaMistral-V4,62.38613545392891,31.091348681794813,6.873111782477341,10.402684563758392,5.6364583333333345,28.874852245862886
PranavHarshan/MedNarra-X1,43.384331351924,23.52349513234211,4.380664652567976,7.718120805369126,2.4539062499999997,27.009456264775412
Pretergeek/OpenChat-3.5-0106_10.7B_48Layers-Appended,59.60595663949432,24.05717251228861,7.930513595166164,7.606263982102905,11.77578125,25.439568557919618
Pretergeek/OpenChat-3.5-0106_10.7B_48Layers-Interleaved,59.60595663949432,24.05717251228861,7.779456193353475,7.270693512304249,11.77578125,25.541149527186757
Pretergeek/OpenChat-3.5-0106_32K-PoSE,39.68991165662664,8.828394853721203,2.643504531722054,3.467561521252797,11.334375,11.458333333333332
Pretergeek/OpenChat-3.5-0106_8.11B_36Layers-Appended,59.75833011963812,24.05717251228861,7.930513595166164,7.606263982102905,11.77578125,25.439568557919618
Pretergeek/OpenChat-3.5-0106_8.11B_36Layers-Interleaved,59.60595663949432,24.075505845621944,7.779456193353475,7.270693512304249,11.509114583333334,25.541149527186757
Pretergeek/OpenChat-3.5-0106_8.99B_40Layers-Appended,59.60595663949432,24.05717251228861,7.930513595166164,7.606263982102905,11.77578125,25.439568557919618
Pretergeek/OpenChat-3.5-0106_8.99B_40Layers-Interleaved,59.75833011963812,24.075505845621944,7.779456193353475,7.270693512304249,11.509114583333334,25.541149527186757
Pretergeek/OpenChat-3.5-0106_9.86B_44Layers-Appended,59.60595663949432,24.05717251228861,7.930513595166164,7.606263982102905,11.77578125,25.439568557919618
Pretergeek/openchat-3.5-0106_Rebased_Mistral-7B-v0.2,37.06210632233585,10.910767600799836,4.531722054380665,2.9082774049216997,20.56796875,20.33281619385342
PrimeIntellect/INTELLECT-1,17.57315035217667,1.043500157895444,0.0,0.4474272930648763,2.408854166666666,1.3648788416075646
PrimeIntellect/INTELLECT-1-Instruct,0.0,1.7494478703137453,2.2658610271903323,0.0,3.7109375,0.7092198581560278
PuxAI/LUA_model,22.821336276634884,1.815668408500801,0.0,1.342281879194629,3.5481770833333326,1.3648788416075646
PygmalionAI/pygmalion-6b,20.910406610016977,5.089577143988909,0.8308157099697886,0.0,3.7109375,2.039007092198581
Q-bert/MetaMath-1B,53.00391849182392,8.434610644832558,6.268882175226587,0.2237136465324418,0.7812499999999996,5.501994680851065
Quazim0t0/1up-14b,68.88079185450161,55.83975950522497,41.616314199395774,14.988814317673372,16.625000000000004,48.96018026004729
Quazim0t0/Adamant-14B-sce,68.57604489421402,54.97141906331953,39.87915407854985,13.422818791946312,16.507291666666664,48.5723256501182
Quazim0t0/Alice-14B,68.36371937570092,56.00650513096938,45.69486404833837,13.534675615212524,15.42682291666666,49.09869976359338
Quazim0t0/Alien-CoT-14B-sce,7.486358417886763,48.047822818905125,52.0392749244713,18.903803131991047,20.448437499999997,46.337544326241144
Quazim0t0/Aura-8B-Linear,79.4770098893159,29.451689498631435,18.051359516616312,2.572706935123044,4.853906250000002,31.11886820330969
Quazim0t0/Casa-14b-sce,66.53523761397537,55.3984513931396,46.97885196374622,11.0738255033557,13.310937499999996,49.17257683215129
Quazim0t0/Charlie-8B-Linear,73.80672172059025,31.524374812766855,26.51057401812689,2.796420581655479,5.134375000000001,28.588578605200944
Quazim0t0/Chromatic-8b-sce,50.850742696046495,28.86594147433648,15.55891238670695,9.284116331096197,9.840625,30.610963356973997
Quazim0t0/CoT_Phi,61.586811881363666,53.36568538313751,33.081570996978854,14.429530201342288,11.444270833333333,43.345523049645394
Quazim0t0/Dyson-14b,58.56682491345187,54.72936481142644,53.92749244712991,8.501118568232664,12.875520833333333,48.87706855791962
Quazim0t0/Edu-14B-Linear,61.5818251129226,53.21378883250136,24.47129909365559,8.948545861297541,14.31875,45.39561170212767
Quazim0t0/Fugazi14b,69.97987561891337,56.092125930693726,46.52567975830816,13.534675615212524,16.419010416666662,49.0802304964539
Quazim0t0/GZA-14B-sce,62.740860915703664,52.49322024679916,47.205438066465256,6.935123042505594,12.926562500000005,47.02090721040189
Quazim0t0/Geedorah-14B,68.72841837435782,56.46229284952974,44.48640483383686,12.975391498881436,16.567968749999995,49.1264036643026
Quazim0t0/GivingTree-8b-sce,50.06139266036338,28.498998630643033,15.256797583081571,9.61968680089485,9.307291666666668,30.67560579196217
Quazim0t0/GuiltySpark-14B-ties,68.54357549080883,55.72193711661121,38.36858006042296,15.324384787472036,16.299479166666668,48.88630319148937
Quazim0t0/Halo-14B-sce,67.53691316817157,55.27080618595605,42.90030211480362,12.975391498881436,14.242447916666668,48.62773345153664
Quazim0t0/Heretic1.5b,20.615633186611525,9.643860937325522,24.395770392749245,2.460850111856823,4.393229166666667,8.087692080378249
Quazim0t0/Hyde-14b-sce,67.15470507143269,54.89781444986736,27.341389728096676,12.192393736017896,10.595052083333334,47.778147163120565
Quazim0t0/Imagine-v0.5-16bit,27.58990589413866,53.73606811245789,13.972809667673715,15.324384787472036,13.732552083333337,48.37839834515367
Quazim0t0/Imbue-14b,51.99725616918665,54.47623938595546,53.17220543806647,8.389261744966444,11.491145833333336,48.91400709219858
Quazim0t0/Insom,68.183863260593,55.318559572553454,38.51963746223565,13.31096196868009,13.593229166666664,48.35992907801419
Quazim0t0/InspectorDeck-14B-sce,32.40845401312961,52.01189149482675,31.64652567975831,6.263982102908276,7.936197916666667,47.344119385342786
Quazim0t0/Jekyl-8b-sce,46.96893132444137,28.232789513696968,16.1631419939577,11.74496644295302,11.558333333333328,29.844488770685572
Quazim0t0/Jigsaw-14B-Linear,64.80416406246536,54.79132672161592,26.51057401812689,12.080536912751676,15.932552083333327,47.03937647754137
Quazim0t0/Katana-8b-sce,51.073041751441735,29.004160225251976,15.105740181268882,9.955257270693512,9.203385416666668,30.786421394799056
Quazim0t0/Knot-CoT-14B-sce,48.317796779212486,51.44445678655166,39.95468277945619,5.8165548098433995,10.720572916666669,46.15285165484633
Quazim0t0/Lineage-14B,70.7042868477861,56.02223040682762,42.44712990936556,14.65324384787472,17.032812499999995,49.006353427895974
Quazim0t0/Lo-Phi-14b,49.41189377518318,54.70598224151049,51.963746223564954,10.402684563758392,12.30494791666667,48.54462174940899
Quazim0t0/Loke-14B-sce,68.47863668399846,55.83477772401803,39.04833836858006,15.324384787472036,17.55833333333333,48.90477245862885
Quazim0t0/MFDOOM-14B,67.36204382150471,55.53057914384544,52.64350453172205,9.731543624161072,14.207031250000004,49.17257683215129
Quazim0t0/MFGRIMM-14B,68.94074389287091,55.52294469432744,50.60422960725075,11.185682326621922,13.78359375,49.07099586288417
Quazim0t0/Math_Phi4_Reason,32.201115263057574,45.05751713788222,32.779456193353475,5.369127516778524,8.528385416666666,44.77689125295508
Quazim0t0/Mithril-14B-sce,69.57772044841022,55.92521598371362,38.21752265861027,15.883668903803136,17.36614583333333,48.92324172576833
Quazim0t0/Mononoke-14B-sce,35.02129904209719,53.15959925346656,46.97885196374622,9.731543624161072,11.23229166666667,47.75044326241135
Quazim0t0/Motion-8B-Linear,76.85917809190724,29.388867774583897,18.882175226586103,2.796420581655479,4.542187500000002,30.94341016548463
Quazim0t0/Mouse-9B,13.24917884546337,2.506439889086948,0.5287009063444109,0.5592841163310973,4.036458333333333,1.540336879432624
Quazim0t0/Nova-14b-sce,70.2196837723906,56.034331914713114,41.616314199395774,15.100671140939594,16.4328125,49.03405732860521
Quazim0t0/NovaScotia-14b-stock,67.87412953186434,56.02714781885254,46.299093655589125,13.19910514541387,15.70130208333333,48.9878841607565
Quazim0t0/ODB-14B-sce,29.2235712354331,50.69950430097801,25.45317220543807,2.1252796420581683,7.277343750000001,46.74386820330969
Quazim0t0/ODB-14b-sce,70.15973173402128,56.192610781815496,41.1631419939577,14.988814317673372,16.49947916666667,49.01558806146573
Quazim0t0/Oasis-14B-ties,69.36539492989712,55.75379172237363,37.53776435045317,15.324384787472036,16.632812499999996,48.94171099290781
Quazim0t0/Origami-14B-sce,32.593296896678595,51.44967004592488,29.154078549848943,4.4742729306487705,9.002864583333334,47.15942671394799
Quazim0t0/Phi4.Turn.R1Distill.16bit,31.26437851567175,50.4691726466956,23.11178247734139,5.92841163310962,6.944010416666667,47.29794621749409
Quazim0t0/Phi4.Turn.R1Distill_v1.5.1-Tensors,29.952969232746888,49.218136716618574,21.90332326283988,2.460850111856823,7.040104166666667,45.74652777777778
Quazim0t0/Phi4Basis-14B-sce,65.01648958097847,55.6651943464438,47.88519637462236,10.514541387024613,14.022656249999995,48.775487588652474
Quazim0t0/Ponder-14B-linear,69.06064796960952,56.21485209781756,42.82477341389728,14.429530201342288,16.336718750000003,48.97864952718677
Quazim0t0/RZA-14B-sce,47.73578549360141,52.297746865541455,51.88821752265861,5.369127516778524,10.216666666666669,48.701610520094555
Quazim0t0/Rosemary-14b,69.15306941138402,56.38346045501811,43.8821752265861,14.205816554809845,15.552343749999997,48.84936465721041
Quazim0t0/Rune-14b,70.15973173402128,56.053987787163095,45.84592145015105,13.534675615212524,16.29348958333333,49.01558806146573
Quazim0t0/SZA-14B-sce,56.59095644002358,55.23013277164075,52.416918429003026,10.738255033557047,14.001041666666664,48.36916371158392
Quazim0t0/Sake-20b,66.92741924759638,53.939346240687655,46.52567975830816,9.172259507829976,15.775781249999996,48.79395685579197
Quazim0t0/Spok-14b-sce,66.81748870773991,55.09355794451866,27.19033232628399,12.751677852348994,10.66171875,47.75044326241135
Quazim0t0/Sumatra-20b,67.3795529195867,55.13298201406423,36.70694864048338,10.17897091722595,16.834635416666664,49.05252659574468
Quazim0t0/SuperNova14b,70.7642388861554,56.0926914908668,43.957703927492446,13.646532438478744,16.31510416666666,49.27415780141844
Quazim0t0/TB0-8B-sce,51.073041751441735,29.004160225251976,15.105740181268882,9.955257270693512,9.203385416666668,30.786421394799056
Quazim0t0/TBL-8B-sce,45.80989552166031,28.362465633086348,15.332326283987916,11.185682326621922,11.987760416666662,29.881427304964532
Quazim0t0/ThinkPhi1.1-Tensors,39.07543096761039,49.14167915090875,18.202416918429005,6.487695749440718,11.283333333333337,43.419400118203306
Quazim0t0/Venti-20b,66.41034676879568,55.7998371351703,33.91238670694864,10.96196868008949,15.197395833333337,48.73854905437352
Quazim0t0/Venti-Blend-sce,68.79335718116819,54.99405204157026,40.55891238670695,8.83668903803132,14.465885416666664,49.04329196217494
Quazim0t0/Vine-14b-sce,67.3345611865406,55.32965321791952,50.07552870090635,11.185682326621922,13.436458333333327,48.97864952718677
Quazim0t0/Wendy-14B,67.72175605172055,56.172047866798856,48.338368580060425,10.96196868008949,14.783593750000003,49.27415780141844
Quazim0t0/Wu-14b-sce,67.1821877063968,54.94466630171922,26.132930513595166,12.863534675615217,10.128385416666667,47.69503546099291
Quazim0t0/bloom-14b-stock,65.75087434673333,55.2730368732428,48.11178247734139,10.850111856823268,13.169791666666669,48.59079491725768
Quazim0t0/caramel-14B,67.44947849483815,55.75618206414753,47.12990936555891,12.639821029082771,15.071875000000004,49.28339243498819
Quazim0t0/graphite-14b-sce,32.168645859652386,51.50924362930217,30.060422960725074,5.257270693512303,8.098958333333334,47.55651595744681
Quazim0t0/mocha-14B,58.93152391210876,55.23219353529195,52.64350453172205,10.738255033557047,12.830468750000003,48.71084515366431
Quazim0t0/mosaic-14b-sce,68.75590100932193,55.69112578019082,40.25679758308157,14.988814317673372,16.440624999999994,48.84936465721041
Quazim0t0/tesseract-14b-stock,58.47939024011845,54.99686477095802,51.43504531722054,10.290827740492167,12.438281249999996,48.76625295508275
Quazim0t0/time-14b-stock,66.99235805440674,55.35905866101553,50.83081570996979,11.297539149888143,13.473697916666664,49.09869976359338
Qwen/QwQ-32B,39.767372793077925,2.868335388534824,16.08761329305136,1.342281879194629,11.04609375,2.177526595744679
Qwen/QwQ-32B-Preview,40.354370847130056,53.3876763517132,44.93957703927492,4.250559284116337,9.80703125,51.97990543735224
Qwen/Qwen1.5-0.5B,17.056077873375976,5.035475836799366,1.7371601208459215,0.5592841163310973,4.303125,3.4149674940898342
Qwen/Qwen1.5-0.5B-Chat,18.072713732895387,4.318032636938059,0.6797583081570997,2.572706935123044,6.063541666666667,2.362219267139479
Qwen/Qwen1.5-1.8B,21.542396397115212,9.759901587727937,3.1722054380664653,7.38255033557047,3.963802083333334,9.79609929078014
Qwen/Qwen1.5-1.8B-Chat,20.190982149585324,5.908662877770453,1.9637462235649543,6.375838926174497,12.179427083333335,8.928043735224584
Qwen/Qwen1.5-110B,34.21942667677318,44.28047655387545,24.69788519637462,13.646532438478744,13.70546875,48.45227541371159
Qwen/Qwen1.5-110B-Chat,59.388644352540155,44.98454525616634,23.413897280966765,12.192393736017896,16.287499999999994,42.49593676122931
Qwen/Qwen1.5-14B,29.05368865720732,30.063103282917453,20.241691842900305,5.92841163310962,10.464062500000002,29.373522458628837
Qwen/Qwen1.5-14B-Chat,47.68082022367319,32.75647930053065,15.256797583081571,2.684563758389265,13.930729166666667,29.08724881796691
Qwen/Qwen1.5-32B,32.97295620065869,38.980351633108974,30.28700906344411,10.626398210290828,12.040625000000004,38.88519503546098
Qwen/Qwen1.5-32B-Chat,55.32199009738605,44.55485402391639,19.561933534743204,7.494407158836691,10.197395833333337,38.41422872340425
Qwen/Qwen1.5-4B,24.447466056729475,16.249142581095292,5.287009063444108,3.5794183445190177,4.8226562500000005,16.22340425531915
Qwen/Qwen1.5-4B-Chat,31.566576683200577,16.29707852890831,2.794561933534743,2.2371364653243813,7.355989583333333,15.512337470449172
Qwen/Qwen1.5-7B,26.842998798742897,23.075768754340448,9.290030211480364,6.487695749440718,9.158333333333331,21.293218085106385
Qwen/Qwen1.5-7B-Chat,43.71157417873464,22.379129599952787,6.268882175226587,7.046979865771815,4.6382812499999995,21.681072695035464
Qwen/Qwen1.5-MoE-A2.7B,26.59820387682461,18.837858500547185,9.290030211480364,1.230425055928408,7.967968750000003,19.751034278959807
Qwen/Qwen1.5-MoE-A2.7B-Chat,37.95385133667558,20.041818895540953,6.3444108761329305,3.243847874720355,6.334375000000001,21.3670951536643
Qwen/Qwen2-0.5B,18.732186154957738,7.918512040903256,2.643504531722054,1.45413870246085,4.601041666666668,7.99534574468085
Qwen/Qwen2-0.5B-Instruct,22.466610814860125,5.876044259408482,2.8700906344410875,0.0,2.408854166666666,5.89908392434988
Qwen/Qwen2-1.5B,21.132705665412217,11.781833653483533,7.02416918429003,1.9015659955257265,3.5932291666666667,17.239213947990542
Qwen/Qwen2-1.5B-Instruct,33.712327734854625,13.695346827502664,7.175226586102719,1.5659955257270708,12.026822916666667,16.675901300236408
Qwen/Qwen2-57B-A14B,31.126965340851164,38.87598905034189,18.65558912386707,7.494407158836691,10.538541666666667,43.511746453900706
Qwen/Qwen2-57B-A14B-Instruct,63.37783747124297,41.785917734842535,28.172205438066467,10.850111856823268,14.183593749999996,39.725546690307326
Qwen/Qwen2-72B,38.23610243044012,51.85613118695519,31.1178247734139,19.239373601789712,19.728906250000005,52.56168735224587
Qwen/Qwen2-72B-Instruct,79.89168738945996,57.48300911876294,41.76737160120846,16.33109619686801,17.167968749999996,48.92324172576833
Qwen/Qwen2-7B,31.48667757106699,34.711136202753416,20.39274924471299,7.270693512304249,14.322916666666666,35.366799645390074
Qwen/Qwen2-7B-Instruct,56.79075962889577,37.80839092310167,27.64350453172205,6.375838926174497,7.365625,31.636007683215123
Qwen/Qwen2-Math-72B-Instruct,56.93814634059851,47.96019950734914,55.36253776435045,15.771812080536916,15.728906249999994,36.364140070921984
Qwen/Qwen2-Math-7B,26.87048143370701,14.064494488871304,24.773413897280967,1.789709172259505,2.4166666666666683,2.186761229314421
Qwen/Qwen2-VL-72B-Instruct,59.82326892644849,56.3112338791251,34.44108761329305,18.34451901565996,15.885677083333327,52.41393321513003
Qwen/Qwen2-VL-7B-Instruct,45.99218961245052,35.87710314498947,19.86404833836858,9.284116331096197,13.554166666666667,34.38792848699764
Qwen/Qwen2.5-0.5B,16.271714606133948,6.953961634882263,3.927492447129909,0.0,2.0833333333333326,10.0639036643026
Qwen/Qwen2.5-0.5B-Instruct,30.712287840707106,8.434863610588833,0.0,1.0067114093959737,0.9440104166666662,7.746010638297872
Qwen/Qwen2.5-1.5B,26.74304179576856,16.660465167691854,9.138972809667674,4.697986577181204,5.265885416666666,20.609855200945624
Qwen/Qwen2.5-1.5B-Instruct,44.75569267321818,19.809786497358974,22.05438066465257,0.7829977628635317,3.1890625000000004,19.99113475177305
Qwen/Qwen2.5-14B,36.94464022127954,45.078312404984935,29.003021148036257,17.561521252796418,15.913281249999995,47.205599881796694
Qwen/Qwen2.5-14B-Instruct,81.57776920792386,48.36070661282705,54.7583081570997,9.61968680089485,10.157812500000004,43.382461583924346
Qwen/Qwen2.5-14B-Instruct-1M,84.1356489669632,45.658280600233155,53.02114803625378,12.416107382550338,11.350000000000003,42.77297576832151
Qwen/Qwen2.5-32B,40.76649955451536,53.954752851332,35.64954682779456,21.58836689038031,22.69583333333333,53.39280437352246
Qwen/Qwen2.5-32B-Instruct,83.46121623957765,56.48934826159387,62.53776435045317,11.74496644295302,13.498958333333327,51.85062056737589
Qwen/Qwen2.5-3B,26.895415275912356,24.30424172637169,14.803625377643504,6.375838926174497,11.758333333333336,24.479166666666664
Qwen/Qwen2.5-3B-Instruct,64.74919879253714,25.801393944088584,36.78247734138973,3.0201342281879207,7.565625,25.05171394799054
Qwen/Qwen2.5-72B,41.37100670664947,54.61505780163693,39.12386706948641,20.69351230425056,19.640624999999996,55.20279255319149
Qwen/Qwen2.5-72B-Instruct,86.3837949972739,61.87325566878789,59.818731117824775,16.666666666666664,11.742187500000004,51.39812352245864
Qwen/Qwen2.5-7B,33.74479713825982,35.81347328754777,25.075528700906347,9.955257270693512,14.13671875,37.38918439716312
Qwen/Qwen2.5-7B-Instruct,75.85251576926998,34.89211675876548,50.0,5.480984340044745,8.453906250000001,36.52112884160757
Qwen/Qwen2.5-7B-Instruct-1M,74.47616767953474,35.02629094112727,43.353474320241695,6.375838926174497,9.520572916666667,27.83133865248227
Qwen/Qwen2.5-Coder-14B,34.72652561869174,40.52300211536303,22.507552870090635,5.7046979865771785,6.3872395833333355,39.125295508274235
Qwen/Qwen2.5-Coder-14B-Instruct,69.07560827493273,44.220018215668375,32.477341389728096,7.270693512304249,7.032291666666666,32.661052009456256
Qwen/Qwen2.5-Coder-32B,43.63411304228336,48.51121340614174,30.891238670694865,12.863534675615217,15.868229166666664,47.80585106382979
Qwen/Qwen2.5-Coder-32B-Instruct,72.65267268625026,52.26651520943606,49.546827794561935,13.19910514541387,13.722916666666668,37.92479314420804
Qwen/Qwen2.5-Coder-7B,34.4592348302504,28.438944115255534,19.18429003021148,1.230425055928408,2.1734375000000004,29.770611702127653
Qwen/Qwen2.5-Coder-7B-Instruct,61.01477413263474,28.938504045379137,37.160120845921455,5.592841163310966,9.475520833333334,26.13216607565012
Qwen/Qwen2.5-Math-1.5B-Instruct,18.557316808290892,12.859775311917048,26.283987915407852,2.0134228187919474,3.5343750000000003,8.900339834515366
Qwen/Qwen2.5-Math-72B-Instruct,40.034663581519254,48.966096029421145,62.38670694864048,10.850111856823268,16.342187499999998,42.35741725768321
Qwen/Qwen2.5-Math-7B,24.599839536873276,22.00876067958663,30.513595166163142,5.8165548098433995,4.995052083333334,19.086140661938536
Qwen/Qwen2.5-Math-7B-Instruct,26.358395723347385,21.489765755272032,58.08157099697885,1.5659955257270708,2.891145833333333,20.222000591016545
RDson/WomboCombo-R1-Coder-14B-Preview,62.8557782240012,48.15414248872669,59.89425981873112,9.50782997762864,22.014843749999997,46.30984042553191
RESMPDEV/EVA-Qwen2.5-1.5B-FRFR,30.817231612122495,15.629561469371746,10.27190332326284,3.9149888143176734,4.808854166666668,19.66792257683215
RESMPDEV/Qwen2-Wukong-0.5B,18.54235650296768,4.19666315993673,0.1510574018126888,0.0,3.3265624999999996,3.6365986997635926
RLHFlow/ArmoRM-Llama3-8B-v0.1,18.967007539993883,1.7494478703137453,0.0,0.0,6.650260416666666,0.8662086288416063
RLHFlow/LLaMA3-iterative-DPO-final,53.401086893886,29.787760272097795,8.836858006042297,4.4742729306487705,5.075520833333335,25.07941784869976
RWKV/rwkv-raven-14b,7.683723631076655,6.763765061303336,0.4531722054380665,0.0,7.193229166666666,1.6696217494089831
Rakuten/RakutenAI-2.0-mini-instruct,67.93906833867472,2.429693164521931,5.211480362537765,2.2371364653243813,0.7812499999999996,1.309471040189124
Rakuten/RakutenAI-7B,15.559714889825662,20.982052312914476,1.9637462235649543,5.257270693512303,4.6598958333333345,20.859190307328607
Rakuten/RakutenAI-7B-chat,26.8555211283838,20.23755200474476,2.9456193353474323,0.8948545861297527,5.903125,19.98190011820331
Replete-AI/L3-Pneuma-8B,24.132745559559744,28.163142118962657,5.438066465256798,9.060402684563762,9.181770833333331,24.174423758865245
Replete-AI/L3.1-Pneuma-8B,70.7642388861554,30.26262992696204,21.978851963746223,7.046979865771815,6.1559895833333345,29.899896572104012
Replete-AI/Llama3-8B-Instruct-Replete-Adapted,69.15306941138402,26.88896431517229,7.099697885196375,4.138702460850116,2.824479166666667,26.566193853427897
Replete-AI/Replete-Coder-Instruct-8b-Merged,53.87571643239937,21.937706578272657,7.779456193353475,2.572706935123044,3.4539062499999993,8.946513002364064
Replete-AI/Replete-Coder-Llama3-8B,47.293625358493244,7.055475836799367,4.758308157099698,1.4541387024608574,7.512760416666666,3.673537234042553
Replete-AI/Replete-Coder-Qwen2-1.5b,30.14279888473694,10.4265158026681,3.8519637462235647,2.460850111856823,9.742187500000002,12.741947399527188
Replete-AI/Replete-LLM-Qwen2-7b,9.047549391170982,2.8429334106486,0.0,0.4474272930648763,5.861718749999999,1.7527334515366433
Replete-AI/Replete-LLM-Qwen2-7b_Beta-Preview,8.575468645416384,1.965676941851036,0.0,0.0,7.7578125,3.1656323877068555
Replete-AI/Replete-LLM-V2-Llama-3.1-8b,55.14966954347798,33.20757217219532,14.04833836858006,8.501118568232664,8.375781250000001,30.592494089834517
RezVortex/JAJUKA-WEWILLNEVERFORGETYOU-3B,68.58103166265508,23.76082401416404,15.483383685800604,1.0067114093959737,6.6442708333333345,23.814273049645383
RezVortex/Jajuka-3b,69.25047762159957,23.204983328457303,15.93655589123867,2.1252796420581683,6.58541666666667,23.749630614657207
Ro-xe/FMixIA-7B-DARE-0,33.41256754300811,30.438332290985624,5.287009063444108,5.257270693512303,16.81119791666666,22.401374113475175
Ro-xe/FMixIA-7B-SLERP-27,37.65409114482905,31.938224362460755,6.3444108761329305,6.040268456375841,14.677864583333331,22.309027777777775
Ro-xe/FMixIA-7B-TIES-1,34.52916040550184,31.12772625110915,5.664652567975831,5.145413870246088,18.64661458333333,22.13356973995272
Ro-xe/FMixIA-FrankenMerge-9.5B-PT-9,19.401632113902224,30.71304149113964,0.3021148036253776,7.718120805369126,9.462239583333334,29.521276595744684
Rombo-Org/Rombo-LLM-V2.5-Qwen-7b,74.81837081166859,34.90725375177349,50.6797583081571,6.823266219239373,7.85390625,36.47495567375886
RubielLabarta/LogoS-7Bx2-MoE-13B-v0.2,43.78903531518593,32.794801632016096,5.740181268882175,3.691275167785232,11.493489583333336,23.195552600472812
SaisExperiments/Evil-Alpaca-3B-L3.2,32.51084899178623,20.851948385581196,7.02416918429003,1.789709172259505,10.936718750000004,18.0149231678487
SaisExperiments/Gemma-2-2B-Opus-Instruct,47.4959773401242,19.529532994538695,5.0604229607250755,4.4742729306487705,8.577604166666665,18.3381353427896
SaisExperiments/Gemma-2-2B-Stheno-Filtered,41.96554032190144,17.47886723805338,4.607250755287009,2.684563758389265,8.103125000000002,18.107269503546096
SaisExperiments/Not-So-Small-Alpaca-24B,62.43611395541608,33.01860534638029,18.27794561933535,14.5413870246085,12.0875,29.93683510638298
SaisExperiments/QwOwO-7B-V1,45.56255180698325,35.132501310841604,38.59516616314199,1.342281879194629,6.002864583333335,35.819296690307326
SaisExperiments/RightSheep-Llama3.2-3B,41.563385151398286,18.643298035417295,8.08157099697885,4.921700223713646,4.824479166666667,17.109929078014183
Sakalti/Anemoi-3B,38.03629924156793,29.05396043035601,17.749244712990937,7.38255033557047,12.766145833333333,30.73101359338061
Sakalti/Euphrates-14B,26.468326263203856,44.60858230795797,30.513595166163142,19.12751677852349,15.979947916666664,47.27947695035461
Sakalti/Llama3.2-3B-Uranus-1,53.3536571851576,21.416406817010444,14.954682779456194,6.263982102908276,6.924739583333334,23.269429669030732
Sakalti/Magro-7B-v1.1,12.04016454119514,19.410132177265535,2.492447129909366,6.152125279642054,13.148697916666668,19.60328014184397
Sakalti/Neptuno-3B,42.962229107656576,27.482799614341257,25.528700906344408,6.152125279642054,7.858072916666667,30.814125295508273
Sakalti/Neptuno-Alpha,37.79649108809071,29.029618644319683,18.35347432024169,7.606263982102905,12.899479166666666,30.74948286052009
Sakalti/Oxyge1-33B,45.48265269484966,58.03229697403189,49.62235649546828,17.67337807606264,24.29765625,54.547133569739955
Sakalti/Phi3.5-Comets-3.8B,20.942876013422165,6.53359017300762,0.0755287009063444,0.0,5.3109375000000005,1.6973256501182026
Sakalti/Qwen2.5-1B-Instruct,17.513198313807365,3.437039790947589,0.6042296072507553,0.7829977628635317,0.9440104166666662,2.3714539007092186
Sakalti/QwenTest-7,16.718861509683194,3.6327089522677753,0.3776435045317221,1.342281879194629,1.1067708333333328,2.352984633569739
Sakalti/SJT-0.5B,24.247662867857287,8.409743934103323,5.211480362537765,2.9082774049216997,0.7812499999999996,9.89768026004728
Sakalti/SJT-1.5B-Alpha,34.48671746521452,18.535867065098497,9.969788519637463,5.592841163310966,11.093489583333335,21.79188829787234
Sakalti/SJT-1.5B-Alpha-1.1,34.39429602344003,18.576163936656105,9.59214501510574,5.257270693512303,11.25625,21.84729609929078
Sakalti/SJT-1.7B,17.76298000416672,2.896901055053732,0.1510574018126888,0.0,7.918749999999998,1.4756944444444438
Sakalti/SJT-14B,54.942330793405944,49.99070835617017,38.4441087613293,18.232662192393736,18.978125,48.67390661938534
Sakalti/SJT-2.4B,28.04203956612898,8.383641553044898,2.190332326283988,0.7829977628635317,4.504947916666667,9.537529550827422
Sakalti/SJT-24B-Alpha,32.06370208823699,44.44992027804292,25.302114803625376,17.4496644295302,16.001562500000002,42.856087470449175
Sakalti/SJT-2B,21.507378200951255,1.8859080599169236,0.0755287009063444,0.0,3.385416666666666,2.0759456264775418
Sakalti/SJT-2B-V1.1,39.77235956151899,15.547066237177036,4.833836858006042,2.348993288590602,12.542187500000002,12.492612293144209
Sakalti/SJT-3.7B,10.776184966998674,7.8072799104561055,1.2084592145015105,0.7829977628635317,4.348177083333334,5.612810283687943
Sakalti/SJT-4B,40.77403511571519,28.913837340499914,11.555891238670696,5.92841163310962,19.444791666666664,25.34722222222222
Sakalti/SJT-7.5B,42.23283111034278,34.23401639666226,21.676737160120847,10.17897091722595,14.219010416666665,32.790336879432616
Sakalti/SJT-7B-V1.1,47.028883362810674,35.097523213785486,24.3202416918429,11.185682326621922,13.6328125,37.90632387706855
Sakalti/SJT-7B-V1.1-Multilingal,19.49405355567671,3.060666963755198,0.4531722054380665,1.342281879194629,2.432291666666666,1.521867612293143
Sakalti/SJT-8B,65.34871917623019,33.33083133498579,25.37764350453172,10.626398210290828,8.464062499999999,36.290263002364064
Sakalti/SJT-8B-V1.1,46.20706392372239,31.31949877760972,20.694864048338367,11.521252796420578,11.56015625,35.90240839243498
Sakalti/SJT-900M,24.100276156154557,4.3018424038847485,1.3595166163141994,0.4474272930648763,2.9656249999999993,1.5772754137115832
Sakalti/SJT-Moe2x7.5B,41.1662167493362,34.245683063328926,21.45015105740181,10.17897091722595,14.219010416666665,32.81804078014184
Sakalti/SJTPass-2,24.002867945939,8.362336526695914,5.287009063444108,3.0201342281879207,0.7812499999999996,10.0177304964539
Sakalti/SJTPass-4,19.129354557019816,2.456191569806904,0.2265861027190332,1.342281879194629,6.393229166666668,0.9216164302600468
Sakalti/SJTPass-5,24.247662867857287,4.049294123683027,1.5861027190332326,2.2371364653243813,4.928385416666668,3.6365986997635926
Sakalti/Saba-Passthrough-2,16.91367793011432,11.94868585880535,0.0755287009063444,1.789709172259505,5.42265625,11.966238179669029
Sakalti/Saba1-1.8B,33.32768166243345,17.532918576799144,15.40785498489426,4.36241610738255,11.019010416666667,21.39479905437352
Sakalti/Saba1-7B,45.84735169350657,35.23563153262108,36.63141993957704,8.83668903803132,19.08203125,37.50923463356973
Sakalti/Saba1.5-1.5B,33.32768166243345,17.532918576799144,15.40785498489426,4.36241610738255,11.019010416666667,21.39479905437352
Sakalti/Saba1.5-Pro-3B,23.860468002677344,11.041395854945073,2.719033232628399,2.460850111856823,14.001041666666667,10.645685579196217
Sakalti/Saba2-14B-Preview,47.21871301480073,49.64957000538939,31.268882175226587,17.67337807606264,19.6015625,48.71084515366431
Sakalti/Saba2-3B,28.651533486704167,2.002419101562576,0.6042296072507553,1.565995525727078,7.25390625,2.3345153664302596
Sakalti/Sailor-japanese,16.046866757979938,1.721791288073509,0.3021148036253776,0.4474272930648763,6.763802083333335,1.8266105200945617
Sakalti/Saka-1.5B,27.262663067328024,16.01477085551285,8.006042296072508,5.369127516778524,4.304947916666669,15.724734042553193
Sakalti/Saka-14B,71.74341857382856,49.72322791125956,40.93655589123867,19.463087248322143,20.740885416666668,48.84013002364066
Sakalti/Saka-24B,38.18612392895295,43.311074405335944,18.051359516616312,12.304250559284116,15.727083333333336,41.84027777777778
Sakalti/Saka-7.2B,15.44989516704566,2.1709866331347283,0.0,0.0,3.81484375,1.7804373522458627
Sakalti/Saka-7.6B,45.24284454137245,37.971180889420054,32.55287009063444,8.83668903803132,14.950520833333336,39.33769208037825
Sakalti/SakaMoe-3x1.6B-Instruct,23.708094522533543,7.525328438833678,5.438066465256798,2.2371364653243813,0.9440104166666662,9.80533392434988
Sakalti/SakalFusion-7B-Alpha,52.89653674472622,36.780545262095615,38.4441087613293,10.067114093959727,15.868229166666667,38.598921394799056
Sakalti/SakalFusion-7B-Beta,18.09022283097736,1.4987820116285064,0.0,0.0,6.134375000000001,0.9954934988179668
Sakalti/Tara-3.8B-v1.1,40.6216616355714,28.913837340499914,11.555891238670696,5.92841163310962,19.444791666666664,25.34722222222222
Sakalti/light-1.1-3B,27.345110972220375,1.8805156390567757,1.1329305135951662,1.565995525727078,7.291145833333334,2.3252807328605196
Sakalti/light-3B,53.37360425892189,27.467849685442214,25.90634441087613,6.040268456375841,8.0875,30.832594562647753
Sakalti/light-3b-beta,54.85489612007252,27.27438755254684,27.7190332326284,6.375838926174497,7.983593750000001,30.647901891252953
Sakalti/light-7b-beta,62.338705745200514,36.37504670970679,37.68882175226586,9.50782997762864,11.832812500000005,38.39575945626477
Sakalti/llama-3-yanyuedao-8b-instruct,21.857116894284943,20.593160052037973,3.8519637462235647,5.369127516778524,10.715104166666668,21.22857565011821
Sakalti/magro-7B,13.439008497453422,19.54888376105943,2.0392749244712993,6.040268456375841,13.615364583333331,19.61251477541371
Sakalti/mergekit-01,62.338705745200514,36.37504670970679,37.68882175226586,9.50782997762864,11.832812500000005,38.39575945626477
Sakalti/mergekit-della_linear-vmeykci,11.26078804239418,0.975893246187364,1.0574018126888218,1.789709172259505,6.377604166666667,0.9862588652482256
Sakalti/model-3,62.63846593704703,36.31775528213533,37.08459214501511,9.50782997762864,11.499479166666667,38.38652482269504
Sakalti/qwen2.5-2.3B,12.879493078365403,1.1167186571598344,0.5287009063444109,0.2237136465324418,5.540364583333333,1.9189568557919616
Sakalti/tara-3.8B,40.77403511571519,28.913837340499914,11.555891238670696,5.92841163310962,19.444791666666664,25.34722222222222
Sakalti/ultiima-14B,57.00563394016764,49.51071627853103,46.97885196374622,16.554809843400445,18.936718749999997,48.67390661938534
Sakalti/ultiima-14B-v0.2,70.69930007934502,49.51261036714752,39.95468277945619,17.67337807606264,19.1859375,48.74778368794326
Sakalti/ultiima-14B-v0.3,70.40452665593958,48.445133231959545,39.65256797583081,16.890380313199106,18.727083333333333,48.18447104018913
Sakalti/ultiima-14B-v0.4,30.082846846367637,48.24803486437804,35.34743202416919,19.463087248322143,21.1703125,47.538046690307326
Sakalti/ultiima-32B,68.54357549080883,58.112446786765965,49.62235649546828,17.4496644295302,24.134895833333335,54.55636820330969
Sakalti/ultiima-72B,71.4012154416947,61.10313258693403,53.54984894259819,21.923937360178968,18.115104166666665,54.510195035460995
Sakalti/ultiima-72B-v1.5,65.49610588793291,63.438206058920265,43.957703927492446,21.812080536912756,18.536718749999995,56.153959810874696
Salesforce/LLaMA-3-8B-SFR-Iterative-DPO-R,38.15620331830654,29.15028934976556,9.138972809667674,5.033557046979867,5.550000000000002,24.137485224586285
SanjiWatsuki/Kunoichi-DPO-v2-7B,54.31034100630771,20.903472484123803,7.628398791540786,6.152125279642054,11.087500000000004,23.407949172576835
SanjiWatsuki/Silicon-Maid-7B,53.678351219209475,16.692746753586437,6.495468277945619,5.369127516778524,11.087500000000004,23.149379432624112
Sao10K/70B-L3.3-Cirrus-x1,66.80751517085777,57.13231216638128,37.38670694864049,26.62192393736018,21.42083333333333,48.646202718676115
Sao10K/Fimbulvetr-11B-v2,51.00056738343152,22.65512081005865,6.797583081570997,5.592841163310966,14.920572916666666,25.56885342789598
Sao10K/L3-70B-Euryale-v2.1,73.84417789243652,48.70118672944805,21.37462235649547,10.850111856823268,12.247916666666669,45.598773640661946
Sao10K/L3-8B-Lunaris-v1,68.94573066131198,32.11434845509543,9.06344410876133,6.823266219239373,5.550000000000002,30.971114066193856
Sao10K/L3-8B-Niitama-v1,67.90659893526953,33.209787820927936,9.818731117824774,7.718120805369126,6.083333333333336,30.010712174940902
Sao10K/L3-8B-Stheno-v3.2,68.72841837435782,32.02159792407502,9.290030211480364,8.05369127516779,6.453906249999996,30.758717494089833
Sao10K/L3-8B-Stheno-v3.3-32K,46.03718134549661,13.51200898319754,1.4350453172205435,0.8948545861297527,4.067708333333334,9.95308806146572
Sao10K/MN-12B-Lyra-v3,44.86063644463357,25.870963383072453,9.365558912386708,3.691275167785232,9.038281250000004,24.987071513002363
Saxo/Linkbricks-Horizon-AI-Avengers-V1-32B,79.71681804279312,57.63392862080288,60.27190332326284,14.988814317673372,18.155989583333337,53.25428486997635
Saxo/Linkbricks-Horizon-AI-Avengers-V2-32B,79.56444456264933,58.07744907944319,56.646525679758305,2.1252796420581683,11.179427083333335,52.44163711583924
Saxo/Linkbricks-Horizon-AI-Avengers-V3-32B,82.48702332034557,56.52792400025387,61.78247734138973,11.74496644295302,13.832291666666665,51.822916666666664
Saxo/Linkbricks-Horizon-AI-Avengers-V4-32B,76.30963620970138,56.552203892922165,53.625377643504535,14.87695749440716,19.465885416666666,52.8017878250591
Saxo/Linkbricks-Horizon-AI-Avengers-V5-32B,75.15558717536138,56.67538301839144,54.607250755287005,14.093959731543624,20.59140625,52.912603427895974
Saxo/Linkbricks-Horizon-AI-Avengers-V6-32B,82.08985491828349,56.18657609330363,62.2356495468278,11.297539149888143,13.661718749999997,51.915263002364064
Saxo/Linkbricks-Horizon-AI-Korean-Avengers-V2-27B,81.45786513118526,49.645052903738225,28.02114803625378,12.975391498881436,10.942187500000005,39.984116430260045
Saxo/Linkbricks-Horizon-AI-Korean-Avengers-V3-27B,81.420408959339,48.69836786250173,24.924471299093657,14.5413870246085,15.23463541666667,39.15299940898345
Saxo/Linkbricks-Horizon-AI-Korean-Superb-22B,67.66679078179232,36.57802382251899,23.716012084592144,10.17897091722595,5.946354166666666,31.903812056737586
Saxo/Linkbricks-Horizon-AI-Korean-Superb-27B,77.67601076255447,50.60725661580997,27.19033232628399,14.65324384787472,19.52526041666666,40.51972517730496
Saxo/Linkbricks-Horizon-AI-Superb-27B,73.02235845334823,45.694323910043586,22.20543806646526,14.317673378076066,18.558333333333337,34.00007387706855
SeaLLMs/SeaLLM-7B-v2,36.71236762900216,27.438159401570932,8.534743202416918,3.803131991051453,9.36979166666667,23.140144799054376
SeaLLMs/SeaLLM-7B-v2.5,45.21536190640833,28.738153930102815,10.876132930513595,3.467561521252797,11.60703125,24.479166666666664
SeaLLMs/SeaLLMs-v3-7B-Chat,43.76653944866288,33.801622722378404,18.580060422960727,6.487695749440718,10.471875000000002,32.16238179669031
SenseLLM/ReflectionCoder-CL-34B,40.077106521806584,14.264686822563537,3.3232628398791544,0.1118568232662209,10.402864583333336,4.707816193853427
SenseLLM/ReflectionCoder-DS-33B,37.86641666334215,8.337659356727954,3.0211480362537766,3.243847874720355,0.4557291666666662,2.24216903073286
SentientAGI/Dobby-Mini-Leashed-Llama-3.1-8B,78.47034756667864,30.77304532336984,18.580060422960727,6.935123042505594,11.938541666666673,29.93683510638298
SentientAGI/Dobby-Mini-Unhinged-Llama-3.1-8B,74.56858912130923,30.369934195446422,15.634441087613292,7.494407158836691,7.960156250000001,28.717863475177303
SeppeV/SmolLM_pretrained_with_sft_trained_with_1pc_data_on_a_preference_dpo,9.554648333089537,3.612865412111988,1.2084592145015105,1.230425055928408,8.401041666666666,1.7896719858156025
Sharathhebbar24/SSH_355M,14.23589409433636,3.496136025027686,0.906344410876133,1.1185682326621946,10.51875,1.9558953900709208
Sharathhebbar24/chat_gpt2_dpo,9.861944086135896,1.6986044099668711,0.5287009063444109,1.342281879194629,5.43046875,1.5772754137115832
Shreyash2010/Uma-4x4B-Instruct-v0.1,55.169616617242255,36.28453127383045,17.749244712990937,11.297539149888143,15.146354166666663,31.885342789598106
Sicarius-Prototyping/Brainy_LLAMA,52.042247902232745,30.294986762557475,13.36858006042296,8.501118568232664,9.491666666666667,31.654476950354617
Sicarius-Prototyping/Micropenis_1B,34.606621541953125,7.664224287376964,4.607250755287009,1.6778523489932915,2.7343749999999996,9.555998817966902
Sicarius-Prototyping/bacon_and_food,58.60428108529812,24.93079263718865,9.818731117824774,7.941834451901568,7.014843750000002,25.144060283687946
SicariusSicariiStuff/2B-ad,43.78903531518593,16.007592932115813,5.0604229607250755,4.138702460850116,8.124739583333335,18.467420212765955
SicariusSicariiStuff/2B_or_not_2B,20.623168747811363,7.68230049623281,1.9637462235649543,0.0,4.8520833333333355,4.43077718676123
SicariusSicariiStuff/Dusk_Rainbow,35.88057465303173,25.95903682422342,7.477341389728097,7.829977628635347,7.448437499999998,27.14797576832151
SicariusSicariiStuff/Eximius_Persona_5B,65.59850086658955,22.201333094135222,10.196374622356496,1.9015659955257265,7.326562499999997,23.777334515366427
SicariusSicariiStuff/Impish_LLAMA_3B,46.29948536549688,16.98575485690441,11.253776435045316,5.033557046979867,5.60885416666667,21.570257092198577
SicariusSicariiStuff/Impish_Mind_8B,31.791424531354583,24.562854114562622,10.498489425981871,7.270693512304249,8.969791666666671,25.65196513002364
SicariusSicariiStuff/Impish_QWEN_14B-1M,78.67768631675067,47.22031340500465,39.65256797583081,13.422818791946312,17.516927083333336,44.93388002364066
SicariusSicariiStuff/Impish_QWEN_7B-1M,63.81744881359238,34.55484768058619,30.891238670694865,6.152125279642054,9.557812500000002,36.28102836879432
SicariusSicariiStuff/LLAMA-3_8B_Unaligned_BETA,37.13203189758729,24.998013753807424,8.38368580060423,7.38255033557047,9.56015625,27.38807624113475
SicariusSicariiStuff/Phi-Line_14B,64.95653754260917,43.79406899090469,38.59516616314199,13.758389261744966,14.781770833333336,49.48655437352246
SicariusSicariiStuff/Phi-lthy4,76.79423928509688,40.15288217449905,13.670694864048338,4.921700223713646,9.036458333333334,37.038268321512994
SicariusSicariiStuff/Qwen2.5-14B_Uncencored,31.57909901284148,46.7202351109504,31.797583081570995,17.561521252796418,15.291666666666666,47.399527186761226
SicariusSicariiStuff/Qwen2.5-14B_Uncensored,31.73147249298528,46.7202351109504,31.797583081570995,17.561521252796418,15.291666666666666,47.399527186761226
SicariusSicariiStuff/Qwen2.5-14B_Uncensored_Instruct,37.89389929830627,42.113096716972805,32.85498489425982,10.626398210290828,4.40703125,45.85734338061466
SicariusSicariiStuff/Redemption_Wind_24B,25.014517037017335,48.417358452350896,18.580060422960727,17.785234899328863,11.179947916666668,49.24645390070923
SicariusSicariiStuff/Winged_Imp_8B,74.3012983328679,30.592875323293935,12.009063444108762,4.36241610738255,10.887499999999996,29.3181146572104
SicariusSicariiStuff/Wingless_Imp_8B,74.3012983328679,30.592875323293935,12.009063444108762,4.36241610738255,10.887499999999996,29.3181146572104
SicariusSicariiStuff/Zion_Alpha,33.24024698910004,29.160501194115735,5.211480362537765,5.369127516778524,18.452604166666667,23.684988179669027
SicariusSicariiStuff/dn_ep02,50.643403945974455,32.6437741461978,14.19939577039275,8.7248322147651,12.187760416666668,33.30747635933806
SkyOrbis/SKY-Ko-Llama3.1-8B-lora,50.58345190760515,29.191619249410262,15.483383685800604,9.50782997762864,8.507291666666667,30.860298463356976
SkyOrbis/SKY-Ko-Llama3.1-8B-lora-epoch1,50.58345190760515,29.191619249410262,15.483383685800604,9.50782997762864,8.507291666666667,30.860298463356976
SkyOrbis/SKY-Ko-Llama3.2-1B-lora-epoch3,32.470844027181215,5.493123703086085,2.719033232628399,0.2237136465324418,2.0695312500000003,3.100989952718674
SkyOrbis/SKY-Ko-Llama3.2-1B-lora-epoch5,43.599205663195875,8.132119042373503,5.211480362537765,1.230425055928408,4.1265625,10.507166075650115
SkyOrbis/SKY-Ko-Llama3.2-1B-lora-v2-epoch3,43.599205663195875,8.132119042373503,5.211480362537765,1.230425055928408,4.1265625,10.507166075650115
SkyOrbis/SKY-Ko-Llama3.2-1B-lora-v2-epoch5,42.46765249537893,8.268548811534602,5.0604229607250755,0.5592841163310973,3.963802083333334,10.507166075650115
SkyOrbis/SKY-Ko-Llama3.2-3B-lora-epoch1,53.31121424487027,20.806136629310423,14.577039274924472,5.592841163310966,5.961979166666667,22.272089243498815
SkyOrbis/SKY-Ko-Llama3.2-3B-lora-epoch2,53.31121424487027,20.806136629310423,14.577039274924472,5.592841163310966,5.961979166666667,22.272089243498815
SkyOrbis/SKY-Ko-Llama3.2-3B-lora-epoch3,53.31121424487027,20.806136629310423,14.577039274924472,5.592841163310966,5.961979166666667,22.272089243498815
SkyOrbis/SKY-Ko-Qwen2.5-3B-Instruct,35.34100630770799,19.150679030509476,6.948640483383686,3.9149888143176734,9.262239583333336,20.12965425531915
SkyOrbis/SKY-Ko-Qwen2.5-7B-Instruct-SFT-step-15000,38.188672721711725,31.32761158066677,18.65558912386707,10.290827740492167,13.950520833333334,32.374778368794324
SkyOrbis/SKY-Ko-Qwen2.5-7B-Instruct-SFT-step-5000,38.12373391490135,34.9514354427427,20.996978851963743,7.046979865771815,10.907291666666667,35.976285460992905
Skywork/Skywork-Reward-Gemma-2-27B-v0.2,78.07317916461656,48.159904249727155,22.734138972809667,12.527964205816552,11.993229166666673,34.48027482269504
Skywork/Skywork-o1-Open-Llama-3.1-8B,35.18364605912313,23.017598928072996,52.11480362537765,1.230425055928408,1.5223958333333336,11.449098699763592
Solshine/Brimful-merged-replete,17.605619755581856,1.992138996736096,0.3021148036253776,1.0067114093959737,1.432291666666666,0.9400856973995264
Solshine/Llama-3-1-big-thoughtful-passthrough-merge-2,25.466650709007656,5.008442306492267,1.0574018126888218,1.230425055928408,6.751822916666666,2.05747635933806
Sorawiz/Gemma-9B-Base,16.673758959560633,41.28135020153275,9.818731117824774,11.968680089485462,9.363802083333338,35.948581560283685
Sorawiz/Gemma-Creative-9B-Base,15.150024158122667,34.6224221959871,7.779456193353475,10.626398210290828,8.201041666666667,33.41829196217494
Sourjayon/DeepSeek-R1-8b-Sify,36.79481553389451,6.9268224957064595,24.47129909365559,0.3355704697986553,0.4557291666666662,10.895020685579194
Sourjayon/DeepSeek-R1-ForumNXT,26.028714920854448,6.957542087542088,25.755287009063444,3.243847874720355,2.5716145833333326,7.201167257683213
SpaceYL/ECE_Poirot,31.069562095240627,18.616426052772713,9.138972809667674,6.375838926174497,8.330729166666668,20.923832742316783
Spestly/Athena-1-3B,55.69167586448401,26.308869593300415,23.791540785498487,5.8165548098433995,13.2953125,27.988327423167853
Spestly/Atlas-Pro-1.5B-Preview,24.29509257658568,9.07740771263535,31.948640483383684,6.263982102908276,1.8617187499999996,10.27630023640662
Spestly/Atlas-Pro-7B-Preview,31.541642840995227,25.274194951351465,50.83081570996979,11.6331096196868,6.6520833333333345,21.89346926713948
Stark2008/GutenLaserPi,42.26530051374797,32.97771006701662,7.854984894259818,4.921700223713646,16.985937499999995,23.39871453900709
Stark2008/LayleleFlamPi,42.84232503091796,31.20740955947399,6.646525679758309,4.697986577181204,16.57213541666667,23.26019503546099
Stark2008/VisFlamCat,43.65915770156518,32.881396834037055,7.628398791540786,5.369127516778524,14.68385416666667,23.823507683215126
Steelskull/L3.3-MS-Nevoria-70b,69.63268571833845,56.60264873723427,39.577039274924466,29.418344519015665,18.628645833333337,50.39154846335697
Steelskull/L3.3-Nevoria-R1-70b,60.23794642659256,56.167288330479515,46.299093655589125,29.194630872483216,20.191406249999996,49.5881353427896
StelleX/Qwen2.5_Math_7B_Cot,21.42747908881767,19.79691148660931,32.62839879154079,5.92841163310962,6.918750000000002,20.111184988179662
StelleX/Vorisatex-7B-preview,15.150134975199135,4.133712426973548,2.8700906344410875,0.2237136465324418,11.504947916666666,1.8450797872340412
SultanR/SmolTulu-1.7b-Instruct,65.4086712145995,12.25982971199621,7.930513595166164,2.572706935123044,1.920572916666666,7.893764775413713
SultanR/SmolTulu-1.7b-Reinforced,67.90659893526953,10.015214516485557,7.175226586102719,3.467561521252797,2.408854166666666,8.475546690307327
SultanR/SmolTulu-1.7b-it-v0,65.4086712145995,12.25982971199621,7.930513595166164,2.572706935123044,1.920572916666666,7.893764775413713
Supichi/BBA-123,20.79548930171944,2.218337253816706,0.0,1.342281879194629,2.5716145833333326,1.854314420803781
Supichi/BBA99,14.066011516110589,1.3050510001980589,0.0,1.789709172259505,2.897135416666666,1.2448286052009452
Supichi/BBAIK29,45.88480786535282,36.96354856971481,36.78247734138973,8.277404921700223,14.993750000000004,38.54351359338061
Supichi/BBAI_135_Gemma,6.562144000141846,10.857975857833802,0.0,2.348993288590602,4.859895833333333,7.468971631205674
Supichi/BBAI_250_Xia0_gZ,46.85401401614384,36.654123211962506,36.40483383685801,9.50782997762864,15.940885416666667,38.49734042553191
Supichi/BBAI_275_Tsunami_gZ,53.695860317291455,36.25417674909635,32.85498489425982,9.50782997762864,13.897656250000002,38.802083333333336
Supichi/BBAI_525_Tsu_gZ_Xia0,53.3861265885628,36.525252487756354,34.29003021148036,8.277404921700223,14.49765625,38.63585992907802
Supichi/BBAI_78B_Calme_3_1_Ties,18.280052482967417,1.530417863838492,0.0,0.0,2.2460937499999996,1.595744680851063
Supichi/BBAI_QWEEN_V000000_LUMEN_14B,18.1451881009056,3.0068974054268174,0.0,0.0,2.7343749999999996,1.7804373522458627
Supichi/HF_TOKEN,13.798720727669249,1.1476980590215882,0.0755287009063444,1.789709172259505,2.897135416666666,1.2171247044917255
Supichi/NJS26,4.481331755298164,26.847431929671945,3.2477341389728096,9.060402684563762,5.709114583333332,22.63223995271868
Svak/MN-12B-Inferor-v0.0,57.07555951541909,30.846426792178836,10.196374622356496,7.829977628635347,18.085677083333337,28.431589834515364
Svak/MN-12B-Inferor-v0.1,63.46527214457639,30.850764971038178,12.613293051359516,10.067114093959727,15.052083333333336,29.57668439716312
Syed-Hasan-8503/Phi-3-mini-4K-instruct-cpo-simpo,57.14049832222946,39.148157776889455,15.709969788519636,10.738255033557047,8.777604166666663,31.783761820330973
T145/KRONOS-8B-V1-P1,78.49783020164276,29.9732800557004,19.788519637462233,6.040268456375841,8.479687500000002,30.666371158392437
T145/KRONOS-8B-V1-P2,67.2421397447661,25.86433596064097,16.012084592145015,5.592841163310966,5.0617187500000025,27.258791371158388
T145/KRONOS-8B-V1-P3,71.37373280673059,30.270031651490015,19.259818731117825,1.342281879194629,5.961979166666667,26.723182624113473
T145/KRONOS-8B-V2,51.802439748755525,30.67490713784655,22.658610271903324,6.487695749440718,8.258072916666668,30.417036052009458
T145/KRONOS-8B-V3,54.74751437297482,30.29109898483549,25.981873111782477,5.145413870246088,7.828645833333336,30.4262706855792
T145/KRONOS-8B-V4,78.89499860370483,30.14061947211616,19.486404833836858,5.257270693512303,7.76979166666667,30.952644799054376
T145/KRONOS-8B-V5,54.05058577906621,30.17368221664718,26.888217522658607,5.369127516778524,10.450260416666664,30.65713652482269
T145/KRONOS-8B-V6,70.22467054083165,29.659286418525568,25.981873111782477,3.9149888143176734,9.813020833333336,27.794400118203303
T145/KRONOS-8B-V7,35.291027806220825,23.89017313885566,11.10271903323263,2.2371364653243813,4.02265625,18.855274822695034
T145/KRONOS-8B-V8,77.70349339751859,30.05309399552845,20.468277945619334,5.257270693512303,8.36197916666667,30.915706264775416
T145/KRONOS-8B-V9,78.55778224001206,30.06801140755337,19.86404833836858,6.152125279642054,8.316927083333335,30.57402482269504
T145/Llama-3.1-8B-Instruct-Zeus,79.41207108250552,31.388990728478273,19.561933534743204,6.823266219239373,8.569791666666662,32.14391252955083
T145/Llama-3.1-8B-Zeus,35.17611049792329,10.560807756832054,1.4350453172205435,2.0134228187919474,1.58125,3.692006501182032
T145/Meta-Llama-3.1-8B-Instruct-TIES,54.23542866261519,29.7742634799406,20.996978851963743,5.92841163310962,8.036458333333336,30.888002364066192
T145/ZEUS-8B-V10,77.06651684197928,32.69504767226082,21.148036253776432,9.955257270693512,9.089322916666664,32.263962765957444
T145/ZEUS-8B-V11,80.99575792231279,31.20791313817828,19.637462235649547,8.612975391498878,7.149999999999996,32.042331560283685
T145/ZEUS-8B-V12,78.15562706950891,32.44900193426873,21.148036253776432,9.395973154362418,8.497135416666664,32.35630910165484
T145/ZEUS-8B-V13,79.04238531540756,32.72745832819285,21.37462235649547,9.843400447427292,8.393229166666664,32.347074468085104
T145/ZEUS-8B-V13-abliterated,78.77509452696623,31.784785148944987,17.900302114803626,8.165548098434002,8.393229166666664,31.91304669030733
T145/ZEUS-8B-V14,77.0939994769434,32.693445971056676,21.299093655589125,9.395973154362418,8.289322916666663,32.374778368794324
T145/ZEUS-8B-V15,70.1272623306161,36.18160301722815,23.036253776435046,3.467561521252797,9.416666666666664,33.99083924349882
T145/ZEUS-8B-V16,79.25471083392065,32.53218336552364,22.05438066465257,7.606263982102905,9.518749999999995,32.513297872340424
T145/ZEUS-8B-V17,79.40708431406446,32.33848329071727,22.432024169184288,9.61968680089485,9.63645833333333,32.60564420803782
T145/ZEUS-8B-V17-abliterated,75.7600943274955,31.522204154633215,4.380664652567976,7.158836689038028,13.132552083333332,29.1334219858156
T145/ZEUS-8B-V17-abliterated-V2,65.32123654126606,27.568611667990155,11.178247734138973,3.1319910514541416,1.7578124999999991,26.686244089834517
T145/ZEUS-8B-V17-abliterated-V4,72.2829869191523,30.97161542373427,9.365558912386708,4.4742729306487705,11.605208333333332,30.82335992907802
T145/ZEUS-8B-V18,78.34046995305789,32.52958987066048,21.827794561933533,9.50782997762864,10.703124999999998,32.68875591016548
T145/ZEUS-8B-V19,78.82507302845339,32.64362847061702,22.05438066465257,9.61968680089485,10.703124999999998,32.59640957446809
T145/ZEUS-8B-V2,80.29384255996311,31.605592775073944,21.6012084592145,6.935123042505594,8.24427083333333,32.18085106382979
T145/ZEUS-8B-V2-ORPO,71.86830941900824,29.59149027379915,18.27794561933535,8.05369127516779,9.754166666666665,29.752142434988176
T145/ZEUS-8B-V2-abliterated,78.95495064207414,30.98256419519066,21.148036253776432,8.389261744966444,7.918749999999996,31.38667257683215
T145/ZEUS-8B-V20,79.55945779420827,32.22158697725198,21.90332326283988,9.731543624161072,10.273697916666665,32.55023640661938
T145/ZEUS-8B-V21,37.85145635801894,7.358048379917139,15.93655589123867,1.9015659955257265,1.5361979166666664,7.930703309692672
T145/ZEUS-8B-V22,79.95163942782926,32.21395635996418,22.2809667673716,10.402684563758392,9.369791666666664,32.64258274231678
T145/ZEUS-8B-V23,76.2122279994858,31.46730001602275,18.202416918429005,7.941834451901568,7.191406250000001,29.622857565011817
T145/ZEUS-8B-V24,59.99813827311534,26.153953910062185,14.577039274924472,1.5659955257270708,4.7145833333333345,25.384160756501178
T145/ZEUS-8B-V25,33.20279081725378,21.846212671079687,20.39274924471299,1.9015659955257265,2.602864583333334,20.942302009456267
T145/ZEUS-8B-V26,67.07979272774018,32.25100532809862,12.462235649546828,6.040268456375841,9.63645833333333,32.300901300236404
T145/ZEUS-8B-V27,65.4361538495636,32.21930421807795,13.444108761329304,7.718120805369126,9.844270833333333,32.245493498817964
T145/ZEUS-8B-V28,63.5252241829457,32.62174149720304,12.68882175226586,7.158836689038028,8.836458333333331,32.245493498817964
T145/ZEUS-8B-V29,74.17640748768822,32.349726924866495,16.012084592145015,10.17897091722595,9.53255208333333,32.448655437352244
T145/ZEUS-8B-V2L1,31.91886416929303,28.694208206551323,12.386706948640484,8.389261744966444,9.058072916666662,29.308880023640665
T145/ZEUS-8B-V2L2,80.2064078866297,32.0175092945529,20.166163141993955,6.599552572706939,8.583593750000002,32.042331560283685
T145/ZEUS-8B-V3,78.86751596874072,32.108252109929126,16.76737160120846,9.61968680089485,9.1109375,31.155806737588655
T145/ZEUS-8B-V30,74.35626360279613,32.188253745585094,15.861027190332328,9.395973154362418,10.065885416666664,32.70722517730496
T145/ZEUS-8B-V4,78.07317916461656,32.04614380654929,19.259818731117825,7.606263982102905,9.961979166666664,30.98034869976359
T145/ZEUS-8B-V6,78.37792612490415,32.07784842307126,20.241691842900305,7.270693512304249,9.916927083333327,30.65713652482269
T145/ZEUS-8B-V7,77.86085364610345,29.556016390229985,14.803625377643504,6.263982102908276,11.087499999999997,31.24815307328605
T145/ZEUS-8B-V8,79.13979352562313,29.39403095675921,13.293051359516618,5.033557046979867,11.805208333333328,30.67560579196217
T145/ZEUS-8B-V9,55.51436854213487,31.85054952781809,21.37462235649547,5.480984340044745,8.73255208333333,32.23625886524823
T145/qwen-2.5-3B-merge-test,57.510184089327424,27.889341313676073,32.02416918429003,4.697986577181204,8.291145833333333,25.439568557919618
THUDM/glm-4-9b,14.260827936541707,35.811283581208905,0.0,8.83668903803132,14.189583333333331,34.94200650118203
THUDM/glm-4-9b-chat,0.0,25.205183674440235,0.0,8.501118568232664,8.061718749999999,24.072842789598106
THUDM/glm-4-9b-chat-1m,0.0,17.10802850816805,0.0,7.158836689038028,5.232291666666668,24.03590425531915
THUDM/glm-4-9b-chat-1m-hf,53.411060430768146,14.405440654648933,4.833836858006042,5.592841163310966,3.544010416666667,9.048093971631204
THUDM/glm-4-9b-chat-hf,65.13140688927601,20.668085640285003,8.459214501510575,7.046979865771815,2.2460937499999996,19.714095744680847
TIGER-Lab/AceCodeRM-7B,58.54931581536989,26.27915814299532,34.66767371601209,7.270693512304249,11.067708333333336,26.233747044917255
TIGER-Lab/AceCoder-Qwen2.5-7B-Ins-Rule,74.24134629449861,35.040755991620735,49.92447129909365,6.823266219239373,7.720572916666666,36.90898345153664
TIGER-Lab/AceCoder-Qwen2.5-Coder-7B-Base-Rule,44.07627317739154,29.405351182469055,20.166163141993955,2.9082774049216997,0.9440104166666662,30.500147754137117
TIGER-Lab/AceCoder-Qwen2.5-Coder-7B-Ins-Rule,62.22378843690298,30.542991358230974,36.027190332326285,3.691275167785232,8.712760416666667,26.981752364066192
TIGER-Lab/MAmmoTH2-7B-Plus,55.74664113441224,18.925953227555738,18.580060422960727,4.026845637583895,10.1109375,22.410608747044915
TIGER-Lab/Qwen2.5-Math-7B-CFT,27.769762009246577,24.585137970728173,55.740181268882175,4.809843400447425,6.61666666666667,21.607195626477537
TTTXXX01/Mistral-7B-Base-SimPO2-5e-7,43.91891292880668,20.692627382557507,2.643504531722054,6.375838926174497,5.252083333333334,19.62174940898345
Tarek07/Progenitor-V1.1-LLaMa-70B,69.06064796960952,56.24697023586278,35.725075528700906,27.740492170022367,19.62864583333333,49.61583924349882
Tarek07/Thalassic-Alpha-LLaMa-70B,70.03484088884161,55.95412538254855,31.49546827794562,25.83892617449664,20.72473958333333,49.27415780141844
TeeZee/DoubleBagel-57B-v1.0,23.363342597640923,5.5227816982611495,0.9818731117824772,3.467561521252797,13.60286458333333,5.308067375886525
Telugu-LLM-Labs/Indic-gemma-2b-finetuned-sft-Navarasa-2.0,21.030310686755588,6.0210547049870184,2.719033232628399,0.0,7.075520833333336,3.100989952718674
Telugu-LLM-Labs/Indic-gemma-7b-finetuned-sft-Navarasa-2.0,32.36844904852458,16.263180963543576,2.56797583081571,2.684563758389265,9.140364583333332,15.004432624113472
TencentARC/LLaMA-Pro-8B,22.77135777514772,9.2939499758607,1.8882175226586104,1.342281879194629,8.593229166666669,9.011155437352246
TencentARC/LLaMA-Pro-8B-Instruct,44.86063644463357,19.48572605687595,2.492447129909366,3.243847874720355,11.1109375,10.507166075650115
TencentARC/MetaMath-Mistral-Pro,21.18767093534045,22.37227879113455,7.628398791540786,2.572706935123044,4.9854166666666675,16.35268912529551
TencentARC/Mistral_Pro_8B_v0.1,21.145227995053123,22.89418875876804,5.664652567975831,4.026845637583895,11.828645833333336,19.61251477541371
TheDrummer/Cydonia-22B-v1.2,56.35114828654636,39.93260406588619,20.31722054380665,10.738255033557047,10.50546875,34.895833333333336
TheDrummer/Gemmasutra-9B-v1,24.155130609006328,41.20039631726062,8.308157099697885,8.05369127516779,20.940885416666664,33.83385047281324
TheDrummer/Gemmasutra-Mini-2B-v1,25.48659778277193,9.81033614467704,3.776435045317221,2.796420581655479,1.1890624999999992,11.71690307328605
TheDrummer/Llama-3SOME-8B-v2,45.08049752434651,31.69527340436814,9.365558912386708,6.935123042505594,7.208854166666664,30.592494089834517
TheDrummer/Ministrations-8B-v1,28.219346888478125,26.98563733629608,18.42900302114803,9.955257270693512,14.779947916666664,29.373522458628837
TheDrummer/Rocinante-12B-v1,60.764992442275386,30.025654065607256,12.68882175226586,5.480984340044745,11.281510416666665,27.526595744680847
TheDrummer/Tiger-Gemma-9B-v1,72.81501970327619,37.220546054087826,18.35347432024169,11.85682326621924,10.487500000000002,34.64649822695036
TheDrummer/Tiger-Gemma-9B-v2,69.85997154217475,35.46954056518246,18.202416918429005,11.968680089485462,9.31875,34.58185579196217
TheDrummer/Tiger-Gemma-9B-v3,68.20635912711606,38.83602273195975,16.238670694864048,11.85682326621924,7.710937499999999,33.99083924349882
TheDrunkenSnail/Daughter-of-Rhodia-12B,69.03815210308647,31.47583343042707,12.235649546827794,8.948545861297541,14.613020833333332,29.34581855791962
TheDrunkenSnail/Mother-of-Rhodia-12B,65.04895898438366,28.502978884048833,12.235649546827794,6.487695749440718,11.652083333333332,28.34847813238771
TheDrunkenSnail/Son-of-Rhodia,70.46447869430888,30.222057252119924,13.141993957703926,8.389261744966444,12.103125,28.976433215130015
TheHierophant/Underground-Cognitive-V0.3-test,48.08297539417634,33.665101982714994,5.8912386706948645,6.487695749440718,14.55598958333333,25.75354609929078
TheTsar1209/nemo-carpmuscle-v0.1,22.75639746982451,30.034995783434088,4.758308157099698,6.263982102908276,10.220833333333337,26.73241725768321
TheTsar1209/qwen-carpmuscle-r-v0.3,44.55090271590491,46.37591354449345,30.060422960725074,13.422818791946312,12.003385416666667,45.58953900709219
TheTsar1209/qwen-carpmuscle-v0.1,56.21628390448454,48.82559521217237,26.283987915407852,12.527964205816552,10.146354166666669,46.669991134751776
TheTsar1209/qwen-carpmuscle-v0.2,52.56929391791557,48.18244143380709,28.323262839879153,14.093959731543624,12.75234375,46.07897458628841
TheTsar1209/qwen-carpmuscle-v0.3,44.76322823441801,45.5433921378403,31.344410876132933,14.205816554809845,9.781770833333336,45.12780732860521
TheTsar1209/qwen-carpmuscle-v0.4,72.02068289915204,49.38495588865565,27.7190332326284,13.646532438478744,15.550520833333335,46.04203605200946
TheTsar1209/qwen-carpmuscle-v0.4.1,73.59938297051823,50.003672744368544,27.794561933534744,12.751677852348994,14.913281250000002,46.56841016548463
Tijmen2/cosmosage-v3,44.82318027278731,22.6871057550123,5.0604229607250755,4.36241610738255,10.685677083333331,16.50967789598109
TinyLlama/TinyLlama-1.1B-Chat-v0.1,14.78543597654224,3.3630106739393377,0.6042296072507553,0.0,3.9049479166666674,1.087839834515365
TinyLlama/TinyLlama-1.1B-Chat-v0.5,16.336653412944322,3.4076909375697055,0.3776435045317221,0.0,3.565625000000001,1.0693705673758855
TinyLlama/TinyLlama-1.1B-Chat-v0.6,15.742119797692348,3.390370709512531,1.5861027190332326,1.1185682326621946,2.2773437500000004,1.6511524822695034
TinyLlama/TinyLlama-1.1B-Chat-v1.0,5.957636848007731,4.013396848486799,1.5105740181268883,0.0,4.306770833333336,1.124778368794326
TinyLlama/TinyLlama-1.1B-intermediate-step-1431k-3T,22.76637100670665,3.547093389508079,1.2084592145015105,0.3355704697986553,2.187239583333333,1.337174940898345
TinyLlama/TinyLlama_v1.1,20.00613926603634,3.2103010497128146,1.2084592145015105,0.0,3.979427083333333,0.542996453900708
ToastyPigeon/Sto-vo-kor-12B,55.01225636865739,29.579484369783785,10.876132930513595,7.38255033557047,8.497135416666664,26.640070921985817
Trappu/Magnum-Picaro-0.7-v2-12b,30.027881576439405,35.74623319855443,6.646525679758309,9.731543624161072,19.556510416666665,28.671690307328607
Trappu/Nemo-Picaro-12B,25.771397669295247,35.9731352844479,8.459214501510575,10.290827740492167,18.74088541666666,28.93949468085106
Tremontaine/L3-12B-Lunaris-v1,69.0931173730147,32.1807456461844,8.761329305135952,7.941834451901568,4.053906250000002,30.832594562647753
Triangle104/Annunaki-12b,38.720705505835625,35.321144959632626,12.16012084592145,9.50782997762864,14.276041666666664,30.232343380614655
Triangle104/BigTalker-Lite-8B,36.89222374411007,32.683408496152815,10.196374622356496,8.05369127516779,11.038802083333335,27.009456264775412
Triangle104/Chatty-Harry_V2.0,33.25520729442324,32.763031539641695,13.897280966767372,9.731543624161072,11.544531249999997,29.807550236406616
Triangle104/Chatty-Harry_V3.0,36.74982380084842,35.89470703139707,11.253776435045316,9.731543624161072,15.038802083333332,30.019946808510632
Triangle104/Chronos-Prism_V1.0,32.593296896678595,36.575708870675506,12.009063444108762,7.941834451901568,14.283854166666664,29.696734633569736
Triangle104/DS-Distilled-Hermes-Llama-3.1,32.29353670483207,30.312465517244533,29.305135951661633,9.172259507829976,9.781770833333336,23.444887706855795
Triangle104/DS-Distilled-Hermes-Llama-3.1_TIES,13.641360479084383,2.108592689290024,0.906344410876133,0.0,2.461718750000002,1.1524822695035457
Triangle104/DS-R1-Distill-Q2.5-10B-Harmony,17.508211545366294,1.528324420677361,0.0,0.0,1.5950520833333328,1.9189568557919616
Triangle104/DS-R1-Distill-Q2.5-14B-Harmony_V0.1,45.15042309959796,38.71536986302894,55.51359516616314,19.12751677852349,31.919270833333332,40.01182033096927
Triangle104/DS-R1-Distill-Q2.5-7B-RP,34.45424806180933,20.78137433344085,46.82779456193353,8.501118568232664,8.177604166666667,21.006944444444443
Triangle104/DS-R1-Llama-8B-Harmony,35.66326236607756,17.496342243581015,42.82477341389728,5.592841163310966,6.124739583333334,19.372414302600472
Triangle104/DSR1-Distill-Llama-Lit-8B,18.852090231696344,19.225159654639572,35.196374622356494,7.046979865771815,6.716927083333334,19.97266548463357
Triangle104/DSR1-Distill-Qwen-7B-RP,36.092900171544834,19.853297811659683,48.036253776435046,9.284116331096197,8.801041666666668,22.530658983451534
Triangle104/Dark-Chivalry_V1.0,43.25700253106203,28.026138739765415,13.141993957703926,5.8165548098433995,12.63880208333333,27.157210401891252
Triangle104/Distilled-DarkPlanet-Allades-8B,34.60163477351206,23.038205707355587,40.03021148036254,7.38255033557047,3.91875,21.12699468085106
Triangle104/Distilled-DarkPlanet-Allades-8B_TIES,38.91807071902552,29.96179725766143,9.06344410876133,8.612975391498878,8.050260416666669,26.677009456264773
Triangle104/Distilled-Whiskey-8b,34.47674392833238,29.317662931896013,25.45317220543807,10.850111856823268,11.219010416666665,26.29838947990544
Triangle104/Dolphin3-Llama3.2-Smart,41.3660199382084,15.349665999615956,4.380664652567976,2.572706935123044,8.154166666666669,13.277556146572104
Triangle104/Gemmadevi-Stock-10B,15.81947011706716,43.62183969257654,9.667673716012084,13.758389261744966,17.23098958333333,36.24408983451536
Triangle104/Hermes-Llama-3.2-CoT,41.77571066991139,23.795788682714846,9.516616314199396,3.9149888143176734,5.089322916666668,21.634899527186757
Triangle104/Hermes-Llama-3.2-CoT-Summary,48.30283647388928,17.388422101012054,8.308157099697885,0.7829977628635317,4.687499999999999,21.12699468085106
Triangle104/Hermes3-L3.1-DirtyHarry-8B,32.42341431845282,29.678775616931603,7.175226586102719,6.935123042505594,9.161979166666669,25.984411938534276
Triangle104/Herodotos-14B,46.674157901035926,48.9099032194971,50.453172205438065,16.442953020134222,19.876041666666666,47.667331560283685
Triangle104/Herodotos-14B_V0.1,18.78715142488597,2.954726291928145,0.0,0.0,3.81484375,1.8266105200945617
Triangle104/L3.1-8B-Dusky-Ink,45.29780981130068,30.50903807196173,12.31117824773414,5.257270693512303,11.166145833333331,29.807550236406616
Triangle104/L3.1-8B-Dusky-Ink_v0.r1,19.848779017451474,20.17548881298811,4.305135951661631,7.158836689038028,7.820833333333334,24.506870567375884
Triangle104/LThreePointOne-8B-HermesBlackroot,17.920340252751586,29.267249815971553,1.9637462235649543,7.606263982102905,8.819010416666668,25.384160756501178
Triangle104/LThreePointOne-8B-HermesInk,40.31192790684273,31.47994731255064,17.220543806646525,9.731543624161072,10.0171875,27.41578014184397
Triangle104/Llama3.1-Allades-Lit-8b,24.61236186651418,17.44690701770639,0.2265861027190332,4.5861297539149914,5.220833333333332,19.160017730496453
Triangle104/Llama3.1-cc-Lit-8b,29.930473366223843,13.866972220416004,0.3021148036253776,3.691275167785232,6.242447916666666,22.272089243498815
Triangle104/Minerva-1.5b,26.94295580171722,16.381923221385325,10.27190332326284,8.05369127516779,6.2875000000000005,18.864509456264773
Triangle104/Minerva-1.5b_V0.2,30.83474071020448,14.994536223857972,11.404833836858003,4.697986577181204,6.967968750000002,21.22857565011821
Triangle104/Minerva-10b,18.78715142488597,22.69248262502312,0.0,4.138702460850116,5.605208333333333,14.644281914893616
Triangle104/Minerva-14b,34.678985092886876,47.06222455163349,30.513595166163142,16.554809843400445,19.04479166666666,46.596114066193856
Triangle104/Minerva-14b-V0.1,8.612924817262641,43.620098523083904,30.513595166163142,15.436241610738255,18.31927083333333,45.755762411347526
Triangle104/Minerva-7b,37.24196243744376,36.0758653251849,28.3987915407855,9.731543624161072,9.291666666666666,38.26647458628841
Triangle104/Minerva-8b,17.20845135351977,25.37530670020226,0.4531722054380665,8.277404921700223,11.378125,23.214021867612292
Triangle104/Mistral-Redemption-Arc,40.28943204031969,46.276528672084225,41.012084592145015,12.975391498881436,17.172135416666666,38.99601063829786
Triangle104/Mistral-Small-24b-Harmony,16.871234989826995,48.421150596785026,19.108761329305135,17.897091722595075,11.483854166666667,49.22798463356975
Triangle104/Pans_Gutenbergum_V0.1,30.9696050922663,36.08244913782136,10.574018126888216,9.731543624161072,16.33489583333333,29.964539007092196
Triangle104/Pans_Gutenbergum_V0.2,32.15113676157041,35.91445940350976,6.873111782477341,8.277404921700223,18.348697916666666,28.727098108747047
Triangle104/Pantheon_ChatWaifu_V0.2,26.828038493419683,36.74319895362526,5.664652567975831,9.060402684563762,19.638802083333328,27.138741134751772
Triangle104/Phi-4-AbliteratedRP,49.2270508916342,52.64096935250796,30.74018126888218,19.35123042505593,24.429166666666664,47.86125886524823
Triangle104/Phi4-RP-o1,2.2007163215822905,51.5939185267128,37.764350453172206,16.442953020134222,19.17994791666666,45.67265070921986
Triangle104/Phi4-RP-o1-Ablit,2.385559205131274,51.22184133516779,38.82175226586103,15.100671140939594,18.927083333333332,45.60800827423168
Triangle104/Porpoise-R1-Llama3.2-3b,43.52174452674459,12.926570818614184,4.229607250755287,2.2371364653243813,6.436458333333334,12.409500591016547
Triangle104/Q2.5-14B-Instruct-1M-Harmony,59.86327389105351,47.259249197406746,37.68882175226586,16.666666666666664,19.676041666666663,45.27556146572104
Triangle104/Q2.5-AthensCOT,45.72744761676795,36.446691868053854,29.154078549848943,6.711409395973152,15.7625,37.54617316784869
Triangle104/Q2.5-CodeR1-3B,35.875587884590665,25.312035348871195,16.389728096676738,7.158836689038028,12.142708333333331,21.98581560283688
Triangle104/Q2.5-EVACOT-7b,57.842413684579135,35.722592826715,28.24773413897281,9.060402684563762,14.799739583333334,37.01056442080379
Triangle104/Q2.5-EvaHumane-RP,36.76234613048933,33.757405524368195,29.229607250755286,9.172259507829976,11.387760416666667,37.9155585106383
Triangle104/Q2.5-Humane-RP,44.116278141996574,37.653375376825046,33.91238670694864,9.172259507829976,15.334895833333334,38.802083333333336
Triangle104/Q2.5-Instruct-1M_Harmony,60.38034636985421,33.63146155668904,33.23262839879154,9.731543624161072,18.097656249999993,37.39841903073286
Triangle104/Q2.5-R1-3B,42.13542290012722,27.2034830328168,26.73716012084592,7.941834451901568,12.730729166666668,31.257387706855795
Triangle104/Q2.5-R1-7B,13.461504363976472,2.548887396663384,1.6616314199395772,0.3355704697986553,2.691145833333332,2.002068557919621
Triangle104/Robo-Gutenberg_V1.0,60.075599409566614,50.286291267237225,45.61933534743202,18.120805369127517,19.195572916666663,48.79395685579197
Triangle104/Rocinante-Prism_V2.0,26.16103051015749,33.22820642176426,11.10271903323263,9.395973154362418,15.424999999999995,29.33658392434987
Triangle104/Rocinante-Prism_V2.1,25.5840059929875,32.982522799498575,11.253776435045316,9.284116331096197,16.187760416666666,29.4566341607565
Triangle104/RomboHermes3-R1-Llama3.2-3b,30.072873309485495,19.092695935991667,8.157099697885197,4.4742729306487705,4.40703125,21.74571513002364
Triangle104/Rombos-Novasky-7B_V1c,40.80151775067931,20.42212501104689,8.534743202416918,6.152125279642054,14.040625,19.307771867612292
Triangle104/Set-70b,76.42954028643999,56.88003115055037,36.40483383685801,26.174496644295303,18.961979166666666,49.3572695035461
Tsunami-th/Tsunami-0.5-7B-Instruct,74.00153814102137,36.13825418700338,50.453172205438065,7.829977628635347,12.214843750000002,37.92479314420804
Tsunami-th/Tsunami-0.5x-7B-Instruct,70.99152470999172,37.36306059795168,42.06948640483384,8.612975391498878,18.567968749999995,38.423463356974
Tsunami-th/Tsunami-1.0-14B-Instruct,78.29049145157072,49.150255113097735,45.84592145015105,14.205816554809845,16.342187499999998,47.205599881796694
Tsunami-th/Tsunami-1.0-7B-Instruct,73.0872972601586,35.85724274977317,43.353474320241695,8.389261744966444,15.760156249999996,38.04484338061466
UCLA-AGI/Gemma-2-9B-It-SPPO-Iter1,30.8221075634871,41.80922962006354,8.987915407854985,11.521252796420578,10.075520833333334,32.300901300236404
UCLA-AGI/Gemma-2-9B-It-SPPO-Iter2,31.00196367859502,42.16983380174582,8.08157099697885,11.297539149888143,10.942187500000005,31.885342789598106
UCLA-AGI/Gemma-2-9B-It-SPPO-Iter3,31.671409637539504,42.53675224107426,7.099697885196375,11.85682326621924,11.3421875,31.395907210401887
UCLA-AGI/Llama-3-Instruct-8B-SPPO-Iter1,72.98988904994303,29.489353188071963,11.48036253776435,2.348993288590602,2.165624999999999,30.12152777777778
UCLA-AGI/Llama-3-Instruct-8B-SPPO-Iter2,69.88745417713888,29.86944932809155,10.347432024169184,2.2371364653243813,1.995052083333335,29.909131205673756
UCLA-AGI/Llama-3-Instruct-8B-SPPO-Iter3,68.34122350917787,29.739683580440698,9.59214501510574,2.0134228187919474,3.0911458333333326,29.38275709219858
UCLA-AGI/Mistral7B-PairRM-SPPO,43.549227161708714,22.08465647856181,3.096676737160121,4.138702460850116,7.793229166666667,18.005688534278956
UCLA-AGI/Mistral7B-PairRM-SPPO-Iter1,50.47352136774869,22.93229237099634,2.492447129909366,4.4742729306487705,8.29713541666667,18.836805555555554
UCLA-AGI/Mistral7B-PairRM-SPPO-Iter2,44.45848127413042,22.479924250197836,2.190332326283988,5.145413870246088,9.801041666666668,18.63364361702128
UCLA-AGI/Mistral7B-PairRM-SPPO-Iter3,43.506784221421384,21.81749598592863,2.3413897280966767,3.355704697986576,9.489322916666673,18.42124704491726
UKzExecution/LlamaExecutor-8B-3.0.5,74.0290207759855,28.41381524085358,10.196374622356496,0.7829977628635317,4.653906250000001,29.17036052009456
Unbabel/TowerInstruct-Mistral-7B-v0.2,28.43422119975,14.224326422972672,2.0392749244712993,0.0,15.961979166666667,10.756501182033098
Undi95/MG-FinalMix-72B,80.13648231137824,57.502411706281976,39.72809667673716,18.008948545861294,21.2171875,49.19104609929077
Undi95/Phi4-abliterated,66.17552538375953,54.11724836063251,37.00906344410876,10.738255033557047,8.92838541666667,47.56575059101655
V3N0M/Jenna-Tiny-2.0,23.09361383351729,4.829999905649889,1.2084592145015105,0.0,2.3499999999999996,1.632683215130022
VAGOsolutions/Llama-3-SauerkrautLM-70b-Instruct,80.44621604010692,52.029579759117915,22.80966767371601,10.402684563758392,13.542187500000002,48.8031914893617
VAGOsolutions/Llama-3-SauerkrautLM-8b-Instruct,74.45367181301171,28.0492424520597,6.646525679758309,7.829977628635347,11.2796875,31.746823286052013
VAGOsolutions/Llama-3.1-SauerkrautLM-70b-Instruct,86.56365111238182,57.24162100868165,36.933534743202415,12.192393736017896,19.38541666666666,48.16600177304965
VAGOsolutions/Llama-3.1-SauerkrautLM-8b-Instruct,80.1739384832245,30.999360665356377,19.410876132930515,5.369127516778524,11.51692708333333,32.116208628841605
VAGOsolutions/SauerkrautLM-1.5b,24.040324117785257,13.419518424915282,3.625377643504532,2.796420581655479,4.971614583333335,12.788120567375886
VAGOsolutions/SauerkrautLM-7b-HerO,53.461038932255306,27.991873536830212,3.927492447129909,3.0201342281879207,6.881510416666668,22.733820921985817
VAGOsolutions/SauerkrautLM-7b-LaserChat,59.87823419637673,22.99208011647468,7.779456193353475,6.711409395973152,9.916927083333333,25.60579196217494
VAGOsolutions/SauerkrautLM-Gemma-2b,24.75221301701707,9.133870459903902,2.794561933534743,0.8948545861297527,3.514583333333334,5.2064864066193834
VAGOsolutions/SauerkrautLM-Gemma-7b,34.06705319662939,18.492651800030927,6.722054380664652,4.809843400447425,2.9283854166666674,21.79188829787234
VAGOsolutions/SauerkrautLM-Mixtral-8x7B-Instruct,56.01891869129465,33.94516253986293,9.818731117824774,6.375838926174497,11.31875,29.44739952718675
VAGOsolutions/SauerkrautLM-Nemo-12b-Instruct,61.12969144093229,32.34378307249567,12.235649546827794,7.941834451901568,17.161979166666665,26.50155141843972
VAGOsolutions/SauerkrautLM-Phi-3-medium,44.08879550703245,49.630350331717615,16.012084592145015,11.297539149888143,20.69583333333333,40.72288711583924
VAGOsolutions/SauerkrautLM-SOLAR-Instruct,49.17208562170596,31.838919738784018,6.3444108761329305,7.38255033557047,8.334374999999996,24.257535460992905
VAGOsolutions/SauerkrautLM-gemma-2-2b-it,13.206625088099576,18.914195373183343,2.190332326283988,3.0201342281879207,8.765624999999998,18.809101654846337
VAGOsolutions/SauerkrautLM-gemma-2-9b-it,30.24009627787603,43.249988966600455,8.38368580060423,10.290827740492167,12.34453125,34.34175531914893
VAGOsolutions/SauerkrautLM-v2-14b-DPO,74.11645544931892,50.92613155208554,31.64652567975831,9.284116331096197,13.783593750000003,45.74652777777778
VAGOsolutions/SauerkrautLM-v2-14b-SFT,69.48529900663573,45.824351326219606,32.85498489425982,11.409395973154364,11.067708333333336,46.725398936170215
VIRNECT/llama-3-Korean-8B,50.58345190760515,27.322411613379888,9.290030211480364,2.796420581655479,3.26953125,28.20995862884161
VIRNECT/llama-3-Korean-8B-r-v-0.1,49.15712531638276,25.8849543311167,8.610271903323262,0.0,3.73619791666667,25.10712174940898
ValiantLabs/Llama3-70B-Fireplace,77.73596280092377,49.55653001638277,21.45015105740181,13.982102908277405,16.7734375,43.25317671394799
ValiantLabs/Llama3-70B-ShiningValiant2,61.217126114265696,46.71026104076922,20.770392749244714,10.738255033557047,13.63828125,43.30858451536643
ValiantLabs/Llama3.1-70B-ShiningValiant2,53.5534603740298,52.390968518523096,29.154078549848943,19.01565995525727,18.4796875,46.36524822695035
ValiantLabs/Llama3.1-8B-Cobalt,34.96134700372789,27.41777700049443,12.68882175226586,7.158836689038028,9.82682291666667,29.38275709219858
ValiantLabs/Llama3.1-8B-Enigma,26.80554262689663,22.012915076928262,8.91238670694864,5.033557046979867,10.2171875,26.769355791962173
ValiantLabs/Llama3.1-8B-Esper2,25.673989459079685,22.195685067925833,5.8912386706948645,3.0201342281879207,5.709114583333332,21.15469858156028
ValiantLabs/Llama3.1-8B-Fireplace2,54.83240025354947,24.07027321429611,5.81570996978852,5.145413870246088,4.379427083333335,15.632387706855791
ValiantLabs/Llama3.1-8B-ShiningValiant2,64.95653754260917,26.346118640067065,5.664652567975831,8.05369127516779,7.458072916666668,26.46461288416076
ValiantLabs/Llama3.2-3B-Enigma,27.86218345102107,12.434025970150064,4.380664652567976,1.5659955257270708,8.050260416666669,15.86325354609929
ValiantLabs/Llama3.2-3B-Esper2,27.49748445236417,13.851732907913409,3.625377643504532,2.684563758389265,4.036458333333333,13.9701536643026
ValiantLabs/Llama3.2-3B-ShiningValiant2,26.251013976249684,18.912708783001538,8.23262839879154,4.026845637583895,8.597395833333335,20.323581560283685
Vikhrmodels/Vikhr-Llama3.1-8B-Instruct-R-21-09-24,64.31457421862879,32.66941729424733,21.75226586102719,0.0,5.0911458333333375,28.302304964539005
Vikhrmodels/Vikhr-Nemo-12B-Instruct-R-21-09-24,59.993151504674266,31.41440911337631,17.14501510574018,5.480984340044745,9.44609375,26.640070921985817
Weyaxi/Bagel-Hermes-2x34B,54.31532777474878,27.409031445428763,6.042296072507553,10.402684563758392,15.625000000000002,39.873300827423165
Weyaxi/Bagel-Hermes-34B-Slerp,46.02720780861448,41.957047480557854,6.042296072507553,11.297539149888143,17.009375000000002,41.147680260047274
Weyaxi/Einstein-v4-7B,47.08129983998015,14.30445141720726,1.8882175226586104,4.250559284116329,19.020833333333332,13.98862293144208
Weyaxi/Einstein-v6.1-Llama3-8B,45.68245588372186,29.38377348658535,6.797583081570997,4.250559284116329,11.22682291666667,23.675753546099287
Weyaxi/Einstein-v6.1-developed-by-Weyaxi-Llama3-8B,39.27024738804151,29.69444747698505,7.175226586102719,3.1319910514541416,13.389583333333327,23.250960401891252
Weyaxi/Einstein-v7-Qwen2-7B,40.99633417111043,32.84181889691276,19.939577039274926,6.599552572706939,14.0640625,34.39716312056737
Weyaxi/Einstein-v8-Llama3.2-1B,18.622255615101263,3.0137741782829335,0.0755287009063444,1.1185682326621946,3.2226562499999996,1.7896719858156025
Weyaxi/SauerkrautLM-UNA-SOLAR-Instruct,45.73243438520902,31.824686783543132,4.607250755287009,8.165548098434002,8.601041666666662,23.92508865248227
WizardLMTeam/WizardLM-13B-V1.0,18.504900331121423,2.147966883446335,0.0,1.230425055928408,3.5481770833333326,1.8450797872340412
WizardLMTeam/WizardLM-13B-V1.2,33.92465325336773,22.88865497804447,1.8882175226586104,1.45413870246085,14.030468750000002,16.87906323877068
WizardLMTeam/WizardLM-70B-V1.0,49.514288753839814,37.54335453368136,3.927492447129909,2.1252796420581683,14.089322916666667,27.184914302600472
Wladastic/Mini-Think-Base-1B,55.88405430923284,9.377987524324114,7.326283987915408,1.789709172259505,3.1361979166666676,8.577127659574469
Xclbr7/Arcanum-12b,29.068648962530528,31.879959562746524,11.933534743202417,9.395973154362418,13.528906249999997,28.736332742316783
Xclbr7/Hyena-12b,34.04455733010634,34.665648637656034,11.329305135951662,6.375838926174497,11.070052083333328,27.101802600472812
Xclbr7/caliburn-12b,35.76310855197542,35.63684056756332,11.253776435045316,11.521252796420578,13.781770833333333,29.724438534278963
Xclbr7/caliburn-v2-12b,29.668169346223575,30.387966946397217,10.498489425981871,10.17897091722595,14.12890625,30.9341755319149
Xiaojian9992024/Llama3.2-1B-THREADRIPPER,55.75916346405316,9.115530357902744,7.401812688821751,1.45413870246085,2.3223958333333345,8.475546690307327
Xiaojian9992024/Llama3.2-1B-THREADRIPPER-v0.2,53.17878783849076,8.329663069732538,6.570996978851963,2.1252796420581683,4.189062500000003,8.281619385342788
Xiaojian9992024/Phi-4-Megatron-Empathetic,1.726086783068924,51.91276449300776,26.963746223564954,18.120805369127517,23.72526041666666,45.35867316784871
Xiaojian9992024/Phi-4-mini-UNOFFICAL,12.732106366662675,2.4789472756031983,0.0,0.0,1.2695312499999996,1.6049793144208029
Xiaojian9992024/Qwen2.5-7B-MS-Destroyer,72.95741964653786,35.7596547015331,45.9214501510574,7.270693512304249,12.777604166666665,37.9155585106383
Xiaojian9992024/Qwen2.5-Dyanka-7B-Preview,76.40205765147587,36.61517249738159,48.79154078549849,8.948545861297541,15.509114583333336,37.50923463356973
Xiaojian9992024/Qwen2.5-Dyanka-7B-Preview-v0.2,67.01984068937087,34.35967522664527,47.205438066465256,5.8165548098433995,15.471874999999995,37.4538268321513
Xiaojian9992024/Qwen2.5-THREADRIPPER-Medium-Censored,81.12064876749247,49.11232867574543,53.398791540785496,11.297539149888143,10.683333333333335,43.65026595744681
Xiaojian9992024/Qwen2.5-THREADRIPPER-Small,76.89164749531244,35.79468363096907,47.35649546827795,8.05369127516779,13.932552083333327,37.29683806146573
Xiaojian9992024/Qwen2.5-THREADRIPPER-Small-AnniversaryEdition,74.03899431286763,35.29192945032174,50.75528700906344,2.460850111856823,5.253906250000001,37.70316193853428
Xiaojian9992024/Qwen2.5-Ultra-1.5B-25.02-Exp,40.73403015111017,17.02637966475561,8.308157099697885,1.1185682326621946,1.255729166666667,18.23655437352246
Xiaojian9992024/Reflection-L3.2-JametMiniMix-3B,46.194541594081485,20.235870672885177,11.933534743202417,5.92841163310962,8.375781250000001,22.087396572104016
Xkev/Llama-3.2V-11B-cot,41.58089424948027,28.24676155300344,15.55891238670695,6.040268456375841,10.381770833333338,28.745567375886527
YOYO-AI/Qwen2.5-14B-1M-YOYO-V3,83.98327548681942,49.46606980733037,53.54984894259819,10.514541387024613,11.098958333333336,46.74386820330969
YOYO-AI/Qwen2.5-14B-YOYO-0505,58.829128933452125,50.35907329801012,44.33534743202417,16.442953020134222,19.46223958333333,48.56309101654846
YOYO-AI/Qwen2.5-14B-YOYO-0510-v2,59.4710922574325,50.468800790349086,44.41087613293052,17.561521252796418,19.29947916666666,48.67390661938534
YOYO-AI/Qwen2.5-14B-YOYO-0805,58.829128933452125,50.35907329801012,44.33534743202417,16.442953020134222,19.46223958333333,48.56309101654846
YOYO-AI/Qwen2.5-14B-YOYO-1005,59.715887179350794,50.28689926796507,45.2416918429003,17.4496644295302,19.128906249999996,48.69237588652482
YOYO-AI/Qwen2.5-14B-YOYO-1005-v2,59.531044295801806,50.51505544014052,44.33534743202417,17.897091722595075,19.099479166666665,48.5723256501182
YOYO-AI/Qwen2.5-14B-YOYO-1010,58.98648918203699,50.26771877763532,45.090634441087616,17.785234899328863,19.29947916666666,48.6184988179669
YOYO-AI/Qwen2.5-14B-YOYO-1010-v2,59.4710922574325,50.468800790349086,44.41087613293052,17.561521252796418,19.29947916666666,48.67390661938534
YOYO-AI/Qwen2.5-14B-YOYO-SCE,58.43694729983112,49.4648829451977,46.14803625377644,16.554809843400445,18.73671875,48.67390661938534
YOYO-AI/Qwen2.5-14B-YOYO-V4,83.97828871837835,49.67240339546996,53.47432024169184,9.61968680089485,10.640104166666667,46.3283096926714
YOYO-AI/Qwen2.5-14B-YOYO-V4-p1,82.03488964835526,50.24542053284919,53.32326283987915,12.751677852348994,11.728385416666669,44.6660756501182
YOYO-AI/Qwen2.5-14B-YOYO-V4-p2,80.4786854435121,47.026925916460435,51.66163141993958,10.290827740492167,15.965624999999998,44.08429373522459
YOYO-AI/Qwen2.5-14B-YOYO-latest,59.10639325877561,52.03543238956396,44.18429003021148,17.67337807606264,18.907291666666666,48.56309101654846
YOYO-AI/Qwen2.5-14B-YOYO-latest-V2,77.71346693440073,47.29890601305299,51.586102719033235,13.870246085011187,13.675520833333332,46.92856087470449
YOYO-AI/Qwen2.5-14B-it-restore,82.09484168672456,48.42592166972992,53.70090634441088,11.6331096196868,9.824479166666668,43.33628841607564
YOYO-AI/Qwen2.5-7B-it-restore,75.30796065550517,35.084321766131644,50.0,6.823266219239373,8.25390625,36.5303634751773
YOYO-AI/Qwen2.5-Coder-14B-YOYO-1010,53.35864395359867,45.20119016827334,32.17522658610272,13.646532438478744,13.77994791666667,34.16629728132387
YOYO-AI/ZYH-LLM-Qwen2.5-14B,59.4111402190632,52.042745183320136,41.1631419939577,18.120805369127517,19.86223958333333,48.341459810874696
YOYO-AI/ZYH-LLM-Qwen2.5-14B-V2,50.70834275278483,49.088647063990685,35.422960725075534,17.225950782997764,18.379947916666666,48.5723256501182
YOYO-AI/ZYH-LLM-Qwen2.5-14B-V3,85.77928784513978,48.182465261630426,52.7190332326284,10.96196868008949,9.002864583333334,43.123891843971634
YOYO-AI/ZYH-LLM-Qwen2.5-14B-V4,83.64605912312663,50.26935344231426,53.92749244712991,8.612975391498878,15.661718749999997,46.706929669030735
Yash21/TinyYi-7B-Test,18.56485236949073,2.267966388832264,0.0,1.9015659955257265,3.2226562499999996,1.0139627659574466
Youlln/1PARAMMYL-8B-ModelStock,53.71336941537343,31.799951193327704,14.879154078549847,9.843400447427292,14.283854166666664,33.335180260047274
Youlln/2PRYMMAL-Yi1.5-6B-SLERP,28.259351853083153,24.495644420709063,11.329305135951662,7.606263982102905,18.150520833333335,24.109781323877066
Youlln/3PRYMMAL-PHI3-3B-SLERP,36.555007380417294,35.82766762143187,17.14501510574018,10.17897091722595,17.77213541666666,33.353649527186754
Youlln/4PRYMMAL-GEMMA2-9B-SLERP,27.13766140507188,42.064171912395665,9.06344410876133,10.738255033557047,17.46640625,35.662307919621746
Youlln/ECE-MIRAGE-1-12B,20.698081091503873,2.6005529379115604,0.0,1.789709172259505,2.408854166666666,1.2171247044917255
Youlln/ECE-MIRAGE-1-15B,20.698081091503873,2.6005529379115604,0.0,1.789709172259505,2.408854166666666,1.2171247044917255
Youlln/ECE-PRYMMAL-0.5B-FT-V3,16.419101317836674,3.6168825108366214,0.3021148036253776,1.0067114093959737,3.2226562499999996,1.7896719858156025
Youlln/ECE-PRYMMAL-0.5B-FT-V3-MUSR,15.334977858748122,5.062185886531173,2.416918429003021,0.0,3.2539062500000004,7.164228723404253
Youlln/ECE-PRYMMAL-0.5B-FT-V4-MUSR,11.37570535069172,4.949091743380625,1.2084592145015105,2.684563758389265,1.47734375,3.5719562647754137
Youlln/ECE-PRYMMAL-0.5B-SLERP-V2,16.119341125990154,1.9175609031491383,0.0755287009063444,3.243847874720355,5.355989583333333,1.0509013002364058
Youlln/ECE-PRYMMAL-0.5B-SLERP-V3,16.701352411601217,2.319604893286366,0.0,0.2237136465324418,1.7656250000000016,0.967789598108746
Youlln/ECE-PRYMMAL-YL-1B-SLERP-V1,32.51084899178623,18.27951144620795,10.725075528700906,5.480984340044745,11.589583333333332,21.5056146572104
Youlln/ECE-PRYMMAL-YL-1B-SLERP-V2,32.51084899178623,18.27951144620795,10.725075528700906,5.480984340044745,11.589583333333332,21.5056146572104
Youlln/ECE-PRYMMAL-YL-7B-SLERP-V4,25.09696494190969,13.157437333845117,5.362537764350453,2.0134228187919474,7.011197916666666,12.575723995271868
Youlln/ECE-PRYMMAL0.5-FT,18.507338306803724,5.151599849335524,2.3413897280966767,0.7829977628635317,1.432291666666666,5.298832742316785
Youlln/ECE-PRYMMAL0.5B-Youri,14.46317991817267,1.5012962555992375,0.0,0.0,4.007031250000002,1.0601359338061456
Youlln/ECE-PRYMMAL1B-FT-V1,21.43745262569981,16.18938601764277,6.419939577039275,3.803131991051453,3.873697916666666,19.363179669030732
Youlln/ECE-Qwen0.5B-FT-V2,25.259311958935623,7.632147610946966,2.0392749244712993,2.2371364653243813,0.8851562499999998,7.395094562647753
Youlln/ECE.EIFFEIL.ia-0.5B-SLERP,25.614037420710385,8.405356119616796,5.966767371601208,2.0134228187919474,0.9440104166666662,10.03619976359338
YoungPanda/qwenqwen,12.639684924888185,8.194779944827593,3.5498489425981874,0.0,2.4539062499999997,1.8635490543735225
Yuma42/KangalKhan-RawRuby-7B,54.76746144673909,26.387283588738622,6.646525679758309,5.033557046979867,7.636458333333337,22.475251182033094
Yuma42/Llama3.1-IgneousIguana-8B,81.33297428600558,31.985926552081427,21.978851963746223,8.05369127516779,12.465885416666666,33.0396719858156
Yuma42/Llama3.1-SuperHawk-8B,79.86420475449586,31.966635202809908,23.48942598187311,8.389261744966444,10.377604166666664,32.72569444444445
Z1-Coder/Z1-Coder-7B,32.15113676157041,28.158145376480263,32.477341389728096,3.0201342281879207,2.736197916666669,30.65713652482269
ZHLiu627/zephyr-7b-gemma-dpo-avg,30.899679517014853,18.40453524667128,4.531722054380665,3.803131991051453,9.805208333333336,20.563682033096924
ZHLiu627/zephyr-7b-gemma-rpo-avg,30.060350979844586,19.016801252298812,4.984894259818732,3.5794183445190177,9.546354166666667,20.342050827423165
ZeroXClem/L3-Aspire-Heart-Matrix-8B,48.33530587729446,34.30754710829408,18.27794561933535,9.955257270693512,13.071875,30.94341016548463
ZeroXClem/Llama-3.1-8B-AthenaSky-MegaMix,63.008151704145,31.385283673059273,27.94561933534743,3.691275167785232,6.897135416666669,27.822104018912537
ZeroXClem/Llama-3.1-8B-RainbowLight-EtherealMix,49.73414983355275,31.072264304734336,12.16012084592145,4.921700223713646,9.871874999999996,29.22576832151299
ZeroXClem/Llama-3.1-8B-SpecialTitanFusion,74.02403400754443,34.823135587389494,23.338368580060425,6.599552572706939,7.491145833333332,29.12418735224587
ZeroXClem/Llama-3.1-8B-SuperNova-EtherealHermes,73.38705745200511,32.07128887769491,17.447129909365557,5.7046979865771785,11.322916666666664,30.500147754137117
ZeroXClem/Llama-3.1-8B-SuperTulu-LexiNova,41.64583305629064,30.50279668346708,25.302114803625376,4.809843400447425,11.232812499999994,26.307624113475175
ZeroXClem/Qwen-2.5-Aether-SlerpFusion-7B,62.615970070523986,36.01120909918873,27.341389728096676,6.487695749440718,11.28932291666667,36.96439125295508
ZeroXClem/Qwen2.5-7B-CelestialHarmony-1M,59.43862285402732,34.50741633012333,34.74320241691843,9.172259507829976,16.742708333333326,37.62928486997636
ZeroXClem/Qwen2.5-7B-HomerAnvita-NerdMix,77.07649037886142,36.579205629985445,38.36858006042296,9.284116331096197,14.414843750000005,38.12795508274231
ZeroXClem/Qwen2.5-7B-HomerCreative-Mix,78.35044348994003,36.7707223822516,35.64954682779456,6.599552572706939,13.76979166666667,38.30341312056737
ZeroXClem/Qwen2.5-7B-Qandora-CySec,67.73172958860269,36.264898165897854,29.305135951661633,6.711409395973152,13.408854166666664,38.71897163120567
ZeusLabs/L3-Aethora-15B-V2,72.08063493752132,28.968504695312703,8.08157099697885,5.033557046979867,6.252083333333335,27.77593085106383
ZhangShenao/SELM-Llama-3-8B-Instruct-iter-3,69.02817856620433,29.07853088402274,8.610271903323262,1.1185682326621946,5.497135416666667,30.92494089834515
aaditya/Llama3-OpenBioLLM-70B,75.96743307756752,47.147074677167915,19.71299093655589,9.731543624161072,14.348177083333336,42.96690307328605
abacusai/Dracarys-72B-Instruct,78.55778224001206,56.93552010003367,39.65256797583081,18.791946308724835,16.81119791666666,49.51425827423168
abacusai/Liberated-Qwen1.5-14B,36.310212458499,28.020905999685464,16.012084592145015,4.4742729306487705,10.316927083333333,27.914450354609933
abacusai/Llama-3-Smaug-8B,48.66753547254618,27.880374189415942,8.534743202416918,0.0,5.047916666666663,24.27600472813239
abacusai/Smaug-34B-v0.1,50.156252077820184,34.261660667279955,7.175226586102719,10.626398210290828,8.134375000000004,39.36539598108747
abacusai/Smaug-72B-v0.1,51.67001334237601,43.12510043134919,19.108761329305135,9.843400447427292,14.415364583333334,40.26115543735224
abacusai/Smaug-Llama-3-70B-Instruct-32K,77.6110719557441,49.07037043446443,27.492447129909365,6.152125279642054,12.432291666666664,41.83104314420804
abacusai/Smaug-Mixtral-v0.1,55.54428915278129,31.919260543426763,9.516616314199396,6.823266219239373,12.993229166666673,26.13216607565012
abacusai/Smaug-Qwen2-72B-Instruct,78.25303527972446,56.26617189727526,41.31419939577039,14.87695749440716,15.175781249999998,46.559175531914896
abacusai/bigstral-12b-32k,41.93805768693733,25.5569024540723,1.5105740181268883,5.7046979865771785,15.8640625,18.23655437352246
abacusai/bigyi-15b,20.940327220663395,19.94022305425607,2.9456193353474323,7.941834451901568,4.289322916666667,22.25361997635934
abhishek/autotrain-0tmgq-5tpbg,19.571514692128,4.268752154086201,0.0,0.2237136465324418,3.3968750000000014,1.6788563829787229
abhishek/autotrain-llama3-70b-orpo-v1,42.33023932055834,41.565362273408454,1.0574018126888218,0.0,2.5716145833333326,1.3556442080378246
abhishek/autotrain-llama3-70b-orpo-v2,54.06055931594835,39.88219882979646,21.07250755287009,5.8165548098433995,9.950000000000005,42.4220596926714
abhishek/autotrain-llama3-orpo-v2,43.71656094717572,4.380133995067516,4.682779456193353,2.2371364653243813,5.104947916666667,13.536125886524822
abhishek/autotrain-vr4a1-e5mms,21.4224923203766,28.45661724854773,14.123867069486405,9.284116331096197,9.040625,29.63209219858156
abideen/MedPhi-4-14B-v1,62.76834355066778,55.57896973123449,29.305135951661633,12.527964205816552,10.832291666666668,48.2029403073286
adamo1139/Yi-34B-200K-AEZAKMI-v2,45.55257827010111,35.2764249557812,5.664652567975831,10.96196868008949,6.475520833333334,39.032949172576835
adriszmar/QAIMath-Qwen2.5-7B-TIES,17.463219812320197,5.253690606033476,0.0,0.0,9.132552083333332,0.967789598108746
aevalone/distill_qw_test,74.0889728143548,33.097457229677104,47.809667673716014,6.711409395973152,6.046093750000002,34.35098995271868
agentlans/Gemma2-9B-AdvancedFuse,15.427288483446144,40.51673791578562,10.045317220543806,11.297539149888143,11.985416666666667,33.335180260047274
agentlans/Llama-3.2-1B-Instruct-CrashCourse12K,53.95062877609188,9.387917708519003,7.099697885196375,0.0,1.1968750000000006,8.992686170212766
agentlans/Llama3.1-8B-drill,76.51697495977339,28.791683075355134,17.14501510574018,2.348993288590602,4.704947916666668,30.841829196217496
agentlans/Llama3.1-Daredevilish,62.9157302623705,29.2027295330145,12.915407854984895,6.823266219239373,11.603385416666663,29.964539007092196
agentlans/Llama3.1-Daredevilish-Instruct,79.25969760236174,32.21751239385498,17.220543806646525,7.606263982102905,7.918749999999996,31.96845449172577
agentlans/Llama3.1-LexiHermes-SuperStorm,78.34545672149895,32.54749327279135,16.1631419939577,9.731543624161072,8.199218750000002,31.599069148936167
agentlans/Llama3.1-SuperDeepFuse,77.61605872418517,29.218386755692325,18.27794561933535,3.243847874720355,5.134375000000001,30.832594562647753
agentlans/Llama3.1-SuperDeepFuse-CrashCourse12K,71.8732961874493,31.82844411240522,18.051359516616312,8.389261744966444,8.597395833333335,29.235002955082745
agentlans/Qwen2.5-0.5B-Instruct-CrashCourse-dropout,29.48831323111566,7.227868281254662,4.229607250755287,1.789709172259505,1.1067708333333328,6.757904846335696
ahmeda335/13_outOf_32_pruned_layers_llama3.1-8b,17.480728910402178,1.6778452402411428,0.0,1.230425055928408,4.6070312499999995,1.4295212765957446
ai21labs/Jamba-v0.1,20.2559209563957,10.722058918870276,1.5861027190332326,2.460850111856823,3.7109375,16.574320330969268
ai4bharat/Airavata,5.585402288150995,11.57402914482553,1.812688821752266,3.243847874720355,4.036458333333333,7.053413120567376
aixonlab/Aether-12b,23.46828636905633,30.551138311303117,10.649546827794564,8.83668903803132,7.991406250000002,26.778590425531913
aixonlab/Grey-12b,39.6799381197445,38.746043454917555,9.818731117824774,6.711409395973152,16.25442708333333,30.87876773049646
aixonlab/Zara-14b-v1.2,61.97400674654362,48.270462607206646,35.34743202416919,17.561521252796418,17.46822916666667,47.37182328605201
akhadangi/Llama3.2.1B.0.01-First,8.135857303066974,4.7662306392124005,1.812688821752266,0.0,1.7578124999999991,2.186761229314421
akhadangi/Llama3.2.1B.0.01-Last,9.16501549222729,4.282945307374523,1.3595166163141994,0.0,2.2460937499999996,2.519208037825059
akhadangi/Llama3.2.1B.0.1-First,10.009330797838624,4.177000172360429,2.1148036253776437,0.0,1.432291666666666,1.8820183215130024
akhadangi/Llama3.2.1B.0.1-Last,9.497245087479,4.256105664488017,2.1148036253776437,0.0,1.7578124999999991,1.9743646572104017
akhadangi/Llama3.2.1B.BaseFiT,8.82779912853451,4.548336087243887,2.416918429003021,0.4474272930648763,1.7578124999999991,1.9097222222222217
akjindal53244/Llama-3.1-Storm-8B,80.32631196336831,31.615695113850094,16.238670694864048,7.941834451901568,8.820833333333338,31.24815307328605
alcholjung/llama3_medical_tuned,1.0566408241244345,23.265089024969495,4.682779456193353,4.809843400447425,16.852604166666666,21.625664893617017
allenai/Llama-3.1-Tulu-3-70B,82.91167435737177,45.365568617406275,45.01510574018127,16.442953020134222,23.754166666666663,40.50125591016548
allenai/Llama-3.1-Tulu-3-70B-DPO,82.81925291559727,45.047180919508435,44.93957703927492,16.778523489932887,23.39921875,40.36273640661938
allenai/Llama-3.1-Tulu-3-70B-SFT,80.50616807847622,42.02398394906459,33.157099697885194,12.639821029082771,24.493489583333332,40.270390070921984
allenai/Llama-3.1-Tulu-3-8B,82.66687943545348,16.671812993247975,19.637462235649547,6.487695749440718,10.450260416666666,20.295877659574465
allenai/Llama-3.1-Tulu-3-8B-DPO,80.29384255996311,17.42601622698448,23.6404833836858,5.8165548098433995,10.516927083333336,21.0900561465721
allenai/Llama-3.1-Tulu-3-8B-RM,16.701352411601217,2.6496699813735507,0.0,0.8948545861297527,4.252083333333335,0.912381796690307
allenai/Llama-3.1-Tulu-3-8B-SFT,74.03400754442657,13.931208168262556,11.782477341389727,3.691275167785232,12.013020833333334,20.12965425531915
allenai/OLMo-1.7-7B-hf,15.68970332052288,2.7703163925041445,0.2265861027190332,0.6711409395973182,2.0695312500000003,1.374113475177304
allenai/OLMo-1B-hf,21.819660722438684,3.1965463124303173,1.7371601208459215,1.5659955257270708,9.555989583333334,1.9281914893617011
allenai/OLMo-2-1124-7B-Instruct,72.44034716773716,16.326772949551835,14.879154078549847,3.803131991051453,4.687499999999999,18.57823581560283
allenai/OLMo-7B-Instruct-hf,34.72652561869174,13.159933415267032,1.3595166163141994,2.796420581655479,4.3265625,8.724881796690305
allenai/OLMo-7B-hf,27.19273749207658,5.761987041080832,1.2084592145015105,3.0201342281879207,2.0833333333333326,1.9189568557919616
allenai/OLMoE-1B-7B-0125-Instruct,67.57436934001782,14.007956498913387,8.987915407854985,1.342281879194629,2.9812500000000006,10.16548463356974
allenai/OLMoE-1B-7B-0924,21.847143357402803,8.308106894895777,1.6616314199395772,0.0,3.565625000000001,8.216976950354608
allenai/OLMoE-1B-7B-0924-Instruct,46.674157901035926,14.571562821337196,2.794561933534743,2.348993288590602,6.06953125,9.73145685579196
allknowingroger/Chocolatine-24B,19.581488229010137,45.78594021531884,0.0755287009063444,10.067114093959727,12.940364583333334,39.623965721040186
allknowingroger/Gemma2Slerp1-2.6B,53.54348683714766,19.770254818005952,10.649546827794564,4.4742729306487705,16.820833333333336,18.76292848699763
allknowingroger/Gemma2Slerp1-27B,71.86332265056717,48.37766577055401,25.83081570996979,15.212527964205815,19.356510416666666,38.40499408983452
allknowingroger/Gemma2Slerp2-2.6B,57.472727917481166,19.719838751468483,9.06344410876133,7.38255033557047,15.279687500000003,18.846040189125297
allknowingroger/Gemma2Slerp2-27B,75.45534736720789,51.09023389049588,27.870090634441087,15.99552572706935,16.927083333333332,40.251920803782504
allknowingroger/Gemma2Slerp3-27B,74.26384216102164,49.95152147746908,27.416918429003022,13.982102908277405,19.119270833333328,40.45508274231678
allknowingroger/Gemma2Slerp4-27B,74.96575752337131,50.77376164739926,27.19033232628399,15.548098434004473,15.179947916666668,40.54742907801418
allknowingroger/GemmaSlerp-9B,70.4320092909037,41.556031529840865,21.6012084592145,12.527964205816552,17.882031249999994,35.117464539007095
allknowingroger/GemmaSlerp2-9B,72.81003293483514,42.541032642532,21.07250755287009,13.646532438478744,19.489843749999995,35.985520094562645
allknowingroger/GemmaSlerp4-10B,73.26216660682545,43.328658430206815,22.432024169184288,13.758389261744966,15.482031250000004,36.114804964539005
allknowingroger/GemmaSlerp5-10B,73.53444416370786,43.53846364760333,21.827794561933533,13.646532438478744,16.764322916666668,36.982860520094555
allknowingroger/GemmaStock1-27B,75.090648368551,50.9901358512802,26.3595166163142,15.212527964205815,15.985937499999997,41.44318853427896
allknowingroger/HomerSlerp1-7B,46.21205069216346,36.25986284709981,27.19033232628399,9.060402684563762,13.2484375,38.93136820330969
allknowingroger/HomerSlerp2-7B,44.868172005833415,37.96030019842789,29.68277945619335,9.284116331096197,12.846614583333334,39.051418439716315
allknowingroger/HomerSlerp3-7B,43.62668829815999,37.29001802552013,30.211480362537763,8.948545861297541,14.372135416666673,39.273049645390074
allknowingroger/HomerSlerp4-7B,43.74160560645754,36.7868341584624,32.703927492447136,9.284116331096197,13.77213541666667,38.58045212765956
allknowingroger/LimyQstar-7B-slerp,34.91136850224072,30.194567331120084,6.873111782477341,6.487695749440718,10.197395833333337,23.371010638297868
allknowingroger/Llama3.1-60B,18.1451881009056,7.784282802508024,0.0,5.92841163310962,2.18125,25.67043439716312
allknowingroger/Marco-01-slerp1-7B,46.811571075856506,36.23184676022296,31.57099697885196,8.948545861297541,14.648437500000002,38.70050236406619
allknowingroger/Meme-7B-slerp,51.63754393897082,24.52948594942413,4.380664652567976,4.809843400447425,10.187760416666666,20.111184988179662
allknowingroger/Ministral-8B-slerp,19.608970863974257,25.195564651348292,0.3776435045317221,8.277404921700223,12.399739583333334,23.54646867612293
allknowingroger/MistralPhi3-11B,19.42911474886634,46.16462900339792,0.0,10.96196868008949,12.23463541666667,40.97222222222222
allknowingroger/Mistralmash1-7B-s,39.61001254449306,33.44855374433827,9.214501510574015,5.92841163310962,11.805208333333333,25.47650709219858
allknowingroger/Mistralmash2-7B-s,41.01883003763348,33.29836428588566,7.930513595166164,6.375838926174497,13.65625,26.0582890070922
allknowingroger/MixTAO-19B-pass,38.14368098866563,31.577918110916897,6.117824773413897,4.5861297539149914,19.950520833333332,23.389479905437348
allknowingroger/MixTaoTruthful-13B-slerp,41.38851580473145,32.70636246605644,6.646525679758309,4.5861297539149914,12.856249999999996,23.33407210401891
allknowingroger/MultiCalm-7B-slerp,39.26526061960044,31.46648332199455,6.193353474320242,4.36241610738255,12.960156250000004,22.586066784869978
allknowingroger/MultiMash-12B-slerp,39.74487692655487,31.925677106468356,8.08157099697885,3.5794183445190177,14.773958333333333,22.973921394799056
allknowingroger/MultiMash10-13B-slerp,41.62832395820867,32.45250184104656,7.175226586102719,4.809843400447425,12.97395833333333,23.51876477541371
allknowingroger/MultiMash11-13B-slerp,42.51009543566625,32.59670310684399,7.02416918429003,4.36241610738255,14.026822916666664,23.167848699763592
allknowingroger/MultiMash2-12B-slerp,42.60750364588182,31.617950213580304,6.419939577039275,3.9149888143176734,11.783593750000003,22.696882387706857
allknowingroger/MultiMash5-12B-slerp,41.41599843969557,31.856364255964937,6.3444108761329305,3.691275167785232,11.703124999999998,22.530658983451534
allknowingroger/MultiMash6-12B-slerp,43.0046720479439,32.403879619181005,7.250755287009064,3.243847874720355,12.522916666666667,23.232491134751772
allknowingroger/MultiMash7-12B-slerp,42.12788733892738,31.298150090327656,6.948640483383686,3.803131991051453,12.026822916666667,22.549128250591018
allknowingroger/MultiMash8-13B-slerp,43.20702402957486,32.27299661531551,7.7039274924471295,5.145413870246088,14.499479166666664,23.620345744680847
allknowingroger/MultiMash9-13B-slerp,41.878105648568024,32.55261171624742,7.854984894259818,4.026845637583895,14.211197916666665,23.33407210401891
allknowingroger/MultiMerge-7B-slerp,39.47758613811354,31.80398332199455,6.646525679758309,4.36241610738255,12.330729166666671,22.63223995271868
allknowingroger/Multimash3-12B-slerp,44.371046600796994,32.1508911391619,6.268882175226587,4.026845637583895,13.0328125,22.973921394799056
allknowingroger/Multimerge-19B-pass,17.730510600761534,2.0803742908537424,0.0,1.230425055928408,4.303125,1.8727836879432624
allknowingroger/MultiverseEx26-7B-slerp,39.38516469633905,31.66377531246577,7.552870090634441,4.36241610738255,12.597395833333335,22.6137706855792
allknowingroger/NeuralWestSeverus-7B-slerp,41.35604640132626,33.41446681662389,7.326283987915408,2.796420581655479,15.409375000000002,23.749630614657207
allknowingroger/Neuralcoven-7B-slerp,38.58584112377381,33.79913505465432,7.854984894259818,4.697986577181204,11.758333333333336,25.485741725768317
allknowingroger/Neuralmultiverse-7B-slerp,37.69154731667531,32.10018047347172,6.495468277945619,4.5861297539149914,12.60520833333333,22.687647754137117
allknowingroger/Ph3della5-14B,47.98556718396078,48.41436428305058,17.673716012084594,12.304250559284116,14.360156249999998,42.08037825059102
allknowingroger/Ph3merge-14B,27.012881376968664,48.88242371785896,1.0574018126888218,11.74496644295302,13.2796875,40.12263593380615
allknowingroger/Ph3merge2-14B,17.061064641817044,10.549967885447565,0.0,5.480984340044745,6.6520833333333345,8.03228427895981
allknowingroger/Ph3merge3-14B,16.45157072124186,10.391379646236162,0.0,4.697986577181204,8.858072916666668,7.191932624113473
allknowingroger/Ph3task1-14B,46.94643545791833,47.92690847304542,16.691842900302113,13.422818791946312,16.81302083333333,41.48936170212765
allknowingroger/Ph3task2-14B,47.13127834146731,44.08179620906436,14.652567975830816,10.738255033557047,16.620833333333326,38.44193262411347
allknowingroger/Ph3task3-14B,49.62421929369628,47.99849937558212,17.598187311178247,12.192393736017896,14.95234375,41.89568557919622
allknowingroger/Ph3unsloth-3B-slerp,18.944511673470835,36.45877270267158,10.120845921450153,9.955257270693512,15.430989583333336,30.010712174940902
allknowingroger/Phi3mash1-17B-pass,18.8421166948142,45.25041934691859,0.0,9.284116331096197,14.840624999999994,39.882535460992905
allknowingroger/Quen2-65B,17.57813712061774,1.23986036838978,0.0,0.0,1.1067708333333328,1.263297872340425
allknowingroger/Qwen2.5-42B-AGI,19.129354557019816,2.2358856564144527,0.0,1.342281879194629,2.2539062500000013,1.8635490543735225
allknowingroger/Qwen2.5-7B-task2,45.270327176336565,37.52854979009311,35.49848942598187,8.83668903803132,13.054427083333335,39.079122340425535
allknowingroger/Qwen2.5-7B-task3,51.2903540383959,34.385984193445104,26.057401812688823,8.948545861297541,12.846614583333334,38.90366430260047
allknowingroger/Qwen2.5-7B-task4,50.05385709916355,37.02526862429277,31.1178247734139,9.395973154362418,13.209375,39.568557919621746
allknowingroger/Qwen2.5-7B-task7,42.84232503091796,37.51817009438029,6.495468277945619,9.395973154362418,13.036979166666669,34.812721631205676
allknowingroger/Qwen2.5-7B-task8,46.45185884564068,36.09273684636751,35.27190332326284,9.395973154362418,15.297656250000005,38.14642434988179
allknowingroger/Qwen2.5-slerp-14B,49.282016161562424,49.78953727809471,46.22356495468278,15.659955257270694,19.36614583333333,48.65543735224587
allknowingroger/QwenSlerp12-7B,50.75577246151323,36.41130337400265,29.45619335347432,8.7248322147651,16.134895833333335,38.45116725768321
allknowingroger/QwenSlerp4-14B,63.275442492586336,49.38124012444703,36.933534743202415,16.33109619686801,17.58776041666667,49.28339243498819
allknowingroger/QwenSlerp5-14B,71.19387669162268,47.38764037444587,35.64954682779456,15.324384787472036,17.809375000000003,48.78472222222222
allknowingroger/QwenSlerp6-14B,68.66846633598851,47.588316576052456,37.235649546827794,16.442953020134222,18.32109375,48.95094562647754
allknowingroger/QwenStock1-14B,56.34117474966422,50.07629311887721,37.68882175226586,16.890380313199106,18.787760416666668,49.08946513002365
allknowingroger/QwenStock2-14B,55.63427261887348,50.5982763137811,38.82175226586103,17.225950782997764,19.28385416666666,48.95094562647754
allknowingroger/QwenStock3-14B,56.15134509767417,50.576674117962874,37.764350453172206,17.114093959731544,19.11328125,49.20028073286053
allknowingroger/Qwenslerp2-14B,50.07136619724553,50.30369191199753,44.5619335347432,15.771812080536916,18.883854166666666,48.92324172576833
allknowingroger/Qwenslerp2-7B,52.943966453454614,37.437245340819274,34.21450151057402,8.389261744966444,12.817187500000005,39.06065307328605
allknowingroger/Qwenslerp3-14B,50.52349986923585,49.80982854016478,44.637462235649544,16.666666666666664,18.017187499999995,48.83089539007093
allknowingroger/Qwenslerp3-7B,50.1837347127843,37.15398413723134,32.17522658610272,9.955257270693512,14.972135416666667,39.35616134751773
allknowingroger/ROGERphi-7B-slerp,38.61332375873792,32.81903240379116,7.326283987915408,5.145413870246088,17.53307291666667,22.807697990543733
allknowingroger/RogerMerge-7B-slerp,39.330199426410815,31.98716596760703,6.873111782477341,4.026845637583895,12.930729166666673,22.55836288416076
allknowingroger/Rombos-LLM-V2.5-Qwen-42b,18.79213819332704,2.607639713842668,0.0,1.6778523489932915,2.4166666666666683,1.8635490543735225
allknowingroger/Strangecoven-7B-slerp,37.464261492839,34.832235357083775,7.628398791540786,5.257270693512303,10.419010416666667,26.27068557919622
allknowingroger/Weirdslerp2-25B,17.54068094877148,1.5659917737677609,0.0,0.0,3.7109375,1.4202866430260035
allknowingroger/WestlakeMaziyar-7B-slerp,48.3777488175818,33.34281144377223,6.646525679758309,7.158836689038028,14.48984375,23.084736997635936
allknowingroger/YamMaths-7B-slerp,41.48093724650594,32.1333222251701,8.534743202416918,4.026845637583895,13.462239583333336,23.675753546099287
allknowingroger/Yi-1.5-34B,16.391618682872554,1.3390433749257278,0.0,1.1185682326621946,5.6070312499999995,1.0601359338061456
allknowingroger/Yi-blossom-40B,20.08858717092869,5.539183494900659,0.0,3.243847874720355,5.199218749999999,0.8939125295508273
allknowingroger/Yibuddy-35B,42.34774841864032,42.80824233844326,15.709969788519636,14.093959731543624,15.973958333333329,38.765144799054376
allknowingroger/Yillama-40B,16.968643200042553,15.875797412234048,0.0,4.36241610738255,1.7578124999999991,10.904255319148934
allknowingroger/Yislerp-34B,36.91970637907419,45.9816957285586,21.6012084592145,14.429530201342288,15.778125000000005,41.68328900709219
allknowingroger/Yislerp2-34B,39.99465861691424,47.20230580445542,22.9607250755287,15.212527964205815,15.854427083333327,41.37854609929077
allknowingroger/Yunconglong-13B-slerp,42.41767399389176,32.14072892807635,5.438066465256798,4.138702460850116,10.842447916666664,22.623005319148938
allknowingroger/limyClown-7B-slerp,40.174514732022146,31.9314661071385,6.873111782477341,4.138702460850116,12.464062500000004,22.641474586288417
allknowingroger/llama3-Jallabi-40B-s,19.2068156934711,5.957911562958214,0.0,0.0,4.036458333333333,0.9770242316784856
allknowingroger/llama3AnFeng-40B,17.42077687203287,12.476996185725282,0.0,7.494407158836691,7.149999999999999,10.885786052009454
allura-org/L3.1-8b-RP-Ink,78.1106353364628,26.318228573463205,14.803625377643504,1.9015659955257265,2.4695312500000024,26.972517730496453
allura-org/MN-12b-RP-Ink,71.86332265056717,26.610597861672854,11.858006042296072,4.697986577181204,6.897135416666669,27.932919621749413
allura-org/MS-Meadowlark-22B,66.9698621878837,30.29658044666958,18.35347432024169,10.067114093959727,5.532552083333333,31.36820330969267
allura-org/Mistral-Small-24b-Sertraline-0304,67.99902037704402,49.28145843642874,22.2809667673716,13.534675615212524,13.505468750000004,45.61724290780142
allura-org/Mistral-Small-Sisyphus-24b-2503,68.48362345243953,46.42097750457095,25.0,1.6778523489932915,7.577604166666668,45.85734338061466
allura-org/MoE-Girl-1BA-7BT,27.050337548814923,4.8423440285204995,1.5105740181268883,1.1185682326621946,1.47734375,2.4176270685579193
allura-org/TQ2.5-14B-Aletheia-v1,75.3029738870641,50.881441812823226,33.987915407854985,14.988814317673372,14.611197916666669,47.122488179669034
allura-org/TQ2.5-14B-Neon-v1,67.54189993661264,50.51009292921976,36.027190332326285,16.21923937360179,17.29166666666666,47.251773049645394
allura-org/Teleut-7b,63.78752820294596,30.859919035029737,24.093655589123863,10.17897091722595,17.671874999999996,34.785017730496456
aloobun/Meta-Llama-3-7B-28Layers,19.636453498938373,22.096530251343513,2.794561933534743,5.92841163310962,5.7992187500000005,23.99896572104019
aloobun/d-SmolLM2-360M,20.97035864838628,4.762820747165694,1.283987915407855,0.4474272930648763,7.7578125,1.8820183215130024
alpindale/WizardLM-2-8x22B,52.72166739805937,48.57616817936264,25.0,17.561521252796418,14.538541666666667,39.95641252955083
alpindale/magnum-72b-v1,76.06484128778308,57.653184855142705,39.803625377643506,18.791946308724835,15.617187499999998,49.64354314420804
altomek/YiSM-34B-0rn,42.83733826247689,45.38292724900714,22.80966767371601,16.21923937360179,14.758333333333333,41.06456855791962
amazon/MegaBeam-Mistral-7B-300k,52.0347123410329,19.291805959591997,2.1148036253776437,3.1319910514541416,8.350000000000003,17.211510047281322
amd/AMD-Llama-135m,18.42245242622907,2.4854950529752244,0.5287009063444109,0.3355704697986553,4.912760416666667,1.8727836879432624
anakin87/gemma-2b-orpo,24.779695651981186,7.94944502776896,1.8882175226586104,1.5659955257270708,4.128385416666667,3.3964982269503543
anthracite-org/magnum-v1-72b,76.06484128778308,57.653184855142705,39.803625377643506,18.791946308724835,15.617187499999998,49.84670508274232
anthracite-org/magnum-v2-12b,37.6166349729828,28.78555159536587,5.438066465256798,5.480984340044745,11.371614583333336,24.08207742316785
anthracite-org/magnum-v2-72b,75.60273407891063,57.85470432085098,35.422960725075534,18.120805369127517,14.181770833333331,49.51425827423168
anthracite-org/magnum-v2.5-12b-kto,38.65576669902525,29.625059445981027,5.211480362537765,5.8165548098433995,9.979427083333336,24.608451536643024
anthracite-org/magnum-v3-27b-kto,56.74831668860845,41.1601029248443,18.12688821752266,14.093959731543624,9.916927083333327,35.976285460992905
anthracite-org/magnum-v3-34b,51.15294086357531,44.32790341462959,19.486404833836858,14.76510067114094,6.571614583333336,41.692523640661946
anthracite-org/magnum-v3-9b-chatml,12.747066671985886,35.31787541238543,6.948640483383686,12.751677852348994,13.236979166666666,36.022458628841605
anthracite-org/magnum-v3-9b-customgemma2,12.729557573903907,34.11678334094384,7.175226586102719,10.514541387024613,15.058593749999998,35.606900118203306
anthracite-org/magnum-v4-12b,33.9296400218088,30.503902266484772,11.782477341389727,6.152125279642054,10.360156249999996,28.93026004728133
anthracite-org/magnum-v4-22b,56.28620947973599,35.549148532773465,20.01510574018127,10.402684563758392,13.430989583333334,31.44208037825059
anthracite-org/magnum-v4-27b,34.54168273514276,40.96038433350091,17.97583081570997,15.99552572706935,12.815364583333334,37.50923463356973
anthracite-org/magnum-v4-9b,35.02628581053826,33.27040443647636,13.066465256797583,12.975391498881436,15.646614583333331,32.8088061465721
apple/DCLM-7B,21.727239280664193,19.760934974772244,3.700906344410875,8.7248322147651,7.309114583333334,23.45412234042553
appvoid/arco-2,19.913717824261848,4.059150069582826,1.3595166163141994,0.0,4.199218749999999,1.291001773049644
appvoid/arco-2-instruct,21.64479137577184,3.913002236158603,1.283987915407855,0.0,4.199218749999999,1.2540632387706852
arcee-ai/Arcee-Blitz,55.43435861292482,50.72663255795833,34.818731117824775,18.008948545861294,23.82317708333333,57.2621158392435
arcee-ai/Arcee-Maestro-7B-Preview,27.50247122080524,25.375555786781916,49.92447129909365,10.96196868008949,6.334375000000001,22.659943853427897
arcee-ai/Arcee-Nova,79.07485471881274,56.74098753952074,43.80664652567976,18.008948545861294,17.220833333333328,49.46808510638298
arcee-ai/Arcee-Spark,56.208748343284704,37.13852245584468,29.531722054380666,7.606263982102905,8.595052083333334,31.358968676122927
arcee-ai/Llama-3.1-SuperNova-Lite,80.1739384832245,31.572340212980667,18.27794561933535,7.494407158836691,11.673697916666663,31.96845449172577
arcee-ai/Llama-Spark,79.10732412221793,29.77025370020864,13.897280966767372,6.599552572706939,2.6166666666666667,30.232343380614655
arcee-ai/SuperNova-Medius,71.83584001560305,48.00501462716327,46.90332326283987,11.0738255033557,12.275520833333337,44.83229905437352
arcee-ai/Virtuoso-Lite,80.99575792231279,43.89855735433509,25.302114803625376,12.527964205816552,17.54270833333333,38.22953605200946
arcee-ai/Virtuoso-Small,79.35211904413622,50.399846311899886,40.93655589123867,11.521252796420578,14.438281249999998,46.56841016548463
arcee-ai/Virtuoso-Small-v2,82.73181824226387,50.94799062781783,46.6012084592145,13.758389261744966,14.283333333333331,46.53147163120567
arcee-ai/raspberry-3B,31.541642840995227,19.528234400992485,10.347432024169184,3.691275167785232,9.40703125,20.600620567375884
argilla/notus-7b-v1,50.820711268323606,22.74711196116141,3.1722054380664653,5.257270693512303,6.58541666666667,22.26285460992908
argilla/notux-8x7b-v1,54.22290633297429,34.75806168290175,9.969788519637463,7.829977628635347,10.532552083333334,29.558215130023648
argilla-warehouse/Llama-3.1-8B-MagPie-Ultra,57.565149359255656,23.51631036482765,7.7039274924471295,2.2371364653243813,4.2479166666666694,23.823507683215126
arisin/orca-platypus-13B-slerp,26.718107953563212,24.40376595176109,1.5861027190332326,6.487695749440718,11.864062500000005,17.691710992907797
arshiaafshani/Arsh-V1,60.43276284702368,53.51427176415471,26.208459214501513,16.442953020134222,21.370312499999997,47.29794621749409
asharsha30/LLAMA_Harsha_8_B_ORDP_10k,34.63909094535831,25.725678338583258,6.646525679758309,3.1319910514541416,7.07369791666667,20.111184988179662
ashercn97/a1-v0.0.1,21.98444571514692,32.75543224003656,21.45015105740181,8.165548098434002,9.930729166666667,35.163637706855795
ashercn97/a1-v002,25.84631001298776,33.526527072476405,23.413897280966765,9.172259507829976,10.05625,35.274453309692674
assskelad/smollm2-360M-sft_SmallThoughts,20.071078072846714,4.164356769946658,1.6616314199395772,1.230425055928408,1.1067708333333328,2.020537825059101
athirdpath/Llama-3.1-Instruct_NSFW-pretrained_e1-plus_reddit,45.21037513796726,28.015909017593412,10.196374622356496,5.592841163310966,8.299479166666666,28.496232269503547
automerger/YamshadowExperiment28-7B,40.701560747704974,31.980235156677427,6.117824773413897,4.921700223713646,12.693489583333337,22.89080969267139
avemio/GRAG-NEMO-12B-ORPO-HESSIAN-AI,0.0,0.4410640720934837,0.0,1.230425055928408,2.0833333333333326,0.6722813238770686
awnr/Mistral-7B-v0.1-signtensors-1-over-2,21.792178087474564,22.40015255970937,3.3987915407854987,7.606263982102905,8.80885416666667,22.21668144208038
awnr/Mistral-7B-v0.1-signtensors-1-over-4,21.330070878602108,9.22769372478478,2.492447129909366,2.684563758389265,2.187239583333333,14.561170212765957
awnr/Mistral-7B-v0.1-signtensors-3-over-8,23.94291590756969,20.435230589690025,3.3232628398791544,7.158836689038028,5.785416666666667,22.23515070921986
awnr/Mistral-7B-v0.1-signtensors-5-over-16,21.18268416689938,17.543031293477835,2.9456193353474323,4.138702460850116,6.142187500000003,21.75494976359338
awnr/Mistral-7B-v0.1-signtensors-7-over-16,22.936253584932423,21.040436509874464,3.8519637462235647,7.158836689038028,7.934375000000003,22.55836288416076
aws-prototyping/MegaBeam-Mistral-7B-512k,59.72586071623293,12.361177501580404,2.8700906344410875,4.36241610738255,8.520572916666667,17.65477245862884
axolotl-ai-co/romulus-mistral-nemo-12b-simpo,60.79247507723951,34.64240096637378,11.404833836858003,3.803131991051453,12.979427083333333,27.43424940898345
baconnier/Napoleon_24B_V0.0,18.01021290176731,47.26497234848218,22.734138972809667,17.225950782997764,13.68203125,44.88770685579197
baconnier/Napoleon_24B_V0.2,25.271723471500067,41.20548669811284,14.350453172205436,11.74496644295302,14.178125,37.29683806146573
baebee/7B-Cetacea,52.78660620486975,25.75266015070167,4.682779456193353,4.809843400447425,9.903125,21.71801122931442
baebee/mergekit-model_stock-nzjnheg,48.44268762439216,32.742095397153456,16.76737160120846,4.026845637583895,6.016666666666668,29.99224290780142
baebee/mergekit-ties-fnjenli,19.88124842085666,2.9252946060117697,0.2265861027190332,0.0,8.3421875,1.4295212765957446
bamec66557/MISCHIEVOUS-12B,38.51835352420467,34.07162735574622,12.764350453172204,9.395973154362418,11.277864583333333,29.6875
bamec66557/MISCHIEVOUS-12B-Mix_0.1v,36.36262893566847,34.35759228302058,13.293051359516618,10.402684563758392,11.544531249999997,29.70596926713948
bamec66557/MISCHIEVOUS-12B-Mix_0.2v,36.23773809048879,34.41027746820577,12.613293051359516,10.067114093959727,11.811197916666664,29.58591903073286
bamec66557/MISCHIEVOUS-12B-Mix_0.3v,38.69820963931258,34.38744334527327,13.36858006042296,9.284116331096197,11.440624999999995,29.595153664302604
bamec66557/MISCHIEVOUS-12B-Mix_0.4v,65.08142838778883,30.596484949495864,13.51963746223565,8.948545861297541,11.969791666666664,29.807550236406616
bamec66557/MISCHIEVOUS-12B-Mix_0.5v,37.45672593163916,34.1770041493929,13.670694864048338,9.395973154362418,11.544531249999997,29.56744976359338
bamec66557/MISCHIEVOUS-12B-Mix_0.6v,43.65660890880641,34.72779363865639,12.537764350453172,10.402684563758392,12.344531249999998,29.57668439716312
bamec66557/MISCHIEVOUS-12B-Mix_III_IV_V,40.30937911408397,34.85070126040164,12.915407854984895,9.395973154362418,12.344531249999998,29.604388297872337
bamec66557/MISCHIEVOUS-12B-Mix_III_ex_V,43.16203229652877,34.868634894350585,13.217522658610273,9.395973154362418,12.773958333333333,29.428930260047277
bamec66557/MISCHIEVOUS-12B-Mix_Neo,62.49606599378538,30.36068974252419,13.293051359516618,8.83668903803132,11.64427083333333,29.83525413711584
bamec66557/Mistral-Nemo-VICIOUS_MESH-12B-2407,67.05729686121713,31.356607393533825,13.670694864048338,8.7248322147651,14.340364583333336,29.74290780141844
bamec66557/NameLess-12B-prob,66.02315190361574,31.35572805903409,12.613293051359516,8.612975391498878,14.703125,29.826019503546092
bamec66557/VICIOUS_MESH-12B,37.15696573979264,34.37251603029727,13.444108761329304,10.402684563758392,11.544531249999997,29.76137706855792
bamec66557/VICIOUS_MESH-12B-0.1v,36.57495445418157,34.13023813457423,13.217522658610273,9.955257270693512,11.011197916666662,29.807550236406616
bamec66557/VICIOUS_MESH-12B-0.X.ver,37.756486123485686,34.08924738532064,12.009063444108762,9.50782997762864,12.877864583333327,29.678265366430256
bamec66557/VICIOUS_MESH-12B-ALPHA,63.65011502812537,30.51014607050993,13.670694864048338,8.501118568232664,12.436458333333333,29.964539007092196
bamec66557/VICIOUS_MESH-12B-BETA,67.20967034136092,31.356607393533825,13.293051359516618,8.83668903803132,14.340364583333336,29.76137706855792
bamec66557/VICIOUS_MESH-12B-DELTA,64.68924675416784,29.792447042456303,13.746223564954684,8.277404921700223,9.673697916666663,29.4566341607565
bamec66557/VICIOUS_MESH-12B-DIGAMMA,64.29207835210575,29.833229531368332,13.36858006042296,8.389261744966444,10.407031249999998,29.539745862884164
bamec66557/VICIOUS_MESH-12B-EPSILON,63.04560787599126,29.596444965473506,12.613293051359516,8.612975391498878,9.74036458333333,29.419695626477544
bamec66557/VICIOUS_MESH-12B-GAMMA,63.61764562472018,31.485974649070176,13.066465256797583,8.501118568232664,15.20703125,29.622857565011817
bamec66557/VICIOUS_MESH-12B-NEMO,40.22194444075054,34.4014166333088,12.68882175226586,9.843400447427292,12.56614583333333,30.17693557919622
bamec66557/VICIOUS_MESH-12B-OMEGA,66.99734482284782,31.523711655329873,13.444108761329304,8.7248322147651,14.540364583333334,29.74290780141844
bamec66557/VICIOUS_MESH-12B-UNION,64.28709158366468,30.46389197050985,13.897280966767372,8.277404921700223,13.444270833333334,29.6875
bamec66557/VICIOUS_MESH-12B_Razor,37.36430448986467,34.56221200969913,12.990936555891238,9.731543624161072,11.544531249999997,29.650561465721044
bamec66557/mergekit-model_stock-zdaysvi,64.25960894870056,30.16636018648764,13.51963746223565,8.501118568232664,11.14817708333333,29.8721926713948
bamec66557/mergekit-ties-sinbkow,64.31956098706986,30.62203788717879,14.501510574018129,9.284116331096197,10.059895833333334,28.921025413711575
belztjti/dffghgjh,57.842413684579135,9.713638961998791,2.3413897280966767,1.789709172259505,1.432291666666666,26.907875295508276
belztjti/dtfgv,33.445036946413296,5.520450164271318,1.812688821752266,2.572706935123044,5.091145833333335,5.603575650118202
benhaotang/phi4-qwq-sky-t1,4.596249063595704,52.61239992936087,41.012084592145015,19.35123042505593,21.378124999999997,47.15942671394799
beomi/gemma-mling-7b,20.290939152559652,17.631391012223656,5.438066465256798,0.0,6.848437499999999,18.144208037825056
beowolx/CodeNinja-1.0-OpenChat-7B,54.467701254892575,21.713423267203808,6.722054380664652,5.92841163310962,11.540364583333336,22.392139479905435
berkeley-nest/Starling-LM-7B-alpha,54.80491761858535,21.95402808715926,8.38368580060423,6.263982102908276,9.501302083333334,24.128250591016545
bfuzzy1/Gunny,71.28629813339717,22.99177882913372,17.29607250755287,3.803131991051453,2.018489583333333,22.650709219858157
bfuzzy1/acheron,19.831269919369493,3.737588062186813,1.6616314199395772,0.0,3.5481770833333326,1.0693705673758855
bfuzzy1/acheron-c,19.286714805604685,2.769027258890272,0.3021148036253776,0.0,1.47734375,1.9097222222222217
bfuzzy1/acheron-d,19.254245402199498,4.1222474820638,1.5105740181268883,0.0,3.5481770833333326,1.4941637115839237
bfuzzy1/acheron-m,17.583123889058808,2.1820409575204094,0.906344410876133,1.342281879194629,2.0833333333333326,1.2540632387706852
bfuzzy1/acheron-m1a-llama,11.245827737070972,2.545408537429085,0.7552870090634441,1.342281879194629,2.579427083333335,1.6234485815602824
bfuzzy1/llambses-1,35.53837152089788,31.077833088739435,6.873111782477341,6.375838926174497,15.379947916666667,23.777334515366427
bhuvneshsaini/merged_model,18.12767900282362,7.617386883057352,0.0,0.0,4.081510416666666,4.947916666666666
bigcode/starcoder2-15b,27.802231412651764,20.373540752678547,5.966767371601208,3.1319910514541416,2.9283854166666674,15.032136524822691
bigcode/starcoder2-3b,20.370838264693234,8.909299421083569,1.5105740181268883,0.0,1.432291666666666,7.0718823877068555
bigcode/starcoder2-7b,22.09193827932109,11.395110106503443,3.096676737160121,0.2237136465324418,5.8166666666666655,7.1365248226950335
bigscience/bloom-1b1,13.733781920858878,4.042705269260129,0.5287009063444109,1.230425055928408,3.416666666666666,1.198655437352245
bigscience/bloom-1b7,10.438968603305897,4.39745292760164,0.5287009063444109,1.1185682326621946,6.838281250000001,0.958554964539006
bigscience/bloom-3b,12.709610500139627,3.4200982840077354,0.8308157099697886,0.0,7.891145833333333,1.4756944444444438
bigscience/bloom-560m,6.202431769926019,2.885363608028119,0.3776435045317221,1.5659955257270708,8.185416666666667,1.8266105200945617
bigscience/bloom-7b1,13.221696210499251,4.038808518979752,0.5287009063444109,1.9015659955257265,1.920572916666666,1.1617169030732852
bluuwhale/L3-SthenoMaid-8B-V1,73.44700949037443,32.398152503800446,10.80060422960725,4.026845637583895,4.853906250000002,29.51204196217494
bond005/meno-tiny-0.1,45.49761300017288,19.64270876311028,13.897280966767372,4.250559284116329,9.973958333333334,19.843380614657207
bosonai/Higgs-Llama-3-70B,55.60678998390936,45.89740563396065,25.226586102719033,15.548098434004473,15.518750000000002,43.35475768321512
braindao/DeepSeek-R1-Distill-Qwen-1.5B-Blunt,26.113600801429097,1.1023633058943698,13.821752265861026,0.0,2.240104166666669,2.039007092198581
braindao/DeepSeek-R1-Distill-Qwen-1.5B-Reflective,30.327641768285925,1.7477599117687752,16.314199395770395,1.45413870246085,0.9440104166666662,1.4479905437352243
braindao/DeepSeek-R1-Distill-Qwen-14B,41.71575863154209,3.271232992020663,17.598187311178247,4.026845637583895,15.632291666666667,1.4110520094562635
braindao/DeepSeek-R1-Distill-Qwen-14B-ABUB-ST,37.51922676276723,27.634826732270326,50.15105740181269,12.639821029082771,11.891145833333336,36.03169326241135
braindao/DeepSeek-R1-Distill-Qwen-14B-Blunt,56.11632690151021,6.126852862495489,16.389728096676738,7.046979865771815,16.86171875,4.966385933806146
braindao/DeepSeek-R1-Distill-Qwen-14B-Blunt-Uncensored,54.21791956453322,4.607187867121389,16.314199395770395,4.36241610738255,15.453906249999998,4.790927895981086
braindao/DeepSeek-R1-Distill-Qwen-14B-Blunt-Uncensored-Blunt,52.21456845614081,5.067571369076204,25.075528700906347,3.803131991051453,16.120572916666667,5.372709810874704
braindao/DeepSeek-R1-Distill-Qwen-14B-Blunt-Uncensored-Blunt-Reflective,55.4044380022784,6.901046016164872,23.716012084592144,3.691275167785232,11.928385416666666,5.603575650118202
braindao/DeepSeek-R1-Distill-Qwen-14B-Blunt-Uncensored-Reflective,51.39274901705253,2.698522439001891,14.72809667673716,5.033557046979867,14.483333333333327,3.2118055555555545
braindao/DeepSeek-R1-Distill-Qwen-14B-Reflective,42.90227706928727,3.035855458967868,19.18429003021148,3.0201342281879207,16.7578125,1.4387559101654843
braindao/DeepSeek-R1-Distill-Qwen-7B,39.6799381197445,1.9766705871500392,19.18429003021148,1.5659955257270708,4.416666666666667,1.5680407801418434
braindao/DeepSeek-R1-Distill-Qwen-7B-Blunt,42.66246891581005,2.149818735298187,21.45015105740181,2.796420581655479,6.1638020833333345,1.8820183215130024
braindao/DeepSeek-R1-Distill-Qwen-7B-ORPO-Uncensored,36.54503384353515,2.744263179742631,17.371601208459214,0.4474272930648763,5.742187500000001,1.4756944444444438
braindao/DeepSeek-R1-Distill-Qwen-7B-Reflective,39.21783091087204,2.0813002167796686,20.241691842900305,0.5592841163310973,6.483333333333332,1.725029550827422
braindao/Qwen2.5-14B,54.085493158153696,41.26351364432166,29.229607250755286,16.442953020134222,10.444270833333336,43.15159574468085
braindao/Qwen2.5-14B-Instruct,81.42539572778006,48.57308952738765,55.2870090634441,10.514541387024613,10.616666666666667,43.216238179669034
braindao/iq-code-evmind-0.5b,32.156123530011484,4.260915277471788,2.416918429003021,0.0,1.1968750000000006,2.1036495271867612
brgx53/3Bgeneral-ECE-PRYMMAL-Martial,32.89305708852512,36.673582111407946,13.141993957703926,9.955257270693512,14.426822916666666,32.59640957446809
brgx53/3Bgeneralv2-ECE-PRYMMAL-Martial,56.77081255513149,37.250632564299146,34.96978851963746,8.165548098434002,12.78776041666667,38.949837470449175
brgx53/3Blareneg-ECE-PRYMMAL-Martial,28.763902002242936,35.45258577949333,12.084592145015106,11.297539149888143,15.428645833333327,33.51063829787233
brgx53/3Blarenegv2-ECE-PRYMMAL-Martial,56.6184390749877,37.250632564299146,34.96978851963746,8.165548098434002,12.78776041666667,38.949837470449175
brgx53/Barracuda-PRYMMAL-ECE-TW3,16.401592219754694,2.753426597884674,0.2265861027190332,0.4474272930648763,2.6401041666666667,1.032432033096926
brgx53/LaConfiance-PRYMMAL-ECE-TW3,15.79209829917951,1.9868050366680503,0.0,0.2237136465324418,5.904947916666668,1.6234485815602824
bunnycore/Best-Mix-Llama-3.1-8B,20.670598456539757,7.255275858385576,20.54380664652568,2.0134228187919474,1.1067708333333328,6.277703900709218
bunnycore/Blabbertron-1.0,74.3337677362731,36.054612445029626,49.24471299093656,6.935123042505594,13.510937500000002,37.2691341607565
bunnycore/Blabbertron-1.1,72.65267268625026,36.60739009385717,48.036253776435046,7.046979865771815,14.695312500000004,38.11872044917258
bunnycore/CyberCore-Qwen-2.1-7B,57.657570801030154,36.96653253167443,35.87613293051359,7.718120805369126,9.411197916666667,38.27570921985816
bunnycore/DeepQwen-3B-LCoT-SCE,44.89809261647983,23.559546324044987,24.69788519637462,1.6778523489932915,1.7578124999999991,25.439568557919618
bunnycore/DeepSeek-R1-Distill-Qwen-7B-RRP-Ex,39.01049216080001,8.396453841395422,16.540785498489427,3.803131991051453,3.1890625000000004,16.759013002364064
bunnycore/DeepThinker-7B-Sce-v1,12.180015691698028,2.5205978669314697,0.9818731117824772,0.2237136465324418,11.328385416666668,1.3648788416075646
bunnycore/DeepThinker-7B-Sce-v2,16.306621985221433,3.256507303765563,1.1329305135951662,1.1185682326621946,9.691145833333332,1.6234485815602824
bunnycore/FuseCyberMix-Qwen-2.5-7B-Instruct,70.19220113742648,36.36861871726955,48.413897280966765,6.263982102908276,8.720572916666667,37.07520685579196
bunnycore/FuseQwQen-7B,72.74509412802476,35.909588839820735,43.65558912386707,5.92841163310962,11.97760416666666,37.85091607565011
bunnycore/FwF-Qwen-7B-0.1,30.04539067452138,30.502106087142987,27.64350453172205,2.796420581655479,7.334375000000001,34.0093085106383
bunnycore/FwF-Qwen-7B-0.2,44.79071086938213,37.66718042893359,42.59818731117825,5.369127516778524,12.289322916666665,37.58311170212765
bunnycore/Gemma-2-2B-Smart,13.206625088099576,15.07045874494903,3.3232628398791544,4.36241610738255,12.240104166666669,15.844784278959809
bunnycore/Gemma2-9B-TitanFusion,16.184169115724057,39.05056413790993,7.7039274924471295,10.96196868008949,10.036458333333334,32.89191784869976
bunnycore/HyperLlama-3.1-8B,78.83005979689446,29.80665561261375,18.27794561933535,4.921700223713646,7.932552083333335,30.92494089834515
bunnycore/Llama-3.1-8B-TitanFusion-Mix,49.24954675815725,39.53548333481336,12.83987915407855,6.040268456375841,12.462239583333336,29.94606973995272
bunnycore/Llama-3.1-8B-TitanFusion-v3,48.095497723817246,32.072941144614084,14.19939577039275,7.829977628635347,11.942708333333334,31.174276004728128
bunnycore/Llama-3.2-3B-All-Mix,72.26049105262925,22.516311192334513,15.030211480362537,1.6778523489932915,2.187239583333333,23.99896572104019
bunnycore/Llama-3.2-3B-Bespoke-Thought,41.12621178473118,22.51656576646296,16.46525679758308,2.1252796420581683,2.381250000000001,23.444887706855795
bunnycore/Llama-3.2-3B-Booval,66.69259786256023,22.515991469149508,12.68882175226586,2.2371364653243813,2.3950520833333333,22.86310579196217
bunnycore/Llama-3.2-3B-Deep-Test,17.75300646728458,2.5723233888621087,0.0,0.2237136465324418,2.7500000000000018,0.542996453900708
bunnycore/Llama-3.2-3B-Della,35.60829709614933,11.46745923572203,3.0211480362537766,3.467561521252797,7.202864583333337,12.538785460992909
bunnycore/Llama-3.2-3B-Long-Think,54.73499204333391,24.22680316567029,14.577039274924472,1.45413870246085,1.2106770833333331,22.752290189125297
bunnycore/Llama-3.2-3B-Mix-Skill,64.04229666174639,23.784246657651128,14.72809667673716,1.5659955257270708,2.751822916666668,23.56493794326241
bunnycore/Llama-3.2-3B-ProdigyPlus,40.1520188654991,20.622988697146297,11.555891238670696,2.460850111856823,3.1500000000000004,20.19429669030733
bunnycore/Llama-3.2-3B-ProdigyPlusPlus,16.45157072124186,11.56197768121448,4.531722054380665,0.4474272930648763,1.698958333333333,5.557402482269504
bunnycore/Llama-3.2-3B-RP-DeepThink,71.43867161354096,23.757462281904537,16.08761329305136,2.1252796420581683,0.9440104166666662,24.913194444444443
bunnycore/Llama-3.2-3B-RRStock,66.57269378582163,23.921831246946,16.993957703927492,2.1252796420581683,1.5950520833333328,24.839317375886523
bunnycore/Llama-3.2-3B-ToxicKod,63.19299458769399,22.983327840830786,16.993957703927492,2.1252796420581683,1.432291666666666,20.886894208037827
bunnycore/Llama-3.2-3b-RP-Toxic-Fuse,68.33623674073681,24.366030905438237,24.018126888217523,3.691275167785232,7.853906250000004,23.39871453900709
bunnycore/Maestro-S1k-7B-Sce,25.22684255553044,4.8440468816556645,2.794561933534743,1.45413870246085,4.802864583333334,1.891252955082742
bunnycore/Phi-3.5-mini-TitanFusion-0.1,52.279507262951185,35.446219076522446,11.858006042296072,10.850111856823268,15.797395833333333,31.183510638297868
bunnycore/Phi-4-Model-Stock,68.78837041272712,55.31567822091236,42.97583081570997,13.982102908277405,15.11692708333333,48.53538711583924
bunnycore/Phi-4-Model-Stock-v2,63.752510006782,54.68637369280513,37.53776435045317,13.19910514541387,17.57213541666667,48.119828605200944
bunnycore/Phi-4-Model-Stock-v3,59.11636679565775,52.78361125759003,49.01812688821752,5.257270693512303,11.179427083333335,48.68314125295508
bunnycore/Phi-4-Model-Stock-v4,71.10145524984819,55.90173559155676,38.29305135951662,15.883668903803136,17.299479166666664,48.82166075650118
bunnycore/Phi-4-RP-v0,68.27129793392643,54.8449853466199,33.157099697885194,13.646532438478744,10.861718750000003,48.48921394799055
bunnycore/Phi-4-RR-Shoup,65.86579165503088,56.10839417299811,49.92447129909365,11.6331096196868,14.93854166666666,49.20951536643025
bunnycore/Phi-4-RStock-v0.1,70.1872143689854,55.976291722373624,39.50151057401813,15.324384787472036,16.728906249999994,48.8955378250591
bunnycore/Phi-4-ReasoningRP,67.36204382150471,55.88446363760437,45.69486404833837,12.527964205816552,15.136718750000002,49.11716903073285
bunnycore/Phi-4-Sce-exp-v0.1,65.9532263283643,56.074961973018425,50.30211480362537,11.409395973154364,15.10911458333333,49.14487293144209
bunnycore/Phi-4-Stock-Ex,65.74588757829227,55.20355070082317,40.86102719033233,13.422818791946312,17.462239583333332,48.60926418439716
bunnycore/Phi-4-Stock-RP,63.99231816025922,55.20594989405504,34.13897280966767,14.429530201342288,18.53489583333333,47.96283983451538
bunnycore/Phi-4-Trim-Exp1,12.192538021338937,1.4066196276490397,0.5287009063444109,0.6711409395973182,10.577604166666667,1.632683215130022
bunnycore/Phi-Seek-4-Sce-V1,29.348462080612777,49.2526730890894,21.45015105740181,3.467561521252797,8.002864583333334,45.81117021276596
bunnycore/Qandora-2.5-7B-Creative,68.03148978044922,36.424651784758105,30.589123867069485,8.05369127516779,10.8484375,38.66356382978723
bunnycore/QandoraExp-7B,75.090648368551,35.92474216004687,47.43202416918429,8.05369127516779,13.201041666666669,37.88785460992907
bunnycore/QandoraExp-7B-Persona,62.46858335882126,36.8327094432999,31.04229607250755,8.612975391498878,13.34453125,37.86015070921986
bunnycore/QandoraExp-7B-v2,56.06889719278182,34.94496675271275,47.12990936555891,7.046979865771815,9.26770833333334,32.319370567375884
bunnycore/QwQen-3B-LCoT,60.252906731915765,28.499814171968943,36.17824773413897,2.2371364653243813,10.755989583333331,29.99224290780142
bunnycore/QwQen-3B-LCoT-R1,53.4160471992092,26.982869231919675,33.53474320241692,1.5659955257270708,10.03046875,30.26004728132387
bunnycore/Qwen-2.5-7B-Deep-Sky-T1,42.08045763019898,17.866965310070587,5.5135951661631415,4.138702460850116,8.193229166666667,12.26174645390071
bunnycore/Qwen-2.5-7B-Deep-Stock-v1,56.95066867023941,34.07986228320928,26.435045317220546,3.691275167785232,9.96197916666667,34.06471631205674
bunnycore/Qwen-2.5-7B-Deep-Stock-v4,77.52862405085175,35.91001360257288,48.94259818731118,6.711409395973152,10.387239583333336,37.1306146572104
bunnycore/Qwen-2.5-7B-Deep-Stock-v5,45.090471061228655,24.990385055835603,14.72809667673716,2.684563758389265,3.202864583333336,20.351285460992905
bunnycore/Qwen-2.5-7B-Exp-Sce,76.51697495977339,36.2390009919108,32.55287009063444,6.487695749440718,15.17760416666666,36.2071513002364
bunnycore/Qwen-2.5-7B-R1-Stock,75.73261169253138,34.8504410029365,50.07552870090635,6.599552572706939,8.053906249999999,36.60424054373522
bunnycore/Qwen-2.5-7B-Stock-Deep-Bespoke,52.062194975997016,28.17803739186357,18.882175226586103,4.138702460850116,8.916927083333334,28.662455673758863
bunnycore/Qwen-2.5-7b-S1k,71.62351449708994,36.69420283560647,47.809667673716014,4.5861297539149914,9.259895833333331,37.58311170212765
bunnycore/Qwen2.5-1.5B-Model-Stock,18.29257481260833,1.430207460042271,0.0,1.230425055928408,3.128385416666666,1.1155437352245865
bunnycore/Qwen2.5-3B-Model-Stock,63.807475276710235,26.00226442713036,37.99093655589124,5.145413870246088,7.202864583333334,24.9963061465721
bunnycore/Qwen2.5-3B-Model-Stock-v2,64.90157227268094,25.64854657456816,38.670694864048336,4.921700223713646,6.765625,25.217937352245865
bunnycore/Qwen2.5-3B-Model-Stock-v3.1,64.80915083090645,26.396631614914487,38.972809667673715,4.5861297539149914,7.632291666666667,25.439568557919618
bunnycore/Qwen2.5-3B-Model-Stock-v3.2,63.53021095138676,26.32693751443641,37.53776435045317,4.4742729306487705,6.965625,25.485741725768317
bunnycore/Qwen2.5-3B-Model-Stock-v4.1,63.807475276710235,27.39995114531432,37.68882175226586,3.9149888143176734,7.128385416666667,26.5200206855792
bunnycore/Qwen2.5-3B-RP-Mix,57.20543712903984,28.305922895366823,21.52567975830816,3.1319910514541416,12.555989583333334,30.306220449172574
bunnycore/Qwen2.5-3B-RP-Thinker,58.9414974489909,17.412964272966242,33.53474320241692,1.9015659955257265,1.7578124999999991,23.88815011820331
bunnycore/Qwen2.5-3B-RP-Thinker-V2,64.19965691033124,25.629506719785628,38.29305135951662,4.697986577181204,7.965625,25.236406619385345
bunnycore/Qwen2.5-7B-CyberRombos,75.18306981032549,35.8840250776346,49.62235649546828,7.270693512304249,10.067708333333336,37.67545803782505
bunnycore/Qwen2.5-7B-Fuse-Exp,54.68501354184674,29.967150522844417,31.419939577039273,3.467561521252797,16.36015625,25.65196513002364
bunnycore/Qwen2.5-7B-Instruct-Fusion,69.62016338869753,36.17985917773406,34.06344410876133,7.270693512304249,12.948177083333334,38.52504432624112
bunnycore/Qwen2.5-7B-Instruct-Merge-Stock-v0.1,75.090648368551,36.39523146749664,48.94259818731118,7.158836689038028,11.689322916666669,37.5923463356974
bunnycore/Qwen2.5-7B-MixStock-Sce-V0.3,21.197644472222592,9.507336377473363,25.755287009063444,1.0067114093959737,3.6911458333333336,8.660239361702127
bunnycore/Qwen2.5-7B-MixStock-V0.1,76.73428724672758,35.86925790573909,31.722054380664655,6.711409395973152,14.903124999999998,36.179447399527184
bunnycore/Qwen2.5-7B-R1-Bespoke-Stock,37.264458303966805,26.63869755860018,20.468277945619334,3.803131991051453,6.979427083333332,27.46195330969267
bunnycore/Qwen2.5-7B-R1-Bespoke-Task,37.86641666334215,17.906937974221723,17.82477341389728,0.4474272930648763,1.6773437499999992,18.753693853427897
bunnycore/Qwen2.5-7B-RRP-1M,74.81338404322753,35.648526152494235,32.477341389728096,7.046979865771815,15.799218749999994,36.290263002364064
bunnycore/Qwen2.5-7B-RRP-1M-Thinker,23.08109150387638,9.209373414510402,27.19033232628399,1.0067114093959737,4.624479166666667,8.540189125295509
bunnycore/Qwen2.5-7B-RRP-ID,74.7259493698941,36.09918880152282,48.6404833836858,4.36241610738255,11.31276041666667,37.63851950354609
bunnycore/Qwen2.5-7B-Sky-R1-Mini,23.048622100471192,8.89516742838758,2.9456193353474323,5.257270693512303,1.2695312499999996,2.8147163120567367
bunnycore/QwenMosaic-7B,58.192152377912834,36.750519941741935,44.41087613293052,1.45413870246085,10.21484375,36.77969858156028
bunnycore/Smol-Llama-3.2-3B,66.78501930433472,23.04076448114923,13.821752265861026,3.5794183445190177,3.1500000000000004,24.756205673758867
bunnycore/SmolLM2-1.7-Persona,54.65254413844155,11.203752907058009,5.664652567975831,1.789709172259505,3.0322916666666675,10.821143617021276
bunnycore/SmolLM2-1.7B-roleplay-lora,53.82075116247113,10.90723801954026,5.287009063444108,3.355704697986576,2.7656250000000004,10.738031914893616
bunnycore/Tulu-3.1-8B-SuperNova,81.93748143813968,32.499170772496946,24.62235649546828,6.935123042505594,8.687500000000002,31.26662234042553
byroneverson/Mistral-Small-Instruct-2409-abliterated,69.70759806203097,31.255700427788582,24.773413897280967,11.0738255033557,3.5481770833333326,32.476359338061464
byroneverson/Yi-1.5-9B-Chat-16K-abliterated,55.28453392553979,32.843258967002555,14.123867069486405,8.389261744966444,19.679687499999996,31.36820330969267
byroneverson/Yi-1.5-9B-Chat-abliterated,57.23291976400395,34.35218727198406,16.61631419939577,5.592841163310966,13.658072916666669,30.167700945626475
c10x/Q-Pluse,11.228318638988991,1.9479450969539605,0.0,0.0,7.126562500000001,1.5033983451536632
c10x/longthinker,36.08791340310377,28.4247368611983,23.187311178247736,1.9015659955257265,6.703125000000001,28.08067375886525
carsenk/flippa-v6,34.39429602344003,29.993501279427136,14.04833836858006,5.7046979865771785,10.876041666666667,29.6413268321513
carsenk/phi3.5_mini_exp_825_uncensored,13.641360479084383,1.827812730226084,1.0574018126888218,0.0,3.385416666666666,1.9466607565011809
cat-searcher/gemma-2-9b-it-sppo-iter-1,30.147674836101544,41.67630770023723,8.308157099697885,12.639821029082771,7.1499999999999995,31.709884751773053
cat-searcher/gemma-2-9b-it-sppo-iter-1-evol-1,29.418276838787747,41.10464026733791,8.534743202416918,12.080536912751676,6.904947916666669,31.109633569739948
cckm/tinymistral_950m,23.95288944445183,2.371788472964944,0.5287009063444109,1.342281879194629,2.053906250000001,1.0693705673758855
cgato/TheSalt-L3-8b-v0.3.2,27.050337548814923,2.612714473502145,4.758308157099698,2.1252796420581683,6.3031250000000005,1.549571513002364
chargoddard/prometheus-2-llama-3-8b,52.889001183526375,27.80383919259717,8.23262839879154,3.0201342281879207,0.7812499999999996,23.186317966903072
chujiezheng/Llama-3-Instruct-8B-SimPO-ExPO,64.33707008515184,25.86828225174116,7.02416918429003,4.921700223713646,9.501302083333336,26.677009456264773
chujiezheng/Mistral7B-PairRM-SPPO-ExPO,36.7348634955252,13.678635807519433,1.812688821752266,3.5794183445190177,8.658072916666667,17.239213947990542
cjvt/GaMS-1B,16.3541625110263,3.861742268465667,1.3595166163141994,1.1185682326621946,3.385416666666666,1.6511524822695034
cloudyu/Llama-3-70Bx2-MOE,54.824864692349635,51.42213772529595,21.75226586102719,19.12751677852349,20.848437499999996,46.02356678486997
cloudyu/Llama-3.2-3Bx4,50.685846886261785,19.7933281387424,10.725075528700906,3.691275167785232,7.028645833333335,22.059692671394796
cloudyu/Mixtral_11Bx2_MoE_19B,38.50837998732253,32.78564048528819,6.722054380664652,5.369127516778524,13.377604166666664,25.67966903073286
cloudyu/Mixtral_34Bx2_MoE_60B,45.37770892343427,41.20912905359096,7.7039274924471295,11.74496644295302,17.78177083333333,41.84951241134751
cloudyu/Mixtral_7Bx2_MoE,44.80068440626427,32.2766407313606,6.873111782477341,7.38255033557047,14.64479166666666,22.706117021276594
cloudyu/S1-Llama-3.2-3Bx4-MoE,53.0214275899059,20.04155472353695,12.009063444108762,5.8165548098433995,6.169791666666669,22.706117021276594
cloudyu/Yi-34Bx2-MoE-60B-DPO,53.1887613753729,31.259298004231464,7.02416918429003,9.61968680089485,14.316927083333333,40.8521719858156
cluebbers/Llama-3.1-8B-paraphrase-type-generation-apty-ipo,13.26668794354535,12.669478223003605,2.492447129909366,1.789709172259505,12.419010416666666,17.673241725768317
cluebbers/Llama-3.1-8B-paraphrase-type-generation-apty-sigmoid,13.184240038652996,12.757325206130604,2.643504531722054,2.460850111856823,12.019010416666664,17.359264184397162
cluebbers/Llama-3.1-8B-paraphrase-type-generation-etpc,12.085156274241236,12.69457911779628,1.9637462235649543,2.0134228187919474,12.0484375,17.28538711583924
cognitivecomputations/Dolphin3.0-Llama3.1-8B,76.2122279994858,27.6317028058839,12.31117824773414,4.36241610738255,8.967968750000002,22.13356973995272
cognitivecomputations/Dolphin3.0-Llama3.2-1B,54.27787160290252,4.657279069612183,2.794561933534743,0.0,0.9440104166666662,4.172207446808509
cognitivecomputations/Dolphin3.0-Qwen2.5-0.5B,46.97136930012367,5.096928104575164,5.13595166163142,0.0,1.9656249999999984,4.587765957446806
cognitivecomputations/Dolphin3.0-R1-Mistral-24B,40.6816136739407,33.763678263545195,31.19335347432024,5.92841163310962,7.230468750000003,22.281323877068555
cognitivecomputations/dolphin-2.9-llama3-8b,38.503393218881456,27.858929260905125,5.740181268882175,4.921700223713646,13.791406250000003,19.67715721040189
cognitivecomputations/dolphin-2.9.1-llama-3-70b,37.60167466765959,31.101151872569243,18.202416918429005,7.829977628635347,23.695312499999996,34.77578309692671
cognitivecomputations/dolphin-2.9.1-yi-1.5-34b,38.52588908540451,44.17408874277273,18.65558912386707,12.416107382550338,16.97395833333334,39.09759160756501
cognitivecomputations/dolphin-2.9.1-yi-1.5-9b,44.653297694561545,35.7760897255686,15.181268882175228,11.74496644295302,13.516927083333336,32.96579491725768
cognitivecomputations/dolphin-2.9.2-Phi-3-Medium,42.47762603226107,49.72194030508101,18.27794561933535,10.290827740492167,11.414843750000005,39.50391548463357
cognitivecomputations/dolphin-2.9.2-Phi-3-Medium-abliterated,36.12536957495002,45.44126655093765,12.386706948640484,10.402684563758392,10.363802083333336,38.820552600472816
cognitivecomputations/dolphin-2.9.2-qwen2-72b,63.43778950961227,47.69617372826186,28.02114803625378,15.99552572706935,17.042447916666664,49.680481678487006
cognitivecomputations/dolphin-2.9.2-qwen2-7b,35.34599307614906,27.914874953255534,13.444108761329304,5.369127516778524,11.65989583333333,33.89849290780142
cognitivecomputations/dolphin-2.9.3-Yi-1.5-34B-32k,36.39266036339136,43.40647565235176,16.691842900302113,12.416107382550338,13.348177083333333,40.33503250591017
cognitivecomputations/dolphin-2.9.3-mistral-7B-32k,41.26362495955176,26.906353891780515,5.0604229607250755,4.697986577181204,17.932552083333338,20.231235224586285
cognitivecomputations/dolphin-2.9.3-mistral-nemo-12b,56.008945154412515,36.08275865915292,7.401812688821751,8.7248322147651,15.20703125,26.40920508274231
cognitivecomputations/dolphin-2.9.4-gemma2-2b,8.955127949396491,17.3676325443774,4.909365558912387,4.5861297539149914,10.912760416666666,12.28021572104019
cognitivecomputations/dolphin-2.9.4-llama3.1-8b,27.572396796056683,8.972088688921525,1.2084592145015105,1.789709172259505,0.6184895833333329,2.6300236406619386
collaiborateorg/Collaiborator-MEDLLM-Llama-3-8B-v2,38.08871571873739,23.64850317610825,5.664652567975831,11.0738255033557,1.5950520833333328,27.56353427895981
cpayne1303/cp2024,16.58144833486261,2.7391414141414145,0.5287009063444109,0.7829977628635317,0.4557291666666662,1.124778368794326
cpayne1303/cp2024-instruct,17.061064641817044,2.481300216779669,0.0,1.342281879194629,3.179427083333332,1.854314420803781
cpayne1303/llama-43m-beta,19.156837191983936,2.482040957520409,0.0,2.460850111856823,6.1638020833333345,1.466459810874704
cpayne1303/smallcp2024,15.819580934143628,3.118177558861132,0.5287009063444109,0.0,0.5333333333333328,1.263297872340425
crestf411/MN-Slush,40.77148632295642,33.156422079931886,12.68882175226586,9.843400447427292,8.493489583333334,27.868277186761222
cstr/llama3.1-8b-spaetzle-v90,73.56192679867198,32.76366579584106,14.954682779456194,4.36241610738255,11.146354166666663,30.343158983451534
cyberagent/calm3-22b-chat,50.9131327100981,29.52088396885831,6.948640483383686,3.5794183445190177,16.082031249999996,21.66260342789598
darkc0de/BuddyGlassNeverSleeps,42.390191358927645,28.477953494418696,6.268882175226587,5.92841163310962,8.608854166666669,27.249556737588648
darkc0de/BuddyGlassUncensored2025.2,77.31131176389758,43.57124516402332,24.018126888217523,10.402684563758392,9.385416666666671,37.06597222222223
darkc0de/BuddyGlass_v0.3_Xortron7MethedUpSwitchedUp,43.58424535787267,31.869311081858005,12.83987915407855,6.487695749440718,9.491666666666667,29.696734633569736
databricks/dbrx-base,8.214723926380369,32.60853758169935,10.0,10.22222222222222,9.333333333333334,27.777777777777775
databricks/dbrx-instruct,54.157967526163915,35.96381960359357,6.873111782477341,12.192393736017896,12.19921875,29.807550236406616
databricks/dolly-v1-6b,22.244311759464885,4.7813091701327,1.8882175226586104,1.9015659955257265,8.118750000000002,2.953235815602837
databricks/dolly-v2-12b,23.550734273948677,6.377894137452961,1.3595166163141994,0.0,5.504947916666668,1.4295212765957446
databricks/dolly-v2-3b,22.471597583301197,3.3247689565453875,1.5105740181268883,1.45413870246085,3.2226562499999996,1.6142139479905429
databricks/dolly-v2-7b,20.098560707810833,5.449892512817211,1.4350453172205435,2.460850111856823,2.779427083333333,1.6603871158392434
davidkim205/Rhea-72b-v0.5,1.4538092261865183,3.6707473002836024,17.371601208459214,0.3355704697986553,11.316927083333333,1.8450797872340412
davidkim205/nox-solar-10.7b-v4,37.534187068090446,26.631088145699614,0.8308157099697886,7.606263982102905,12.563802083333334,25.919769503546096
deepseek-ai/DeepSeek-R1-Distill-Llama-70B,43.35939750971866,35.81986234433108,30.74018126888218,2.0134228187919474,13.277343749999998,41.64635047281324
deepseek-ai/DeepSeek-R1-Distill-Llama-8B,37.82397372305483,5.325247153240706,21.978851963746223,0.6711409395973182,0.4557291666666662,12.10475768321513
deepseek-ai/DeepSeek-R1-Distill-Qwen-1.5B,34.63410417691725,4.729119207646243,16.91842900302115,0.7829977628635317,2.9656249999999993,2.0759456264775418
deepseek-ai/DeepSeek-R1-Distill-Qwen-14B,43.81651795015004,40.69076685552542,57.02416918429003,18.34451901565996,28.71145833333333,40.74135638297872
deepseek-ai/DeepSeek-R1-Distill-Qwen-32B,41.86314534324481,17.149673765590364,17.069486404833835,4.5861297539149914,16.1421875,40.962987588652474
deepseek-ai/DeepSeek-R1-Distill-Qwen-7B,40.3768667136531,7.882702983365756,19.561933534743204,3.9149888143176734,3.5518229166666675,14.681220449172578
deepseek-ai/deepseek-llm-67b-chat,55.87153197959192,33.22524192534525,9.290030211480364,8.83668903803132,23.93307291666666,32.70722517730496
deepseek-ai/deepseek-llm-7b-base,21.787191319033496,9.76792479590425,1.9637462235649543,3.1319910514541416,3.755989583333332,8.955747635933804
deepseek-ai/deepseek-llm-7b-chat,41.70822307034224,11.258949371501748,2.0392749244712993,2.1252796420581683,19.21302083333333,12.594193262411348
deepseek-ai/deepseek-moe-16b-base,24.49744455821664,8.355555779389382,2.416918429003021,0.5592841163310973,3.355989583333334,5.612810283687943
deepseek-ai/deepseek-moe-16b-chat,36.62991972410981,6.573749026890635,2.56797583081571,0.0,5.261718750000001,10.710328014184398
dfurman/CalmeRys-78B-Orpo-v0.1,81.6327344778521,61.92476379259157,40.6344410876133,20.02237136465324,36.37213541666666,66.80149231678487
dfurman/Llama-3-70B-Orpo-v0.1,20.490742341431847,24.09381654636037,15.78549848942598,1.0067114093959737,16.2796875,32.14391252955083
dfurman/Llama-3-8B-Orpo-v0.1,28.351773294857644,13.68074574746978,5.211480362537765,1.45413870246085,2.2460937499999996,14.42265070921986
dfurman/Qwen2-72B-Orpo-v0.1,78.79759039348927,57.41436351018751,40.55891238670695,17.897091722595075,20.87005208333333,49.49578900709219
dicta-il/dictalm2.0,24.132745559559744,16.48984561578202,1.812688821752266,5.592841163310966,5.512760416666668,17.830230496453904
dicta-il/dictalm2.0-instruct,44.12126491043764,19.68807585119424,2.2658610271903323,7.046979865771815,9.722916666666668,17.830230496453904
distilbert/distilgpt2,6.110010328151527,2.835219845513963,0.6042296072507553,1.230425055928408,11.1578125,2.0759456264775418
divyanshukunwar/SASTRI_1_9B,42.07292206899915,23.534216256795457,11.555891238670696,9.50782997762864,5.555989583333333,24.30370862884161
djuna/G2-BigGSHT-27B-2,79.74430067775725,48.814372082405725,23.48942598187311,15.100671140939594,9.934374999999998,39.199172576832154
djuna/G2-GSHT,56.301169785059194,30.992059015125676,19.259818731117825,10.067114093959727,8.171614583333332,23.001625295508276
djuna/Gemma-2-gemmama-9b,77.0340474385741,32.916050576064585,19.259818731117825,11.409395973154364,8.459895833333333,23.43565307328605
djuna/L3.1-ForStHS,78.13313120298585,31.3912168031268,15.030211480362537,5.480984340044745,9.664062500000002,30.38933215130024
djuna/L3.1-Promissum_Mane-8B-Della-1.5-calc,72.35291249440374,34.87957646776231,16.389728096676738,8.612975391498878,13.026822916666664,32.263962765957444
djuna/L3.1-Promissum_Mane-8B-Della-calc,54.4152847777231,35.553825960108405,18.42900302114803,6.599552572706939,12.80703125,31.128102836879428
djuna/L3.1-Purosani-2-8B,49.88153654525547,31.391342665184258,11.706948640483382,6.823266219239373,8.303124999999996,30.57402482269504
djuna/L3.1-Suze-Vume-calc,72.96739318341999,31.136638199988273,11.404833836858003,4.250559284116329,8.303124999999996,27.942154255319146
djuna/MN-Chinofun,61.102208805968175,28.48357519092637,13.066465256797583,6.152125279642054,10.377604166666664,28.921025413711575
djuna/MN-Chinofun-12B-2,61.70671595810227,29.526083526964456,13.066465256797583,7.38255033557047,13.354166666666664,29.05954491725768
djuna/MN-Chinofun-12B-3,30.527444957158117,34.219196465449734,10.045317220543806,2.1252796420581683,10.907291666666667,22.512189716312054
djuna/MN-Chinofun-12B-4,54.04305021786637,34.17304204588476,11.178247734138973,6.040268456375841,13.234635416666665,27.74822695035461
djuna/Q2.5-Partron-7B,73.21218810533829,35.25726531667357,48.26283987915408,6.375838926174497,11.067708333333336,36.47495567375886
djuna/Q2.5-Veltha-14B,82.91666112581285,49.75243239928858,47.88519637462236,14.5413870246085,12.261718749999998,47.759677895981085
djuna/Q2.5-Veltha-14B-0.5,77.95826185631901,50.318125985703354,43.73111782477341,15.771812080536916,14.171614583333332,47.722739361702125
djuna-test-lab/TEST-L3.2-ReWish-3B,63.677597663089486,22.066700432422255,13.670694864048338,4.4742729306487705,7.918749999999996,23.620345744680847
djuna-test-lab/TEST-L3.2-ReWish-3B-ties-w-base,63.5252241829457,22.066700432422255,13.670694864048338,4.4742729306487705,7.918749999999996,23.620345744680847
dnhkng/RYS-Medium,44.06131287206833,47.73420132486152,10.80060422960725,10.402684563758392,8.732552083333331,36.95515661938535
dnhkng/RYS-Llama-3-8B-Instruct,69.57772044841022,25.373015462245583,6.873111782477341,1.0067114093959737,0.2929687499999995,28.413120567375884
dnhkng/RYS-Llama-3-Huge-Instruct,76.85917809190724,49.07372077223325,22.885196374622357,1.45413870246085,11.92838541666667,45.66341607565011
dnhkng/RYS-Llama-3-Large-Instruct,80.50616807847622,49.665539028891345,23.036253776435046,5.257270693512303,11.453906250000005,45.96815898345154
dnhkng/RYS-Llama-3.1-8B-Instruct,76.84920455502511,31.085445296018975,13.293051359516618,2.348993288590602,7.679687500000001,29.32734929078014
dnhkng/RYS-Llama3.1-Large,84.92001223420525,55.414864048196534,35.04531722054381,16.554809843400445,17.091145833333332,47.205599881796694
dnhkng/RYS-Phi-3-medium-4k-instruct,43.913926160365605,46.748970518349154,16.08761329305136,13.982102908277405,11.093489583333332,42.73603723404255
dnhkng/RYS-XLarge,79.95662619627035,58.77356748233938,42.522658610271904,17.897091722595075,23.72109375,49.20028073286053
dnhkng/RYS-XLarge-base,79.10233735377686,58.692146076576385,37.91540785498489,17.225950782997764,22.4171875,49.22798463356975
dnhkng/RYS-XLarge2,49.01971214156217,51.54993579817892,27.492447129909365,16.554809843400445,17.050260416666664,48.646202718676115
dreamgen/WizardLM-2-7B,45.82984259542458,9.213113542615597,3.3232628398791544,4.921700223713646,7.528385416666667,18.44895094562648
dustinwloring1988/Reflexis-8b-chat-v1,36.57750324694034,24.109958157326172,11.555891238670696,0.5592841163310973,4.824479166666667,26.492316784869978
dustinwloring1988/Reflexis-8b-chat-v2,39.12042270065648,24.892196306273934,11.63141993957704,2.684563758389265,4.912760416666669,26.418439716312054
dustinwloring1988/Reflexis-8b-chat-v3,53.6733644507684,24.168293247720744,12.235649546827794,0.0,4.763802083333334,28.311539598108748
dustinwloring1988/Reflexis-8b-chat-v4,46.978904861323514,24.33177003879756,10.27190332326284,0.0,3.0460937500000003,26.556959219858157
dustinwloring1988/Reflexis-8b-chat-v5,42.37523105360444,25.195784260224865,12.16012084592145,2.796420581655479,4.053906250000002,24.63615543735224
dustinwloring1988/Reflexis-8b-chat-v6,49.38939790866013,26.116102641092812,12.990936555891238,1.6778523489932915,4.3500000000000005,27.54506501182033
dustinwloring1988/Reflexis-8b-chat-v7,39.804828964924184,25.98749682684877,16.314199395770395,1.5659955257270708,1.5361979166666664,29.364287825059105
duyhv1411/Llama-3.2-1B-en-vi,47.88317220530415,6.09240023176899,2.8700906344410875,3.5794183445190177,0.9302083333333336,3.793587470449173
duyhv1411/Llama-3.2-3B-en-vi,48.520148760843455,5.946254874082537,2.2658610271903323,3.355704697986576,1.0929687500000005,3.987514775413712
dwikitheduck/gemma-2-2b-id,38.785644312646,15.415129369168447,4.531722054380665,6.599552572706939,10.728385416666669,13.037455673758863
dwikitheduck/gemma-2-2b-id-inst,38.785644312646,15.415129369168447,4.531722054380665,6.599552572706939,10.728385416666669,13.037455673758863
dwikitheduck/gemma-2-2b-id-instruct,38.785644312646,15.415129369168447,4.531722054380665,6.599552572706939,10.728385416666669,13.037455673758863
dwikitheduck/gen-inst-1,77.50114141588762,48.31674208220422,45.54380664652568,16.21923937360179,12.26770833333333,45.43255023640663
dwikitheduck/gen-try1,75.22052598217175,47.41312903142858,41.012084592145015,12.192393736017896,14.961979166666664,45.67265070921986
dwikitheduck/gen-try1-notemp,26.270961050013963,45.749092669505465,31.797583081570995,13.870246085011187,17.927083333333332,46.780806737588655
dzakwan/dzakwan-MoE-4x7b-Beta,44.42601187072523,32.074208465442545,7.779456193353475,4.809843400447425,12.109114583333335,23.417183806146575
ehristoforu/Falcon3-8B-Franken-Basestruct,17.148499315150467,34.8564190624812,0.0,12.080536912751676,1.8028645833333323,32.74416371158392
ehristoforu/Falcon3-MoE-2x7B-Insruct,76.42954028643999,38.0671542210182,41.23867069486405,8.277404921700223,21.605208333333337,34.38792848699764
ehristoforu/Gemma2-9B-it-psy10k-mental_health,58.866585105298384,35.56600949863266,16.314199395770395,11.6331096196868,9.3421875,31.432845744680847
ehristoforu/Gemma2-9b-it-train6,70.25215317579578,40.98762530159646,19.108761329305135,10.514541387024613,9.652083333333335,32.68875591016548
ehristoforu/HappyLlama1,73.62686560548235,28.49977340708129,14.274924471299094,4.4742729306487705,11.252604166666664,28.283835697399525
ehristoforu/QwenQwen2.5-7B-IT,75.18306981032549,34.96965415936291,50.90634441087614,7.158836689038028,8.720572916666669,36.54883274231678
ehristoforu/QwenQwen2.5-7B-IT-Dare,75.090648368551,34.96965415936291,50.90634441087614,7.158836689038028,8.720572916666669,36.54883274231678
ehristoforu/RQwen-v0.1,76.24968417133206,48.49085165760342,46.45015105740181,10.067114093959727,10.438281250000005,46.68846040189125
ehristoforu/RQwen-v0.2,75.03568309862277,48.68383680717029,32.703927492447136,11.6331096196868,11.950000000000005,46.208259456264784
ehristoforu/SoRu-0009,25.81882737802365,5.137457620795654,2.1148036253776437,1.45413870246085,0.6184895833333329,2.657727541371158
ehristoforu/coolqwen-3b-it,64.72670292601408,27.463695565892305,36.70694864048338,4.36241610738255,9.763802083333331,28.9025561465721
ehristoforu/della-70b-test-v1,49.786566310722215,3.35845623845221,0.9818731117824772,0.3355704697986553,16.365625,6.3885195035461
ehristoforu/falcon3-ultraset,71.35123694020754,37.555134459501744,21.22356495468278,10.96196868008949,20.99739583333334,33.132018321512994
ehristoforu/fd-lora-merged-16x32,34.80897352358409,6.527180121800353,17.069486404833835,0.4474272930648763,1.5950520833333328,2.279107565011819
ehristoforu/fd-lora-merged-64x128,32.810609183632764,7.819061072049554,18.731117824773413,0.6711409395973182,1.2695312499999996,5.963726359338062
ehristoforu/fp4-14b-it-v1,25.34674663226905,38.77952167023901,4.078549848942599,6.040268456375841,2.336197916666667,35.606900118203306
ehristoforu/fp4-14b-v1-fix,67.41700909143296,54.33377964212987,42.06948640483384,13.870246085011187,16.181770833333328,48.36916371158392
ehristoforu/fq2.5-7b-it-normalize_false,73.99156460413924,36.35831249255221,46.22356495468278,6.935123042505594,17.544531249999995,37.92479314420804
ehristoforu/fq2.5-7b-it-normalize_true,73.99156460413924,36.35831249255221,46.22356495468278,6.935123042505594,17.544531249999995,37.92479314420804
ehristoforu/frqwen2.5-from7b-duable4layers-it,77.28881589737452,33.95977783040959,45.090634441087616,6.040268456375841,10.63828125,34.738844562647756
ehristoforu/frqwen2.5-from7b-it,65.32123654126606,30.71074009126445,29.229607250755286,5.369127516778524,9.371614583333336,33.076610520094555
ehristoforu/mllama-3.1-8b-instruct,34.57913890698901,26.370934099251983,37.764350453172206,2.684563758389265,3.683333333333334,17.036052009456267
ehristoforu/mllama-3.1-8b-it,38.78819310540477,28.024833549561222,37.99093655589124,3.5794183445190177,6.658072916666668,18.02415780141844
ehristoforu/moremerge,20.190982149585324,1.987596513075965,0.0,1.342281879194629,3.104947916666666,0.7276891252955076
ehristoforu/moremerge-upscaled,19.788826979082167,1.0147625530079194,0.0,0.0,2.2460937499999996,0.4598847517730496
ehristoforu/phi-4-25b,64.83663346587056,55.67261468233141,45.2416918429003,9.172259507829976,11.432291666666666,48.341459810874696
ehristoforu/qwen2.5-test-32b-it,78.89499860370483,58.28330738049858,59.74320241691843,15.212527964205815,19.1265625,52.94954196217494
ehristoforu/qwen2.5-with-lora-think-3b-it,53.19374814381398,25.07946347199629,23.6404833836858,4.026845637583895,12.903125000000005,26.695478723404253
ehristoforu/rmoe-v1,26.50079566660904,2.0673206688657713,0.1510574018126888,1.1185682326621946,3.826302083333335,1.383348108747044
ehristoforu/rufalcon3-3b-it,59.421113755945335,18.21435758381163,17.82477341389728,3.0201342281879207,10.391406249999998,14.976728723404252
ehristoforu/ruphi-4b,17.518185082248436,2.400631279750579,0.0,0.0,3.163802083333333,1.4018173758865236
ehristoforu/testq-32b,18.75966878992185,1.93282542046845,0.3021148036253776,0.5592841163310973,3.8322916666666664,1.8450797872340412
ehristoforu/tmoe,11.930234001338672,3.2013609034113073,0.7552870090634441,0.0,3.904947916666666,2.1221187943262403
ehristoforu/tmoe-v2,19.026959578363183,2.0623568616598433,0.2265861027190332,1.789709172259505,10.052083333333334,1.1155437352245865
ehristoforu/trd-7b-it,21.847143357402803,2.722591215675422,3.1722054380664653,2.684563758389265,5.528385416666666,1.983599290780142
ehristoforu/ud-14b,42.35273518708139,6.295264416110146,19.033232628398792,0.0,13.928385416666664,15.724734042553193
elinas/Chronos-Gold-12B-1.0,31.65656014929277,35.90894700063131,6.948640483383686,9.060402684563762,19.415364583333332,27.979092789598106
ell44ot/gemma-2b-def,26.930433472076317,4.586419628734295,2.416918429003021,3.1319910514541416,5.3109375000000005,6.3608156028368805
euclaise/ReMask-3B,24.192697597929048,8.742082990875964,1.9637462235649543,2.2371364653243813,2.6617187500000004,3.9690455082742297
eworojoshua/vas-01,76.1247933261524,34.808538150886584,47.35649546827795,7.941834451901568,15.371614583333333,37.19525709219858
ewre324/Thinker-Llama-3.2-3B-Instruct-Reasoning,44.388555698878974,19.41258301552284,8.459214501510575,3.5794183445190177,7.191406250000001,20.960771276595743
ewre324/Thinker-Qwen2.5-0.5B-Instruct-Reasoning,24.76473534665798,7.39460963380786,2.8700906344410875,4.697986577181204,1.47734375,7.191932624113473
ewre324/Thinker-SmolLM2-135M-Instruct-Reasoning,25.836336476105625,3.9733526107072055,0.906344410876133,0.3355704697986553,2.9656249999999993,1.041666666666666
ewre324/ewre324-R1-SmolLM2-135M-Distill,16.489026893088116,3.3830043659713684,1.283987915407855,1.5659955257270708,0.7812499999999996,1.4849290780141835
experiment-llm/exp-3-q-r,60.35785050333117,33.9949174008218,27.870090634441087,5.8165548098433995,12.142708333333331,36.844341016548455
facebook/opt-1.3b,23.83298536771322,3.6480520895226785,0.906344410876133,0.0,2.0833333333333326,1.1894208037825047
facebook/opt-30b,24.52991396162183,3.4984293851759607,1.0574018126888218,2.572706935123044,4.185416666666667,1.8173758865248215
failspy/Llama-3-8B-Instruct-MopeyMule,67.50444376476638,13.620495859752507,1.9637462235649543,0.0,2.2460937499999996,8.494015957446807
failspy/Llama-3-8B-Instruct-abliterated,59.088884160693624,18.86459884908717,3.8519637462235647,3.467561521252797,10.514583333333334,19.35394503546099
failspy/Meta-Llama-3-70B-Instruct-abliterated-v3.5,77.46867201248244,37.87133313079306,12.83987915407855,6.263982102908276,7.9734375,38.35882092198581
failspy/Meta-Llama-3-8B-Instruct-abliterated-v3,72.44533393617823,27.3350514750733,9.59214501510574,1.9015659955257265,2.8401041666666664,29.484338061465724
failspy/Phi-3-medium-4k-instruct-abliterated-v3,63.19299458769399,46.73283933573803,15.93655589123867,8.948545861297541,18.518749999999997,37.77703900709219
failspy/llama-3-70B-Instruct-abliterated,80.23389052159382,48.93981832466943,24.3202416918429,5.257270693512303,10.528385416666673,46.06050531914893
fblgit/TheBeagle-v2beta-32B-MGS,51.80742651719659,58.0279762011676,49.47129909365559,17.67337807606264,24.260416666666668,54.61177600472813
fblgit/UNA-SimpleSmaug-34b-v1beta,45.56255180698325,32.775788922324494,7.175226586102719,8.948545861297541,11.961979166666667,39.328457446808514
fblgit/UNA-TheBeagle-7b-v1,36.887236975669,30.173396964633465,7.7039274924471295,4.5861297539149914,16.088020833333328,22.43831264775413
fblgit/UNA-ThePitbull-21.4B-v2,37.90387283518841,46.78807384004312,12.16012084592145,6.935123042505594,6.420833333333333,27.95138888888889
fblgit/cybertron-v4-qw7B-MGS,62.63846593704703,37.04162311029608,34.894259818731115,8.05369127516779,13.203385416666668,38.58968676122931
fblgit/cybertron-v4-qw7B-UNAMGS,60.902405617095965,37.70717271699329,37.31117824773414,10.850111856823268,12.691666666666668,38.894429669030735
fblgit/juanako-7b-UNA,48.37276204914072,30.415072015961297,3.3987915407854987,6.152125279642054,17.162499999999994,19.67715721040189
fblgit/miniclaus-qw1.5B-UNAMGS,33.48005514257725,18.562863710456668,10.876132930513595,5.592841163310966,12.234635416666668,21.52408392434988
fblgit/miniclaus-qw1.5B-UNAMGS-GRPO,35.18364605912313,18.62661642012632,11.027190332326285,6.375838926174497,11.813020833333336,21.616430260047277
fblgit/pancho-v1-qw25-3B-UNAMGS,53.6134124123991,28.66965021792132,15.709969788519636,6.263982102908276,8.17578125,30.73101359338061
fblgit/una-cybertron-7b-v2-bf16,47.37108649494452,14.966964848379982,4.078549848942599,6.375838926174497,14.482031250000004,16.02947695035461
fhai50032/RolePlayLake-7B,50.56594280952318,33.47958591100428,7.250755287009064,7.158836689038028,14.07421875,23.99896572104019
fhai50032/Unaligned-Thinker-PHI-4,5.625407252756021,51.92504876544175,33.53474320241692,17.4496644295302,18.78177083333333,46.07897458628841
flammenai/Llama3.1-Flammades-70B,70.58438277104749,52.54794346693766,20.921450151057403,13.870246085011187,22.34817708333333,41.692523640661946
flammenai/Mahou-1.2a-llama3-8B,50.925655039739,28.972587655292433,8.38368580060423,5.145413870246088,6.016666666666668,31.303560874704488
flammenai/Mahou-1.2a-mistral-7B,45.52010886669592,31.166750037107487,6.873111782477341,2.9082774049216997,6.969791666666668,24.03590425531915
flammenai/Mahou-1.5-llama3.1-70B,71.46615424850509,52.36957740630965,20.996978851963743,13.870246085011187,23.7109375,41.65558510638298
flammenai/Mahou-1.5-mistral-nemo-12B,67.5144173016485,36.260510188013406,8.685800604229607,3.467561521252797,16.471874999999997,28.911790780141843
flammenai/flammen15-gutenberg-DPO-v1-7B,47.98058041551971,32.66511308584827,7.628398791540786,4.5861297539149914,12.530729166666667,24.28523936170213
fluently-lm/FluentlyLM-Prinum,80.9033364805383,59.482203418427986,54.003021148036254,18.232662192393736,17.259895833333335,53.42050827423167
fluently-lm/Llama-TI-8B,28.80390696684797,31.984332678202136,19.637462235649547,6.152125279642054,12.683854166666665,27.111037234042552
fluently-lm/Llama-TI-8B-Instruct,77.16392505219484,32.26686716202457,23.036253776435046,6.040268456375841,9.234635416666668,30.287751182033094
fluently-sets/FalconThink3-10B-IT,73.26216660682545,44.975804333935,24.47129909365559,11.297539149888143,15.552343749999997,38.16489361702128
fluently-sets/reasoning-1-1k-demo,75.24800861713587,48.94403407214196,42.82477341389728,11.409395973154364,9.691145833333335,41.93262411347518
formulae/mita-elite-sce-gen1.1-v1-7b-2-26-2025-exp,16.13928819975443,1.9727619262732077,0.1510574018126888,0.4474272930648763,11.3421875,1.9281914893617011
formulae/mita-elite-v1.1-7b-2-25-2025,12.49728498162653,1.2532101774016815,0.0,0.0,1.7578124999999991,1.087839834515365
formulae/mita-elite-v1.1-gen2-7b-2-25-2025,14.108454456397917,1.9012033109847029,0.0,0.3355704697986553,1.5950520833333328,1.124778368794326
formulae/mita-elite-v1.2-7b-2-26-2025,14.800396281865453,1.73642630312822,0.2265861027190332,3.243847874720355,12.283333333333331,2.0667109929078
formulae/mita-gen3-7b-2-26-2025,19.64144026737944,2.4970370370370367,0.2265861027190332,2.0134228187919474,6.467708333333332,1.374113475177304
formulae/mita-gen3-v1.2-7b-2-26-2025,20.43577707150361,2.9759798497580423,0.2265861027190332,1.230425055928408,6.6166666666666645,1.4202866430260035
formulae/mita-math-v2.3-2-25-2025,13.733781920858878,2.483286518149532,0.0,0.1118568232662209,3.91875,1.309471040189124
formulae/mita-v1-7b,19.723888172271792,2.731523677549061,0.2265861027190332,0.0,10.801041666666668,1.632683215130022
formulae/mita-v1.1-7b-2-24-2025,34.12201846655762,35.44089953030106,43.50453172205438,8.612975391498878,16.062239583333337,39.15299940898345
formulae/mita-v1.2-7b-2-24-2025,25.6415200556745,28.413176799944807,48.79154078549849,7.494407158836691,12.632812500000002,26.206043144208035
frameai/Loxa-4B,47.648350820268,18.307902854016177,10.95166163141994,4.4742729306487705,3.873697916666666,20.01883865248227
freewheelin/free-evo-qwen72b-v0.8-re,53.30866545211151,45.31740264996691,18.051359516616312,14.205816554809845,20.962499999999995,43.00384160756501
freewheelin/free-solar-evo-v0.1,20.500715878313983,22.635182738331658,0.8308157099697886,5.480984340044745,22.25625,26.824763593380613
freewheelin/free-solar-evo-v0.11,20.26589449327783,23.18242496978891,0.8308157099697886,4.697986577181204,24.28567708333333,27.41578014184397
freewheelin/free-solar-evo-v0.13,23.20598234905606,23.35420388572778,1.2084592145015105,5.145413870246088,24.077864583333326,27.44348404255319
fulim/FineLlama-3.1-8B,14.388267574480157,22.46259684566392,4.758308157099698,5.7046979865771785,8.109114583333335,24.08207742316785
gabrielmbmb/SmolLM-1.7B-Instruct-IFEval,23.058595637353335,4.50167515878636,1.0574018126888218,0.4474272930648763,1.5950520833333328,1.7342641843971618
gaverfraxz/Meta-Llama-3.1-8B-Instruct-HalfAbliterated-DELLA,40.094615619888565,15.276579446085892,1.9637462235649543,4.5861297539149914,3.463541666666668,7.265809692671395
gaverfraxz/Meta-Llama-3.1-8B-Instruct-HalfAbliterated-TIES,45.50514856137272,28.91423515333936,12.990936555891238,2.2371364653243813,6.58541666666667,29.76137706855792
gbueno86/Brinebreath-Llama-3.1-70B,55.32952565858589,55.46361848802468,29.758308157099695,12.863534675615217,17.49114583333333,46.62381796690308
gbueno86/Meta-LLama-3-Cat-Smaug-LLama-70b,80.71849359698932,51.50838639894525,29.38066465256798,10.290827740492167,15.002864583333327,45.27556146572104
ghost-x/ghost-8b-beta-1608,42.72740772262043,23.463963859654836,6.948640483383686,1.1185682326621946,1.58125,20.44363179669031
glaiveai/Reflection-Llama-3.1-70B,59.90571683134084,37.96048632437056,27.567975830815712,8.612975391498878,13.720572916666663,59.349143026004725
gmonsoon/SahabatAI-Llama-11B-Test,33.75731946790073,24.457264432236546,3.096676737160121,4.250559284116329,7.78359375,24.248300827423165
gmonsoon/SahabatAI-MediChatIndo-8B-v1,41.62832395820867,23.64009974170933,6.193353474320242,4.36241610738255,4.557812500000001,23.417183806146575
gmonsoon/SahabatAI-Rebase-8B-Test,51.562631595278305,32.00222111760954,11.48036253776435,5.033557046979867,11.426822916666664,29.595153664302604
gmonsoon/StockSeaLLMs-7B-v1,45.99218961245052,34.01262496222566,19.637462235649547,7.046979865771815,11.071875000000004,32.79957151300236
gmonsoon/gemma2-9b-sahabatai-v1-instruct-BaseTIES,73.77923908562614,43.401341987357206,19.939577039274926,9.395973154362418,19.12526041666666,37.186022458628834
godlikehhd/alpaca_data_full_2,31.781450994472443,18.446949715094675,9.290030211480364,6.375838926174497,9.944531250000002,20.600620567375884
godlikehhd/alpaca_data_full_3B,36.95716255092045,25.1691372567158,13.36858006042296,3.691275167785232,21.6015625,26.18757387706856
godlikehhd/alpaca_data_ifd_max_2600,30.425049978501487,15.966392816231314,9.894259818731117,7.046979865771815,6.39140625,21.293218085106385
godlikehhd/alpaca_data_ifd_max_2600_3B,29.8155560579263,24.472518592611554,15.93655589123867,3.0201342281879207,12.952343750000002,25.42109929078014
godlikehhd/alpaca_data_ifd_me_max_5200,36.832271705740766,16.82395652793481,9.743202416918429,5.480984340044745,6.599218750000001,22.022754137115836
godlikehhd/alpaca_data_ifd_min_2600,37.49673089624419,18.61162063219574,9.667673716012084,5.592841163310966,6.703125000000003,21.034648345153663
godlikehhd/alpaca_data_ins_ans_max_5200,34.78647765706104,16.26868941225307,10.27190332326284,5.480984340044745,7.6208333333333345,21.11776004728132
godlikehhd/alpaca_data_ins_max_5200,32.75065714526346,17.540671840924308,9.969788519637463,6.152125279642054,6.405208333333333,21.28398345153665
godlikehhd/alpaca_data_ins_min_2600,33.30019902746934,17.53633236067362,11.10271903323263,6.375838926174497,8.167968750000002,20.886894208037827
godlikehhd/alpaca_data_ins_min_5200,33.59995921931586,18.69127786761616,10.347432024169184,4.921700223713646,9.085677083333335,21.653368794326237
godlikehhd/alpaca_data_sampled_ifd_5200,29.238531540756306,15.96825358073914,12.537764350453172,7.829977628635347,7.575781250000001,21.071586879432623
godlikehhd/alpaca_data_sampled_ifd_new_5200,36.63246851686858,17.561425245080894,9.441087613293051,5.8165548098433995,8.389583333333334,21.38556442080378
godlikehhd/alpaca_data_score_max_0.1_2600,32.87554799044314,18.621496831589138,9.894259818731117,5.480984340044745,7.2640625,21.3670951536643
godlikehhd/alpaca_data_score_max_0.3_2600,33.75233269945966,16.924620676581448,10.347432024169184,5.257270693512303,8.226822916666668,21.256279550827426
godlikehhd/alpaca_data_score_max_0.7_2600,36.39764713183243,18.14398633190028,10.725075528700906,7.158836689038028,5.324739583333333,22.031988770685576
godlikehhd/alpaca_data_score_max_2500,35.635779731113445,17.930587543977595,9.516616314199396,6.040268456375841,8.271875000000001,21.551787825059098
godlikehhd/alpaca_data_score_max_2600_3B,33.57746335279281,26.00926717613288,15.483383685800604,2.0134228187919474,14.297656249999998,26.021350472813243
godlikehhd/alpaca_data_score_max_5200,34.45424806180933,18.575115132209195,9.743202416918429,6.375838926174497,7.440625,21.607195626477537
godlikehhd/ifd_2500_qwen,33.64738892804426,19.136234077656635,9.818731117824774,6.040268456375841,7.250260416666667,21.34862588652482
godlikehhd/ifd_new_correct_all_sample_2500_qwen,33.75731946790073,15.682840817827374,9.59214501510574,5.369127516778524,6.554166666666667,20.988475177304963
godlikehhd/ifd_new_correct_sample_2500_qwen,33.9746317548549,16.877004154041817,10.42296072507553,7.718120805369133,7.901302083333334,21.46867612293144
godlikehhd/ifd_new_qwen_2500,32.3959316834887,17.63795023834911,11.178247734138973,6.711409395973152,6.169791666666669,21.22857565011821
godlikehhd/qwen-2.5-1.5b-cherry,28.93378458046871,16.323588748077068,10.196374622356496,6.711409395973152,4.569791666666666,21.3670951536643
godlikehhd/qwen_2.5-1.5b-cherry_new,31.204426477302448,17.59708505979556,9.667673716012084,6.375838926174497,6.332552083333334,21.043882978723403
godlikehhd/qwen_full_data_alpaca,31.361786725887313,18.614215673166097,9.214501510574015,5.7046979865771785,9.677864583333337,20.563682033096924
godlikehhd/qwen_ins_ans_2500,26.980411973563477,17.695311631481697,11.404833836858003,5.592841163310966,6.924739583333334,20.10195035460993
google/codegemma-1.1-2b,22.936253584932423,7.551225280004151,1.283987915407855,2.0134228187919474,5.9265625,3.0917553191489344
google/flan-t5-base,18.907055501624576,11.33769367730488,1.0574018126888218,0.0,3.2226562499999996,3.9690455082742297
google/flan-t5-large,22.009490374428736,17.510018280067285,1.4350453172205435,0.1118568232662209,9.007031249999999,7.87529550827423
google/flan-t5-small,15.24255641697363,6.36311196167965,0.7552870090634441,1.45413870246085,10.36979166666667,2.5930851063829774
google/flan-t5-xl,22.374189373085635,22.695055811215397,0.7552870090634441,0.3355704697986553,11.328385416666668,12.741947399527188
google/flan-t5-xxl,22.00450360598767,30.119255600105877,1.0574018126888218,2.684563758389265,11.185416666666669,14.921320921985814
google/flan-ul2,23.925406809487715,30.02029012567709,0.906344410876133,5.033557046979867,5.577604166666667,16.592789598108748
google/gemma-1.1-2b-it,30.674831668860847,5.862826722774347,1.812688821752266,2.572706935123044,2.024479166666666,5.372709810874704
google/gemma-1.1-7b-it,50.391073462856326,15.93420938501317,4.909365558912387,5.8165548098433995,11.510937500000002,17.5993646572104
google/gemma-2-27b,24.75221301701707,37.390737454186464,16.61631419939577,13.422818791946312,13.921093749999995,37.4538268321513
google/gemma-2-27b-it,79.77677008116243,49.27284215130387,23.867069486404834,16.666666666666664,9.112760416666667,38.34958628841608
google/gemma-2-2b,19.931226922343825,11.755807532236112,2.8700906344410875,1.6778523489932915,11.43046875,13.111332742316788
google/gemma-2-2b-it,56.68337788179808,17.980792881523424,0.0755287009063444,3.243847874720355,7.077343750000001,17.22074468085106
google/gemma-2-2b-jpn-it,50.77826832803627,18.525626449832735,3.474320241691843,4.697986577181204,7.681510416666669,17.53472222222222
google/gemma-2-9b,20.398320899657357,34.09681853589784,13.444108761329304,10.514541387024613,14.29765625,34.48027482269504
google/gemma-2-9b-it,74.35626360279613,42.136619683664655,19.486404833836858,14.76510067114094,9.742187500000002,31.949985224586293
google/gemma-2b,20.375825033134305,8.246263426638125,3.0211480362537766,0.6711409395973182,7.555989583333336,4.061391843971631
google/gemma-2b-it,26.902950837112197,5.214303022163619,2.0392749244712993,3.803131991051453,3.0322916666666675,3.9228723404255303
google/gemma-7b,26.593217108383534,21.11609932329174,7.401812688821751,4.921700223713646,10.979947916666667,21.644134160756497
google/gemma-7b-it,38.68324933398937,11.940832085290182,2.9456193353474323,4.5861297539149914,12.528385416666667,7.7183067375886525
google/mt5-base,16.45157072124186,1.29855138817669,0.906344410876133,0.0,2.867708333333334,0.7738622931442081
google/mt5-small,17.180968718555654,1.070971479500891,0.0,0.0,5.91875,1.3648788416075646
google/mt5-xl,19.596448534333348,3.2824619143354035,0.0,1.9015659955257265,5.040104166666665,1.3279403073286051
google/mt5-xxl,23.575668116154027,2.504710800447747,0.0,0.0,3.5518229166666675,0.9862588652482256
google/recurrentgemma-2b,30.170281519701057,4.8203622310347365,2.0392749244712993,0.0,3.1049479166666667,1.9558953900709208
google/recurrentgemma-2b-it,29.493299999556733,7.978763840391559,1.9637462235649543,0.4474272930648763,3.624479166666667,4.467715721040189
google/recurrentgemma-9b,31.15943474425635,15.323368888997411,6.646525679758309,4.697986577181204,6.599218750000001,17.830230496453904
google/recurrentgemma-9b-it,50.10383560065072,21.621580084740117,6.646525679758309,2.684563758389265,13.771614583333337,20.480570330969268
google/switch-base-8,15.852050337548814,1.7024781049821334,0.0,0.0,1.133333333333333,1.087839834515365
google/umt5-base,17.463219812320197,0.8135531788472962,0.4531722054380665,0.5592841163310973,0.9440104166666662,0.8662086288416063
goulue5/merging_LLM,32.32600610823725,18.28283029131199,9.667673716012084,5.480984340044745,12.76015625,21.75494976359338
gpt2,19.34168007553292,2.7142978473877357,0.3021148036253776,1.342281879194629,12.985416666666667,1.6603871158392434
gradientai/Llama-3-8B-Instruct-Gradient-1048k,44.55588948434598,21.01052898715872,5.362537764350453,3.691275167785232,13.518749999999995,21.56102245862884
grimjim/DeepSauerHuatuoSkywork-R1-o1-Llama-3.1-8B,47.97060687863757,32.76923482357123,22.20543806646526,11.74496644295302,14.097656249999998,32.8549793144208
grimjim/Gigantes-v1-gemma2-9b-it,69.2454908531585,42.79787696550411,21.45015105740181,13.758389261744966,16.33489583333333,35.83776595744681
grimjim/Gigantes-v2-gemma2-9b-it,73.50696152874373,42.70163259850296,20.166163141993955,13.534675615212524,17.13489583333333,36.21638593380615
grimjim/Gigantes-v3-gemma2-9b-it,69.7625633319592,42.795367767587656,20.996978851963743,14.205816554809845,17.33489583333333,35.847000591016545
grimjim/HuatuoSkywork-o1-Llama-3.1-8B,39.61499931293413,28.33277757558808,38.82175226586103,5.7046979865771785,11.115104166666663,23.278664302600472
grimjim/Llama-3-Instruct-8B-SPPO-Iter3-SimPO-merge,42.71244741729721,28.258014912987704,9.969788519637463,5.369127516778524,9.540364583333334,29.17036052009456
grimjim/Llama-3-Instruct-8B-SimPO-SPPO-Iter3-merge,68.05897241541332,29.07328591447649,8.91238670694864,1.6778523489932915,6.697135416666669,29.826019503546092
grimjim/Llama-3.1-8B-Instruct-abliterated_via_adapter,48.69501810751029,29.415990262794168,13.972809667673715,8.501118568232664,9.262239583333336,29.4566341607565
grimjim/Llama-3.1-Bonsaikraft-8B-Instruct,42.50012189878411,32.58754251798589,13.141993957703926,7.158836689038028,11.038802083333335,30.71254432624113
grimjim/Llama-Nephilim-Metamorphosis-v2-8B,45.44519652300341,28.18246234355982,13.972809667673715,9.731543624161072,9.470052083333334,31.21121453900709
grimjim/Llama3.1-SuperNovaLite-HuatuoSkywork-o1-8B,43.65915770156518,32.95297252204676,30.060422960725074,8.165548098434002,11.115104166666663,29.81678486997636
grimjim/Magnolia-v1-Gemma2-8k-9B,35.308536904302805,36.79001219814328,16.842900302114806,11.521252796420578,16.591927083333335,36.022458628841605
grimjim/Magnolia-v2-12B,35.06119318962575,32.50462527039537,12.915407854984895,9.172259507829976,10.90729166666666,28.9025561465721
grimjim/Magnolia-v2-Gemma2-8k-9B,73.84417789243652,42.84461695501066,22.80966767371601,14.317673378076066,14.972135416666667,37.01979905437352
grimjim/Magnolia-v3-12B,39.64990669202162,32.92491590836766,13.51963746223565,10.067114093959727,11.499479166666662,29.05954491725768
grimjim/Magnolia-v3-Gemma2-8k-9B,73.78422585406722,42.86822994504555,23.187311178247736,14.205816554809845,15.001562500000004,37.07520685579196
grimjim/Magnolia-v4-12B,34.179421712168164,34.57748311994204,13.141993957703926,10.402684563758392,13.573958333333332,29.6875
grimjim/Magnolia-v5a-12B,41.136185321613326,32.694922623458645,13.746223564954684,9.61968680089485,11.011197916666662,28.9025561465721
grimjim/Magot-v1-Gemma2-8k-9B,29.96781872099363,42.81812817526611,9.894259818731117,12.863534675615217,14.905468750000004,37.07520685579196
grimjim/Magot-v2-Gemma2-8k-9B,73.47449212533854,41.45929075390555,20.166163141993955,13.870246085011187,13.099479166666669,35.810062056737586
grimjim/SauerHuatuoSkywork-o1-Llama-3.1-8B,52.19462138237654,32.08877158243549,17.29607250755287,9.50782997762864,15.785937499999996,33.23359929078014
grimjim/llama-3-Nephilim-v1-8B,42.77239945566651,29.90753748907924,9.06344410876133,6.935123042505594,10.63645833333333,31.063460401891252
grimjim/llama-3-Nephilim-v2-8B,39.22281767931311,29.896263840620197,10.649546827794564,6.599552572706939,7.887500000000002,29.34581855791962
grimjim/llama-3-Nephilim-v2.1-8B,38.95054012243071,29.81966445991054,9.969788519637463,6.599552572706939,7.887500000000002,29.38275709219858
grimjim/llama-3-Nephilim-v3-8B,41.73825449806513,28.955635498374203,9.516616314199396,6.040268456375841,8.332552083333338,29.02260638297872
gupta-tanish/llama-7b-dpo-baseline,26.930433472076317,14.380522116367189,1.9637462235649543,1.6778523489932915,14.769791666666668,11.421394799054372
gz987/qwen2.5-7b-cabs-v0.1,75.05817896514581,35.838183211484505,47.9607250755287,8.501118568232664,14.169791666666669,37.841681442080386
gz987/qwen2.5-7b-cabs-v0.2,74.17640748768822,36.27590658422937,49.01812688821752,7.606263982102905,14.858072916666671,37.74933510638298
gz987/qwen2.5-7b-cabs-v0.3,75.69515552068512,35.95665199827286,49.320241691842895,7.606263982102905,15.236458333333331,37.79550827423168
gz987/qwen2.5-7b-cabs-v0.4,75.82503313430587,36.358438375339254,48.48942598187311,7.718120805369126,15.169791666666663,37.730865839243506
h2oai/h2o-danube-1.8b-chat,21.986994507905692,5.269859154260847,1.3595166163141994,0.5592841163310973,9.058072916666662,3.4888445626477527
h2oai/h2o-danube3-4b-base,23.380851695722903,10.564444044561542,2.2658610271903323,5.480984340044745,6.526562500000002,12.326388888888888
h2oai/h2o-danube3-4b-chat,36.28771659197596,8.839702966263845,4.078549848942599,1.342281879194629,5.232291666666669,13.6469414893617
h2oai/h2o-danube3-500m-chat,22.079415949680183,3.065370444981646,1.6616314199395772,0.0,2.824479166666667,1.595744680851063
h2oai/h2o-danube3.1-4b-chat,50.211217347748416,10.942062527495288,3.3232628398791544,4.697986577181204,10.202864583333335,19.095375295508276
haoranxu/ALMA-13B-R,0.3921816336210145,8.819669166822672,1.7371601208459215,1.0067114093959737,2.232291666666667,9.075797872340424
haoranxu/Llama-3-Instruct-8B-CPO-SimPO,70.46447869430888,29.762188091412483,10.27190332326284,5.7046979865771785,3.4166666666666674,29.844488770685572
haoranxu/Llama-3-Instruct-8B-SimPO,73.47449212533854,28.2263760762505,8.761329305135952,5.369127516778524,3.7421875,30.37086288416076
hatemmahmoud/qwen2.5-1.5b-sft-raft-grpo-hra-doc,41.9580047607016,19.805226737644773,21.75226586102719,2.348993288590602,3.389062500000001,19.73256501182033
hon9kon9ize/CantoneseLLMChat-v0.5,32.30849701015528,20.761385180655164,4.1540785498489425,3.691275167785232,18.13072916666667,16.712839834515364
hon9kon9ize/CantoneseLLMChat-v1.0-7B,44.54835392314614,28.53613616746739,21.07250755287009,9.61968680089485,6.303125000000004,30.94341016548463
hongbai12/li-0.4-pre,51.99725616918665,46.725545099612226,49.24471299093656,9.731543624161072,16.64609375,44.61066784869976
hotmailuser/Deepseek-qwen-modelstock-2B,21.487431127186973,10.02016891992718,33.987915407854985,4.026845637583895,2.7656250000000004,10.11931146572104
hotmailuser/Falcon3Slerp1-10B,56.940695133357266,44.74398729818869,25.981873111782477,12.527964205816552,12.670052083333337,37.79550827423168
hotmailuser/Falcon3Slerp2-10B,61.17966994241945,44.5423501026709,23.187311178247736,11.74496644295302,9.761979166666668,37.43535756501182
hotmailuser/Falcon3Slerp4-10B,60.722549501988055,43.75873169992713,22.885196374622357,10.514541387024613,8.785416666666668,37.63851950354609
hotmailuser/FalconSlerp-3B,56.94568190179834,24.394008058642655,17.598187311178247,5.033557046979867,8.999218749999995,21.86576536643026
hotmailuser/FalconSlerp1-7B,53.94564200765082,35.04308988047655,23.791540785498487,9.284116331096197,15.256249999999994,34.766548463356976
hotmailuser/FalconSlerp2-7B,61.604320979445646,36.81735294513948,29.83383685800604,9.284116331096197,15.285677083333336,34.895833333333336
hotmailuser/FalconSlerp3-10B,60.01564737119731,42.818643189920245,22.734138972809667,11.409395973154364,8.585416666666669,36.927452718676115
hotmailuser/FalconSlerp3-7B,60.96235765546528,36.834016091662946,31.57099697885196,9.172259507829976,15.901302083333327,34.748079196217496
hotmailuser/FalconSlerp4-7B,62.84580468711906,36.46810457203872,22.129909365558913,10.96196868008949,16.98177083333333,33.6860963356974
hotmailuser/FalconSlerp6-7B,60.265429061556674,34.47834539078978,20.468277945619334,9.060402684563762,15.219010416666668,33.279772458628834
hotmailuser/Gemma2Crono-27B,70.86164709637096,50.10341199129857,24.244712990936556,16.10738255033557,16.05260416666667,40.36273640661938
hotmailuser/Gemma2SimPO-27B,72.22303488078299,49.15921945509655,28.172205438066467,14.429530201342288,14.148697916666668,40.46431737588653
hotmailuser/Gemma2atlas-27B,72.13560020744956,50.71327914306504,21.45015105740181,14.093959731543624,14.799739583333327,41.66481973995272
hotmailuser/Gemma2magnum-27b,50.50599077115387,46.10114598574725,22.05438066465257,18.008948545861294,18.17630208333333,39.95641252955083
hotmailuser/Llama-Hermes-slerp-8B,33.90470617960345,33.30931089323399,8.006042296072508,5.8165548098433995,10.640625000000002,25.901300236406616
hotmailuser/Llama-Hermes-slerp2-8B,37.28440537773109,32.315975836753644,9.743202416918429,6.152125279642054,11.734895833333336,26.43690898345154
hotmailuser/LlamaStock-8B,42.49513513034304,33.09114622817674,16.993957703927492,10.290827740492167,12.417187499999995,31.183510638297868
hotmailuser/Mistral-modelstock-24B,34.24192254329623,48.712773019346535,13.066465256797583,21.364653243847872,15.746875,45.2201536643026
hotmailuser/Mistral-modelstock2-24B,43.18452816305181,52.387209345108715,24.018126888217523,19.01565995525727,16.30182291666667,47.98130910165485
hotmailuser/Phi4-Slerp4-14B,6.294853211700511,52.76034640932895,34.74320241691843,19.57494407158837,24.38411458333333,47.52881205673759
hotmailuser/Qwen2.5-HomerSlerp-7B,44.87814554271555,37.40411935244851,33.157099697885194,8.501118568232664,13.225000000000003,39.43003841607564
hotmailuser/QwenModelStock-1.8B,32.63075306852485,17.724176359806876,9.894259818731117,4.921700223713646,13.05625,21.76418439716312
hotmailuser/QwenSlerp-14B,70.24716640735471,49.421941687333,38.36858006042296,18.34451901565996,16.830989583333334,48.88630319148937
hotmailuser/QwenSlerp-3B,43.3369016431956,28.28933436034725,27.492447129909365,5.92841163310962,12.091666666666669,29.927600472813236
hotmailuser/QwenSlerp-7B,46.72912317096415,37.61925634545651,34.44108761329305,9.060402684563762,13.68385416666667,38.98677600472813
hotmailuser/QwenSlerp2-14B,70.36707048409332,49.684327104915155,39.65256797583081,17.4496644295302,19.348697916666666,48.65543735224587
hotmailuser/QwenSlerp2-3B,42.8048688590717,26.901296704943547,26.057401812688823,6.263982102908276,11.71510416666667,30.46320921985816
hotmailuser/QwenSlerp3-14B,66.32291209546227,46.50024294429596,43.05135951661632,15.548098434004473,19.964322916666664,47.362588652482266
hotmailuser/QwenSparse-7B,10.858632871891023,1.88717525781587,1.0574018126888218,1.342281879194629,4.361979166666665,1.3556442080378246
hotmailuser/QwenStock-0.5B,20.490742341431847,2.3470409575204094,0.0,1.342281879194629,4.524739583333332,1.854314420803781
hotmailuser/QwenStock-1.7B,32.14116322468827,17.74065871627513,9.969788519637463,5.033557046979867,13.952343750000002,21.71801122931442
hotmailuser/QwenStock1-14B,66.93240601603745,49.56243886958751,37.00906344410876,18.120805369127517,19.29765625,49.07099586288417
hotmailuser/RombosBeagle-v2beta-MGS-32B,51.567618363719376,58.117898971791085,49.92447129909365,17.337807606263986,24.460416666666664,54.52866430260048
huggyllama/llama-13b,24.10526292459563,16.145707376925767,2.0392749244712993,0.6711409395973182,2.8106770833333345,10.581043144208037
huggyllama/llama-65b,25.259311958935623,25.254277114598622,3.096676737160121,3.467561521252797,1.9656249999999984,23.084736997635936
huggyllama/llama-7b,25.009530268576263,7.076660678102023,0.8308157099697886,0.3355704697986553,1.7578124999999991,3.4796099290780127
huihui-ai/DeepSeek-R1-Distill-Qwen-14B-abliterated-v2,42.11292703360417,8.72537349779457,22.05438066465257,3.467561521252797,18.62447916666667,10.16548463356974
huihui-ai/QwQ-32B-Coder-Fusion-7030,38.65077993058418,44.95662557932721,27.94561933534743,4.5861297539149914,6.761979166666666,37.41688829787233
huihui-ai/QwQ-32B-Coder-Fusion-8020,60.20547702318737,51.79260416831474,45.9214501510574,13.982102908277405,12.434635416666667,48.52615248226951
huihui-ai/QwQ-32B-Coder-Fusion-9010,57.78246164620983,53.02341820461157,53.17220543806647,14.87695749440716,19.52473958333333,51.1118498817967
huihui-ai/Qwen2.5-14B-Instruct-abliterated-v2,83.27637335602867,47.40618824926219,53.02114803625378,11.185682326621922,11.579427083333334,44.0196513002364
huihui-ai/Qwen2.5-72B-Instruct-abliterated,85.92667455684251,60.487869412693875,60.12084592145015,19.35123042505593,12.342187500000003,50.410017730496456
huihui-ai/Qwen2.5-7B-Instruct-abliterated,75.46033413564896,32.886673214320496,45.770392749244714,8.7248322147651,7.483333333333333,35.32986111111111
huihui-ai/Qwen2.5-7B-Instruct-abliterated-v2,76.06484128778308,34.369626512494015,46.37462235649547,7.829977628635347,8.091145833333334,35.643838652482266
huu-ontocord/wide_3b_orpo_stage1.1-ss1-orpo3,15.05272676498358,2.6258625470390182,0.9818731117824772,1.1185682326621946,4.02265625,1.8266105200945617
iFaz/llama31_8B_en_emo_v4,30.425049978501487,27.93118385237936,8.836858006042297,6.263982102908276,6.703125000000003,22.761524822695034
iFaz/llama32_1B_en_emo_v1,44.08380873859139,7.2810483160822015,3.776435045317221,0.0,2.010677083333334,8.457077423167847
iFaz/llama32_3B_en_emo_1000_stp,72.95243287809677,23.111523420944195,14.652567975830816,3.691275167785232,3.891145833333334,23.592641843971627
iFaz/llama32_3B_en_emo_2000_stp,73.68681764385164,23.416054848493687,15.332326283987916,4.4742729306487705,3.2539062500000004,23.30636820330969
iFaz/llama32_3B_en_emo_300_stp,72.5552644760347,22.939796393832054,16.012084592145015,3.243847874720355,3.891145833333334,23.869680851063833
iFaz/llama32_3B_en_emo_5000_stp,71.00404703963262,23.462261896367732,12.915407854984895,3.9149888143176734,5.075520833333335,22.964686761229316
iFaz/llama32_3B_en_emo_v2,54.54017562290278,19.02916278101205,10.876132930513595,2.348993288590602,6.761979166666667,22.26285460992908
iFaz/llama32_3B_en_emo_v3,57.592631994219786,20.09714960563635,6.797583081570997,2.348993288590602,3.7421875,19.003028959810873
iRyanBell/ARC1,44.1112913735555,26.564495132631716,6.873111782477341,5.92841163310962,8.148177083333335,26.34456264775413
iRyanBell/ARC1-II,17.083560508340092,7.246229410679451,2.190332326283988,2.9082774049216997,20.311458333333334,7.616725768321511
ibivibiv/colossus_120b,42.759877126025614,44.07149752747837,5.664652567975831,7.829977628635347,19.2640625,32.901152482269495
ibivibiv/multimaster-7b-v6,44.73075883101282,32.40128043389345,5.589123867069486,7.158836689038028,13.379947916666673,23.278664302600472
ibm/PowerLM-3b,33.21276435413591,12.02206036323482,3.625377643504532,3.355704697986576,5.6364583333333345,11.292109929078013
ibm/merlinite-7b,24.98703440205322,29.97724776968684,2.416918429003021,6.263982102908276,13.877864583333334,22.983156028368796
ibm-granite/granite-3.0-1b-a400m-base,24.040324117785257,6.055007672005359,2.643504531722054,0.0,1.7578124999999991,1.6880910165484628
ibm-granite/granite-3.0-1b-a400m-instruct,33.31515933279255,5.453219408698861,2.794561933534743,1.45413870246085,2.6851562500000004,2.713135342789597
ibm-granite/granite-3.0-2b-base,38.738214603917605,17.563749725828334,5.438066465256798,4.026845637583901,3.461718750000001,15.346114066193852
ibm-granite/granite-3.0-2b-instruct,51.3977357854936,21.73789141090241,9.214501510574015,6.599552572706939,1.2695312499999996,20.15735815602837
ibm-granite/granite-3.0-3b-a800m-base,27.32261510569733,11.3484424218006,4.833836858006042,0.2237136465324418,3.312760416666667,9.89768026004728
ibm-granite/granite-3.0-3b-a800m-instruct,42.982176181420854,13.16300959501,7.02416918429003,4.138702460850116,2.0833333333333326,12.797355200945626
ibm-granite/granite-3.0-8b-base,45.83482936386566,27.974358298982427,10.120845921450153,10.067114093959727,10.450260416666664,25.69813829787234
ibm-granite/granite-3.0-8b-instruct,53.09633993359841,31.588159064715125,14.19939577039275,10.96196868008949,7.024479166666669,27.295729905437348
ibm-granite/granite-3.1-1b-a400m-base,25.194373152125248,6.429845005402345,2.719033232628399,0.2237136465324418,1.7578124999999991,1.549571513002364
ibm-granite/granite-3.1-1b-a400m-instruct,46.86398755302597,6.178183215904788,4.531722054380665,0.0,0.7812499999999996,2.40839243498818
ibm-granite/granite-3.1-2b-base,35.216115462528315,16.843689846888516,5.664652567975831,3.691275167785232,3.9049479166666674,13.89627659574468
ibm-granite/granite-3.1-2b-instruct,62.8557782240012,21.822956140794503,15.256797583081571,5.257270693512303,4.867708333333335,20.212765957446805
ibm-granite/granite-3.1-3b-a800m-base,29.96294276962903,11.905605199489822,4.531722054380665,3.691275167785232,1.1067708333333328,8.807993498817966
ibm-granite/granite-3.1-3b-a800m-instruct,55.164629848801184,16.687236366660443,11.404833836858003,5.145413870246088,2.512760416666666,12.751182033096924
ibm-granite/granite-3.1-8b-base,42.21033524381973,26.01958867101177,9.441087613293051,9.50782997762864,8.36197916666667,24.802378841607563
ibm-granite/granite-3.1-8b-instruct,72.07564816908027,34.089655299414055,21.978851963746223,8.277404921700223,19.00520833333333,28.191489361702125
ibm-granite/granite-3.2-2b-instruct,61.51688630611223,21.668268416036614,14.425981873111782,5.369127516778524,4.704947916666668,19.815676713947987
ibm-granite/granite-3.2-8b-instruct,72.74509412802476,34.65536965519957,23.791540785498487,8.7248322147651,16.791406250000005,27.914450354609933
ibm-granite/granite-7b-base,24.142719096441887,9.050800002899097,1.5861027190332326,0.0,3.402864583333334,9.269725177304965
ibm-granite/granite-7b-instruct,29.72313461615181,12.639328702465264,2.0392749244712993,4.697986577181204,8.816666666666668,14.293365839243496
icefog72/Ice0.15-02.10-RP,53.43355629729119,30.130104071068587,5.740181268882175,3.691275167785232,12.997395833333336,22.95545212765957
icefog72/Ice0.16-02.10-RP,50.69083365470286,29.58232083302582,5.8912386706948645,3.9149888143176734,13.405208333333327,22.973921394799056
icefog72/Ice0.17-03.10-RP,51.235388768467665,30.376262438172095,6.117824773413897,4.250559284116329,13.338541666666664,23.167848699763592
icefog72/Ice0.27-06.11-RP,49.1820591585881,31.364751797095256,5.664652567975831,8.277404921700223,12.564322916666669,23.93432328605201
icefog72/Ice0.29-06.11-RP,48.6050346414181,31.359453902395284,5.664652567975831,7.046979865771815,14.370312499999995,23.250960401891252
icefog72/Ice0.31-08.11-RP,51.457687823862905,30.460341897671253,6.117824773413897,7.718120805369126,11.891666666666667,23.675753546099287
icefog72/Ice0.32-10.11-RP,49.15457652362399,30.430940035916453,5.13595166163142,8.277404921700223,13.476041666666667,23.33407210401891
icefog72/Ice0.34b-14.11-RP,47.62086818530389,30.80635727588579,6.495468277945619,7.941834451901568,13.615364583333331,23.61111111111111
icefog72/Ice0.34n-14.11-RP,47.86566310722217,31.206252799751898,7.250755287009064,8.501118568232664,12.844791666666666,23.60187647754137
icefog72/Ice0.37-18.11-RP,49.72162750391184,31.042850362735788,6.419939577039275,8.277404921700223,12.207552083333336,23.814273049645383
icefog72/Ice0.38-19.11-RP,44.03383023710421,31.3306289411177,5.5135951661631415,7.270693512304249,12.956510416666667,23.777334515366427
icefog72/Ice0.39-19.11-RP,47.565902915375645,31.2636273781982,4.984894259818732,8.05369127516779,12.534895833333335,23.62958037825059
icefog72/Ice0.40-20.11-RP,47.62585495374495,31.50523985734019,6.419939577039275,7.606263982102905,14.274218749999996,23.324837470449168
icefog72/Ice0.41-22.11-RP,46.20451513096362,25.412777425832047,3.096676737160121,4.921700223713646,16.597395833333334,17.977984633569736
icefog72/Ice0.50-16.01-RP,43.84898735355523,30.030386129201485,4.682779456193353,6.599552572706939,12.823177083333334,22.992390661938536
icefog72/Ice0.50.1-16.01-RP,48.29031414424837,31.56631239449821,6.117824773413897,7.941834451901568,12.260416666666664,23.69422281323877
icefog72/Ice0.51-16.01-RP,44.30610779398663,31.042011224203208,5.13595166163142,7.270693512304249,14.425000000000004,22.89080969267139
icefog72/Ice0.51.1-16.01-RP,45.73243438520902,31.86915356480479,6.419939577039275,7.494407158836691,13.223177083333333,23.380245271867608
icefog72/Ice0.52-16.01-RP,45.030519022859345,30.96644092952937,5.0604229607250755,7.829977628635347,13.683854166666668,23.112440898345156
icefog72/Ice0.52.1-16.01-RP,45.492626231731805,31.801683327768355,6.268882175226587,7.158836689038028,13.156510416666668,23.389479905437348
icefog72/Ice0.53-16.01-RP,47.41352943523185,31.40639773638384,6.3444108761329305,7.829977628635347,12.260416666666664,23.66651891252955
icefog72/Ice0.54-17.01-RP,43.78903531518593,27.720691580598487,4.078549848942599,7.941834451901568,21.260416666666668,14.736628250591016
icefog72/Ice0.55-17.01-RP,49.6067101956143,30.94478559005843,6.042296072507553,4.921700223713646,18.829166666666666,18.42124704491726
icefog72/Ice0.57-17.01-RP,51.51763986223221,30.954927188616967,5.13595166163142,6.263982102908276,18.40755208333333,18.34736997635934
icefog72/Ice0.60-18.01-RP,53.74329002601985,31.50598646501167,5.362537764350453,7.270693512304249,17.546874999999996,20.40669326241135
icefog72/Ice0.60.1-18.01-RP,51.877352092448035,31.832087469838836,4.607250755287009,6.935123042505594,14.421354166666667,21.26551418439716
icefog72/Ice0.61-18.01-RP,54.41273598496434,31.77285517916415,4.682779456193353,6.487695749440718,17.917447916666664,18.98455969267139
icefog72/Ice0.62-18.01-RP,53.6733644507684,31.62165712541642,5.740181268882175,6.375838926174497,15.22135416666667,20.859190307328607
icefog72/Ice0.62.1-24.01-RP,51.81740005407873,31.63738531804965,5.589123867069486,6.711409395973152,15.488020833333335,20.78531323877068
icefog72/Ice0.64-24.01-RP,54.40774921652327,31.22157004117841,6.268882175226587,7.158836689038028,16.719270833333336,21.47791075650118
icefog72/Ice0.64.1-24.01-RP,54.467701254892575,31.22157004117841,6.268882175226587,7.158836689038028,16.719270833333336,21.47791075650118
icefog72/Ice0.65-25.01-RP,50.29366525264078,31.947024647830972,6.495468277945619,7.270693512304249,12.178125,22.18897754137116
icefog72/Ice0.66-25.01-RP,53.24871341374221,32.189358928643664,6.042296072507553,7.606263982102905,14.36432291666666,22.659943853427897
icefog72/Ice0.67-25.01-RP,53.6134124123991,32.095819566371766,7.477341389728097,4.697986577181204,12.019010416666667,23.29713356973995
icefog72/Ice0.68-25.01-RP,55.13714721383707,32.485197545735645,7.250755287009064,8.05369127516779,14.170312499999996,22.355200945626475
icefog72/Ice0.69-25.01-RP,54.37527981311808,31.801503019218796,5.664652567975831,8.389261744966444,14.83697916666666,21.83806146572104
icefog72/Ice0.7-29.09-RP,51.75744801570943,30.72587571429055,6.646525679758309,5.033557046979867,11.507291666666667,23.62958037825059
icefog72/Ice0.70-25.01-RP,54.9797869652522,32.48918739061522,5.966767371601208,7.718120805369126,15.266406249999994,22.17974290780142
icefog72/Ice0.70.1-01.02-RP,50.69582042314393,30.98341832479747,3.3987915407854987,6.375838926174497,17.456249999999997,19.42782210401891
icefog72/Ice0.73-01.02-RP,52.9164838184905,31.51289324486128,3.8519637462235647,5.480984340044745,18.432812499999997,18.910682624113473
icefog72/Ice0.74-02.02-RP,29.35344884905384,24.816877383693065,0.1510574018126888,6.152125279642054,11.805208333333333,12.705008865248226
icefog72/Ice0.76-02.02-RP,45.29027425010083,31.0716806557854,1.4350453172205435,4.921700223713646,14.020833333333329,18.35660460992908
icefog72/Ice0.77-02.02-RP,53.09633993359841,31.860105340069964,3.927492447129909,4.697986577181204,19.095833333333328,22.20744680851064
icefog72/Ice0.78-02.02-RP,40.52924019379691,29.33342240128623,4.380664652567976,5.8165548098433995,17.844791666666662,21.71801122931442
icefog72/Ice0.80-03.02-RP,55.164629848801184,30.5837538790623,5.589123867069486,3.803131991051453,20.9390625,21.24704491725769
icefog72/IceCocoaRP-7b,49.62421929369628,29.63689549472275,5.740181268882175,6.040268456375841,11.17395833333333,23.315602836879428
icefog72/IceCoffeeRP-7b,49.59174989029109,29.39810739240589,5.438066465256798,4.697986577181204,10.997395833333329,21.939642434988176
icefog72/IceDrinkByFrankensteinV3RP,49.74911013887596,28.84588139816073,5.0604229607250755,1.5659955257270708,12.19739583333333,21.413268321513
icefog72/IceDrinkNameGoesHereRP-7b-Model_Stock,49.68417133206558,26.22465405632467,4.078549848942599,2.460850111856823,9.309114583333338,20.18506205673759
icefog72/IceDrinkNameNotFoundRP-7b-Model_Stock,51.30032757527805,30.6682514458964,6.042296072507553,3.691275167785232,13.648437500000004,22.936982860520093
icefog72/IceDrunkCherryRP-7b,48.98225596971591,28.241090201205953,6.117824773413897,3.5794183445190177,12.381770833333336,22.327497044917255
icefog72/IceDrunkenCherryRP-7b,47.62585495374495,31.50523985734019,6.419939577039275,7.606263982102905,14.274218749999996,23.324837470449168
icefog72/IceEspressoRPv2-7b,49.77160600539901,31.303238558418094,6.193353474320242,5.257270693512303,12.766145833333336,22.90004432624113
icefog72/IceLemonTeaRP-32k-7b,52.12214701436632,30.135779642023177,5.438066465256798,5.369127516778524,12.195572916666668,22.973921394799056
icefog72/IceMartiniRP-7b,50.446038732784565,29.685367916429147,6.646525679758309,3.9149888143176734,13.144531250000004,23.038563829787233
icefog72/IceNalyvkaRP-7b,54.9797869652522,32.48918739061522,5.966767371601208,7.718120805369126,15.266406249999994,22.17974290780142
icefog72/IceSakeRP-7b,52.279507262951185,31.6512550721568,6.3444108761329305,4.697986577181204,10.225,24.183658392434985
icefog72/IceSakeV4RP-7b,46.34192830578421,29.234193217077536,5.589123867069486,5.92841163310962,9.858072916666664,23.361776004728128
icefog72/IceSakeV6RP-7b,50.32613465604596,30.391494717552195,6.193353474320242,5.480984340044745,11.634635416666663,23.26019503546099
icefog72/IceSakeV8RP-7b,60.85741388404987,28.966258233266576,5.966767371601208,3.467561521252797,8.542187500000004,22.336731678486995
icefog72/IceTea21EnergyDrinkRPV13-DPOv3,52.63423272472595,30.6127340167025,5.81570996978852,4.4742729306487705,13.648437500000004,22.844636524822693
icefog72/IceTea21EnergyDrinkRPV13-DPOv3.5,48.70997841283351,22.57322577923665,3.625377643504532,4.5861297539149914,7.78541666666667,16.648197399527188
ifable/gemma-2-Ifable-9B,29.842927875813952,41.032644646265275,13.972809667673715,12.192393736017896,8.522916666666669,35.847000591016545
ilsp/Llama-Krikri-8B-Instruct,60.78748830879843,29.305557163927727,11.782477341389727,7.046979865771815,10.464062499999995,25.69813829787234
inflatebot/MN-12B-Mag-Mell-R1,46.129602787271104,32.53583283307959,12.990936555891238,8.83668903803132,11.2953125,27.09256796690307
informatiker/Qwen2-7B-Instruct-abliterated,58.217086220118176,37.79572344136589,26.3595166163142,6.823266219239373,6.83229166666667,31.922281323877066
insightfactory/Llama-3.2-3B-Instruct-unsloth-bnb-4bitlora_model,45.88480786535282,17.41910908101376,10.498489425981871,2.9082774049216997,4.601041666666668,21.7826536643026
instruction-pretrain/InstructLM-500M,10.27662158627996,2.317053716048478,0.0,0.8948545861297527,2.0695312500000003,1.5680407801418434
internlm/internlm2-1_8b,21.97702097102355,13.63385796590672,2.1148036253776437,0.0,8.226822916666668,6.536273640661936
internlm/internlm2-7b,22.803680981595093,40.27619825708061,8.571428571428571,11.555555555555555,14.333333333333329,10.0
internlm/internlm2-chat-1_8b,23.865454771118408,20.67235743256185,3.2477341389728096,2.1252796420581683,4.61484375,9.325132978723405
internlm/internlm2_5-1_8b-chat,38.490870889240554,21.03092693656956,15.861027190332328,5.369127516778524,4.424479166666669,3.322621158392436
internlm/internlm2_5-20b-chat,70.09977969565199,62.83245915287989,40.78549848942598,9.50782997762864,16.744531249999994,33.30747635933806
internlm/internlm2_5-7b-chat,55.386928904196424,57.04314320825679,25.302114803625376,12.975391498881436,16.28984375,30.851063829787233
intervitens/mini-magnum-12b-v1.1,51.55509603407847,29.731186868686873,6.193353474320242,5.145413870246088,8.089322916666669,25.458037825059098
inumulaisk/eval_model,19.3141974405688,9.506916615277104,29.758308157099695,3.9149888143176734,3.579427083333334,7.376625295508273
invalid-coder/Sakura-SOLAR-Instruct-CarbonVillain-en-10.7B-v2-slerp,45.54759150166004,31.635374808026484,4.909365558912387,7.38255033557047,8.77161458333333,23.841976950354617
invisietch/EtherealRainbow-v0.2-8B,39.03298802732306,30.283791366541095,8.23262839879154,7.046979865771815,6.5679687499999995,29.47510342789598
invisietch/EtherealRainbow-v0.3-8B,36.82229816885863,30.080258475101616,7.628398791540786,7.270693512304249,7.766145833333333,29.179595153664305
invisietch/MiS-Firefly-v0.2-22B,53.71082062261466,36.082656217719574,16.540785498489427,7.270693512304249,17.80520833333333,29.11495271867612
invisietch/Nimbus-Miqu-v0.1-70B,46.466819150963886,43.4509951550532,6.042296072507553,11.85682326621924,9.330729166666666,31.700650118203303
irahulpandey/mistralai-7B-slerp-v0.1,49.66167546554254,29.60624854675679,5.13595166163142,7.158836689038028,14.87239583333333,21.681072695035464
jaredjoss/pythia-410m-roberta-lr_8e7-kl_01-steps_12000-rlhf-model,15.722172723928066,1.8203742908537424,0.0,1.230425055928408,2.2539062500000013,1.8727836879432624
jaspionjader/Auro-Kosmos-EVAA-v2-8B,47.780777226647515,35.142095643012475,14.123867069486405,8.7248322147651,11.691666666666665,31.756057919621743
jaspionjader/Auro-Kosmos-EVAA-v2.1-8B,46.659197595712705,35.195114448894905,14.577039274924472,7.829977628635347,12.862239583333327,31.395907210401887
jaspionjader/Auro-Kosmos-EVAA-v2.2-8B,42.679978013892026,34.91772620301955,14.123867069486405,8.05369127516779,11.899479166666666,31.091164302600465
jaspionjader/Auro-Kosmos-EVAA-v2.3-8B,42.71244741729721,35.02426114679496,13.444108761329304,8.277404921700223,12.573958333333332,30.9341755319149
jaspionjader/Kosmos-Aurora_faustus-8B,44.3236168920686,32.36435397107119,11.253776435045316,6.040268456375841,11.39557291666666,31.257387706855795
jaspionjader/Kosmos-EVAA-8B,44.04635256674513,33.09134006202049,11.782477341389727,6.599552572706939,11.425000000000004,31.31279550827423
jaspionjader/Kosmos-EVAA-Franken-Immersive-v39-8B,43.7790617783038,31.18947290052941,12.915407854984895,8.7248322147651,11.454427083333336,32.227024231678485
jaspionjader/Kosmos-EVAA-Franken-v38-8B,43.55676272290855,31.76216941291032,12.915407854984895,7.829977628635347,11.544531249999997,32.116208628841605
jaspionjader/Kosmos-EVAA-Fusion-8B,44.17623018036588,34.45875710784809,13.51963746223565,7.494407158836691,12.225,31.774527186761222
jaspionjader/Kosmos-EVAA-PRP-8B,34.052092891306174,31.507446723357827,8.836858006042297,8.389261744966444,11.69765625,29.41046099290779
jaspionjader/Kosmos-EVAA-PRP-light-8B,38.23865122319889,32.28113826534745,11.027190332326285,8.277404921700223,11.246614583333336,30.906471631205672
jaspionjader/Kosmos-EVAA-PRP-v23-8B,40.409336117058295,33.03704089860875,11.555891238670696,7.829977628635347,13.50546875,30.06611997635934
jaspionjader/Kosmos-EVAA-PRP-v24-8B,42.587556572117535,32.86201554441706,11.027190332326285,8.05369127516779,12.46223958333333,30.87876773049646
jaspionjader/Kosmos-EVAA-PRP-v25-8B,44.208699583771065,33.05901994218396,11.858006042296072,9.060402684563762,12.558333333333328,30.17693557919622
jaspionjader/Kosmos-EVAA-PRP-v26-8B,44.13877400851962,32.71975634899274,11.329305135951662,7.270693512304249,12.195572916666665,31.03575650118203
jaspionjader/Kosmos-EVAA-PRP-v27-8B,43.784048546744856,32.99647631508889,11.933534743202417,7.829977628635347,13.291666666666664,30.610963356973997
jaspionjader/Kosmos-EVAA-PRP-v28-8B,43.65915770156518,33.073754773711705,11.706948640483382,7.606263982102905,12.987760416666662,30.555555555555557
jaspionjader/Kosmos-EVAA-PRP-v29-8B,44.87315877427448,32.92843632608228,12.009063444108762,8.05369127516779,11.824999999999996,30.721778959810877
jaspionjader/Kosmos-EVAA-PRP-v30-8B,42.94726880233337,32.980026204409654,11.782477341389727,7.270693512304249,11.95833333333333,32.64258274231678
jaspionjader/Kosmos-EVAA-PRP-v31-8B,43.986400528375825,32.91395767598818,11.329305135951662,8.501118568232664,11.899479166666666,32.60564420803782
jaspionjader/Kosmos-EVAA-PRP-v32-8B,44.87315877427448,33.04697938500372,11.48036253776435,8.83668903803132,11.499479166666662,30.851063829787233
jaspionjader/Kosmos-EVAA-PRP-v33-8B,43.01719437758481,32.935042544278936,11.782477341389727,8.389261744966444,10.966145833333336,32.319370567375884
jaspionjader/Kosmos-EVAA-PRP-v34-8B,45.62505263811133,33.1218626050209,11.253776435045316,8.165548098434002,11.766145833333333,32.52253250591017
jaspionjader/Kosmos-EVAA-TSN-8B,47.213726246359656,31.42504823569407,13.444108761329304,7.046979865771815,12.846614583333327,31.29432624113476
jaspionjader/Kosmos-EVAA-TSN-light-8B,46.84902724770276,32.31709224526529,12.16012084592145,7.270693512304249,12.283854166666664,31.174276004728128
jaspionjader/Kosmos-EVAA-TSN-v19-8B,45.635026174993456,33.429515483219056,11.555891238670696,7.38255033557047,12.195572916666665,30.99881796690307
jaspionjader/Kosmos-EVAA-TSN-v20-8B,44.23119545029411,32.00472858026129,12.462235649546828,8.501118568232664,11.39557291666666,32.6241134751773
jaspionjader/Kosmos-EVAA-TSN-v21-8B,46.701640536000035,32.386295261036274,11.933534743202417,8.277404921700223,13.217187499999996,31.29432624113476
jaspionjader/Kosmos-EVAA-TSN-v22-8B,46.73410993940523,32.32633123685557,11.329305135951662,7.606263982102905,12.691666666666665,31.23891843971632
jaspionjader/Kosmos-EVAA-gamma-8B,45.72246084832688,33.103487394032555,10.498489425981871,9.172259507829976,13.189583333333331,32.23625886524823
jaspionjader/Kosmos-EVAA-gamma-alt-8B,45.42270065648036,32.85116982530719,10.95166163141994,9.955257270693512,12.952343749999995,32.18085106382979
jaspionjader/Kosmos-EVAA-gamma-light-8B,45.80989552166031,33.68753243090729,11.027190332326285,8.83668903803132,12.60338541666666,32.69799054373522
jaspionjader/Kosmos-EVAA-gamma-light-alt-8B,44.5359424105817,33.05767050932263,11.329305135951662,8.501118568232664,12.90729166666666,32.476359338061464
jaspionjader/Kosmos-EVAA-gamma-ultra-light-8B,45.63003940655239,32.78464802043255,11.782477341389727,8.83668903803132,11.39557291666666,32.384013002364064
jaspionjader/Kosmos-EVAA-gamma-v13-8B,44.28616072022234,33.47406748343683,11.178247734138973,8.501118568232664,12.336718749999996,32.55023640661938
jaspionjader/Kosmos-EVAA-gamma-v14-8B,43.80155764482684,33.65958954546506,11.027190332326285,8.389261744966444,12.299479166666664,32.56870567375886
jaspionjader/Kosmos-EVAA-gamma-v15-8B,46.54428028741517,33.2170748468152,11.10271903323263,8.165548098434002,12.432812499999995,32.67952127659574
jaspionjader/Kosmos-EVAA-gamma-v16-8B,45.565100599742024,33.29159037553265,11.706948640483382,8.7248322147651,12.203385416666665,32.41171690307328
jaspionjader/Kosmos-EVAA-gamma-v17-8B,44.62337708391512,33.346731824868634,11.10271903323263,8.165548098434002,12.499479166666662,32.476359338061464
jaspionjader/Kosmos-EVAA-gamma-v18-8B,43.40937601120582,33.23387233410255,11.10271903323263,8.165548098434002,12.795572916666664,32.273197399527184
jaspionjader/Kosmos-EVAA-immersive-sof-v44-8B,44.078821970150315,31.258884400704403,11.858006042296072,7.941834451901568,11.499479166666662,32.08850472813239
jaspionjader/Kosmos-EVAA-v10-8B,42.61503920708165,34.01111082889911,12.462235649546828,6.599552572706939,11.39557291666666,31.46054964539007
jaspionjader/Kosmos-EVAA-v11-8B,44.2636648536993,33.83221649338713,13.217522658610273,8.7248322147651,11.070052083333328,31.506722813238763
jaspionjader/Kosmos-EVAA-v12-8B,43.7790617783038,33.64435993303794,13.670694864048338,7.941834451901568,11.499479166666662,31.506722813238763
jaspionjader/Kosmos-EVAA-v2-8B,43.95891789341171,33.60889502995319,13.217522658610273,6.375838926174497,11.499479166666662,31.40514184397163
jaspionjader/Kosmos-EVAA-v3-8B,44.10630460511443,33.468587339989305,13.293051359516618,7.38255033557047,11.766145833333333,31.349734042553195
jaspionjader/Kosmos-EVAA-v4-8B,42.89230353240513,33.55721455326533,12.537764350453172,6.711409395973152,11.499479166666662,31.303560874704488
jaspionjader/Kosmos-EVAA-v5-8B,44.595894448951,33.50776477750613,12.613293051359516,7.158836689038028,11.499479166666662,31.340499408983447
jaspionjader/Kosmos-EVAA-v6-8B,43.95891789341171,34.084081768333256,12.915407854984895,6.935123042505594,11.070052083333328,31.340499408983447
jaspionjader/Kosmos-EVAA-v7-8B,42.767412687225445,33.50209397496653,13.36858006042296,7.38255033557047,11.070052083333328,31.506722813238763
jaspionjader/Kosmos-EVAA-v8-8B,43.83402704823203,33.79805527334356,13.066465256797583,7.158836689038028,11.928906249999995,31.414376477541367
jaspionjader/Kosmos-EVAA-v9-8B,43.6866403365293,33.7544160404883,12.764350453172204,7.494407158836691,11.232812499999994,31.331264775413715
jaspionjader/Kosmos-EVAA-v9-TitanFusion-Mix-8B,42.83733826247689,36.24517494591178,11.48036253776435,5.033557046979867,13.03098958333333,31.51595744680851
jaspionjader/Kosmos-Elusive-8b,41.68827599657797,33.53558413403654,12.613293051359516,7.718120805369126,10.107291666666669,30.666371158392437
jaspionjader/Kosmos-Elusive-VENN-8B,42.32525255211727,33.79747989824394,12.462235649546828,6.599552572706939,10.595572916666669,31.081929669030732
jaspionjader/Kosmos-Elusive-VENN-Asymmetric-8B,45.417713888039295,33.16698443913645,13.444108761329304,5.92841163310962,11.832812499999998,31.580599881796683
jaspionjader/Kosmos-Elusive-VENN-Aurora_faustus-8B,43.35441074127759,33.008333200343884,11.253776435045316,6.040268456375841,11.558333333333328,31.05422576832151
jaspionjader/Kosmos-VENN-8B,43.3219413378724,33.39577047946897,14.123867069486405,5.7046979865771785,11.203385416666665,31.11886820330969
jaspionjader/PRP-Kosmos-EVAA-8B,36.32772155658098,32.11810849839039,9.59214501510574,7.941834451901568,11.425000000000002,30.73101359338061
jaspionjader/PRP-Kosmos-EVAA-light-8B,43.21201079801593,32.67446090823398,11.027190332326285,9.61968680089485,11.142708333333337,29.235002955082745
jaspionjader/TSN-Kosmos-EVAA-8B,49.032234471203076,33.73244759125691,14.501510574018129,9.395973154362418,11.264062499999996,31.451315011820324
jaspionjader/TSN-Kosmos-EVAA-v2-8B,46.66917113259485,33.53146314936159,10.80060422960725,9.61968680089485,12.064062499999997,30.69407505910165
jaspionjader/bbb-1,48.64005283758206,33.68952047615377,13.670694864048338,8.501118568232664,10.966145833333336,32.190085697399525
jaspionjader/bbb-2,40.77403511571519,29.187787519922125,11.253776435045316,6.935123042505594,12.507291666666664,29.28117612293143
jaspionjader/bbb-3,41.6832892281369,30.42347738232735,14.04833836858006,8.165548098434002,12.344531249999996,31.73758865248227
jaspionjader/bbb-4,47.67583345523211,31.42180070448896,12.764350453172204,6.375838926174497,10.789583333333333,30.814125295508273
jaspionjader/bbb-5,47.028883362810674,31.2789023752389,13.972809667673715,7.270693512304249,9.677864583333337,31.488253546099287
jaspionjader/bbb-6,48.79741308616693,31.296750246994566,13.897280966767372,8.05369127516779,10.477864583333336,31.903812056737586
jaspionjader/bbb-7,48.280340607366234,31.125508104842208,13.670694864048338,8.05369127516779,10.211197916666668,31.774527186761222
jaspionjader/bh-1,42.84232503091796,41.45130060035327,5.362537764350453,5.92841163310962,14.813020833333336,27.21261820330969
jaspionjader/bh-10,46.18456805719934,40.861498713027906,11.027190332326285,6.711409395973152,10.848437500000005,30.084589243498822
jaspionjader/bh-11,45.75493025173208,40.73264327719791,11.782477341389727,7.606263982102905,10.219010416666672,30.4262706855792
jaspionjader/bh-12,47.338617091539334,40.253624510427336,11.858006042296072,6.711409395973152,9.877864583333334,30.40780141843972
jaspionjader/bh-13,46.978904861323514,40.01032313106834,11.253776435045316,7.606263982102905,10.2484375,30.33392434988179
jaspionjader/bh-15,47.45353439983688,40.33141780064374,12.462235649546828,6.487695749440718,9.515104166666667,30.740248226950357
jaspionjader/bh-16,47.306147688134146,39.952339093735326,11.933534743202417,7.046979865771815,10.381770833333338,30.841829196217496
jaspionjader/bh-17,47.21871301480073,39.75841395740856,11.329305135951662,6.375838926174497,10.211197916666668,30.629432624113477
jaspionjader/bh-18,47.24619564976484,40.464076641342125,11.858006042296072,6.711409395973152,10.677864583333331,30.629432624113477
jaspionjader/bh-19,45.842364925065496,39.56714484667162,11.933534743202417,6.263982102908276,10.640625000000002,30.832594562647753
jaspionjader/bh-2,45.79238642357833,41.94562264778238,10.27190332326284,6.823266219239373,10.730729166666668,29.94606973995272
jaspionjader/bh-20,47.27367828472896,39.32473656427744,12.009063444108762,5.033557046979867,9.515104166666667,30.758717494089833
jaspionjader/bh-21,47.00140072784656,39.30946768551373,12.16012084592145,6.375838926174497,10.640625000000002,30.841829196217496
jaspionjader/bh-22,45.99972517365036,39.959361669826855,11.858006042296072,6.152125279642054,10.544531250000004,30.71254432624113
jaspionjader/bh-23,46.57674969082036,38.53896512438835,12.009063444108762,5.92841163310962,10.966145833333336,31.063460401891252
jaspionjader/bh-24,47.15377420799035,38.79538568907879,12.68882175226586,6.152125279642054,10.536718750000002,31.21121453900709
jaspionjader/bh-25,47.51847320664726,38.72954410110149,11.329305135951662,5.480984340044745,10.107291666666669,30.915706264775416
jaspionjader/bh-26,46.90897928607207,38.97859481521599,11.63141993957704,6.599552572706939,12.195572916666665,30.795656028368796
jaspionjader/bh-27,48.18791916559174,38.70545276461525,12.764350453172204,6.152125279642054,10.107291666666669,31.100398936170215
jaspionjader/bh-28,47.85070280189896,38.64315088483485,12.31117824773414,6.487695749440718,10.373958333333336,31.24815307328605
jaspionjader/bh-29,46.88149665110795,38.271768582086715,12.084592145015106,6.040268456375841,11.66223958333333,31.32203014184397
jaspionjader/bh-3,46.63670172918966,41.325395042771994,11.48036253776435,6.935123042505594,10.493489583333336,30.019946808510632
jaspionjader/bh-30,46.664184364153776,38.65102840424575,12.31117824773414,5.7046979865771785,10.80338541666667,30.906471631205672
jaspionjader/bh-31,47.27367828472896,37.88578885449606,12.83987915407855,5.8165548098433995,10.003385416666667,31.331264775413715
jaspionjader/bh-32,46.35943740386618,38.0583806332999,12.462235649546828,6.263982102908276,10.699479166666668,31.24815307328605
jaspionjader/bh-33,46.85401401614384,37.93177398115369,11.782477341389727,6.152125279642054,11.128906250000002,31.201979905437344
jaspionjader/bh-34,46.239533327127575,38.20458432336169,12.084592145015106,5.592841163310966,11.17395833333333,31.155806737588655
jaspionjader/bh-35,47.213726246359656,37.76624487883907,12.462235649546828,6.040268456375841,10.387760416666667,31.44208037825059
jaspionjader/bh-36,46.659197595712705,38.117107059680755,12.386706948640484,6.935123042505594,11.454427083333336,31.451315011820324
jaspionjader/bh-37,48.79741308616693,37.510762923762705,12.16012084592145,5.92841163310962,10.654427083333337,31.42361111111111
jaspionjader/bh-38,46.17958128875827,38.05344075657449,12.386706948640484,6.375838926174497,10.166145833333337,31.229683806146568
jaspionjader/bh-39,45.759917020173134,37.62931792742345,12.537764350453172,6.711409395973152,11.77994791666667,31.46054964539007
jaspionjader/bh-4,46.72912317096415,41.322953178368685,10.95166163141994,6.152125279642054,10.426822916666667,30.056885342789595
jaspionjader/bh-40,45.357761849669984,37.62940413720817,12.462235649546828,6.487695749440718,11.350520833333334,31.49748817966903
jaspionjader/bh-41,47.39856912990864,37.37607576190458,12.537764350453172,5.7046979865771785,11.083854166666669,31.38667257683215
jaspionjader/bh-42,46.60423232578447,37.81206560286688,12.68882175226586,6.152125279642054,10.891666666666673,31.24815307328605
jaspionjader/bh-43,45.99972517365036,37.6625467846229,12.386706948640484,5.92841163310962,10.817187500000005,31.331264775413715
jaspionjader/bh-44,47.06135276621586,37.82162994785929,12.16012084592145,6.152125279642054,11.676041666666668,31.488253546099287
jaspionjader/bh-46,47.27367828472896,37.61558589155505,12.764350453172204,6.152125279642054,11.57994791666667,31.358968676122927
jaspionjader/bh-47,46.51679765245105,36.31256652223936,12.764350453172204,5.92841163310962,11.083854166666669,31.719119385342783
jaspionjader/bh-48,46.88149665110795,36.33510481146546,12.537764350453172,5.92841163310962,10.817187500000005,31.774527186761222
jaspionjader/bh-49,47.24619564976484,36.290275257532365,12.009063444108762,5.92841163310962,10.71328125,31.201979905437344
jaspionjader/bh-5,46.51679765245105,41.30461071540461,10.574018126888216,6.599552572706939,10.693489583333337,30.019946808510632
jaspionjader/bh-50,47.24619564976484,36.633310186842785,12.084592145015106,5.8165548098433995,10.342708333333334,31.580599881796683
jaspionjader/bh-51,46.30447213393795,36.60322305451519,12.386706948640484,5.7046979865771785,11.2015625,31.46054964539007
jaspionjader/bh-52,45.362748618111056,34.932557534743474,12.009063444108762,5.592841163310966,11.246614583333336,31.589834515366427
jaspionjader/bh-53,47.79573753197073,35.57594881398253,12.68882175226586,6.487695749440725,11.617187500000002,31.756057919621743
jaspionjader/bh-54,48.40523145254591,36.353920099875154,12.915407854984895,5.92841163310962,10.609375000000002,31.38667257683215
jaspionjader/bh-55,47.09382216962105,36.47069849338268,12.83987915407855,7.494407158836691,11.409375000000002,31.62677304964539
jaspionjader/bh-56,45.99972517365036,35.076883829070766,12.31117824773414,6.711409395973152,10.550520833333335,31.599069148936167
jaspionjader/bh-57,44.0513393351862,34.57783861568968,12.613293051359516,7.158836689038028,11.928906249999995,32.18085106382979
jaspionjader/bh-58,46.30447213393795,34.86550097653127,13.217522658610273,7.494407158836691,11.558333333333328,32.18085106382979
jaspionjader/bh-59,43.41436277964689,35.897385616875816,15.40785498489426,8.7248322147651,11.025,31.534426713947987
jaspionjader/bh-6,46.20706392372239,41.49290582070984,10.876132930513595,6.599552572706939,10.922916666666667,29.973773640661943
jaspionjader/bh-60,42.07048409331685,33.68824984560268,15.78549848942598,10.067114093959727,14.71328125,29.881427304964532
jaspionjader/bh-61,42.46765249537893,32.55596453531747,17.069486404833835,9.172259507829976,16.31328125,29.770611702127653
jaspionjader/bh-62,41.49844634458792,34.005745917802976,16.238670694864048,9.395973154362418,15.246614583333333,30.213874113475175
jaspionjader/bh-63,43.07714641595411,27.810720725561197,11.10271903323263,7.046979865771815,16.074218749999996,24.977836879432623
jaspionjader/bh-64,41.40103813437236,33.698327780013834,15.483383685800604,9.50782997762864,15.942708333333334,29.918365839243503
jaspionjader/bh-7,46.239533327127575,41.169212894944,11.404833836858003,7.158836689038028,9.522916666666667,30.167700945626475
jaspionjader/bh-8,45.967255770245174,41.428206212410664,11.782477341389727,6.823266219239373,12.11510416666666,30.223108747044915
jaspionjader/bh-9,45.085484292787584,40.93804479430806,11.555891238670696,6.935123042505594,9.922916666666667,30.029181442080382
jaspionjader/dp-6-8b,48.05804155197099,32.66331333979792,13.293051359516618,7.718120805369126,14.489843749999997,32.190085697399525
jaspionjader/dp-7-8b,44.98308931413095,32.60386262129972,12.613293051359516,7.494407158836691,14.060416666666663,32.59640957446809
jaspionjader/ek-6,46.42437621067656,31.302615174659127,13.217522658610273,7.829977628635347,11.39557291666666,31.792996453900702
jaspionjader/ek-7,47.67084668679105,30.932091410213463,13.293051359516618,8.83668903803132,11.499479166666662,32.079270094562645
jaspionjader/f-1-8b,49.82657127532725,30.92034478861048,12.83987915407855,7.829977628635347,15.985937499999997,32.300901300236404
jaspionjader/f-2-8b,48.237897667078904,32.7394137680834,11.706948640483382,6.599552572706939,15.756510416666664,32.91038711583924
jaspionjader/f-3-8b,48.03055891700687,32.37894525683091,12.16012084592145,8.501118568232664,14.327083333333327,32.827275413711575
jaspionjader/f-4-8b,47.97060687863757,32.54745293621357,11.48036253776435,7.829977628635347,15.927083333333329,32.845744680851055
jaspionjader/f-5-8b,50.43606519590243,32.98155315144156,12.386706948640484,7.829977628635347,15.023177083333332,32.7626329787234
jaspionjader/f-6-8b,48.46019672247415,32.052317591512676,11.933534743202417,7.718120805369126,15.05260416666666,32.661052009456256
jaspionjader/f-7-8b,44.62337708391512,32.323956862199424,12.386706948640484,8.389261744966444,12.505468749999997,32.6241134751773
jaspionjader/f-8-8b,47.39358236146758,32.106937481055674,12.235649546827794,7.941834451901568,13.097656249999996,32.67028664302601
jaspionjader/f-9-8b,46.017234271732335,32.629822943023534,12.990936555891238,7.494407158836691,15.060416666666669,32.70722517730496
jaspionjader/fct-14-8b,41.28612082607481,31.53726552564611,12.009063444108762,8.83668903803132,11.219010416666665,31.949985224586293
jaspionjader/fct-9-8b,43.53925362482657,31.232275252624323,11.933534743202417,7.718120805369126,12.499479166666662,32.5779403073286
jaspionjader/fr-1-8b,42.1079402651631,31.055328358201677,11.178247734138973,7.38255033557047,11.662239583333331,29.00413711583924
jaspionjader/fr-10-8b,44.01886993178101,31.101142245733232,12.235649546827794,8.948545861297541,9.781770833333336,31.811465721040182
jaspionjader/fr-3-8b,43.25700253106203,32.054254099420874,11.329305135951662,7.38255033557047,11.544531249999997,31.811465721040182
jaspionjader/gamma-Kosmos-EVAA-8B,42.50012189878411,32.36253555048168,8.987915407854985,8.501118568232664,14.277864583333333,30.841829196217496
jaspionjader/gamma-Kosmos-EVAA-v2-8B,42.32525255211727,32.46635236533594,10.574018126888216,9.395973154362418,13.232812499999996,30.62019799054373
jaspionjader/gamma-Kosmos-EVAA-v3-8B,43.32692810631347,32.436623618170984,11.10271903323263,8.389261744966444,11.72109375,32.19932033096927
jaspionjader/knf-2-8b,42.50012189878411,31.22492769679673,12.009063444108762,8.05369127516779,11.115104166666663,31.940750591016545
jaspionjader/knfp-2-8b,53.27120928026525,33.05584007121163,14.274924471299094,5.7046979865771785,11.440624999999995,30.287751182033094
jaspionjader/knfp-3-8b,49.45688550822928,31.233992064698388,12.235649546827794,7.606263982102905,11.440624999999995,32.014627659574465
jaspionjader/kstc-1-8b,46.42936297911763,31.35164933855999,11.706948640483382,8.948545861297541,10.90729166666666,32.134677895981085
jaspionjader/kstc-11-8b,47.57343847657549,31.116625700427637,12.009063444108762,7.046979865771815,10.80338541666667,31.98692375886525
jaspionjader/kstc-4-8b,47.69832932175517,31.476699762140168,12.386706948640484,7.158836689038028,10.90729166666666,31.876108156028373
jaspionjader/kstc-5-8b,47.208739477918584,31.373760830790683,12.990936555891238,8.7248322147651,12.032812499999997,32.134677895981085
jaspionjader/kstc-6-8b,49.43937641014729,31.50593464386095,12.462235649546828,6.599552572706939,11.277864583333333,31.746823286052013
jaspionjader/kstc-8-8b,49.09717327801344,31.820932114012862,13.066465256797583,7.38255033557047,11.707291666666665,32.097739361702125
jaspionjader/kstc-9-8b,48.607583434176874,31.77207937089541,13.595166163141997,6.823266219239373,10.90729166666666,31.91304669030733
jaspionjader/slu-10,43.599205663195875,29.96246024103085,9.743202416918429,8.501118568232664,7.901302083333334,29.595153664302604
jaspionjader/slu-11,37.251935974325896,28.134961733027723,5.589123867069486,7.158836689038028,8.226822916666668,26.46461288416076
jaspionjader/slu-13,43.784048546744856,29.865275873551703,8.08157099697885,7.718120805369126,7.309114583333334,28.671690307328607
jaspionjader/slu-14,41.068808539120646,29.879580354102824,9.743202416918429,7.718120805369126,7.738541666666667,29.18882978723404
jaspionjader/slu-17,42.167892303532405,29.787844658593286,8.534743202416918,7.829977628635347,7.413020833333334,29.09648345153664
jaspionjader/slu-2,40.15955442669893,28.879825492610465,6.3444108761329305,6.487695749440718,8.819010416666668,27.849807919621743
jaspionjader/slu-20,43.93143525844759,29.24863516444493,8.685800604229605,7.829977628635347,8.967968750000002,29.613622931442084
jaspionjader/slu-22,43.21201079801593,29.539288054181537,7.930513595166164,8.83668903803132,8.167968750000002,29.44739952718675
jaspionjader/slu-23,44.78073733249999,30.2907431370659,9.441087613293051,7.270693512304249,10.256249999999996,30.27851654846335
jaspionjader/slu-25,45.00303638789523,29.95100639270016,8.38368580060423,7.829977628635347,8.226822916666668,29.826019503546092
jaspionjader/slu-29,44.30610779398663,29.95867809359305,8.685800604229605,7.606263982102905,8.330729166666668,29.659796099290777
jaspionjader/slu-32,45.15540986803903,30.525740444353357,10.725075528700906,6.935123042505594,9.722916666666668,30.73101359338061
jaspionjader/slu-33,44.57339858242795,29.520426724137007,9.969788519637463,8.277404921700223,7.901302083333334,29.770611702127653
jaspionjader/slu-34,43.506784221421384,29.5585553986661,9.969788519637463,7.718120805369126,8.005208333333334,30.223108747044915
jaspionjader/slu-35,42.41767399389176,29.95432730687622,10.120845921450153,8.277404921700223,8.864062500000001,29.733673167848696
jaspionjader/slu-36,45.182892503003146,29.705289242535667,9.06344410876133,8.277404921700223,8.597395833333335,30.12152777777778
jaspionjader/slu-37,45.33526598314694,29.873736188721313,9.743202416918429,7.606263982102905,8.330729166666668,29.94606973995272
jaspionjader/slu-6,41.1662167493362,29.920194960710266,9.441087613293051,7.046979865771815,9.130729166666669,29.01337174940898
jaspionjader/slu-mix-1,45.6899914449217,31.758280422354996,11.178247734138973,6.711409395973152,12.624999999999996,32.55947104018913
jaspionjader/sof-1,43.137098454323414,28.67139572134592,11.404833836858003,7.046979865771815,9.458072916666667,29.715203900709213
jaspionjader/sof-10,46.484328249045866,30.894575246850525,12.386706948640484,7.494407158836691,10.699479166666668,31.93151595744681
jaspionjader/sof-3,46.36941094074832,30.909590596424703,12.764350453172204,6.263982102908276,11.17395833333333,31.24815307328605
jaspionjader/sof-6,43.53925362482657,31.091426922196035,12.990936555891238,6.599552572706939,10.966145833333336,31.599069148936167
jaspionjader/test-10,45.78241288669619,32.89618100381385,11.404833836858003,9.284116331096197,11.93671875,32.6241134751773
jaspionjader/test-11,45.41272711959822,33.37675179363524,12.009063444108762,9.843400447427292,12.491666666666664,32.661052009456256
jaspionjader/test-12,43.68165356808823,33.309634149213345,10.80060422960725,9.172259507829976,11.795572916666664,32.61487884160757
jaspionjader/test-13,45.80989552166031,32.89714888833163,10.574018126888216,8.83668903803132,12.099479166666669,32.61487884160757
jaspionjader/test-14,44.438534200366135,33.002110558637106,11.027190332326285,8.612975391498878,12.995572916666662,32.55023640661938
jaspionjader/test-15,43.64918416468304,33.10384984912975,11.178247734138973,8.277404921700223,12.136718749999998,32.55023640661938
jaspionjader/test-16,45.99473840520929,33.07756163805877,10.95166163141994,8.501118568232664,11.507291666666664,32.55947104018913
jaspionjader/test-17,42.674991245450954,33.14214119658744,11.027190332326285,8.389261744966444,12.425,32.54100177304965
jaspionjader/test-18,43.91647495312438,32.86222851906328,11.48036253776435,8.277404921700223,11.899479166666666,32.55947104018913
jaspionjader/test-19,44.00889639489887,32.971901545171306,10.95166163141994,7.941834451901568,12.099479166666669,32.54100177304965
jaspionjader/test-20,45.29282304285961,33.05064343643468,11.178247734138973,8.501118568232664,11.832812499999998,32.439420803782504
jayasuryajsk/Qwen2.5-3B-reasoner,41.59585455480348,25.2688279392506,20.84592145015106,6.935123042505594,10.303125000000003,27.582003546099287
jeanmichela/o-distil-qwen,44.82318027278731,40.67911488750861,56.49546827794561,19.12751677852349,28.348697916666666,40.639775413711575
jebcarter/psyonic-cetacean-20B,25.43661928128477,27.843060379681305,1.812688821752266,3.1319910514541416,16.897656249999997,20.951536643026003
jebish7/Llama-3-Nanda-10B-Chat,29.52831819572069,29.600465622828253,5.589123867069486,6.823266219239373,12.883854166666667,23.96202718676123
jebish7/Llama-3.1-8B-Instruct,50.58345190760515,29.191619249410262,15.483383685800604,9.50782997762864,8.507291666666667,30.860298463356976
jebish7/Nemotron-4-Mini-Hindi-4B-Base,22.848818911599004,14.862755734528111,2.719033232628399,4.4742729306487705,10.51328125,16.703605200945624
jebish7/Nemotron-4-Mini-Hindi-4B-Instruct,33.452572507613134,16.39051081744601,2.8700906344410875,7.829977628635347,9.511458333333332,17.719414893617017
jebish7/Nemotron-Mini-4B-Instruct,37.092026932982264,19.43287640077525,3.2477341389728096,3.467561521252797,18.35651041666667,19.806442080378247
jebish7/aya-expanse-8b,37.911408396388246,28.243958088217383,8.157099697885197,4.4742729306487705,6.495312500000001,23.361776004728128
jebish7/gemma-2-2b-it,12.717035244263,20.91911520531148,3.3987915407854987,6.263982102908276,11.82265625,19.058436761229316
jebish7/gemma-2-9b-it,15.57467519514887,42.41412690099088,8.459214501510575,12.975391498881436,16.23098958333333,34.92353723404255
jebish7/qwen2.5-0.5B-IHA-Hin,14.163419726326149,2.697703505644682,0.0,0.3355704697986553,1.2695312499999996,1.041666666666666
jeffmeloy/Qwen-7B-nerd-uncensored-v1.0,61.35952605752736,34.18632007953577,28.700906344410875,10.402684563758392,18.911458333333332,37.3614804964539
jeffmeloy/Qwen2.5-7B-minperplexity-2,50.9730847484674,36.89009035044375,30.13595166163142,8.165548098434002,16.907291666666666,37.1767878250591
jeffmeloy/Qwen2.5-7B-nerd-uncensored-v0.9,60.48274134851084,34.79159883396676,29.45619335347432,9.731543624161072,19.548697916666665,37.37071513002365
jeffmeloy/Qwen2.5-7B-nerd-uncensored-v1.0,76.95159953368174,34.737157075604436,47.12990936555891,5.369127516778524,16.822656250000005,36.151743498817964
jeffmeloy/Qwen2.5-7B-nerd-uncensored-v1.1,66.26296005709295,26.661152209882328,13.293051359516618,4.921700223713646,5.303125,31.663711583924343
jeffmeloy/Qwen2.5-7B-nerd-uncensored-v1.2,49.64671516021933,27.660911941379897,12.084592145015106,7.158836689038028,10.856249999999998,32.98426418439716
jeffmeloy/Qwen2.5-7B-nerd-uncensored-v1.3,49.95146212050692,28.900263386108733,12.31117824773414,8.389261744966444,11.309114583333333,33.51063829787233
jeffmeloy/Qwen2.5-7B-nerd-uncensored-v1.4,60.78748830879843,34.85601776135507,28.09667673716012,9.843400447427292,17.82317708333333,37.98943557919622
jeffmeloy/Qwen2.5-7B-nerd-uncensored-v1.5,56.50352176669016,35.92532095316597,27.567975830815712,10.290827740492167,22.409375,38.31264775413712
jeffmeloy/Qwen2.5-7B-nerd-uncensored-v1.7,42.01551882338861,33.83351101288335,29.154078549848943,9.843400447427292,20.77213541666666,36.44725177304965
jeffmeloy/Qwen2.5-7B-nerd-uncensored-v1.8,62.55601803215468,34.6046086730829,27.0392749244713,9.843400447427292,18.62317708333333,37.149083924349874
jeffmeloy/Qwen2.5-7B-olm-v1.0,53.313652220552584,38.22235774647793,28.625377643504528,9.395973154362418,11.470052083333336,39.623965721040186
jeffmeloy/Qwen2.5-7B-olm-v1.1,43.29445870290829,35.43051618397058,38.29305135951662,7.829977628635347,19.4015625,37.2691341607565
jeffmeloy/Qwen2.5-7B-olm-v1.2,42.025492360270746,36.44070084062748,28.47432024169184,8.948545861297541,17.697656249999998,37.63851950354609
jeffmeloy/Qwen2.5-7B-olm-v1.3,42.185401401614385,36.40248084197368,31.04229607250755,9.50782997762864,18.08984375,38.55274822695035
jeffmeloy/Qwen2.5-7B-olm-v1.4,45.450183291444475,36.64655745900427,29.229607250755286,8.277404921700223,17.07604166666667,38.41422872340425
jeffmeloy/Qwen2.5-7B-olm-v1.5,45.46514359676769,36.63313094998246,28.172205438066467,11.968680089485462,15.407552083333336,37.76780437352246
jeffmeloy/jeffmeloy_Qwen2.5-7B-minperplexity-1,37.571643239936705,37.821507463733965,29.154078549848943,10.96196868008949,11.928906250000002,37.41688829787233
jeonsworld/CarbonVillain-en-10.7B-v4,45.79238642357833,31.80563982727619,4.682779456193353,7.494407158836691,8.401041666666663,23.795803782505907
jiangxinyang-shanda/Homer-LLama3-8B,39.917197480462946,31.69897508701321,8.610271903323262,6.263982102908276,9.236458333333337,23.768099881796687
jieliu/Storm-7B,34.24192254329623,32.33028437916087,6.117824773413897,7.718120805369126,14.628645833333332,23.54646867612293
jiviai/medX_v2,37.43179208943381,21.433009954500687,5.438066465256798,9.731543624161072,2.897135416666666,26.981752364066192
jlzhou/Qwen2.5-3B-Infinity-Instruct-0625,35.57582769274414,26.914542436180227,13.670694864048338,2.572706935123044,8.128385416666667,24.432993498817968
johnsutor/Llama-3-8B-Instruct_breadcrumbs-density-0.1-gamma-0.01,42.71244741729721,29.550013804457738,4.531722054380665,9.61968680089485,17.80338541666666,30.43550531914893
johnsutor/Llama-3-8B-Instruct_breadcrumbs-density-0.1-gamma-0.1,42.5325913021893,28.607718394442788,9.667673716012084,6.823266219239373,10.777604166666672,30.269281914893615
johnsutor/Llama-3-8B-Instruct_breadcrumbs-density-0.3-gamma-0.01,33.7748285659827,28.135682301211705,1.0574018126888218,8.277404921700223,22.288020833333334,28.14531619385342
johnsutor/Llama-3-8B-Instruct_breadcrumbs-density-0.3-gamma-0.1,42.73993005226133,30.51494334374904,8.08157099697885,7.829977628635347,11.397395833333336,30.43550531914893
johnsutor/Llama-3-8B-Instruct_breadcrumbs-density-0.5-gamma-0.01,32.03621945327288,27.665794638508448,0.3776435045317221,6.935123042505594,23.621354166666674,26.049054373522463
johnsutor/Llama-3-8B-Instruct_breadcrumbs-density-0.5-gamma-0.1,43.96390466185278,30.854731427683628,8.006042296072508,7.606263982102905,13.840625,29.955304373522463
johnsutor/Llama-3-8B-Instruct_breadcrumbs-density-0.7-gamma-0.01,28.14443454478561,27.16443115792157,0.2265861027190332,5.369127516778524,24.472395833333337,25.5042109929078
johnsutor/Llama-3-8B-Instruct_breadcrumbs-density-0.7-gamma-0.1,43.02218114602588,31.163507714744895,6.268882175226587,7.718120805369126,12.877864583333336,29.58591903073286
johnsutor/Llama-3-8B-Instruct_breadcrumbs-density-0.9-gamma-0.01,27.899639622867326,27.22486881424896,0.1510574018126888,5.92841163310962,24.242968750000003,25.60579196217494
johnsutor/Llama-3-8B-Instruct_breadcrumbs-density-0.9-gamma-0.1,42.22784434190171,31.124765884679533,7.401812688821751,7.718120805369126,13.670052083333337,29.44739952718675
johnsutor/Llama-3-8B-Instruct_breadcrumbs_ties-density-0.1-gamma-0.01,43.58923212631373,29.53001282071684,4.833836858006042,8.05369127516779,16.344531249999992,30.69407505910165
johnsutor/Llama-3-8B-Instruct_breadcrumbs_ties-density-0.1-gamma-0.1,42.01551882338861,28.504906370089667,9.818731117824774,6.711409395973152,10.777604166666672,29.99224290780142
johnsutor/Llama-3-8B-Instruct_breadcrumbs_ties-density-0.3-gamma-0.01,35.178659290682056,29.13691888844411,2.3413897280966767,7.494407158836691,20.3546875,29.01337174940898
johnsutor/Llama-3-8B-Instruct_breadcrumbs_ties-density-0.3-gamma-0.1,42.03801468991166,30.244175919150702,8.761329305135952,7.270693512304249,11.915104166666673,30.112293144208035
johnsutor/Llama-3-8B-Instruct_breadcrumbs_ties-density-0.5-gamma-0.01,34.54168273514276,29.32060751365874,2.190332326283988,6.263982102908276,21.058593749999996,28.126846926713934
johnsutor/Llama-3-8B-Instruct_breadcrumbs_ties-density-0.5-gamma-0.1,40.916435058976845,30.69307747198892,8.08157099697885,6.040268456375841,13.262239583333336,29.659796099290777
johnsutor/Llama-3-8B-Instruct_breadcrumbs_ties-density-0.7-gamma-0.01,29.03872835188411,28.73926605726859,1.4350453172205435,6.599552572706939,22.250781249999992,27.665115248226947
johnsutor/Llama-3-8B-Instruct_breadcrumbs_ties-density-0.7-gamma-0.1,41.98803618842449,31.007758447741608,8.08157099697885,6.487695749440718,13.136718750000002,29.05954491725768
johnsutor/Llama-3-8B-Instruct_breadcrumbs_ties-density-0.9-gamma-0.01,29.131149793658604,28.219373273671145,1.0574018126888218,6.711409395973152,21.976302083333326,27.268026004728128
johnsutor/Llama-3-8B-Instruct_breadcrumbs_ties-density-0.9-gamma-0.1,41.6233371897676,30.841602413783743,7.779456193353475,6.263982102908276,12.499479166666667,29.161125886524825
johnsutor/Llama-3-8B-Instruct_dare_linear,21.454961723781786,19.610998997495773,0.0,6.152125279642054,21.807552083333334,15.715499408983453
johnsutor/Llama-3-8B-Instruct_dare_ties-density-0.1,18.907055501624576,16.85891694951123,0.0755287009063444,2.9082774049216997,16.991927083333334,14.05326536643026
johnsutor/Llama-3-8B-Instruct_dare_ties-density-0.3,21.132705665412217,23.0949356647322,0.1510574018126888,6.263982102908276,22.50182291666667,22.66917848699763
johnsutor/Llama-3-8B-Instruct_dare_ties-density-0.7,20.33836886128805,25.253545989338345,0.3021148036253776,7.158836689038028,23.709635416666668,23.869680851063833
johnsutor/Llama-3-8B-Instruct_dare_ties-density-0.9,21.607335203925583,24.68762324471831,0.1510574018126888,7.718120805369126,25.88020833333333,23.814273049645383
johnsutor/Llama-3-8B-Instruct_linear,43.08213318439518,28.778577217548463,10.045317220543806,6.040268456375841,10.14817708333333,30.13076241134751
johnsutor/Llama-3-8B-Instruct_ties-density-0.1,41.161229980895136,28.768718884316495,7.930513595166164,5.145413870246088,10.671875000000002,28.893321513002363
johnsutor/Llama-3-8B-Instruct_ties-density-0.3,36.26278274977061,27.724506656987163,6.722054380664652,6.152125279642054,10.477864583333336,25.790484633569736
johnsutor/Llama-3-8B-Instruct_ties-density-0.5,37.966373666316485,26.01209708592899,6.117824773413897,7.270693512304249,7.797395833333334,24.165189125295505
johnsutor/Llama-3-8B-Instruct_ties-density-0.7,36.81232463197649,25.371407671115207,6.722054380664652,7.941834451901568,7.575781250000001,23.91585401891253
johnsutor/Llama-3-8B-Instruct_ties-density-0.9,38.58085435533274,25.46373486461887,6.193353474320242,6.599552572706939,7.738541666666667,24.23906619385342
jpacifico/Chocolatine-14B-Instruct-4k-DPO,46.886483419549016,48.02072159780435,17.82477341389728,12.192393736017896,15.15234375,41.8218085106383
jpacifico/Chocolatine-14B-Instruct-DPO-v1.2,68.52107962428579,49.845064475726,20.921450151057403,10.067114093959727,12.346354166666671,41.073803191489354
jpacifico/Chocolatine-14B-Instruct-DPO-v1.3,70.39953988749849,54.84648579293099,56.19335347432024,12.192393736017896,12.291145833333331,48.60002955082743
jpacifico/Chocolatine-2-14B-Instruct-DPO-v2.0b1,10.334024831890495,52.01883589019085,27.567975830815712,16.778523489932887,15.309114583333336,45.8204048463357
jpacifico/Chocolatine-2-14B-Instruct-v2.0,8.85273297073986,53.42017331810562,48.036253776435046,18.34451901565996,23.897656249999997,47.796616430260045
jpacifico/Chocolatine-2-14B-Instruct-v2.0.1,7.421419611076388,52.9014914620923,47.9607250755287,18.903803131991047,23.527083333333337,47.76891252955083
jpacifico/Chocolatine-2-14B-Instruct-v2.0.3,70.37205725253439,50.63134493995173,42.06948640483384,17.225950782997764,19.06822916666667,48.60002955082743
jpacifico/Chocolatine-2-14B-Instruct-v2.0b2,72.40787776433197,49.578491329758265,39.50151057401813,17.785234899328863,19.660416666666663,48.54462174940899
jpacifico/Chocolatine-2-14B-Instruct-v2.0b3,73.22969720342026,49.56651063787595,41.08761329305136,17.225950782997764,19.29765625,48.19370567375886
jpacifico/Chocolatine-3B-Instruct-DPO-Revised,56.22625744136669,37.1552860906475,18.051359516616312,9.61968680089485,15.101302083333328,33.205895390070914
jpacifico/Chocolatine-3B-Instruct-DPO-v1.0,37.37184005106451,36.554520056455814,17.82477341389728,8.7248322147651,19.468229166666664,32.63334810874704
jpacifico/Chocolatine-3B-Instruct-DPO-v1.2,54.55014915978493,35.99938785144921,20.468277945619334,11.85682326621924,12.328385416666668,31.96845449172577
jpacifico/Distilucie-7B-Math-Instruct-DPO-v0.1,30.475028479988655,14.914767084175816,2.56797583081571,6.599552572706939,3.2226562499999996,8.992686170212766
jpacifico/Lucie-7B-Instruct-DPO-v1.1,31.209413245743512,14.205402704412563,2.3413897280966767,5.033557046979867,8.132552083333332,9.306663711583925
jpacifico/Lucie-7B-Instruct-DPO-v1.1.3,30.447545845024532,14.5656267629867,2.416918429003021,4.809843400447425,4.955989583333333,8.484781323877066
jpacifico/Lucie-7B-Instruct-Merged-Model_Stock-v1.0,32.335979645119394,14.756535323843266,2.416918429003021,5.145413870246088,5.481510416666667,9.676049054373523
jpacifico/Lucie-7B-Instruct-Merged-Model_Stock-v1.1,30.14279888473694,14.68047975728274,2.794561933534743,4.36241610738255,3.844270833333334,9.574468085106382
jpacifico/Lucie-Boosted-7B-Instruct,25.661467129438776,10.258060724767985,1.283987915407855,2.2371364653243813,3.4010416666666683,6.998005319148934
jsfs11/L3-8B-Stheno-slerp,67.51940407008958,33.31031560721856,9.894259818731117,4.697986577181204,5.134375000000001,29.43816489361702
jsfs11/MixtureofMerges-MoE-4x7b-v4,40.299405577201824,32.21799819533692,6.3444108761329305,4.809843400447425,13.885677083333334,22.57683215130024
jsfs11/MixtureofMerges-MoE-4x7b-v5,41.99302295686556,32.82672418068055,7.552870090634441,4.5861297539149914,12.344531250000005,23.30636820330969
kaist-ai/janus-7b,37.751499355044615,25.749870021061568,4.078549848942599,3.0201342281879207,14.279687500000003,20.822251773049647
kaist-ai/janus-dpo-7b,40.027128020319424,27.090901576814417,4.1540785498489425,4.250559284116329,13.709114583333337,21.95811170212766
kaist-ai/janus-rm-7b,17.7804891022487,3.2777812036470793,0.0,0.2237136465324418,5.969791666666667,1.4018173758865236
kaist-ai/mistral-orpo-capybara-7k,53.6733644507684,23.434359116276923,3.927492447129909,4.809843400447425,7.57760416666667,21.90270390070922
kavonalds/BunderMaxx-0710,32.82556948895597,51.57754755283705,6.797583081570997,1.45413870246085,2.0833333333333326,3.4888445626477527
kavonalds/BunderMaxx-1010,29.805582521044165,56.82265210373464,10.498489425981871,1.45413870246085,3.489322916666666,2.491504137115838
kavonalds/Lancer-1-1b-Instruct,55.45940327220664,6.035793918460105,3.927492447129909,1.5659955257270708,0.5333333333333338,6.314642434988178
kayfour/T3Q-Qwen2.5-7B-it-KOR-Safe,60.814970943762546,36.45157980184221,37.61329305135951,9.50782997762864,11.632812500000002,38.48810579196217
keeeeenw/MicroLlama,19.85376578589254,2.831363636363637,1.1329305135951662,1.45413870246085,4.793229166666666,1.5311022458628842
kekmodel/StopCarbon-10.7B-v5,47.2836518216111,31.9932224557197,5.589123867069486,7.494407158836691,9.27552083333333,23.96202718676123
kevin009/llamaRAGdrama,25.98372318780835,16.637813694151937,4.305135951661631,1.9015659955257265,12.113281250000002,19.150783096926716
khoantap/cheap-moe-merge,45.57008736818309,29.799724462846836,9.214501510574015,6.040268456375841,13.321093749999998,25.984411938534276
khoantap/llama-3-8b-stock-merge,48.1179935903403,30.760623629541772,16.1631419939577,9.060402684563762,8.389583333333334,31.109633569739948
khoantap/llama-breadcrumbs-ties-merge,22.051933314716063,33.78078314143679,11.253776435045316,2.1252796420581683,14.097656250000002,24.128250591016545
khoantap/llama-evolve-ties-best-merge,67.439504957956,34.84865280113286,15.634441087613292,8.948545861297541,7.219010416666666,31.774527186761222
khoantap/llama-linear-0.5-0.5-1-merge,48.12298035878136,38.20585226683991,20.54380664652568,7.606263982102905,9.483854166666667,31.47901891252955
khoantap/llama-linear-0.5-1-0.5-merge,50.31616111916382,42.29147047597542,14.803625377643504,5.8165548098433995,10.181770833333331,29.89066193853428
khoantap/llama-linear-1-0.5-0.5-merge,45.14543633115689,36.494370655874725,24.773413897280967,5.7046979865771785,10.270052083333336,29.28117612293143
khoantap/llama-slerp-merge,49.79908864036312,39.91531358821765,8.308157099697885,7.046979865771815,10.19739583333333,29.752142434988176
khoantap/moe-out-merge,45.048028120941325,30.04120594432831,9.290030211480364,5.145413870246088,11.454427083333336,26.08599290780142
khulaifi95/Llama-3.1-8B-Reason-Blend-888k,58.317043223092504,26.547568201488428,11.555891238670696,3.9149888143176734,2.9421874999999997,23.33407210401891
kms7530/chemeng_llama-3-8b-Instruct-bnb-4bit_24_1_100_1,54.55014915978493,19.079190454097787,6.193353474320242,2.684563758389265,5.491145833333334,19.98190011820331
kms7530/chemeng_phi-3-mini-4k-instruct-bnb-4bit_16_4_100_1_nonmath,48.63251727638222,29.259630505683372,10.80060422960725,8.05369127516779,8.351822916666668,27.56353427895981
kms7530/chemeng_qwen-math-7b_24_1_100_1,21.1052230304481,10.326751194458687,22.432024169184288,0.0,3.2539062499999996,12.871232269503546
kms7530/chemeng_qwen-math-7b_24_1_100_1_nonmath,25.836336476105625,14.135344732061384,30.966767371601208,5.369127516778524,9.453906249999998,16.13105791962175
kno10/ende-chat-0.0.5,34.04455733010634,11.125830654491324,2.0392749244712993,2.0134228187919474,7.097135416666668,8.780289598108746
kno10/ende-chat-0.0.7,44.006347602140096,13.57894913417845,1.7371601208459215,4.138702460850116,6.032291666666666,10.738031914893616
kyutai/helium-1-preview-2b,26.136096667952145,10.945139672307278,1.3595166163141994,3.803131991051453,4.036458333333333,9.694518321513002
kz919/QwQ-0.5B-Distilled-SFT,30.767253110635338,7.277628928283643,7.401812688821751,1.45413870246085,1.1067708333333328,6.527039007092197
ladydaina/ECE-FDF,37.28440537773109,32.250998220060005,8.157099697885197,4.36241610738255,15.899479166666666,22.299793144208035
laislemke/LLaMA-2-vicuna-7b-slerp,29.320979445648653,2.598263938597983,1.1329305135951662,3.1319910514541416,6.179427083333336,3.802822104018913
lalainy/ECE-PRYMMAL-0.5B-FT-V5-MUSR,21.377500587330506,6.485922419195989,4.531722054380665,3.243847874720355,0.7812499999999996,5.926787825059102
lalainy/ECE-PRYMMAL-0.5B-SLERP-V4,15.639724819035711,2.096080371265706,0.0,1.6778523489932915,4.99921875,1.8727836879432624
lalainy/ECE-PRYMMAL-YL-0.5B-SLERP-BIS-V1,14.37075847639818,2.92944936253925,0.0755287009063444,0.0,2.9421874999999997,1.3464095744680846
lalainy/ECE-PRYMMAL-YL-1B-SLERP-V3,32.500875454904104,18.22865501035824,9.743202416918429,5.92841163310962,10.82682291666667,21.4594414893617
lalainy/ECE-PRYMMAL-YL-1B-SLERP-V4,33.23526022065896,17.411751961605876,10.045317220543806,4.809843400447425,12.093489583333332,21.034648345153663
lalainy/ECE-PRYMMAL-YL-6B-SLERP-V1,32.64072660540699,24.515258836802445,12.68882175226586,5.145413870246088,20.632812500000004,24.599216903073284
lalainy/ECE-PRYMMAL-YL-6B-SLERP-V2,32.48835312526319,24.515258836802445,12.68882175226586,5.145413870246088,20.632812500000004,24.599216903073284
langgptai/Qwen-las-v0.1,33.01041237250495,14.698639898107368,3.700906344410875,0.0,3.66171875,14.727393617021276
langgptai/qwen1.5-7b-chat-sa-v0.1,42.67742922113326,20.302342129934097,3.0211480362537766,8.277404921700223,3.0598958333333326,22.14280437352246
lars1234/Mistral-Small-24B-Instruct-2501-writer,65.65346613651778,52.78404012259051,35.57401812688822,18.568232662192393,17.133072916666663,49.42191193853428
leafspark/Llama-3.1-8B-MultiReflection-Instruct,71.25382872999197,28.448045037118614,17.069486404833835,5.7046979865771785,8.524739583333336,30.269281914893615
lemon07r/Gemma-2-Ataraxy-9B,30.08772279773224,42.03199052898647,8.534743202416918,11.297539149888143,14.47005208333333,35.847000591016545
lemon07r/Gemma-2-Ataraxy-Advanced-9B,55.15964308036011,41.16143815473681,19.788519637462233,11.409395973154364,6.509114583333333,36.040927895981085
lemon07r/Gemma-2-Ataraxy-Remix-9B,70.83416446140684,41.59231281593379,20.166163141993955,11.85682326621924,13.715104166666665,35.985520094562645
lemon07r/Gemma-2-Ataraxy-v2-9B,21.362429464930827,39.79685359725269,8.459214501510575,12.304250559284116,4.881510416666667,35.791592789598106
lemon07r/Gemma-2-Ataraxy-v2a-9B,15.946909755005606,31.19852836941699,6.117824773413897,11.968680089485462,3.0598958333333326,27.942154255319146
lemon07r/Gemma-2-Ataraxy-v2f-9B,37.911408396388246,31.421336195418803,11.63141993957704,11.85682326621924,3.5932291666666667,27.812869385342783
lemon07r/Gemma-2-Ataraxy-v3-Advanced-9B,66.01816513517468,42.21047229127766,18.731117824773413,11.521252796420578,14.58776041666667,35.51455378250591
lemon07r/Gemma-2-Ataraxy-v3b-9B,68.09144181881851,41.62398549212332,21.52567975830816,11.0738255033557,15.209374999999996,35.606900118203306
lemon07r/Gemma-2-Ataraxy-v3i-9B,42.03047912871182,38.238824874777286,15.332326283987916,10.402684563758392,1.7578124999999991,35.182106973995275
lemon07r/Gemma-2-Ataraxy-v3j-9B,41.69326276501904,38.16656919949616,16.91842900302115,10.402684563758392,1.920572916666666,34.821956264775416
lemon07r/Gemma-2-Ataraxy-v4-Advanced-9B,70.15474496558022,43.18189722480503,21.52567975830816,11.85682326621924,16.289843750000003,37.4076536643026
lemon07r/Gemma-2-Ataraxy-v4a-Advanced-9B,71.35123694020754,42.73751687792403,21.148036253776432,12.527964205816552,15.179947916666665,36.77046394799054
lemon07r/Gemma-2-Ataraxy-v4b-9B,68.78338364428605,43.44273930792989,23.338368580060425,12.080536912751676,15.868229166666667,37.29683806146573
lemon07r/Gemma-2-Ataraxy-v4c-9B,69.45282960323055,44.12536650674094,22.658610271903324,11.185682326621922,15.297656249999998,37.72163120567376
lemon07r/Gemma-2-Ataraxy-v4d-9B,72.50029920610646,43.595239307929894,23.338368580060425,12.975391498881436,15.868229166666664,37.1767878250591
lemon07r/Llama-3-RedMagic4-8B,48.64005283758206,19.475746974326068,8.987915407854985,5.369127516778524,4.379427083333333,29.733673167848696
lemon07r/llama-3-NeuralMahou-8b,49.009738604680024,18.69206874721008,10.196374622356496,5.145413870246088,6.142187500000001,29.89066193853428
lesubra/ECE-EIFFEL-3B,34.69405621528655,31.286439186186243,12.16012084592145,10.850111856823268,14.6953125,31.340499408983447
lesubra/ECE-EIFFEL-3Bv2,30.13027655509603,36.35313296509659,11.858006042296072,11.409395973154364,15.769791666666665,33.32594562647754
lesubra/ECE-EIFFEL-3Bv3,37.861429894901086,36.46408334995511,16.691842900302113,10.626398210290828,18.30546875,33.05814125295508
lesubra/ECE-PRYMMAL-3B-SLERP-V1,29.328404189772023,35.05306761164019,16.61631419939577,8.948545861297541,16.638802083333335,32.227024231678485
lesubra/ECE-PRYMMAL-3B-SLERP-V2,29.328404189772023,35.05306761164019,16.61631419939577,8.948545861297541,16.638802083333335,32.227024231678485
lesubra/ECE-PRYMMAL-3B-SLERP_2-V1,36.49006857360692,35.710681082357645,16.76737160120846,9.50782997762864,18.068229166666665,33.2243646572104
lesubra/ECE-PRYMMAL-3B-SLERP_2-V2,36.64244205375071,35.710681082357645,16.76737160120846,9.50782997762864,18.068229166666665,33.2243646572104
lesubra/merge-test,53.8257379309122,33.353311441745,12.084592145015106,9.61968680089485,15.638281249999997,31.93151595744681
lightblue/suzume-llama-3-8B-multilingual,66.78003253589365,28.895092037237777,9.441087613293051,4.4742729306487705,7.844270833333336,26.48308215130023
lightblue/suzume-llama-3-8B-multilingual-orpo-borda-full,58.174643279830846,25.075474888496917,7.628398791540786,1.230425055928408,4.040104166666668,25.66119976359338
lightblue/suzume-llama-3-8B-multilingual-orpo-borda-half,62.49107922534431,26.34859792572119,9.06344410876133,0.0,2.114583333333334,29.0410756501182
lightblue/suzume-llama-3-8B-multilingual-orpo-borda-top25,66.36535503574959,27.66528501530011,10.42296072507553,3.0201342281879207,4.808854166666668,29.826019503546092
lightblue/suzume-llama-3-8B-multilingual-orpo-borda-top75,66.87245397766813,28.05625593898892,7.854984894259818,3.0201342281879207,5.3109375000000005,30.76795212765957
lkoenig/BBAI_145_,44.50347300717651,36.73010277668871,36.102719033232624,8.83668903803132,13.076041666666669,38.77437943262411
lkoenig/BBAI_200_Gemma,7.051733843978422,9.395846417818936,0.0,2.2371364653243813,4.289322916666667,7.542848699763592
lkoenig/BBAI_212_QwenLawLo,45.66250880995758,36.93312368555738,36.02719033232628,8.83668903803132,13.054427083333335,38.765144799054376
lkoenig/BBAI_212_Qwencore,43.84400058511416,36.74407860821423,34.894259818731115,8.83668903803132,12.625000000000002,38.77437943262411
lkoenig/BBAI_230_Xiaqwen,46.48931501748693,36.82828817621174,36.63141993957704,8.501118568232664,13.809375000000005,38.672798463356976
lkoenig/BBAI_375_QwenDyancabs,45.657522041516515,36.71718233521738,37.7643504531722,8.389261744966444,14.238802083333333,38.62662529550827
lkoenig/BBAI_456_QwenKoen,45.29282304285961,36.54914615161445,36.85800604229607,8.389261744966444,13.238802083333336,38.54351359338061
lkoenig/BBAI_7B_KoenQwenDyan,58.07224830117421,36.2457227762662,37.38670694864049,9.060402684563762,12.942708333333336,38.44193262411347
lkoenig/BBAI_7B_Qwen2.5koen,45.99972517365036,36.307407586886015,36.5558912386707,8.389261744966444,13.046614583333335,38.71897163120567
lkoenig/BBAI_7B_QwenDyanKoenLo,46.63171496074859,36.678248178014,36.40483383685801,9.172259507829976,12.72109375,38.49734042553191
lkoenig/BBAI_7B_QwenDyancabsLAW,55.49685944405289,36.77999384422684,36.78247734138973,9.172259507829976,14.09765625,38.57121749408983
llmat/Mistral-v0.3-7B-ORPO,37.70406964631621,14.86315851911541,2.416918429003021,2.2371364653243813,2.973437500000001,14.2010195035461
llnYou/ECE-PRYMMAL-YL-1B-SLERP-V5,33.125329680802494,18.879659027462832,11.10271903323263,4.809843400447425,5.650260416666666,21.45020685579196
llnYou/ECE-PRYMMAL-YL-1B-SLERP-V6,13.876181864120534,14.538923027777068,0.2265861027190332,5.369127516778524,7.365624999999999,14.995197990543732
llnYou/ECE-PRYMMAL-YL-3B-SLERP-V1,23.463299600615255,15.79746247814972,0.906344410876133,5.8165548098433995,3.2226562499999996,20.554447399527188
llnYou/ECE-PRYMMAL-YL-3B-SLERP-V2,23.09361383351729,15.20224370386771,1.283987915407855,3.5794183445190177,6.613020833333334,21.108525413711583
llnYou/ECE-PRYMMAL-YL-3B-SLERP-V3,35.80810028502152,36.62575632451354,12.990936555891238,7.270693512304249,14.050260416666662,33.81538120567376
lmsys/vicuna-13b-v1.3,33.43506340953115,7.489789311629211,1.4350453172205435,2.348993288590602,4.091145833333333,13.813164893617024
lmsys/vicuna-7b-v1.3,29.086158060612505,6.461378796018201,1.283987915407855,0.0,5.0166666666666675,9.306663711583925
lmsys/vicuna-7b-v1.5,23.515716077784724,15.15250931284372,1.3595166163141994,1.1185682326621946,11.42265625,12.741947399527188
lodrick-the-lafted/llama-3.1-8b-instruct-ortho-v7,35.14618988727687,14.43786307942362,2.719033232628399,3.0201342281879207,4.732552083333332,10.821143617021276
lordjia/Llama-3-Cantonese-8B-Instruct,66.69259786256023,26.79103884029782,8.91238670694864,5.8165548098433995,9.47552083333334,27.942154255319146
lordjia/Qwen2-Cantonese-7B-Instruct,54.35278394659503,32.45321665791298,25.604229607250755,6.040268456375841,7.814843749999999,31.589834515366427
lt-asset/nova-1.3b,12.14255951985177,4.437619873492811,1.2084592145015105,0.0,3.755989583333333,1.5772754137115832
lunahr/thea-3b-50r-u1,60.30288523340292,16.2229363475435,10.42296072507553,4.4742729306487705,2.706770833333334,20.09271572104019
lunahr/thea-v2-3b-50r,37.0396104558128,18.711907810841776,2.416918429003021,1.45413870246085,2.4401041666666674,15.660091607565011
m42-health/Llama3-Med42-70B,62.91074349392944,52.9713478709021,22.58308157099698,12.975391498881436,18.628645833333337,44.02888593380615
macadeliccc/Samantha-Qwen-2-7B,43.771526217103954,31.41189390746123,21.148036253776432,3.0201342281879207,20.160156250000004,30.87876773049646
macadeliccc/magistrate-3.2-3b-base,11.59301763764589,6.910280939116192,1.1329305135951662,1.45413870246085,7.532552083333333,7.65366430260047
macadeliccc/magistrate-3.2-3b-it,22.918744486850443,5.323155419813335,1.9637462235649543,0.0,5.740364583333334,6.582446808510639
magnifi/Phi3_intent_v56_3_w_unknown_5_lr_0.002,20.181008612703184,5.851019142844943,0.0,1.9015659955257265,9.569791666666667,5.243424940898343
maldv/Awqward2.5-32B-Instruct,82.54697535871487,57.20733868173476,62.311178247734134,12.080536912751676,13.86953125,52.478575650118195
maldv/Lytta2.5-32B-Instruct,25.07945584382771,37.03153984906665,34.44108761329305,2.2371364653243813,4.973437500000002,44.98005319148937
maldv/Qwentile2.5-32B-Instruct,73.93161256576994,57.205877636883635,52.190332326283986,17.897091722595075,19.96197916666667,54.21468676122931
maldv/badger-kappa-llama-3-8b,46.94643545791833,30.153238604373765,8.610271903323262,7.046979865771815,4.297135416666666,29.94606973995272
maldv/badger-lambda-llama-3-8b,48.607583434176874,28.103050014353716,9.441087613293051,4.250559284116329,4.520572916666667,30.740248226950357
maldv/badger-mu-llama-3-8b,49.194581488229005,30.51396514214568,5.589123867069486,1.230425055928408,5.69895833333333,29.70596926713948
maldv/badger-writer-llama-3-8b,53.03140112678803,26.8783606145384,7.552870090634441,5.257270693512303,3.195052083333334,30.666371158392437
marcuscedricridia/Cheng-1,77.88833628106758,36.536366691615335,48.94259818731118,6.152125279642054,9.616666666666667,37.21372635933806
marcuscedricridia/Cheng-2,83.37378156624423,49.97518634878575,54.38066465256798,12.751677852348994,12.016666666666664,44.59219858156028
marcuscedricridia/Cheng-2-v1.1,82.69934883885867,50.248143037694966,53.92749244712991,12.416107382550338,11.491145833333336,45.29403073286053
marcuscedricridia/Hush-Qwen2.5-7B-MST,74.88330961847896,35.35007344104428,42.44712990936556,7.158836689038028,6.987239583333333,35.145168439716315
marcuscedricridia/Hush-Qwen2.5-7B-MST-v1.1,74.44868504457062,36.82982562300872,46.52567975830816,7.494407158836691,9.41666666666667,36.65964834515366
marcuscedricridia/Hush-Qwen2.5-7B-MST-v1.3,70.4320092909037,36.45190695170704,47.583081570996974,8.612975391498878,13.081510416666667,38.22030141843972
marcuscedricridia/Hush-Qwen2.5-7B-Preview,79.62439660101863,35.32875647048946,37.53776435045317,8.165548098434002,12.7265625,37.37994976359338
marcuscedricridia/Hush-Qwen2.5-7B-RP-v1.4-1M,77.27884236049238,32.681799063269544,33.68580060422961,6.487695749440718,14.942187500000005,34.83119089834515
marcuscedricridia/Hush-Qwen2.5-7B-v1.1,78.89499860370483,34.40003587057091,43.80664652567976,8.83668903803132,11.075520833333336,35.85623522458629
marcuscedricridia/Hush-Qwen2.5-7B-v1.2,78.65020368178655,34.7406275243418,44.03323262839879,8.612975391498878,11.667708333333335,35.52378841607564
marcuscedricridia/Hush-Qwen2.5-7B-v1.3,78.56276900845313,33.96881934058692,33.23262839879154,8.277404921700223,12.379427083333336,37.167553191489354
marcuscedricridia/Hush-Qwen2.5-7B-v1.4,78.34545672149895,35.05829745506504,42.59818731117825,8.165548098434002,11.43046875,35.50531914893617
marcuscedricridia/Qwen2.5-7B-Preview,76.79423928509688,33.85996689538109,34.44108761329305,9.843400447427292,10.587239583333336,36.19791666666667
marcuscedricridia/Yell-Qwen2.5-7B-Preview,58.38696879834396,34.76337530701511,19.259818731117825,4.138702460850116,9.246093750000002,31.091164302600465
marcuscedricridia/Yell-Qwen2.5-7B-Preview-v1.1,57.57013612769673,34.15662850738155,18.95770392749245,4.809843400447425,9.608854166666667,31.46054964539007
marcuscedricridia/absolute-o1-7b,75.15558717536138,35.655762760822036,50.83081570996979,9.284116331096197,10.32057291666667,37.92479314420804
marcuscedricridia/cursa-o1-7b,76.28215357473725,35.70429131124187,49.546827794561935,7.606263982102905,13.42447916666667,37.69392730496453
marcuscedricridia/cursa-o1-7b-2-28-2025,74.67098409996586,34.668302854132016,48.11178247734139,7.606263982102905,12.616666666666667,37.38918439716312
marcuscedricridia/cursa-o1-7b-v1.1,75.27549125209998,36.06689595024021,49.848942598187314,7.606263982102905,12.534375000000002,37.6846926713948
marcuscedricridia/cursa-o1-7b-v1.2-normalize-false,76.15726272955757,36.12772971752309,49.92447129909365,7.606263982102905,12.808854166666668,38.17412825059102
marcuscedricridia/cursor-o1-7b,41.068808539120646,28.820714356242792,14.123867069486405,4.138702460850116,10.261718750000002,25.014775413711583
marcuscedricridia/cursorr-o1.2-7b,16.598957432944587,3.4654936219477315,0.0,0.5592841163310973,2.897135416666666,0.8939125295508273
marcuscedricridia/etr1o-explicit-v1.1,28.80390696684797,4.190313048867292,0.4531722054380665,3.691275167785232,9.348177083333333,2.1682919621749397
marcuscedricridia/etr1o-explicit-v1.2,15.04020443534267,1.9825717963953269,0.0,1.45413870246085,8.955989583333334,1.4018173758865236
marcuscedricridia/etr1o-v1.1,15.971954414287424,3.321013560260136,0.0,0.8948545861297527,7.873697916666665,1.7434988179669018
marcuscedricridia/etr1o-v1.2,72.86998497320442,47.700911102136416,35.87613293051359,16.778523489932887,18.297656250000003,47.953605200945624
marcuscedricridia/fan-o1-7b,44.55588948434598,26.546331472502217,16.1631419939577,4.5861297539149914,5.920572916666668,25.26411052009456
marcuscedricridia/olmner-7b,72.53775537795272,35.74684409479422,46.299093655589125,7.718120805369126,14.31276041666667,36.77046394799054
marcuscedricridia/olmner-della-7b,76.36958824807067,35.896041596647144,49.62235649546828,6.823266219239373,11.795052083333331,37.62005023640661
marcuscedricridia/olmner-o1-7b,75.27549125209998,35.68672724705917,49.24471299093656,6.823266219239373,13.104947916666667,37.62005023640661
marcuscedricridia/olmner-sbr-7b,76.00488924941378,35.71538595353347,49.47129909365559,7.829977628635347,10.853906250000003,37.9155585106383
marcuscedricridia/post-cursa-o1,76.28215357473725,35.82728921979409,48.716012084592144,7.941834451901568,13.859895833333336,37.34301122931442
marcuscedricridia/pre-cursa-o1,74.0889728143548,35.72155461706918,50.37764350453172,7.941834451901568,12.579427083333336,38.04484338061466
marcuscedricridia/pre-cursa-o1-v1.2,75.48781677061308,36.1178124071646,50.6797583081571,8.389261744966444,12.838281250000003,37.80474290780142
marcuscedricridia/pre-cursa-o1-v1.3,75.06815250202794,35.4685970258894,50.75528700906344,8.389261744966444,12.593229166666667,37.99867021276595
marcuscedricridia/pre-cursa-o1-v1.4,74.8783228500379,35.98044535759805,48.338368580060425,7.38255033557047,12.830468750000003,38.17412825059102
marcuscedricridia/pre-cursa-o1-v1.6,75.27549125209998,35.92091323812233,50.0,9.395973154362418,12.253906250000002,37.92479314420804
marcuscedricridia/r1o-et,35.968009326365156,18.9129347129545,7.930513595166164,3.0201342281879207,2.675520833333333,17.5531914893617
marcuscedricridia/sbr-o1-7b,74.54609325478619,35.77966356053602,49.848942598187314,8.05369127516779,14.652083333333335,37.278368794326234
marcuscedricridia/stray-r1o-et,15.622215720953736,2.6446684279500334,0.4531722054380665,1.5659955257270708,9.43828125,1.041666666666666
matouLeLoup/ECE-PRYMMAL-0.5B-FT-EnhancedMUSREnsembleV3,18.732186154957738,7.918512040903256,2.643504531722054,1.45413870246085,4.601041666666668,7.99534574468085
matouLeLoup/ECE-PRYMMAL-0.5B-FT-MUSR-ENSEMBLE-V2Mathis,18.732186154957738,7.918512040903256,2.643504531722054,1.45413870246085,4.601041666666668,7.99534574468085
matouLeLoup/ECE-PRYMMAL-0.5B-FT-V4-MUSR-ENSEMBLE-Mathis,18.732186154957738,7.918512040903256,2.643504531722054,1.45413870246085,4.601041666666668,7.99534574468085
matouLeLoup/ECE-PRYMMAL-0.5B-FT-V4-MUSR-Mathis,18.824607596732225,8.079577103291848,2.719033232628399,1.789709172259505,4.1265625,8.00458037825059
matouLeLoup/ECE-PRYMMAL-0.5B-FT-V5-MUSR-Mathis,16.521496296493304,3.0833518776266557,1.8882175226586104,0.8948545861297527,12.179427083333335,1.291001773049644
mattshumer/Reflection-Llama-3.1-70B,0.452133671990319,47.86623716674634,21.45015105740181,15.100671140939594,17.540364583333332,43.94577423167848
mattshumer/ref_70_e3,62.943212897334625,49.27446660003019,27.94561933534743,11.409395973154364,12.995052083333334,47.80585106382979
maywell/Qwen2-7B-Multilingual-RP,43.47176602525742,30.54356147647468,22.432024169184288,6.263982102908276,6.228645833333334,31.765292553191493
meditsolutions/Llama-3.1-MedIT-SUN-8B,78.37293935646308,32.001650567550215,20.921450151057403,7.829977628635347,9.636458333333328,32.402482269503544
meditsolutions/Llama-3.2-SUN-1B-Instruct,64.12973133507981,9.183738602498956,7.099697885196375,0.0,4.053906250000002,8.678708628841607
meditsolutions/Llama-3.2-SUN-1B-chat,54.81743994822626,8.690237956315015,6.419939577039275,1.5659955257270708,1.0479166666666664,9.306663711583925
meditsolutions/Llama-3.2-SUN-2.4B-checkpoint-26000,28.139447776344547,2.8953053502640427,1.812688821752266,3.691275167785232,8.491666666666665,3.830526004728132
meditsolutions/Llama-3.2-SUN-2.4B-checkpoint-34800,25.009530268576263,5.466179719646344,1.0574018126888218,4.809843400447425,8.846614583333333,3.9690455082742297
meditsolutions/Llama-3.2-SUN-2.4B-v1.0.0,56.36865738462834,7.211667793228333,6.268882175226587,1.0067114093959737,3.0184895833333347,6.02836879432624
meditsolutions/Llama-3.2-SUN-2.5B-chat,56.0414145578177,9.40909318881213,7.099697885196375,1.230425055928408,1.1067708333333328,9.038859338061464
meditsolutions/Llama-3.2-SUN-HDIC-1B-Instruct,68.26631116548536,9.529081854604923,6.193353474320242,0.0,3.7872395833333345,7.635195035460991
meditsolutions/MSH-Lite-7B-v1-Bielik-v2.3-Instruct-Llama-Prune,36.55002061197622,16.138425927069104,2.643504531722054,7.046979865771815,11.56796875,13.222148345153665
meditsolutions/MSH-v1-Bielik-v2.3-Instruct-MedIT-merge,58.14217387642566,38.0234352820579,20.770392749244714,12.751677852348994,13.840624999999996,27.77593085106383
meditsolutions/MedIT-Mesh-3B-Instruct,58.14217387642566,37.54705419374355,20.31722054380665,9.843400447427292,10.595052083333334,33.46446513002365
meditsolutions/SmolLM2-MedIT-Upscale-2B,64.29207835210575,10.514326138245686,5.589123867069486,1.9015659955257265,2.4539062499999997,10.784205082742316
meetkai/functionary-small-v3.1,62.74584768414474,28.616314665836143,15.709969788519636,5.145413870246088,6.1872395833333345,26.09522754137116
meraGPT/mera-mix-4x7B,48.317796779212486,17.48643895465503,5.362537764350453,7.270693512304249,9.273697916666668,19.418587470449168
mergekit-community/JAJUKA-WEWILLNEVERFORGETYOU-3B,49.40690700674211,20.143745533955016,12.462235649546828,5.7046979865771785,6.969791666666668,22.586066784869978
mergekit-community/SuperQwen-2.5-1.5B,13.36409615376091,1.735104550745163,1.9637462235649543,0.5592841163310973,1.1067708333333328,0.8292700945626471
mergekit-community/VirtuosoSmall-InstructModelStock,52.37946426592552,49.941772258845,40.93655589123867,17.67337807606264,19.31328125,49.11716903073285
mergekit-community/diabolic6045_ELN-AOC-CAIN,8.615473610021409,4.63001485442662,1.2084592145015105,1.789709172259505,6.052083333333336,2.1221187943262403
mergekit-community/mergekit-dare_ties-ajgjgea,52.63423272472595,9.245558662707438,6.419939577039275,1.9015659955257265,2.6479166666666676,8.263150118203308
mergekit-community/mergekit-della-zgowfmf,48.27535383892515,50.99537348773462,36.17824773413897,18.680089485458616,20.489843749999995,49.05252659574468
mergekit-community/mergekit-model_stock-azgztvm,50.61592131101034,50.29437669451047,43.73111782477341,17.561521252796418,19.091666666666665,48.95094562647754
mergekit-community/mergekit-slerp-fmrazcr,41.7432412665062,33.65092926552356,11.933534743202417,8.165548098434002,9.840625,30.851063829787233
mergekit-community/mergekit-ties-rraxdhv,11.230756614671296,31.666384922678485,4.003021148036254,7.718120805369126,10.99140625,32.328605200945624
mergekit-community/mergekit-ties-ykqemwr,35.99549196132927,34.709885806490576,12.235649546827794,9.61968680089485,11.707291666666665,30.38009751773049
mergekit-community/sexeh_time_testing,73.29463601023062,32.4874943439471,8.987915407854985,5.480984340044745,3.9049479166666674,29.63209219858156
meta-llama/Llama-2-13b-chat-hf,39.8472719052115,7.155379968626988,1.3595166163141994,0.0,8.1578125,10.257830969267138
meta-llama/Llama-2-13b-hf,24.82468738502728,17.222559825058127,1.5105740181268883,4.138702460850116,3.385416666666666,15.309175531914892
meta-llama/Llama-2-70b-chat-hf,49.57922756065019,4.613767082590614,2.9456193353474323,1.9015659955257265,3.4833333333333356,15.918661347517732
meta-llama/Llama-2-70b-hf,24.06780675274937,35.900061863721675,3.2477341389728096,7.046979865771815,9.777604166666668,30.1954048463357
meta-llama/Llama-2-7b-chat-hf,39.86478100329349,4.459171645959485,1.9637462235649543,0.4474272930648763,3.27734375,7.644429669030731
meta-llama/Llama-2-7b-hf,25.18938638368418,10.35141665784897,1.7371601208459215,2.2371364653243813,3.7578125,9.56523345153664
meta-llama/Llama-3.1-70B,16.843752354862875,46.39941295581887,18.42900302114804,18.34451901565996,16.581770833333337,40.602836879432616
meta-llama/Llama-3.1-70B-Instruct,86.6885419575615,55.92799173898473,38.066465256797585,14.205816554809845,17.691145833333334,47.87972813238771
meta-llama/Llama-3.1-8B,12.459828809780271,25.30447063475493,6.570996978851963,8.05369127516779,8.715104166666668,25.42109929078014
meta-llama/Llama-3.1-8B-Instruct,49.217077354752064,29.379192497334035,15.55891238670695,8.7248322147651,8.611197916666667,31.091164302600465
meta-llama/Llama-3.2-1B,14.7779004153424,4.366029656556756,1.2084592145015105,0.0,2.5578125000000003,2.2606382978723394
meta-llama/Llama-3.2-1B-Instruct,56.9831380736446,8.742521312303046,7.02416918429003,3.355704697986576,2.973437500000001,7.579787234042552
meta-llama/Llama-3.2-3B,13.374069690643047,14.232664884364109,1.8882175226586104,2.348993288590602,3.81484375,16.528147163120565
meta-llama/Llama-3.2-3B-Instruct,73.93161256576994,24.059186446885473,17.673716012084594,3.803131991051453,1.3734374999999996,24.386820330969268
meta-llama/Llama-3.3-70B-Instruct,89.97581971391463,56.561410788022194,48.338368580060425,10.514541387024613,15.565625,48.12906323877069
meta-llama/Meta-Llama-3-70B,16.031906452656727,48.709812647505885,18.580060422960727,19.686800894854585,16.011197916666664,41.21232269503546
meta-llama/Meta-Llama-3-70B-Instruct,80.99077115387172,50.18513318440344,24.47129909365559,4.921700223713646,10.92057291666667,46.74386820330969
meta-llama/Meta-Llama-3-8B,14.550614591506092,24.50076379676797,4.531722054380665,7.38255033557047,6.242447916666666,24.553043735224584
meta-llama/Meta-Llama-3-8B-Instruct,74.08398604591373,28.244949576343615,8.685800604229607,1.230425055928408,1.602864583333335,29.604388297872337
mhl1/Qwen2.5-0.5B-cinstruct-stage1,14.81790537994743,5.7245272906248355,1.283987915407855,2.0134228187919474,1.920572916666666,1.549571513002364
microsoft/DialoGPT-medium,14.79042274498331,2.5568557723352243,0.0,0.5592841163310973,12.283333333333331,1.3187056737588652
microsoft/Orca-2-13b,31.27933882099496,27.308019499942574,3.1722054380664653,4.026845637583895,25.787760416666668,19.437056737588648
microsoft/Orca-2-7b,21.83462102776189,22.429468402818458,1.9637462235649543,1.45413870246085,24.093489583333326,14.653516548463358
microsoft/Phi-3-medium-128k-instruct,60.400293443618494,48.46045127399018,19.18429003021148,11.521252796420578,11.351822916666665,41.24002659574468
microsoft/Phi-3-medium-4k-instruct,64.22713954529537,49.38061007422016,19.561933534743204,11.521252796420578,13.052083333333334,40.84293735224587
microsoft/Phi-3-mini-128k-instruct,59.76331688807919,37.09976663224031,14.04833836858006,9.060402684563762,7.710937500000003,30.38009751773049
microsoft/Phi-3-mini-4k-instruct,56.12884923115112,39.2693352377728,11.63141993957704,9.284116331096197,7.644270833333336,31.848404255319146
microsoft/Phi-3-small-128k-instruct,63.68258443153056,45.63406964144793,20.26086956521739,8.948545861297541,14.49713541666666,38.783614066193856
microsoft/Phi-3-small-8k-instruct,64.96651107949131,46.205570366389075,18.869565217391305,8.277404921700223,16.77395833333333,38.95907210401891
microsoft/Phi-3.5-MoE-instruct,69.2454908531585,48.77464635932187,31.19335347432024,14.093959731543624,17.326562499999998,40.639775413711575
microsoft/Phi-3.5-mini-instruct,57.74500547436358,36.74585390851661,19.637462235649547,11.968680089485462,10.098958333333334,32.91038711583924
microsoft/Phi-4-mini-instruct,73.77923908562614,38.73553611173529,16.993957703927492,7.941834451901568,6.446093750000002,32.5779403073286
microsoft/phi-1,20.6805719934219,4.273999212214679,0.9818731117824772,2.0134228187919474,3.697135416666667,1.798906619385342
microsoft/phi-1_5,20.32839532440591,7.468938770070243,1.812688821752266,2.348993288590602,3.385416666666666,7.681368203309693
microsoft/phi-2,27.3875539125077,28.038519293439304,2.9456193353474323,2.9082774049216997,13.83697916666666,18.088800236406616
microsoft/phi-4,4.878500157360248,52.57567157258284,27.870090634441087,20.134228187919465,23.71927083333333,47.722739361702125
migtissera/Llama-3-70B-Synthia-v3.5,60.764992442275386,49.118159695748176,21.148036253776432,18.34451901565996,23.39140625,40.64901004728132
migtissera/Llama-3-8B-Synthia-v3.5,50.69582042314393,27.542339430057652,6.570996978851963,2.9082774049216997,9.414843749999996,22.55836288416076
migtissera/Tess-3-7B-SFT,39.46262583279033,24.123847398237004,4.003021148036254,2.796420581655479,10.275520833333331,22.59530141843972
migtissera/Tess-3-Mistral-Nemo-12B,33.549980717828696,28.042728344416503,5.740181268882175,0.1118568232662209,15.489322916666673,17.386968085106382
migtissera/Tess-v2.5-Phi-3-medium-128k-14B,45.3876824603164,46.21582810863877,5.0604229607250755,7.718120805369126,10.112760416666667,30.352393617021285
migtissera/Tess-v2.5.2-Qwen2-72B,44.943084349525925,52.30813577387958,29.38066465256798,13.422818791946312,10.887500000000005,50.67782210401892
migtissera/Trinity-2-Codestral-22B,42.020505591829675,36.41273800501431,9.667673716012084,8.612975391498878,9.61484375,25.642730496453904
migtissera/Trinity-2-Codestral-22B-v0.2,43.44683218305208,37.61424608895926,8.38368580060423,6.711409395973152,9.059895833333336,26.002881205673763
mindw96/DeepSeek-llama3.3-Bllossom-8B-DACON-LLM3,13.881168632561604,3.315965497566667,0.8308157099697886,0.1118568232662209,4.734375,1.1801861702127647
minghaowu/Qwen1.5-1.8B-OpenHermes-2.5,27.779735546128713,7.561477534247794,2.416918429003021,4.4742729306487705,1.0773437500000014,8.798758865248226
ministral/Ministral-3b-instruct,13.57642167227401,4.675863578564667,0.8308157099697886,0.2237136465324418,0.7812499999999996,1.032432033096926
mistral-community/Mistral-7B-v0.2,22.663976028050016,23.95086538302959,3.0211480362537766,5.592841163310966,8.363802083333333,21.699541962174944
mistral-community/Mixtral-8x22B-v0.1,31.665644171779142,12.647903050108935,15.428571428571429,10.666666666666668,1.666666666666666,28.888888888888893
mistral-community/mixtral-8x22B-v0.3,25.82636293922349,45.73104089763324,18.35347432024169,17.00223713646532,7.462239583333335,40.4366134751773
mistralai/Codestral-22B-v0.1,57.717522839399464,30.737634411945635,10.045317220543806,6.487695749440718,10.738541666666668,23.95279255319149
mistralai/Ministral-8B-Instruct-2410,58.963993315513946,25.82477440941784,19.561933534743204,4.5861297539149914,10.718750000000004,25.458037825059098
mistralai/Mistral-7B-Instruct-v0.1,44.87060998151571,7.647020535827543,2.2658610271903323,0.0,6.12838541666667,15.715499408983453
mistralai/Mistral-7B-Instruct-v0.2,54.96227786717022,22.910601936713604,3.0211480362537766,3.467561521252797,7.608854166666667,19.076906028368796
mistralai/Mistral-7B-Instruct-v0.3,54.65254413844155,25.56911494885904,3.8519637462235647,3.9149888143176734,4.304947916666669,23.057033096926716
mistralai/Mistral-7B-v0.1,23.855481234236272,22.0182553990746,2.9456193353474323,5.592841163310966,10.675520833333335,22.364435579196215
mistralai/Mistral-7B-v0.3,22.663976028050016,24.03725427191849,3.0211480362537766,5.592841163310966,8.363802083333333,21.699541962174944
mistralai/Mistral-Large-Instruct-2411,84.00577135334247,52.7448919952634,49.546827794561935,24.94407158836689,17.216666666666665,50.687056737588655
mistralai/Mistral-Nemo-Base-2407,16.299197241098064,29.37473644096687,5.966767371601208,5.8165548098433995,6.516927083333336,27.46195330969267
mistralai/Mistral-Nemo-Instruct-2407,63.80248850826917,29.679970381152803,12.68882175226586,5.369127516778524,8.483333333333333,27.969858156028373
mistralai/Mistral-Small-24B-Base-2501,16.723848278124265,48.53757597081616,19.71299093655589,18.34451901565996,10.891666666666667,48.96018026004729
mistralai/Mistral-Small-Instruct-2409,66.69758463100129,30.7920960925092,14.350453172205436,9.843400447427292,3.001041666666666,32.89191784869976
mistralai/Mixtral-8x22B-Instruct-v0.1,71.83584001560305,44.11434558724835,18.731117824773413,16.442953020134222,13.489322916666664,38.70050236406619
mistralai/Mixtral-8x22B-v0.1,25.82636293922349,45.58840384342722,18.35347432024169,16.778523489932887,7.462239583333335,40.4366134751773
mistralai/Mixtral-8x7B-Instruct-v0.1,55.991436056330535,29.742398380967337,9.138972809667674,7.046979865771815,11.073697916666667,29.909131205673756
mistralai/Mixtral-8x7B-v0.1,24.152692633324023,30.294194918961484,10.196374622356496,8.501118568232664,12.58359375,31.663711583924343
mixtao/MixTAO-7Bx2-MoE-v8.1,41.6233371897676,32.31034233969924,9.06344410876133,4.5861297539149914,15.291666666666664,23.592641843971627
mkurman/llama-3.2-MEDIT-3B-o1,43.81651795015004,20.819346310345164,13.066465256797583,2.1252796420581683,3.001041666666666,19.344710401891252
mkurman/phi-4-MedIT-11B-exp-1,59.476079025873574,34.73718585543679,8.987915407854985,6.823266219239373,6.232291666666669,31.38667257683215
mkurman/phi4-MedIT-10B-o1,34.629117408476176,31.19028076222879,11.48036253776435,0.0,8.365625000000001,27.859042553191493
mkxu/llama-3-8b-instruct-fpo,67.90161216682846,28.867564932615277,7.326283987915408,3.691275167785232,6.1559895833333345,28.93949468085106
mkxu/llama-3-8b-po1,40.81149128756145,29.181758873323105,7.02416918429003,6.263982102908276,6.8520833333333355,28.46852836879432
mlabonne/AlphaMonarch-7B,49.39438467710121,23.947378025426246,4.078549848942599,2.684563758389265,9.316927083333333,16.36192375886525
mlabonne/Beyonder-4x7B-v3,56.08385749810503,24.557209180110338,5.362537764350453,4.697986577181204,8.934375000000001,16.805186170212764
mlabonne/BigQwen2.5-52B-Instruct,79.13480675718205,59.80960695923371,54.7583081570997,6.935123042505594,10.44609375,50.21609042553191
mlabonne/BigQwen2.5-Echo-47B-Instruct,73.56691356711303,44.52224375363397,43.80664652567976,8.612975391498878,10.193229166666669,41.48936170212765
mlabonne/ChimeraLlama-3-8B-v2,44.6883158907255,28.47879573339652,9.06344410876133,4.697986577181204,5.252083333333334,28.54240543735224
mlabonne/ChimeraLlama-3-8B-v3,44.078821970150315,27.64609355033005,8.836858006042297,5.592841163310966,8.37760416666667,29.650561465721044
mlabonne/Daredevil-8B,45.4776659264086,31.626854762529916,10.649546827794564,7.718120805369126,7.534375000000003,31.451315011820324
mlabonne/Daredevil-8B-abliterated,44.2636648536993,19.865777111108127,9.441087613293051,5.369127516778524,9.17760416666667,30.010712174940902
mlabonne/Hermes-3-Llama-3.1-70B-lorablated,34.24436051897853,52.75007315730804,22.432024169184288,15.436241610738255,24.73255208333333,40.87987588652482
mlabonne/Meta-Llama-3.1-8B-Instruct-abliterated,73.29463601023062,27.12916478111247,6.873111782477341,0.8948545861297527,3.2106770833333336,27.812869385342783
mlabonne/NeuralBeagle14-7B,49.35194173681387,23.959695145493203,5.211480362537765,4.250559284116329,12.893489583333336,17.793291962174944
mlabonne/NeuralDaredevil-8B-abliterated,75.60772084735169,30.30798586214647,9.06344410876133,7.494407158836691,9.075520833333336,31.57136524822695
mlabonne/OrpoLlama-3-8B,36.52752474545318,21.95410762879941,5.589123867069486,3.9149888143176734,4.0088541666666675,18.947621158392433
mlabonne/phixtral-2x2_8,34.31184811854767,28.502644855771297,3.5498489425981874,2.0134228187919474,7.710937500000003,17.229979314420802
mlx-community/Josiefied-Qwen2.5-0.5B-Instruct-abliterated-v1-float32,33.68983186833158,7.2211690840719855,8.459214501510575,1.0067114093959737,0.7812499999999996,7.0903516548463354
mlx-community/Mistral-Small-24B-Instruct-2501-bf16,62.82829558903709,52.39286892867324,32.25075528700906,19.35123042505593,16.3625,48.83089539007093
mmnga/Llama-3-70B-japanese-suzume-vector-v0.1,46.48931501748693,50.02266053282724,23.26283987915408,4.809843400447425,10.757812500000002,46.937795508274235
mobiuslabsgmbh/DeepSeek-R1-ReDistill-Llama3-8B-v1.1,37.0396104558128,7.891833484522146,32.85498489425982,2.796420581655479,0.9440104166666662,13.314494680851062
mobiuslabsgmbh/DeepSeek-R1-ReDistill-Qwen-7B-v1.1,34.73151238713281,11.565400479411355,34.96978851963746,2.0134228187919474,8.410677083333333,14.736628250591016
moeru-ai/L3.1-Moe-2x8B-v0.2,73.47947889377961,32.94589106477927,16.993957703927492,6.711409395973152,11.381770833333327,31.756057919621743
moeru-ai/L3.1-Moe-4x8B-v0.1,43.3219413378724,27.856764788876916,12.990936555891238,1.230425055928408,3.9812500000000024,27.268026004728128
moeru-ai/L3.1-Moe-4x8B-v0.2,54.065546084389425,21.33700714055054,10.347432024169184,2.2371364653243813,2.291145833333333,19.58481087470449
monsterapi/Llama-3_1-8B-Instruct-orca-ORPO,22.728914834860394,1.3404688979507675,0.0,0.0,3.0598958333333326,1.8635490543735225
monsterapi/gemma-2-2b-LoRA-MonsterInstruct,39.02545246612322,11.965057260762338,5.0604229607250755,2.684563758389265,5.41484375,10.968897754137116
mosaicml/mpt-7b,21.51990053059216,6.550600790794161,1.5861027190332326,1.342281879194629,2.904947916666668,2.288342198581559
mosama/Qwen2.5-1.5B-Instruct-CoT-Reflection,28.703949963873633,17.973737754110076,2.719033232628399,1.5659955257270708,1.8666666666666685,18.34736997635934
mrdayl/OpenCogito,39.33773498761065,26.332720219789724,21.827794561933533,6.711409395973152,11.501302083333336,27.24032210401891
mrdayl/OpenCognito,40.6216616355714,25.985835789865742,21.148036253776432,6.375838926174497,12.434635416666667,27.14797576832151
mrdayl/OpenCognito-r1,42.412687225450696,25.595543700365017,19.033232628398792,6.599552572706939,11.775781250000003,27.498891843971627
mrdayl/OpenCognito-r2,39.58751667797001,25.775897615557778,20.241691842900305,7.494407158836691,11.354166666666671,27.351137706855795
mrdayl/OpenThink,20.540720842919008,9.176574989757906,28.851963746223564,4.36241610738255,2.010677083333334,9.445183215130024
mrm8488/phi-4-14B-grpo-gsm8k-3e,68.8533092195375,54.020966104974086,45.2416918429003,11.409395973154364,8.291145833333333,47.42723108747045
mrm8488/phi-4-14B-grpo-limo,68.12391122222371,53.67590173579206,45.69486404833837,11.521252796420578,8.024479166666667,47.344119385342786
mukaj/Llama-3.1-Hawkish-8B,67.20468357291985,28.13584109991744,24.3202416918429,5.369127516778524,8.557812499999997,25.901300236406616
natong19/Mistral-Nemo-Instruct-2407-abliterated,63.92239258500778,29.915044266358993,13.217522658610273,4.921700223713646,10.15,27.979092789598106
natong19/Qwen2-7B-Instruct-abliterated,58.36945970026197,37.746833853463094,27.64350453172205,6.823266219239373,8.92838541666667,31.580599881796683
nazimali/Mistral-Nemo-Kurdish,34.012087926701156,29.855897080399064,9.59214501510574,6.823266219239373,11.77994791666667,24.830082742316783
nazimali/Mistral-Nemo-Kurdish-Instruct,49.63917959901949,25.56142263482943,0.4531722054380665,4.36241610738255,8.40104166666667,22.91851359338061
nbeerbower/BigKartoffel-mistral-nemo-20B,58.57181168189294,35.79864416611619,2.643504531722054,4.921700223713646,12.538541666666664,28.10837765957446
nbeerbower/DoppelKartoffel-Mistral-Nemo-23B,51.914808264294294,31.92069738572151,3.096676737160121,3.355704697986576,5.602864583333336,23.112440898345156
nbeerbower/DoublePotato-Mistral-Nemo-13B,67.96156420519776,35.211852906317226,4.003021148036254,6.823266219239373,17.930729166666666,28.847148345153663
nbeerbower/Dumpling-Qwen2.5-1.5B,36.98963195432563,18.17835840988572,11.706948640483382,2.460850111856823,4.728385416666668,19.686391843971627
nbeerbower/Dumpling-Qwen2.5-14B,60.64010159709571,49.666835922992384,30.966767371601208,6.823266219239373,14.357812499999996,46.337544326241144
nbeerbower/Dumpling-Qwen2.5-7B-1k-r16,48.60004787297703,32.10172952662796,23.6404833836858,2.684563758389265,11.873697916666666,32.87344858156028
nbeerbower/Dumpling-Qwen2.5-7B-1k-r64-2e-5,41.7906709752346,33.86711491322243,21.148036253776432,2.684563758389265,16.142187500000002,34.683436761229316
nbeerbower/EVA-abliterated-TIES-Qwen2.5-1.5B,41.14870765125423,15.2183657081488,13.746223564954684,2.0134228187919474,1.1067708333333328,19.02149822695035
nbeerbower/EVA-abliterated-TIES-Qwen2.5-14B,78.35543025838109,48.522478115727985,50.453172205438065,13.982102908277405,14.883333333333336,46.790041371158395
nbeerbower/Flammades-Mistral-Nemo-12B,38.41595854554804,32.39377187272594,7.552870090634441,7.158836689038028,20.31145833333333,29.56744976359338
nbeerbower/Gemma2-Gutenberg-Doppel-9B,71.71094917042336,41.08306318800703,19.788519637462233,10.626398210290828,17.29765625,34.748079196217496
nbeerbower/Gutensuppe-mistral-nemo-12B,29.161070404305026,35.56934797458052,13.293051359516618,11.6331096196868,14.328906249999998,29.779846335697403
nbeerbower/Hermes2-Gutenberg2-Mistral-7B,37.21447980247965,28.907334664767347,5.740181268882175,5.257270693512303,16.92109375,22.14280437352246
nbeerbower/Kartoffel-Deepfry-12B,50.21620411618949,33.75497378644494,6.042296072507553,6.152125279642054,20.029166666666665,28.690159574468087
nbeerbower/Llama-3.1-Nemotron-lorablated-70B,72.28797368759336,54.18258128894629,33.383685800604226,18.791946308724835,18.354166666666668,48.25834810874704
nbeerbower/Llama3.1-Gutenberg-Doppel-70B,70.92159913474026,52.556778995199046,21.22356495468278,12.639821029082771,22.681510416666665,41.51706560283688
nbeerbower/Lyra-Gutenberg-mistral-nemo-12B,34.94882467408698,36.99243243937594,10.120845921450153,11.185682326621922,14.758333333333333,29.19806442080379
nbeerbower/Lyra4-Gutenberg-12B,22.12185888996751,34.23559275480162,12.990936555891238,9.172259507829976,11.973958333333329,28.570109338061467
nbeerbower/Lyra4-Gutenberg2-12B,25.851296781428832,33.73063962440059,11.706948640483382,8.389261744966444,11.485677083333329,28.50546690307328
nbeerbower/Mahou-1.5-mistral-nemo-12B-lorablated,68.24880206740337,36.077381004161374,8.91238670694864,3.9149888143176734,16.554166666666664,28.59781323877068
nbeerbower/Mistral-Gutenberg-Doppel-7B-FFT,57.16798095719358,17.34657495584369,2.492447129909366,4.4742729306487705,9.3421875,19.206190898345156
nbeerbower/Mistral-Nemo-Gutenberg-Doppel-12B,35.67068711020093,32.42152675939865,12.16012084592145,8.83668903803132,11.485677083333329,28.65322104018913
nbeerbower/Mistral-Nemo-Gutenberg-Doppel-12B-v2,65.35869271311232,34.35741284991507,11.555891238670696,2.796420581655479,13.046093749999995,28.29307033096927
nbeerbower/Mistral-Nemo-Moderne-12B-FFT-experimental,33.52249808286457,32.0715397550976,7.7039274924471295,4.138702460850116,4.002864583333334,27.277260638297868
nbeerbower/Mistral-Nemo-Prism-12B,68.58103166265508,35.91800839002647,8.685800604229607,7.718120805369126,17.960156249999997,28.680924940898343
nbeerbower/Mistral-Nemo-Prism-12B-v2,69.74006746543614,36.19978764533613,8.91238670694864,7.38255033557047,17.6640625,28.52393617021276
nbeerbower/Mistral-Nemo-Prism-12B-v7,69.61517662025648,36.44001728504705,8.685800604229607,6.599552572706939,18.085677083333337,28.782505910165483
nbeerbower/Mistral-Small-Drummer-22B,63.312898664432595,40.12177010845507,18.882175226586103,12.416107382550338,9.795572916666668,34.38792848699764
nbeerbower/Mistral-Small-Gutenberg-Doppel-22B,48.93227746822875,40.93134519747112,21.827794561933533,12.863534675615217,8.566145833333334,34.711140661938536
nbeerbower/Nemo-Loony-12B-experimental,37.344357416100394,12.974588389942944,1.5105740181268883,2.684563758389265,1.7578124999999991,6.545508274231676
nbeerbower/Nemoties-ChatML-12B,63.819997606351144,35.76579510118981,7.854984894259818,6.263982102908276,16.591406249999995,28.33924349881796
nbeerbower/Qwen2.5-Gutenberg-Doppel-14B,80.90832324897937,48.23890863039215,54.15407854984894,11.0738255033557,10.024479166666667,43.567154255319146
nbeerbower/SmolNemo-12B-FFT-experimental,33.48005514257725,6.542438534179723,1.283987915407855,1.342281879194629,5.920572916666669,2.40839243498818
nbeerbower/Stella-mistral-nemo-12B-v2,32.743121584063616,35.364516100686416,11.63141993957704,10.96196868008949,14.432812499999995,29.826019503546092
nbeerbower/gemma2-gutenberg-27B,29.47080413303368,13.091524912026523,1.8882175226586104,3.0201342281879207,4.1578125,10.913489952718674
nbeerbower/gemma2-gutenberg-9B,27.95948084416016,42.35561106809721,8.08157099697885,11.74496644295302,16.705468749999994,35.4683806146572
nbeerbower/llama-3-gutenberg-8B,43.71910973993448,27.958132724191337,7.854984894259818,6.823266219239373,10.04609375,31.451315011820324
nbeerbower/llama3.1-cc-8B,50.680860117820714,26.48381169342659,7.099697885196375,4.697986577181204,6.497135416666668,26.076758274231683
nbeerbower/llama3.1-kartoffeldes-70B,82.30218043679659,55.593932574971824,32.17522658610272,13.534675615212524,18.742187499999996,44.31515957446809
nbeerbower/mistral-nemo-bophades-12B,67.94405510711579,29.543905352144947,12.31117824773414,4.697986577181204,12.089322916666667,27.785165484633573
nbeerbower/mistral-nemo-bophades3-12B,65.77835698169746,35.24465712316055,8.459214501510575,8.277404921700223,18.889322916666668,26.34456264775413
nbeerbower/mistral-nemo-cc-12B,14.3532493783162,34.44654701952267,2.56797583081571,8.7248322147651,14.262239583333338,28.865617612293136
nbeerbower/mistral-nemo-gutades-12B,34.25189608017837,34.57440821872691,11.782477341389727,8.7248322147651,8.671875000000004,28.45005910165484
nbeerbower/mistral-nemo-gutenberg-12B,35.0386973231027,32.43387434197657,11.63141993957704,7.606263982102905,10.966145833333336,28.46852836879432
nbeerbower/mistral-nemo-gutenberg-12B-v2,62.033958784912926,34.73061633928093,10.876132930513595,3.691275167785232,13.987239583333333,27.76669621749409
nbeerbower/mistral-nemo-gutenberg-12B-v3,21.827085466562057,34.95791456295642,5.966767371601208,8.612975391498878,14.995572916666662,29.38275709219858
nbeerbower/mistral-nemo-gutenberg-12B-v4,23.7929804031082,31.97125827358258,12.613293051359516,8.83668903803132,13.203385416666665,28.616282505910167
nbeerbower/mistral-nemo-gutenberg2-12B-test,33.847192116916446,32.04475928596384,11.63141993957704,8.948545861297541,10.966145833333336,28.385416666666668
nbeerbower/mistral-nemo-kartoffel-12B,70.31709198260614,36.05253256686901,8.534743202416918,7.270693512304249,18.426822916666666,28.717863475177303
nbeerbower/mistral-nemo-narwhal-12B,55.49187267561182,29.562789508057296,5.81570996978852,2.796420581655479,6.1872395833333345,27.59123817966903
nbeerbower/mistral-nemo-wissenschaft-12B,65.20133246452745,29.567999415715217,12.16012084592145,5.7046979865771785,12.289322916666665,28.13608156028369
nbrahme/IndusQ,24.39748755524231,3.747096495974056,0.0755287009063444,2.0134228187919545,2.2460937499999996,1.337174940898345
necva/IE-cont-Llama3.1-8B,20.490742341431847,2.3470409575204094,0.0,1.342281879194629,4.524739583333332,1.854314420803781
necva/replica-IEPile,46.77910167245132,25.316518746574474,12.386706948640484,7.494407158836691,8.93671875,28.45005910165484
neopolita/jessi-v0.1-bf16-falcon3-7b-instruct,75.27050448365891,36.13467912106424,38.066465256797585,7.046979865771815,20.544531249999995,32.4855939716312
neopolita/jessi-v0.1-falcon3-10b-instruct,75.5152994055772,41.44033637148312,20.01510574018127,9.172259507829976,12.448437499999995,35.422207446808514
neopolita/jessi-v0.1-qwen2.5-7b-instruct,73.2671533752665,33.34225906937014,40.86102719033233,6.263982102908276,7.053906250000002,35.865469858156025
neopolita/jessi-v0.1-virtuoso-small,79.59192719761344,48.8603145722634,33.987915407854985,10.738255033557047,14.154166666666663,45.885047281323885
neopolita/jessi-v0.2-falcon3-10b-instruct,77.68099753099554,45.02184351970056,21.22356495468278,10.514541387024613,12.916927083333327,37.2691341607565
neopolita/jessi-v0.2-falcon3-7b-instruct,57.70754930251732,34.382892384888216,25.37764350453172,8.948545861297541,15.552343749999997,32.273197399527184
neopolita/jessi-v0.3-falcon3-7b-instruct,75.090648368551,34.56526833956577,18.882175226586103,9.284116331096197,18.544531249999995,33.00273345153664
neopolita/jessi-v0.4-falcon3-7b-instruct,76.03735865281897,36.167444072028246,37.68882175226586,7.046979865771815,23.17395833333333,33.38135342789598
neopolita/jessi-v0.5-falcon3-7b-instruct,74.11645544931892,37.16806936900627,37.38670694864049,8.165548098434002,21.2484375,32.95656028368795
neopolita/jessi-v0.6-falcon3-7b-instruct,74.01904723910336,35.85132240048754,35.64954682779456,6.711409395973152,22.203385416666663,32.8549793144208
neopolita/loki-v0.1-virtuoso,78.19308324135517,49.45293175936923,33.91238670694864,13.422818791946312,14.324739583333333,45.87581264775414
netcat420/DeepSeek-R1-Distill-Qwen-MFANN-Slerp-7b,11.5005961958714,2.015537689546553,0.1510574018126888,1.9015659955257265,4.881510416666667,0.9954934988179668
netcat420/DeepSeek-R1-MFANN-TIES-unretrained-7b,25.86880587951081,4.561587443058031,1.2084592145015105,0.6711409395973182,1.7578124999999991,1.6142139479905429
netcat420/Llama3.1-MFANN-8b,29.695651981187694,19.286683760193657,2.9456193353474323,5.033557046979867,2.5716145833333326,19.169252364066196
netcat420/MFANN-Llama3.1-Abliterated-SLERP-TIES-V2,42.097966728280966,26.938370096724565,7.628398791540786,6.263982102908276,4.328385416666667,28.02526595744681
netcat420/MFANN-Llama3.1-Abliterated-SLERP-TIES-V3,42.38021782204551,26.978850946197483,7.552870090634441,6.263982102908276,4.491145833333334,27.665115248226947
netcat420/MFANN-Llama3.1-Abliterated-SLERP-V4,41.68827599657797,26.706074443441803,6.797583081570997,7.38255033557047,5.861718750000001,27.960623522458626
netcat420/MFANN-Llama3.1-Abliterated-SLERP-V5,43.289471934467215,27.367143487206935,8.157099697885197,5.8165548098433995,5.165625000000001,27.16644503546099
netcat420/MFANN-Llama3.1-Abliterated-Slerp-TIES,42.93474647269245,27.59982935067644,6.646525679758309,5.592841163310966,4.587239583333335,28.126846926713934
netcat420/MFANN-Llama3.1-Abliterated-Slerp-V3.2,41.28113405763375,27.774394299037056,7.02416918429003,5.033557046979867,5.128385416666671,28.08067375886525
netcat420/MFANN-SFT,36.82229816885863,26.20853268810661,5.966767371601208,8.83668903803132,3.801041666666666,25.956708037825056
netcat420/MFANN-abliterated-phi2-merge-unretrained,30.05037744296245,17.590366415972785,2.8700906344410875,1.45413870246085,0.5596354166666665,5.308067375886525
netcat420/MFANN-llama3.1-Abliterated-SLERP,25.906262051357064,22.28062513418979,4.833836858006042,3.1319910514541416,5.714583333333336,21.42250295508274
netcat420/MFANN-llama3.1-abliterated-SLERP-v3,37.9938563012806,27.1872703942033,6.419939577039275,5.480984340044745,3.053906250000002,28.117612293144205
netcat420/MFANN-llama3.1-abliterated-SLERP-v3.1,42.01551882338861,27.026315532744473,6.948640483383686,5.7046979865771785,3.846093750000001,28.25613179669031
netcat420/MFANN-llama3.1-abliterated-v2,44.29114748866341,27.35361826731554,7.401812688821751,5.7046979865771785,6.201041666666668,27.67434988179669
netcat420/MFANN-phigments-slerp-V2,32.316032571355116,26.927491544080876,3.1722054380664653,3.0201342281879207,13.099479166666663,19.076906028368796
netcat420/MFANN-phigments-slerp-V3.2,35.24359809749243,26.91803539968917,3.3232628398791544,4.4742729306487705,9.81302083333333,18.947621158392433
netcat420/MFANN-phigments-slerp-V3.3,36.90973284219205,28.170621881092465,3.3232628398791544,3.355704697986576,11.219010416666665,20.02807328605201
netcat420/MFANN3b,25.244351653612416,22.23921095390767,2.190332326283988,5.592841163310966,6.142187500000003,14.505762411347517
netcat420/MFANN3bv0.15,20.12105657433388,23.46934667082661,2.643504531722054,0.2237136465324418,8.773958333333335,16.315750591016545
netcat420/MFANN3bv0.18,22.064455644356972,23.07340376774899,2.492447129909366,1.0067114093959737,10.595572916666669,16.666666666666664
netcat420/MFANN3bv0.19,22.581528123157664,22.9070546869096,2.2658610271903323,1.0067114093959737,9.899479166666667,16.888297872340427
netcat420/MFANN3bv0.20,21.934578030736223,22.790710795250103,2.643504531722054,1.230425055928408,10.166145833333337,16.666666666666664
netcat420/MFANN3bv0.21,19.09189838517356,22.583425716572332,3.1722054380664653,1.9015659955257265,9.82682291666667,15.475398936170212
netcat420/MFANN3bv0.22,19.79381374752324,22.49153679693963,2.643504531722054,1.5659955257270708,10.183593749999996,16.860593971631204
netcat420/MFANN3bv0.23,20.480768804549704,22.696340563264982,2.492447129909366,0.2237136465324418,7.042447916666667,15.752437943262413
netcat420/MFANN3bv0.24,22.00450360598767,21.545384724695676,2.794561933534743,1.1185682326621946,8.375781250000001,15.022901891252952
netcat420/MFANN3bv1.1,25.06948230694557,8.39170874742591,2.0392749244712993,2.2371364653243813,0.4557291666666662,1.7619680851063828
netcat420/MFANN3bv1.2,26.86050789682487,11.121791518461544,2.643504531722054,1.789709172259505,0.9440104166666662,5.003324468085105
netcat420/MFANN3bv1.3,25.466650709007656,22.63700866653784,2.1148036253776437,1.0067114093959737,3.801041666666667,14.17331560283688
netcat420/MFANN3bv1.4,35.24359809749243,26.91803539968917,3.700906344410875,4.36241610738255,9.81302083333333,18.947621158392433
netcat420/MFANNv0.19,30.567449921763146,24.92410586579366,4.1540785498489425,7.606263982102905,2.720572916666667,16.36192375886525
netcat420/MFANNv0.20,34.78647765706104,22.401696904581673,4.984894259818732,5.369127516778524,6.757812500000003,24.469932033096924
netcat420/MFANNv0.21,32.33099287667832,22.058431786302453,5.740181268882175,3.803131991051453,8.81666666666667,22.567597517730498
netcat420/MFANNv0.22.1,30.894692748573785,23.602792666118617,5.362537764350453,3.467561521252797,4.64609375,26.03058510638298
netcat420/MFANNv0.23,31.274352052553898,27.04234546686432,4.984894259818732,4.5861297539149914,5.498958333333338,26.529255319148938
netcat420/MFANNv0.24,31.624090745887575,25.3517249924116,6.117824773413897,4.5861297539149914,4.624479166666667,26.08599290780142
netcat420/MFANNv0.25,34.666573580322435,25.409784264889016,5.81570996978852,4.026845637583895,3.632291666666667,26.03058510638298
netcat420/Qwen2.5-7B-nerd-uncensored-v0.9-MFANN,58.78413720040603,32.26698603219006,33.76132930513595,4.138702460850116,6.971614583333335,32.263962765957444
netcat420/Qwen2.5-7b-MFANN-slerp,65.32123654126606,30.361031469633605,28.700906344410875,6.040268456375841,8.979427083333334,26.852467494089833
netcat420/Qwen2.5-7b-nerd-uncensored-MFANN-slerp,15.644711587476785,1.7557228747317382,0.0,1.342281879194629,5.630468750000001,1.1155437352245865
netcat420/Qwen2.5-Coder-Scholar-7B-Abliterated-MFANN,57.422749415994005,29.98074987281026,25.6797583081571,5.7046979865771785,9.63046875,23.96202718676123
netcat420/Qwen2.5-Coder-Scholar-7B-Abliterated-MFANN-Slerp-Unretrained,64.86411610083468,29.939052758341504,29.909365558912388,6.487695749440718,10.134375,27.018690898345156
netcat420/Qwen2.5-DeepSeek-R1-MFANN-Slerp-7b,26.755564125409467,13.455601394009934,1.812688821752266,0.0,2.232291666666667,7.524379432624113
netcat420/Qwen2.5-MFANN-7b,60.97233119234742,30.29029020592803,27.870090634441087,4.809843400447425,8.357812500000001,24.811613475177303
netcat420/qwen2.5-MFANN-7b-SLERP-V1.2,66.060608075462,30.830881032801734,28.700906344410875,6.263982102908276,12.1421875,27.09256796690307
netcat420/qwen2.5-MFANN-7b-SLERPv1.1,65.54852236510237,29.97691243171087,29.68277945619335,5.369127516778524,10.112760416666667,27.203383569739948
netcat420/qwen2.5-MFANN-7b-v1.1,60.88489651901399,29.471725204280187,28.24773413897281,3.467561521252797,9.7578125,24.977836879432623
netease-youdao/Confucius-o1-14B,63.78497941018719,47.34523316427439,43.126888217522655,15.324384787472036,14.193229166666663,47.39029255319149
newsbang/Homer-7B-v0.1,61.087248500644954,37.30922654202453,38.59516616314199,9.955257270693512,12.79557291666667,38.60815602836879
newsbang/Homer-7B-v0.2,74.93827488840721,36.4034863975643,24.773413897280967,10.96196868008949,13.118750000000004,37.88785460992907
newsbang/Homer-v0.3-Qwen2.5-7B,51.54013572875526,36.41367722607503,30.891238670694865,11.185682326621922,19.462239583333332,38.39575945626477
newsbang/Homer-v0.4-Qwen2.5-7B,79.9940823681166,36.6037028382434,27.794561933534744,8.7248322147651,13.185416666666669,37.3614804964539
newsbang/Homer-v0.5-Qwen2.5-7B,78.80756393037142,36.67808911980736,37.235649546827794,7.046979865771815,11.379427083333336,37.43535756501182
newsbang/Homer-v1.0-Qwen2.5-72B,76.27716680629618,62.27406507872839,49.01812688821752,22.14765100671141,17.89947916666667,57.16976950354611
newsbang/Homer-v1.0-Qwen2.5-7B,63.92737935344884,37.81084749225178,33.23262839879154,9.61968680089485,11.877864583333334,39.273049645390074
nguyentd/FinancialAdvice-Qwen2.5-7B,44.960593447607906,25.630435622160338,11.48036253776435,5.92841163310962,9.144531250000002,30.583259456264773
ngxson/MiniThinky-1B-Llama-3.2,27.71479673931834,4.347795393431276,5.740181268882175,0.0,2.187239583333333,1.632683215130022
ngxson/MiniThinky-v2-1B-Llama-3.2,29.63071317437732,4.893769484250589,2.8700906344410875,0.0,0.6184895833333329,1.291001773049644
nhyha/N3N_Delirium-v1_1030_0227,80.22890375315274,40.77504007448568,21.07250755287009,11.6331096196868,9.859895833333336,34.99741430260047
nhyha/N3N_Llama-3.1-8B-Instruct_1028_0216,47.960633341755425,28.980464124810663,17.069486404833835,7.494407158836691,10.062239583333335,29.308880023640665
nhyha/N3N_gemma-2-9b-it_20241029_1532,67.51940407008958,40.9866677332497,21.22356495468278,12.080536912751676,16.3859375,34.692671394799056
nhyha/N3N_gemma-2-9b-it_20241110_2026,62.82829558903709,40.944105549057745,16.08761329305136,11.521252796420578,9.779427083333337,33.55681146572104
nhyha/merge_Qwen2.5-7B-Instruct_20241023_0314,56.94568190179834,36.36518528982388,35.422960725075534,9.50782997762864,11.099479166666669,39.35616134751773
nidum/Nidum-Limitless-Gemma-2B,24.235140538216378,3.4510601516101125,1.3595166163141994,1.9015659955257265,4.120572916666667,1.9281914893617011
nisten/franqwenstein-35b,37.98632074008077,52.227468077653526,34.06344410876133,20.46979865771812,22.119270833333328,52.56168735224587
nisten/tqwendo-36b,67.77672132164878,49.41493648187427,41.54078549848943,10.850111856823268,15.103124999999997,37.56464243498817
nlpguy/Lion-Lamarck-v.1.0.8,45.090471061228655,40.84844139218024,55.4380664652568,14.429530201342288,19.008854166666666,40.48278664302601
nlpguy/Lion-Lamarck-v.1.0.9,34.08954906315243,40.46884807072923,56.41993957703928,18.680089485458616,27.378124999999994,41.15691489361702
nlpguy/Lion-Lamarck-v.1.1.0,36.57750324694034,41.16630363693309,57.55287009063444,19.01565995525727,27.533072916666654,40.3442671394799
nlpguy/Miisce-one,60.65761069517769,49.71168185726318,41.69184290030212,18.120805369127517,19.815364583333334,49.02482269503546
nlpguy/Mistral-NeMo-Minitron-Upscale-v1,16.484040124647045,22.06890968577206,1.4350453172205435,4.026845637583895,4.8442708333333355,17.082225177304963
nlpguy/Mistral-NeMo-Minitron-Upscale-v2,15.727159492369136,14.382673288078204,1.283987915407855,3.1319910514541416,5.252083333333334,10.2947695035461
nlpguy/Mistral-NeMo-Minitron-Upscale-v3,14.120976786038822,3.398266447716487,1.1329305135951662,1.230425055928408,9.43046875,1.9004875886524817
nlpguy/StableProse,19.723888172271792,30.180202714185956,6.495468277945619,7.046979865771815,8.871875000000001,27.425014775413715
nlpguy/StarFusion-alpha1,56.60092997690572,21.933181635654744,7.175226586102719,6.040268456375841,8.879687500000001,24.34064716312057
noname0202/Llama-3.2-4x3B-Instruct,70.6718174443809,24.689908534883617,15.861027190332328,3.0201342281879207,4.424479166666669,25.39339539007092
noname0202/gemma-2-2b-it-ties,12.657083205893697,18.13956937900525,2.416918429003021,2.684563758389265,7.144010416666667,17.340794917257686
noname0202/gemma-2-9b-sft-jp-en-zh-v1,29.880494864736676,22.0002402150018,8.91238670694864,7.606263982102905,9.101302083333335,23.61111111111111
noname0202/gemma-2-9b-sft-jp-en-zh-v2,39.93470657854493,22.658058596327027,10.42296072507553,5.033557046979867,7.011197916666666,29.724438534278963
noname0202/llama-math-1b-r16-0to512tokens-test,54.69753587148765,8.389239359006991,8.157099697885197,2.2371364653243813,1.255729166666667,8.087692080378249
noname0202/llama-math-1b-r32-0to512tokens-test,56.82577782505973,8.191900397270365,9.06344410876133,2.0134228187919474,1.6851562500000004,8.447842789598107
noname0202/llama-math-1b-r32-test,58.192152377912834,8.498754758774203,7.250755287009064,1.5659955257270708,2.3223958333333345,8.678708628841607
noname0202/llama-math-1b-r8-512tokens-test,57.91987482103042,8.396798396874248,8.157099697885197,2.460850111856823,2.485156250000001,8.36473108747045
notbdq/Qwen2.5-14B-Instruct-1M-GRPO-Reasoning,84.1356489669632,45.658280600233155,53.02114803625378,12.416107382550338,11.350000000000003,42.77297576832151
nothingiisreal/L3.1-8B-Celeste-V1.5,73.2671533752665,28.887966925667627,14.652567975830816,4.5861297539149914,5.5914062499999995,30.04765070921986
nothingiisreal/MN-12B-Starcannon-v2,39.25273828995952,28.424782963573875,5.966767371601208,3.803131991051453,7.993229166666668,23.648049645390067
nothingiisreal/MN-12B-Starcannon-v3,38.07375541341418,30.873001626388614,7.779456193353475,3.1319910514541416,9.846093749999996,25.162529550827426
nvidia/AceInstruct-1.5B,39.47758613811354,15.468561041610592,31.268882175226587,2.9082774049216997,2.0833333333333326,17.48854905437352
nvidia/AceInstruct-72B,71.1888899231816,44.20381994540313,62.61329305135952,9.50782997762864,11.875520833333338,43.04078014184397
nvidia/AceInstruct-7B,54.22290633297429,36.57481399081368,52.94561933534743,7.606263982102905,11.6875,35.30215721040189
nvidia/AceMath-1.5B-Instruct,32.1236541266063,16.762509591549986,52.87009063444109,3.243847874720355,4.320572916666668,11.818484042553193
nvidia/AceMath-72B-Instruct,49.49932844851659,48.68777244219516,71.45015105740181,2.796420581655479,9.602864583333336,37.89708924349882
nvidia/AceMath-72B-RM,14.12596355447989,1.4035016501209492,0.0,0.0,3.0598958333333326,1.983599290780142
nvidia/AceMath-7B-Instruct,45.317756885064966,29.99382585790849,63.36858006042296,5.592841163310966,11.208854166666669,26.48308215130023
nvidia/AceMath-7B-RM,14.937809456686036,0.2515270350564467,0.0,0.0,2.6166666666666667,1.540336879432624
nvidia/Hymba-1.5B-Base,22.95121389025563,7.689941118138137,1.3595166163141994,0.7829977628635317,5.179427083333335,10.248596335697398
nvidia/Hymba-1.5B-Instruct,60.09055971488983,4.591463615472479,2.719033232628399,5.145413870246088,1.0479166666666664,11.55991430260047
nvidia/Llama-3.1-Minitron-4B-Depth-Base,16.069362624502986,19.44410955550794,1.9637462235649543,1.789709172259505,10.699479166666668,19.98190011820331
nvidia/Llama-3.1-Nemotron-70B-Instruct-HF,73.80672172059025,47.10953049372728,42.6737160120846,1.1185682326621946,13.195052083333335,43.53945035460993
nvidia/Minitron-4B-Base,22.17937295265451,17.215600655061085,1.9637462235649543,2.572706935123044,9.938541666666667,17.99645390070922
nvidia/Minitron-8B-Base,24.242676099416215,22.04079297000523,2.56797583081571,3.1319910514541416,9.085677083333335,24.229831560283685
nvidia/Mistral-NeMo-Minitron-8B-Base,19.456597383830456,31.822015157490153,4.833836858006042,10.067114093959727,8.944531250000002,31.063460401891252
nvidia/Mistral-NeMo-Minitron-8B-Instruct,50.03889679384034,34.126491245346166,11.63141993957704,5.033557046979867,7.37161458333333,33.23359929078014
nvidia/Nemotron-Mini-4B-Instruct,66.68761109411916,14.203825178862052,2.56797583081571,4.026845637583895,4.624479166666667,18.070330969267136
nvidia/OpenMath2-Llama3.1-8B,23.305939352030393,16.294369976218587,26.73716012084592,2.0134228187919474,2.010677083333334,6.148419030732861
nxmwxm/Beast-Soul-new,48.68748254631046,33.07275916855207,7.401812688821751,4.250559284116329,14.140885416666668,23.352541371158388
occiglot/occiglot-7b-es-en-instruct,34.851416463871416,17.23541035561212,2.416918429003021,1.230425055928408,4.452083333333333,14.561170212765957
odyssey-labs/Astral-1-10B,38.78065754420493,28.313232406760367,3.474320241691843,7.38255033557047,12.130729166666669,22.059692671394796
olabs-ai/reflection_model,15.986914719610631,25.206881738811884,5.13595166163142,6.711409395973152,5.754166666666666,25.67966903073286
ontocord/Llama_3.2_1b-autoredteam_helpfulness-train,27.65484470094904,4.336962243234709,1.6616314199395772,1.230425055928408,3.267708333333333,1.466459810874704
ontocord/RedPajama-3B-v1-AutoRedteam,13.434021729012354,2.9495223386158114,0.906344410876133,0.0,2.891145833333333,1.198655437352245
ontocord/RedPajama-3B-v1-AutoRedteam-Harmless-only,15.2475431854147,3.779555839764309,0.6042296072507553,0.0,2.9656249999999993,1.1063091016548463
ontocord/RedPajama3b_v1-autoredteam_helpfulness-train,28.47666414003732,3.372124671371246,0.6797583081570997,0.0,2.512760416666666,1.1894208037825047
ontocord/merged_0.2_expert_0.8,17.425763640473946,3.2883157460305967,2.643504531722054,1.5659955257270708,2.691145833333332,1.2355939716312052
ontocord/merged_0.2_expert_0.8-stack_2x,17.960345217356615,2.8186720352946852,2.492447129909366,1.6778523489932915,2.091145833333335,1.1432476359338055
ontocord/merged_0.5_expert_0.5,17.872910544023192,3.1028049707296694,1.9637462235649543,1.9015659955257265,1.5145833333333325,1.198655437352245
ontocord/ontocord_wide_3b-stage1_shuf_sample1_jsonl-pretrained-autoredteam_helpful-0.25_helpful,13.184240038652996,2.34885308225961,1.0574018126888218,2.348993288590602,3.489322916666666,1.5772754137115832
ontocord/ontocord_wide_7b-stacked-stage1,14.845388014911546,1.5650455535749657,0.906344410876133,0.4474272930648763,4.5109375,1.1709515366430252
ontocord/ontocord_wide_7b-stacked-stage1-instruct,15.302508455342934,1.4889344424638544,0.6797583081570997,0.0,3.2226562499999996,1.300236406619384
ontocord/starcoder2-29b-ls,21.492417895628044,10.973636465379014,1.8882175226586104,3.1319910514541416,3.5499999999999994,9.657579787234043
ontocord/starcoder2_3b-AutoRedteam,15.737133029251275,8.637687220647841,1.0574018126888218,0.2237136465324418,3.1049479166666667,3.7381796690307305
ontocord/wide_3b-merge_test,17.628115622104904,2.9348182406841157,0.0,0.0,2.3499999999999996,0.7369237588652473
ontocord/wide_3b-stage1_shuf_sample1_jsonl-pretrained,13.946107439371977,2.5825845687939295,1.6616314199395772,2.1252796420581683,4.067708333333334,1.5588061465721037
ontocord/wide_3b_sft_stag1.2-lyrical_law_news_software_howto_formattedtext_math_wiki-merge,16.636413604790846,3.1835355510761367,1.1329305135951662,1.342281879194629,5.667708333333334,1.2355939716312052
ontocord/wide_3b_sft_stag1.2-lyrical_news_software_howto_formattedtext-merge,16.973629968483625,2.5518024734392255,1.3595166163141994,1.342281879194629,4.593229166666666,1.383348108747044
ontocord/wide_3b_sft_stage1.1-ss1-no_redteam_skg_poem.no_issue,14.800396281865453,3.3516775197492783,2.0392749244712993,2.684563758389265,3.7421875,1.198655437352245
ontocord/wide_3b_sft_stage1.1-ss1-with_generics_intr.no_issue,12.367407368005782,3.3670533974072723,1.0574018126888218,3.243847874720355,3.475520833333334,1.2355939716312052
ontocord/wide_3b_sft_stage1.1-ss1-with_generics_intr_math.no_issue,11.91527369601546,2.2297571883124263,0.6797583081570997,1.9015659955257265,3.0460937500000003,2.0297724586288406
ontocord/wide_3b_sft_stage1.1-ss1-with_generics_intr_math_stories.no_issue,11.283283908917229,4.415068812630222,1.1329305135951662,2.460850111856831,2.4539062499999997,1.4387559101654843
ontocord/wide_3b_sft_stage1.1-ss1-with_generics_intr_math_stories_no_orig_instr.no_issue,13.169279733329788,2.93878288661528,0.906344410876133,2.0134228187919474,5.075520833333335,1.6049793144208029
ontocord/wide_3b_sft_stage1.1-ss1-with_generics_intr_stories.no_issue,11.8178654857999,2.9977998836734763,0.8308157099697886,2.1252796420581683,2.4539062499999997,1.798906619385342
ontocord/wide_3b_sft_stage1.1-ss1-with_generics_math.no_issue,12.399876771410966,3.275690229364662,0.7552870090634441,1.1185682326621946,2.187239583333333,1.4202866430260035
ontocord/wide_3b_sft_stage1.1-ss1-with_math.no_issue,12.981888057022037,3.133656346349717,1.5861027190332326,1.342281879194629,7.928385416666669,1.632683215130022
ontocord/wide_3b_sft_stage1.1-ss1-with_r1_generics_intr_math_stories.no_issue,20.490742341431847,2.3470409575204094,0.0,1.342281879194629,4.524739583333332,1.854314420803781
ontocord/wide_3b_sft_stage1.2-ss1-expert_fictional_lyrical,14.610566629875397,2.477490056885344,1.3595166163141994,1.9015659955257265,7.10494791666667,1.5680407801418434
ontocord/wide_3b_sft_stage1.2-ss1-expert_formatted_text,14.872870649875662,3.7308056255712647,1.2084592145015105,1.5659955257270708,2.824479166666667,1.6234485815602824
ontocord/wide_3b_sft_stage1.2-ss1-expert_how-to,12.454842041339202,3.814087152005469,1.4350453172205435,1.230425055928408,4.6598958333333345,1.6973256501182026
ontocord/wide_3b_sft_stage1.2-ss1-expert_math,19.151850423542868,3.1664911884922264,2.794561933534743,1.230425055928408,3.4539062499999993,1.0231973995271864
ontocord/wide_3b_sft_stage1.2-ss1-expert_news,16.58144833486261,1.9437982768865123,1.6616314199395772,2.348993288590602,2.9283854166666674,1.2355939716312052
ontocord/wide_3b_sft_stage1.2-ss1-expert_software,17.33832896714052,2.499488323419256,1.5861027190332326,1.1185682326621946,1.6401041666666656,1.5588061465721037
ontocord/wide_6.6b_sft_stag1.2-lyrical_law_news_software_howto_formattedtext_math_wiki-merge-stacked,12.439881736015993,3.014694718783778,1.4350453172205435,2.1252796420581683,3.579427083333334,1.2725325059101646
oobabooga/CodeBooga-34B-v0.1,52.50180631834643,8.562465862636055,3.927492447129909,0.8948545861297527,12.977604166666673,15.106013593380617
oopere/Llama-FinSent-S,21.18767093534045,4.1560152972776905,1.812688821752266,0.8948545861297527,5.371614583333334,1.4479905437352243
oopere/pruned10-llama-3.2-3B,17.76298000416672,7.759477124183007,1.9637462235649543,2.2371364653243813,4.687499999999999,7.1088209219858145
oopere/pruned20-llama-1b,19.936213690784896,3.185394259848986,1.0574018126888218,0.0,4.393229166666667,1.3648788416075646
oopere/pruned20-llama-3.2-3b,17.887870849346402,6.3327454652272905,1.5861027190332326,2.1252796420581683,2.897135416666666,3.1102245862884166
oopere/pruned40-llama-1b,22.843832143157933,2.6553089313766187,0.7552870090634441,0.0,12.483333333333334,0.912381796690307
oopere/pruned40-llama-3.2-1B,22.663976028050016,2.7012729836642007,0.8308157099697886,0.5592841163310973,13.238281250000002,1.2725325059101646
oopere/pruned40-llama-3.2-3b,21.829634259320827,4.740101545945625,1.283987915407855,0.0,2.408854166666666,1.965130023640662
oopere/pruned60-llama-1b,18.285039251408485,2.9425264807533544,0.2265861027190332,0.0,9.432291666666666,1.9189568557919616
oopere/pruned60-llama-3.2-3b,18.247583079562222,3.9884019153468855,0.3776435045317221,2.684563758389265,4.016666666666667,1.457225177304964
open-atlas/Atlas-Flash-1.5B-Preview,32.69569187533522,5.6543805979986255,22.129909365558913,0.3355704697986553,1.698958333333333,4.153738179669029
open-atlas/Atlas-Flash-7B-Preview,39.07543096761039,9.39485410104266,25.755287009063444,5.145413870246088,5.78125,19.824911347517727
open-neo/Kyro-n1-3B,45.94974667216319,25.78921982449477,28.54984894259819,4.250559284116329,9.498958333333333,26.917109929078016
open-neo/Kyro-n1-7B,55.72669406064797,34.40152837379154,38.972809667673715,1.45413870246085,5.91875,37.038268321512994
open-thoughts/OpenThinker-7B,40.88895242401273,34.50881791580879,42.59818731117825,0.8948545861297527,5.416666666666668,35.163637706855795
openai-community/gpt2,17.925327021192658,2.674981367986987,0.2265861027190332,1.1185682326621946,15.348177083333336,1.7712027186761226
openai-community/gpt2-large,20.47822001179094,3.2537905449787403,1.2084592145015105,1.230425055928408,5.658072916666665,1.5772754137115832
openai-community/gpt2-medium,22.08440271812125,2.719972238356244,0.7552870090634441,1.6778523489932915,6.1559895833333345,2.020537825059101
openai-community/gpt2-xl,20.385798570016444,2.580960647452716,0.9818731117824772,1.1185682326621946,4.036458333333333,1.457225177304964
openbmb/MiniCPM-S-1B-sft-llama-format,33.28767669782843,3.898455214242885,3.096676737160121,2.796420581655479,1.359635416666667,9.537529550827422
openchat/openchat-3.5-0106,59.66590867786363,24.03871121391158,7.628398791540786,7.718120805369126,11.746354166666668,25.458037825059098
openchat/openchat-3.5-1210,60.3678240402133,23.236296582166464,7.854984894259818,6.823266219239373,14.279687500000003,23.805038416075647
openchat/openchat-3.6-8b-20240522,53.43355629729119,33.23293691836929,9.969788519637463,9.060402684563762,8.181770833333333,24.765440307328607
openchat/openchat_3.5,59.31118321608887,21.58216684769999,7.250755287009064,6.487695749440718,11.258072916666668,23.92508865248227
openchat/openchat_v3.2,29.805582521044165,20.32300299720885,1.283987915407855,2.684563758389265,13.103125,15.79861111111111
openchat/openchat_v3.2_super,28.61906408329898,19.153539587477535,2.1148036253776437,1.9015659955257265,9.916927083333333,15.83554964539007
orai-nlp/Llama-eus-8B,21.612321972366654,20.96137115221118,4.682779456193353,5.257270693512303,8.285677083333335,22.86310579196217
oxyapi/oxy-1-small,62.44608749229821,41.1754471888895,36.027190332326285,16.21923937360179,16.28333333333333,44.45367907801419
ozone-ai/0x-lite,77.39874643723098,47.5284725075208,50.453172205438065,9.284116331096204,11.7578125,46.485298463356976
ozone-research/Chirp-01,63.47524568145853,25.038330362981498,34.66767371601209,2.908277404921707,15.5578125,27.868277186761222
paloalma/ECE-TW3-JRGL-V1,55.349472732350165,46.69713905397109,13.141993957703926,12.975391498881436,17.460416666666664,35.791592789598106
paloalma/ECE-TW3-JRGL-V2,22.54894790267601,43.17326773447519,18.50453172205438,10.850111856823268,19.815364583333327,39.86406619385342
paloalma/ECE-TW3-JRGL-V5,45.52509563513699,43.46251365157702,18.35347432024169,12.192393736017896,16.88984375,40.528959810874696
paloalma/Le_Triomphant-ECE-TW3,54.02055435134332,44.96329362428286,19.486404833836858,13.19910514541387,18.495833333333337,41.81257387706855
paloalma/TW3-JRGL-v2,53.16127874040878,45.61110998256794,17.900302114803626,14.5413870246085,20.69583333333333,42.86532210401891
pankajmathur/Al_Dente_v1_8b,36.93721547715617,27.247898492647995,4.078549848942599,6.599552572706939,8.271875000000001,20.665263002364064
pankajmathur/model_007_13b_v2,30.564901129004376,25.454420185872465,2.1148036253776437,4.4742729306487705,17.203385416666663,16.232638888888886
pankajmathur/orca_mini_3b,7.421419611076388,4.6859845437903855,0.8308157099697886,0.0,4.199218749999999,1.6142139479905429
pankajmathur/orca_mini_7b,4.121619525082337,7.81893018360044,1.283987915407855,0.5592841163310973,3.91875,2.731604609929078
pankajmathur/orca_mini_phi-4,77.80588837617522,54.63137024552032,29.531722054380666,16.554809843400445,18.254427083333336,47.27947695035461
pankajmathur/orca_mini_v2_7b,13.57885964795631,10.199953477088153,1.1329305135951662,0.0,2.0833333333333326,6.019134160756501
pankajmathur/orca_mini_v3_13b,28.966253983873894,25.549482064607844,2.1148036253776437,2.0134228187919474,17.107291666666665,14.496527777777777
pankajmathur/orca_mini_v3_70b,40.14703209705803,42.975787003923045,3.8519637462235647,9.060402684563762,25.11510416666667,30.63866725768321
pankajmathur/orca_mini_v3_7b,28.20937335159599,17.843955571096647,1.0574018126888218,0.0,22.71328125,12.04011524822695
pankajmathur/orca_mini_v5_8b,48.06047952765329,29.345795010726498,9.894259818731117,4.921700223713646,7.701302083333336,23.066267730496453
pankajmathur/orca_mini_v5_8b_dpo,48.964746871633935,29.605372989233754,9.743202416918429,3.243847874720355,6.938541666666667,23.50953014184397
pankajmathur/orca_mini_v5_8b_orpo,8.243239050164673,27.877628256858372,6.646525679758309,4.5861297539149914,8.973958333333334,21.634899527186757
pankajmathur/orca_mini_v6_8b,1.1116060940526693,3.219809856556432,0.3776435045317221,0.0,2.7656250000000004,1.383348108747044
pankajmathur/orca_mini_v6_8b_dpo,38.82564927725103,32.47882597428379,6.117824773413897,6.823266219239373,9.262239583333336,28.847148345153663
pankajmathur/orca_mini_v7_72b,59.29622291076566,55.05552307693972,9.365558912386708,18.008948545861294,24.21354166666666,51.35195035460993
pankajmathur/orca_mini_v7_7b,43.87646998851935,33.95043410425148,12.084592145015106,6.152125279642054,12.6640625,35.19134160756501
pankajmathur/orca_mini_v8_1_70b,85.7143490383294,53.51972670972081,35.27190332326284,24.384787472035793,15.996874999999998,44.25975177304965
pankajmathur/orca_mini_v9_0_3B-Instruct,57.53766672429155,21.368152564693613,14.652567975830816,6.823266219239373,5.771614583333336,17.81176122931442
pankajmathur/orca_mini_v9_1_1B-Instruct,36.29270336041702,6.406448543994878,4.607250755287009,0.8948545861297527,2.024479166666666,4.153738179669029
pankajmathur/orca_mini_v9_2_14B,77.80588837617522,54.63137024552032,29.531722054380666,16.554809843400445,18.254427083333336,47.27947695035461
pankajmathur/orca_mini_v9_2_70b,83.82591523823456,53.03309980255676,29.38066465256798,16.442953020134222,19.207031250000004,42.45899822695035
pankajmathur/orca_mini_v9_4_70B,80.14645584826039,48.69261714198851,32.62839879154079,15.436241610738255,19.7578125,39.29151891252955
pankajmathur/orca_mini_v9_5_1B-Instruct,46.37938447763047,6.6988165369101145,3.0211480362537766,2.684563758389265,1.2695312499999996,4.10756501182033
pankajmathur/orca_mini_v9_5_1B-Instruct_preview,39.35768206137493,5.582691663791198,3.8519637462235647,1.789709172259505,3.0322916666666675,3.6365986997635926
pankajmathur/orca_mini_v9_5_3B-Instruct,72.0706614006392,21.517904353100732,13.217522658610273,4.921700223713654,12.27369791666667,20.914598108747047
pankajmathur/orca_mini_v9_6_1B-Instruct,60.85741388404987,9.659037433840986,7.7039274924471295,2.460850111856823,2.2773437500000004,8.983451536643026
pankajmathur/orca_mini_v9_6_3B-Instruct,73.1647583966099,22.86989036357046,13.293051359516618,5.8165548098433995,8.813020833333335,20.563682033096924
pankajmathur/orca_mini_v9_7_1B-Instruct,56.101366596187006,5.052028049769791,4.45619335347432,3.0201342281879207,2.4539062499999997,3.830526004728132
pankajmathur/orca_mini_v9_7_3B-Instruct,56.183814501079354,6.301038778871171,6.193353474320242,1.5659955257270708,3.801041666666667,4.162972813238769
paulml/ECE-ILAB-Q1,78.64521691334548,53.70222770817057,35.57401812688822,18.232662192393736,18.805208333333333,50.05910165484633
pints-ai/1.5-Pints-16K-v0.1,16.35914927946737,3.658292060342125,1.4350453172205435,0.0,2.7343749999999996,1.3187056737588652
pints-ai/1.5-Pints-2K-v0.1,17.615593292463995,2.3744704635071923,1.283987915407855,0.0,1.8401041666666655,1.1524822695035457
piotr25691/thea-3b-25r,73.44202272193337,22.54671082396668,17.82477341389728,2.348993288590602,3.565625000000001,24.248300827423165
piotr25691/thea-c-3b-25r,74.01904723910336,22.767850009265825,15.256797583081571,2.0134228187919474,1.2695312499999996,24.202127659574465
piotr25691/thea-rp-3b-25r,65.77835698169746,20.00738092756859,13.217522658610273,3.243847874720355,5.934375000000003,22.89080969267139
postbot/gpt2-medium-emailgen,14.92030035860406,3.673700346196318,0.0,1.342281879194629,6.889322916666669,1.632683215130022
prince-canuma/Ministral-8B-Instruct-2410-HF,59.11636679565775,23.778464927274356,19.18429003021148,4.138702460850116,10.718750000000004,25.53191489361702
princeton-nlp/Llama-3-8B-ProLong-512k-Base,53.221230778778086,29.847246369144035,6.873111782477341,1.5659955257270708,12.683854166666665,25.882830969267133
princeton-nlp/Llama-3-8B-ProLong-512k-Instruct,55.08218194390883,29.151153442911763,5.287009063444108,4.809843400447425,12.530729166666662,24.793144208037827
princeton-nlp/Llama-3-8B-ProLong-64k-Base,52.007229706068784,28.687899000980178,6.495468277945619,2.0134228187919474,14.62317708333333,26.08599290780142
princeton-nlp/Llama-3-8B-ProLong-64k-Instruct,55.63172382611471,30.08957216568684,6.495468277945619,6.040268456375841,14.595572916666669,25.2733451536643
princeton-nlp/Llama-3-Base-8B-SFT,27.95959166123663,24.345967199755464,4.003021148036254,6.375838926174497,9.840625,23.26019503546099
princeton-nlp/Llama-3-Base-8B-SFT-CPO,37.03462368737173,25.474648628373444,5.438066465256798,3.243847874720355,2.5734375000000025,21.95811170212766
princeton-nlp/Llama-3-Base-8B-SFT-DPO,41.11125147940797,26.001873821480995,4.1540785498489425,8.05369127516779,7.842447916666668,23.093971631205672
princeton-nlp/Llama-3-Base-8B-SFT-IPO,44.86562321307464,25.705433288023944,3.927492447129909,6.375838926174497,7.960156250000001,23.50029550827423
princeton-nlp/Llama-3-Base-8B-SFT-KTO,45.22533544329048,25.55523001299593,5.287009063444108,7.38255033557047,5.5914062499999995,22.826167257683213
princeton-nlp/Llama-3-Base-8B-SFT-ORPO,45.16538340492117,26.48589369385502,4.682779456193353,8.501118568232664,7.634635416666668,23.140144799054376
princeton-nlp/Llama-3-Base-8B-SFT-RDPO,44.80068440626427,25.526521127200017,5.740181268882175,7.494407158836691,8.909114583333336,22.382904846335695
princeton-nlp/Llama-3-Base-8B-SFT-RRHF,33.57247658435174,23.659142323042403,4.531722054380665,7.38255033557047,7.561979166666668,20.988475177304963
princeton-nlp/Llama-3-Base-8B-SFT-SLiC-HF,48.90479483326463,26.37396261839453,5.0604229607250755,4.921700223713646,10.270052083333336,22.92774822695035
princeton-nlp/Llama-3-Base-8B-SFT-SimPO,46.85401401614384,26.39594961870209,5.5135951661631415,5.145413870246088,11.852604166666666,23.389479905437348
princeton-nlp/Llama-3-Instruct-8B-CPO,72.92993701157374,28.604298572618475,9.894259818731117,1.342281879194629,1.7578124999999991,29.465868794326234
princeton-nlp/Llama-3-Instruct-8B-CPO-v0.2,75.05817896514581,29.08640671420083,10.80060422960725,1.45413870246085,2.8382812499999996,30.06611997635934
princeton-nlp/Llama-3-Instruct-8B-DPO,67.57436934001782,28.50739167799402,8.459214501510575,2.9082774049216997,3.9265625000000015,29.613622931442084
princeton-nlp/Llama-3-Instruct-8B-DPO-v0.2,72.08063493752132,28.939587046939987,8.987915407854985,4.921700223713646,5.555989583333333,30.76795212765957
princeton-nlp/Llama-3-Instruct-8B-KTO,68.6409837010244,28.64965788695442,7.250755287009064,3.467561521252797,3.630468749999999,28.874852245862886
princeton-nlp/Llama-3-Instruct-8B-KTO-v0.2,72.90245437660963,29.648405523209775,9.969788519637463,1.342281879194629,4.4520833333333325,29.6413268321513
princeton-nlp/Llama-3-Instruct-8B-ORPO,71.2813113649561,28.839356158957287,7.854984894259818,1.1185682326621946,3.240104166666668,29.40122635933806
princeton-nlp/Llama-3-Instruct-8B-ORPO-v0.2,76.33213207622441,29.60483732707141,10.196374622356496,4.4742729306487705,4.8460937500000005,30.343158983451534
princeton-nlp/Llama-3-Instruct-8B-RDPO,66.60017642078574,29.032479102136296,8.459214501510575,4.36241610738255,4.201041666666666,28.96719858156028
princeton-nlp/Llama-3-Instruct-8B-RDPO-v0.2,70.76922565459647,28.85427665062166,8.685800604229607,5.7046979865771785,5.355989583333333,30.82335992907802
princeton-nlp/Llama-3-Instruct-8B-RRHF,72.74509412802476,27.21648494751436,9.667673716012084,4.026845637583895,1.47734375,29.373522458628837
princeton-nlp/Llama-3-Instruct-8B-RRHF-v0.2,71.24884196155091,28.498723991187727,8.761329305135952,1.342281879194629,5.089322916666668,27.582003546099287
princeton-nlp/Llama-3-Instruct-8B-SLiC-HF,73.99655137258031,29.211612180239623,9.743202416918429,4.809843400447425,5.369791666666667,28.717863475177303
princeton-nlp/Llama-3-Instruct-8B-SLiC-HF-v0.2,71.09646848140711,28.498723991187727,8.761329305135952,1.342281879194629,5.089322916666668,27.582003546099287
princeton-nlp/Llama-3-Instruct-8B-SimPO,65.03898544750152,26.709132779658223,8.610271903323262,5.8165548098433995,8.154166666666669,27.655880614657207
princeton-nlp/Llama-3-Instruct-8B-SimPO-v0.2,68.08645505037744,29.214021710829385,7.401812688821751,6.823266219239373,7.8502604166666705,29.1334219858156
princeton-nlp/Mistral-7B-Base-SFT-CPO,46.549267055856234,21.857696499882195,2.794561933534743,5.592841163310966,9.252083333333331,18.34736997635934
princeton-nlp/Mistral-7B-Base-SFT-DPO,44.03383023710421,20.79098038827006,2.1148036253776437,3.0201342281879207,9.628645833333332,18.28272754137116
princeton-nlp/Mistral-7B-Base-SFT-IPO,48.29530091268944,23.70349052130433,2.8700906344410875,4.026845637583895,4.836458333333334,19.908023049645383
princeton-nlp/Mistral-7B-Base-SFT-KTO,47.848154009140195,23.10764227790982,3.927492447129909,5.369127516778524,13.030989583333335,20.794547872340427
princeton-nlp/Mistral-7B-Base-SFT-RDPO,46.064663980460736,22.98200980704625,2.190332326283988,3.691275167785232,4.275520833333334,19.741799645390067
princeton-nlp/Mistral-7B-Base-SFT-RRHF,44.0662996405094,19.59883081662414,2.492447129909366,5.369127516778524,10.034635416666664,15.530806737588652
princeton-nlp/Mistral-7B-Base-SFT-SLiC-HF,51.27284494031392,22.304722895019296,3.5498489425981874,5.592841163310966,11.527083333333332,19.78797281323877
princeton-nlp/Mistral-7B-Base-SFT-SimPO,47.00638749628763,22.33288648076616,1.4350453172205435,4.4742729306487705,8.0328125,18.910682624113473
princeton-nlp/Mistral-7B-Instruct-CPO,42.03047912871182,17.248538100586853,2.0392749244712993,2.1252796420581683,10.89713541666667,18.901447990543733
princeton-nlp/Mistral-7B-Instruct-DPO,51.7624347841505,16.875389341982814,3.096676737160121,2.460850111856823,5.750000000000001,19.42782210401891
princeton-nlp/Mistral-7B-Instruct-IPO,49.29198969844457,20.094109548877523,2.0392749244712993,3.1319910514541416,12.785416666666668,18.975325059101653
princeton-nlp/Mistral-7B-Instruct-KTO,49.07966417993147,17.81264785919903,2.643504531722054,3.1319910514541416,7.408854166666667,20.13888888888889
princeton-nlp/Mistral-7B-Instruct-ORPO,47.19621714827768,18.03837283661216,2.9456193353474323,3.243847874720355,6.638281250000001,18.467420212765955
princeton-nlp/Mistral-7B-Instruct-RDPO,48.87232542985944,17.04838760964466,2.492447129909366,4.026845637583895,6.416666666666669,19.741799645390067
princeton-nlp/Mistral-7B-Instruct-RRHF,49.60172342717323,19.20655206374787,2.794561933534743,3.467561521252797,7.934375000000003,18.34736997635934
princeton-nlp/Mistral-7B-Instruct-SLiC-HF,51.15294086357531,16.653429432655862,1.7371601208459215,3.0201342281879207,6.712760416666666,19.058436761229316
princeton-nlp/Mistral-7B-Instruct-SimPO,46.86897432146704,22.38227741589404,2.8700906344410875,3.803131991051453,9.755989583333331,19.963430851063833
princeton-nlp/Sheared-LLaMA-1.3B,21.97702097102355,4.744629874421679,1.283987915407855,0.0,3.5794270833333326,1.9004875886524817
princeton-nlp/Sheared-LLaMA-2.7B,24.16521496296493,5.655521329938437,1.283987915407855,3.355704697986576,2.091145833333335,2.0759456264775418
princeton-nlp/gemma-2-9b-it-DPO,27.687203287277757,41.59365445538448,8.308157099697885,11.409395973154364,5.653906250000001,30.26004728132387
princeton-nlp/gemma-2-9b-it-SimPO,32.06857803960159,40.093429916371655,7.099697885196375,11.409395973154364,10.340364583333338,33.05814125295508
prithivMLmods/Bellatrix-1.5B-xElite,19.64144026737944,9.486709175278516,28.700906344410875,3.803131991051453,4.438281250000001,7.302748226950355
prithivMLmods/Bellatrix-Tiny-1.5B-R1,33.52249808286457,15.857580425391273,6.042296072507553,6.487695749440718,4.569791666666666,19.455526004728128
prithivMLmods/Bellatrix-Tiny-1B-v2,15.095169705270903,6.032561968055522,2.8700906344410875,3.0201342281879207,3.7109375,5.474290780141842
prithivMLmods/Blaze-14B-xElite,3.6320296812457618,51.57326409688974,36.933534743202415,19.239373601789712,17.67786458333333,45.6818853427896
prithivMLmods/COCO-7B-Instruct-1M,47.431038533313824,34.67788338275968,34.96978851963746,7.718120805369126,13.513281250000004,35.403738179669034
prithivMLmods/Calcium-Opus-14B-Elite,60.51521075191603,46.93415830006768,47.88519637462236,16.554809843400445,20.778124999999992,47.796616430260045
prithivMLmods/Calcium-Opus-14B-Elite-1M,56.12884923115112,46.93552255298414,44.5619335347432,13.646532438478744,18.28385416666666,46.13438238770685
prithivMLmods/Calcium-Opus-14B-Elite-Stock,61.4294516327788,46.89789858349237,46.67673716012085,15.771812080536916,20.060416666666665,47.60268912529552
prithivMLmods/Calcium-Opus-14B-Elite2,61.761681228030525,46.806149932752305,46.90332326283987,15.99552572706935,22.24479166666666,47.78738179669031
prithivMLmods/Calcium-Opus-14B-Elite2-R1,63.25793339450436,47.33709556238046,33.383685800604226,18.791946308724835,21.41536458333333,47.196365248226954
prithivMLmods/Calcium-Opus-14B-Elite3,54.28285837134359,47.07459951045248,47.05438066465257,16.10738255033557,20.13489583333333,48.16600177304965
prithivMLmods/Calcium-Opus-14B-Elite4,61.11971790405015,45.20847500962782,36.25377643504532,14.093959731543624,17.68984375,46.0974438534279
prithivMLmods/Calcium-Opus-14B-Merge,49.494341680075536,46.76666800624009,46.37462235649547,16.10738255033557,20.92708333333333,48.39686761229315
prithivMLmods/Calcium-Opus-20B-v1,30.927162151978973,41.80557589234856,36.17824773413897,13.758389261744966,22.091666666666665,41.48936170212765
prithivMLmods/Codepy-Deepthink-3B,43.27196283638524,18.640887671757213,11.555891238670696,3.9149888143176734,3.977604166666666,23.223256501182032
prithivMLmods/Coma-II-14B,41.6832892281369,46.89147136445168,55.135951661631424,20.02237136465324,28.08802083333333,44.88770685579197
prithivMLmods/Condor-Opus-14B-Exp,40.43183198358135,44.077092224840555,52.26586102719033,18.903803131991047,25.423177083333332,44.60143321513003
prithivMLmods/Cygnus-II-14B,61.84412913292286,52.14038233919259,43.957703927492446,18.34451901565996,18.105468749999996,48.78472222222222
prithivMLmods/Deepthink-Llama-3-8B-Preview,29.553252037926036,24.800879823702775,35.49848942598187,8.83668903803132,7.738541666666667,19.317006501182032
prithivMLmods/Deepthink-Reasoning-14B,54.23542866261519,47.30625659928727,42.296072507552864,15.548098434004473,19.477864583333332,47.73197399527187
prithivMLmods/Deepthink-Reasoning-7B,48.40024468410485,35.623731448580884,33.45921450151057,6.599552572706939,13.436979166666667,37.21372635933806
prithivMLmods/Dinobot-Opus-14B-Exp,82.39958864701215,48.19594986631396,53.17220543806647,9.955257270693512,12.65390625,44.213578605200944
prithivMLmods/Elita-0.1-Distilled-R1-abliterated,35.42345421260035,13.606416556106325,30.664652567975832,2.1252796420581683,3.0460937500000003,19.52940307328605
prithivMLmods/Elita-1,49.06470387460827,49.928735220527614,34.29003021148036,16.778523489932887,20.527083333333326,48.68314125295508
prithivMLmods/Epimetheus-14B-Axo,55.4643900406477,51.45544715649952,41.012084592145015,19.01565995525727,19.711458333333336,47.82432033096927
prithivMLmods/Equuleus-Opus-14B-Exp,70.0073582538775,48.61670086911542,45.84592145015105,18.232662192393736,21.89583333333333,48.60002955082743
prithivMLmods/Eridanus-Opus-14B-r999,63.85745377819741,51.03833480947816,38.59516616314199,19.239373601789712,19.476041666666664,48.46151004728132
prithivMLmods/Evac-Opus-14B-Exp,59.16135852870384,49.581751069166614,42.14501510574018,18.456375838926174,18.630989583333328,47.96283983451538
prithivMLmods/FastThink-0.5B-Tiny,25.798880304259363,5.01960978303041,2.0392749244712993,1.45413870246085,3.579427083333334,7.210401891252953
prithivMLmods/GWQ-9B-Preview,50.65836425129767,40.6697225433022,22.658610271903324,11.968680089485462,21.821354166666666,33.150487588652474
prithivMLmods/GWQ-9B-Preview2,52.08967761096115,40.184860533159515,23.716012084592144,10.17897091722595,20.81536458333333,33.298241725768314
prithivMLmods/GWQ2b,41.14870765125423,17.6803497776584,6.268882175226587,4.36241610738255,12.755989583333331,16.36192375886525
prithivMLmods/Gaea-Opus-14B-Exp,59.56351369920699,50.51229448373768,42.74924471299094,18.791946308724835,20.1703125,48.8955378250591
prithivMLmods/Galactic-Qwen-14B-Exp1,58.322029991533576,50.98957194551118,40.181268882175225,19.12751677852349,19.356510416666666,48.84013002364066
prithivMLmods/Galactic-Qwen-14B-Exp2,66.20300801872366,59.91731650130399,34.74320241691843,19.910514541387023,28.489843749999995,52.11842494089834
prithivMLmods/Gauss-Opus-14B-R999,39.065457430728245,44.93611504035883,57.55287009063444,18.903803131991047,27.829166666666666,44.52755614657211
prithivMLmods/Jolt-v0.1,50.92066827129793,50.0297418150364,35.64954682779456,17.337807606263986,20.489843749999995,48.73854905437352
prithivMLmods/Lacerta-Opus-14B-Elite8,61.41449132745559,48.182387387883786,36.48036253776435,17.114093959731544,17.209375,48.01824763593381
prithivMLmods/Llama-3.1-5B-Instruct,14.066011516110589,3.109216174639221,1.5105740181268883,1.9015659955257265,2.6166666666666667,2.039007092198581
prithivMLmods/Llama-3.1-8B-Open-SFT,41.226168787705504,28.179927919868437,12.16012084592145,7.941834451901568,8.72890625,28.02526595744681
prithivMLmods/Llama-3.2-3B-Math-Oct,45.85233846194763,19.946749736299825,11.555891238670696,1.1185682326621946,4.940364583333333,21.237810283687946
prithivMLmods/Llama-3.2-6B-AlgoCode,21.357553513566227,11.60252636544502,1.3595166163141994,4.921700223713654,7.701302083333332,8.863401300236404
prithivMLmods/Llama-8B-Distill-CoT,33.41511633576688,19.59512258030452,40.03021148036254,5.257270693512303,6.997395833333333,19.243129432624112
prithivMLmods/Llama-Deepsync-1B,35.70071853792382,7.763872793811656,4.380664652567976,1.342281879194629,4.230468750000001,8.19850768321513
prithivMLmods/Llama-Deepsync-3B,43.02218114602588,18.963664295918168,11.782477341389727,2.9082774049216997,3.81484375,22.567597517730498
prithivMLmods/Llama-Express.1-Math,50.84320713484665,7.199019778023913,5.589123867069486,1.789709172259505,0.8263020833333333,6.776374113475176
prithivMLmods/LwQ-10B-Instruct,39.34770852449279,31.59027306507356,4.003021148036254,8.277404921700223,16.8328125,25.75354609929078
prithivMLmods/LwQ-Reasoner-10B,29.413400887423144,40.337248394622954,35.80060422960725,12.863534675615217,8.581770833333334,34.96971040189125
prithivMLmods/Magellanic-Opus-14B-Exp,68.66347956754744,48.00332430163465,37.99093655589124,16.554809843400445,21.644791666666663,47.473404255319146
prithivMLmods/Magellanic-Qwen-25B-R999,18.727199386516663,2.00355862547039,0.5287009063444109,0.1118568232662209,5.155989583333334,3.331855791962176
prithivMLmods/Megatron-Corpus-14B-Exp,49.82657127532725,47.91897959935681,34.29003021148036,15.100671140939594,18.85260416666667,47.33488475177305
prithivMLmods/Megatron-Corpus-14B-Exp.v2,48.70499164439243,46.78841154317365,25.90634441087613,12.304250559284116,15.358333333333327,42.329713356974
prithivMLmods/Megatron-Opus-14B-2.0,66.93739278447852,54.699622314981035,27.794561933534744,14.5413870246085,10.520572916666667,46.337544326241144
prithivMLmods/Megatron-Opus-14B-2.1,2.455484780382718,52.531003009357,29.984894259818727,17.785234899328863,21.92708333333333,46.3744828605201
prithivMLmods/Megatron-Opus-14B-Exp,49.79410187192205,50.00287913113638,35.34743202416919,16.666666666666664,21.082031249999996,48.8955378250591
prithivMLmods/Megatron-Opus-14B-Stock,51.73750094194515,48.128851193275885,33.45921450151057,16.666666666666664,20.18593749999999,47.704270094562645
prithivMLmods/Megatron-Opus-7B-Exp,60.173007619782176,34.37153536149186,19.71299093655589,8.165548098434002,11.056249999999997,32.227024231678485
prithivMLmods/Messier-Opus-14B-Elite7,71.13392465325336,49.704671266379385,40.70996978851964,18.791946308724835,20.703645833333333,48.93247635933806
prithivMLmods/Omni-Reasoner-Merged,45.99473840520929,35.36177667333275,33.30815709969788,7.158836689038028,16.205729166666668,37.37994976359338
prithivMLmods/Omni-Reasoner3-Merged,49.346954968372806,20.586521670513378,10.876132930513595,1.9015659955257265,6.228645833333334,21.66260342789598
prithivMLmods/Pegasus-Opus-14B-Exp,69.81752860188743,50.306948870287734,40.86102719033233,19.35123042505593,20.378125,49.02482269503546
prithivMLmods/Phi-4-Empathetic,4.965934830693671,52.83893775599707,26.208459214501513,17.337807606263986,22.725260416666668,45.1739804964539
prithivMLmods/Phi-4-Math-IO,5.897684809638426,52.093770592369005,45.770392749244714,19.798657718120808,20.64479166666666,46.725398936170215
prithivMLmods/Phi-4-QwQ,5.592937849350833,52.28684974505503,45.770392749244714,18.791946308724835,17.6328125,47.50110815602837
prithivMLmods/Phi-4-Super,4.813561350549874,52.6972954461393,34.894259818731115,19.239373601789712,23.28020833333333,47.399527186761226
prithivMLmods/Phi-4-Super-1,4.176584795010572,52.905830976180994,35.196374622356494,19.12751677852349,22.91744791666666,47.05784574468086
prithivMLmods/Phi-4-Super-o1,4.176584795010572,52.905830976180994,35.196374622356494,19.12751677852349,22.91744791666666,47.05784574468086
prithivMLmods/Phi-4-o1,2.8976449154908974,52.170861675862824,39.95468277945619,17.67337807606264,22.15468749999999,46.3744828605201
prithivMLmods/Phi4-Super,4.813561350549874,52.6972954461393,34.894259818731115,19.239373601789712,23.28020833333333,47.399527186761226
prithivMLmods/Porpoise-Opus-14B-Exp,70.98155117310957,49.94661296400096,40.40785498489426,19.12751677852349,21.303645833333334,48.84936465721041
prithivMLmods/Primal-Opus-14B-Optimus-v1,50.131318235614835,48.27170322245717,33.8368580060423,16.33109619686801,20.489843749999995,47.325650118203306
prithivMLmods/Primal-Opus-14B-Optimus-v2,64.03730989330532,50.1813442955816,42.06948640483384,18.903803131991047,21.14869791666666,49.13563829787233
prithivMLmods/QwQ-LCoT-14B-Conversational,40.47427492386867,45.62626030965493,46.52567975830816,13.31096196868009,20.62317708333333,47.538046690307326
prithivMLmods/QwQ-LCoT-3B-Instruct,43.54424039326764,26.621187622268376,28.24773413897281,4.250559284116329,12.773958333333333,28.690159574468087
prithivMLmods/QwQ-LCoT-7B-Instruct,49.86901421561457,34.780933423406445,37.160120845921455,6.935123042505594,19.390104166666664,37.04750295508275
prithivMLmods/QwQ-LCoT1-Merged,47.513486438206186,35.166254489441975,37.31117824773414,7.606263982102905,17.76848958333333,37.30607269503546
prithivMLmods/QwQ-LCoT2-7B-Instruct,55.61177675235044,34.366736926024,32.703927492447136,6.375838926174497,15.7546875,37.1306146572104
prithivMLmods/QwQ-MathOct-7B,46.84404047926169,35.254667256728304,29.531722054380666,7.046979865771815,15.3078125,37.00132978723404
prithivMLmods/QwQ-R1-Distill-1.5B-CoT,21.939564799177298,11.476456072950835,33.45921450151057,4.809843400447425,1.7578124999999991,10.14701536643026
prithivMLmods/QwQ-R1-Distill-7B-CoT,35.00378994401522,20.953831065455415,46.82779456193353,5.8165548098433995,4.504947916666667,20.04654255319149
prithivMLmods/Qwen-7B-Distill-Reasoner,33.95712265677292,22.175998122509004,39.50151057401813,10.290827740492167,2.779427083333332,20.203531323877066
prithivMLmods/Qwen2.5-1.5B-DeepSeek-R1-Instruct,13.968603305895028,1.3610670095980737,0.0,3.467561521252797,4.244270833333333,1.3648788416075646
prithivMLmods/Qwen2.5-14B-DeepSeek-R1-1M,41.928084150055184,40.75990957906041,51.283987915407856,10.96196868008949,17.7421875,43.32705378250591
prithivMLmods/Qwen2.5-7B-DeepSeek-R1-1M,18.612282078219124,4.665734765589359,1.5105740181268883,1.5659955257270708,3.7109375,2.23293439716312
prithivMLmods/SmolLM2-CoT-360M,22.156877086131463,4.801205481265894,2.0392749244712993,0.0,5.757812500000003,0.9493203309692664
prithivMLmods/Sombrero-Opus-14B-Elite5,78.80756393037142,50.17464726204971,53.54984894259819,11.521252796420578,13.216666666666669,46.669991134751776
prithivMLmods/Sombrero-Opus-14B-Elite6,72.26049105262925,49.59519138828582,40.78549848942598,19.12751677852349,20.740885416666668,48.775487588652474
prithivMLmods/Sombrero-Opus-14B-Sm1,38.12872068334242,47.03125392036906,56.646525679758305,20.46979865771812,27.236979166666657,45.829639479905445
prithivMLmods/Sombrero-Opus-14B-Sm2,42.72242095417936,51.25185799428797,48.6404833836858,18.456375838926174,24.534895833333337,48.27681737588653
prithivMLmods/Sombrero-Opus-14B-Sm4,43.469328049575125,51.15996014172698,48.79154078549849,19.35123042505593,25.7625,47.778147163120565
prithivMLmods/Sombrero-Opus-14B-Sm5,68.5160928558447,50.59600634041891,40.93655589123867,18.232662192393736,19.511458333333337,48.88630319148937
prithivMLmods/Sqweeks-7B-Instruct,21.579852568961464,24.982149693508465,51.43504531722054,7.606263982102905,14.2171875,23.703457446808507
prithivMLmods/Tadpole-Opus-14B-Exp,57.495223784004224,47.77876442051519,31.344410876132933,18.120805369127517,18.50546875,48.027482269503544
prithivMLmods/Taurus-Opus-7B,42.23283111034278,34.23401639666226,21.676737160120847,10.17897091722595,14.219010416666665,32.790336879432616
prithivMLmods/Triangulum-10B,32.29353670483207,42.24074650996805,35.49848942598187,13.870246085011187,10.589583333333335,35.311391843971634
prithivMLmods/Triangulum-5B,12.832063369637009,4.293501650120951,1.0574018126888218,0.6711409395973182,2.7343749999999996,2.482269503546098
prithivMLmods/Triangulum-v2-10B,67.05231009277605,42.75472604416384,24.47129909365559,11.6331096196868,12.575781249999997,38.5158096926714
prithivMLmods/Tucana-Opus-14B-r999,60.672571000500895,50.5867616437716,40.6344410876133,18.903803131991047,18.99557291666666,48.71084515366431
prithivMLmods/Tulu-MathLingo-8B,55.89402784611497,24.70335071867501,14.501510574018129,5.369127516778524,7.603385416666666,22.715351654846337
prithivMLmods/Viper-Coder-7B-Elite14,14.882844186757804,1.788971578530402,1.0574018126888218,0.6711409395973182,1.5361979166666664,0.9862588652482256
prithivMLmods/Viper-Coder-Hybrid-v1.2,67.35705705306366,48.286401555658045,33.30815709969788,16.554809843400445,20.305468749999996,47.140957446808514
prithivMLmods/Viper-Coder-Hybrid-v1.3,75.54776880898238,49.614467306055566,45.16616314199396,11.74496644295302,14.873697916666664,45.524896572104026
prithivMLmods/Viper-Coder-HybridMini-v1.3,61.037269999157786,33.666954037290026,46.299093655589125,8.948545861297541,15.611197916666669,37.241430260047274
prithivMLmods/Viper-Coder-v0.1,55.214608350288344,44.62725748233725,32.703927492447136,13.870246085011187,13.030989583333332,32.5317671394799
prithivMLmods/Viper-Coder-v1.1,44.3236168920686,49.268009957854,54.607250755287005,20.134228187919465,26.20755208333333,47.02090721040189
prithivMLmods/Viper-Coder-v1.6-r999,44.32860366050967,49.268009957854,56.57099697885196,20.134228187919465,26.20755208333333,47.02090721040189
prithivMLmods/Viper-Coder-v1.7-Vsm6,50.03889679384034,49.533250464441856,46.45015105740181,19.57494407158837,18.860416666666666,47.63962765957447
prithivMLmods/Viper-OneCoder-UIGEN,46.91895282295421,42.73215347452439,38.670694864048336,12.304250559284116,15.193750000000003,32.263962765957444
prithivMLmods/Volans-Opus-14B-Exp,58.67675545330834,49.91426652749493,42.522658610271904,18.008948545861294,20.399739583333332,48.72007978723404
prithivMLmods/WebMind-7B-v0.1,52.78161943642867,35.064291045796445,36.48036253776435,8.948545861297541,15.117447916666668,36.4380171394799
pszemraj/Llama-3-6.3b-v0.1,10.438968603305897,18.67999639960586,2.1148036253776437,4.4742729306487705,6.154166666666666,20.44363179669031
pszemraj/Mistral-v0.3-6B,24.537449522821667,13.51509134454944,1.3595166163141994,2.0134228187919474,6.613020833333334,12.695774231678486
qingy2019/LLaMa_3.2_3B_Catalysts,49.9239794855428,21.345400954820075,12.915407854984895,5.145413870246088,7.946354166666668,22.309027777777775
qingy2019/OpenMath2-Llama3.1-8B,23.305939352030393,16.294369976218587,26.73716012084592,2.0134228187919474,2.010677083333334,6.148419030732861
qingy2019/Oracle-14B,23.583203677353865,23.18463030799016,6.419939577039275,1.0067114093959737,10.491666666666667,15.355348699763594
qingy2019/Qwen2.5-Math-14B-Instruct,60.66259746361875,47.0170855041099,37.160120845921455,16.33109619686801,19.632812499999996,48.119828605200944
qingy2019/Qwen2.5-Math-14B-Instruct-Alpha,59.80830862112529,47.750107640063504,31.419939577039273,15.99552572706935,17.95052083333333,48.119828605200944
qingy2019/Qwen2.5-Math-14B-Instruct-Pro,19.216789230353243,33.03690414223814,28.3987915407855,8.165548098434002,4.25390625,28.422355200945624
qingy2019/Qwen2.5-Ultimate-14B-Instruct,39.380177927897975,40.58060064469629,28.92749244712991,14.205816554809845,9.887500000000005,43.659500591016545
qingy2024/Benchmaxx-Llama-3.2-1B-Instruct,20.136016879657085,76.69996850001888,48.036253776435046,4.4742729306487705,3.579427083333334,1.2540632387706852
qingy2024/Eyas-17B-Instruct,65.74588757829227,43.85006553278257,24.69788519637462,8.612975391498878,15.354166666666666,37.13984929078014
qingy2024/Falcon3-2x10B-MoE-Instruct,78.49783020164276,45.07385265905592,27.94561933534743,10.738255033557047,12.910937499999996,38.03560874704491
qingy2024/Fusion-14B-Instruct,72.59770741632202,48.57983591380125,33.68580060422961,13.982102908277405,14.805208333333333,44.93388002364066
qingy2024/Fusion2-14B-Instruct,60.64010159709571,44.76704383085473,31.268882175226587,12.639821029082771,17.223177083333326,45.00775709219858
qingy2024/Fusion4-14B-Instruct,76.48949232480928,50.69585563958964,38.82175226586103,10.738255033557047,13.971614583333327,46.596114066193856
qingy2024/OwO-14B-Instruct,13.83119013107444,44.94845230112603,41.616314199395774,15.212527964205815,13.652604166666665,46.45759456264776
qingy2024/QwEnlarge-16B-Instruct,78.01821389468832,42.5954533547226,45.996978851963746,11.0738255033557,9.898958333333333,38.617390661938536
qingy2024/QwQ-14B-Math-v0.2,33.90969294804452,39.099213742951825,48.11178247734139,1.6778523489932915,8.595052083333334,42.21889775413712
qingy2024/Qwarkstar-4B,19.941200459225964,16.574205111821954,8.610271903323262,9.955257270693512,14.0875,15.83554964539007
qingy2024/Qwarkstar-4B-Instruct-Preview,53.24372664530114,20.23401722066339,12.83987915407855,4.026845637583895,6.19921875,16.694370567375884
qingy2024/Qwen2.5-4B,21.584839337402535,19.977752146023,5.13595166163142,5.480984340044745,16.528906250000002,16.943705673758867
qingy2024/Qwen2.5-Coder-Draft-1.5B-Instruct,41.25110262991086,13.001065842415562,15.78549848942598,1.342281879194629,2.6166666666666667,13.82239952718676
qingy2024/Qwen2.5-Math-14B-Instruct-Alpha,77.04402097545623,50.1795027462589,42.90030211480362,13.19910514541387,8.728385416666669,44.065824468085104
qingy2024/Qwen2.5-Math-14B-Instruct-Preview,78.25802204816554,47.050807568284256,47.583081570996974,12.080536912751676,10.165625,44.37056737588653
qingy2024/Qwen2.6-14B-Instruct,58.10970447302047,48.04794799002712,30.513595166163142,17.225950782997764,16.017187500000002,47.611923758865245
qingy2024/Qwen2.6-Math-14B-Instruct,38.6231864785436,47.02211721984639,42.90030211480362,15.99552572706935,19.515104166666664,47.122488179669034
qq8933/OpenLongCoT-Base-Gemma2-2B,19.65141380426158,3.546298466806123,2.3413897280966767,1.6778523489932915,2.114583333333334,3.507313829787232
raphgg/test-2.5-72B,84.37047035199936,62.1541268705062,41.08761329305136,18.568232662192393,20.515104166666664,53.74372044917257
rasyosef/Mistral-NeMo-Minitron-8B-Chat,44.51843331249973,26.036695387358723,2.719033232628399,3.467561521252797,12.936718749999995,15.595449172576831
rasyosef/Phi-1_5-Instruct-v0.1,24.022815019703277,4.820243721122045,1.3595166163141994,1.342281879194629,3.402864583333334,6.240765366430259
rasyosef/phi-2-instruct-apo,31.459194936102875,21.672437586715603,3.0211480362537766,2.684563758389265,3.6106770833333353,12.834293735224584
rasyosef/phi-2-instruct-v0.1,36.81476260765879,26.35880186790661,0.0,3.243847874720355,5.044270833333334,13.85010342789598
realtreetune/rho-1b-sft-MATH,21.210166801863497,4.19762318329166,3.474320241691843,0.3355704697986553,2.897135416666666,1.300236406619384
recoilme/Gemma-2-Ataraxy-Gemmasutra-9B-slerp,76.48949232480928,42.25120987807252,1.7371601208459215,10.738255033557047,12.39322916666667,35.63460401891253
recoilme/recoilme-gemma-2-9B-v0.1,75.1506004069203,42.321861031477475,20.39274924471299,11.85682326621924,11.526562500000002,35.09899527186761
recoilme/recoilme-gemma-2-9B-v0.2,75.91745457608036,43.02796904930725,5.287009063444108,10.514541387024613,10.401041666666664,35.145168439716315
recoilme/recoilme-gemma-2-9B-v0.3,74.39371977464239,42.026279212829245,8.761329305135952,9.843400447427292,12.081510416666664,34.13859338061466
recoilme/recoilme-gemma-2-9B-v0.4,25.618913372074985,42.44248167542507,8.459214501510575,12.080536912751676,18.3859375,37.841681442080386
recoilme/recoilme-gemma-2-9B-v0.5,76.64186580495308,42.353355406534206,21.148036253776432,11.521252796420578,12.163802083333335,35.551492316784866
redrix/AngelSlayer-12B-Unslop-Mell-RPMax-DARKNESS,53.59590331431713,29.965932310715313,11.329305135951662,8.7248322147651,8.822656249999996,24.220596926713945
redrix/patricide-12B-Unslop-Mell,40.73901691955123,33.98944760745952,13.141993957703926,9.843400447427292,11.856249999999998,28.560874704491717
refuelai/Llama-3-Refueled,46.19952836252256,41.721971003391026,6.646525679758309,6.599552572706939,14.642447916666669,23.278664302600472
rhplus0831/maid-yuzu-v7,64.62430794735747,26.8198371046094,10.196374622356496,7.941834451901568,9.769791666666666,28.219193262411352
rhymes-ai/Aria,47.730798725160355,39.28149335481041,19.335347432024168,14.988814317673372,14.05208333333333,37.83244680851063
rhysjones/phi-2-orange-v2,36.697407323678945,25.60654883732465,4.078549848942599,1.5659955257270708,6.969791666666668,17.026817375886523
riaz/FineLlama-3.1-8B,43.734070045257695,24.14877809167861,5.13595166163142,3.355704697986576,7.76979166666667,21.81959219858156
rmdhirr/Gluon-8B,50.52848663767692,30.34224724618852,14.425981873111782,8.277404921700223,9.085677083333335,31.201979905437344
rombodawg/Rombos-Coder-V2.5-Qwen-14b,70.47445223119101,44.51949885999458,33.00604229607251,7.046979865771815,6.965625,32.661052009456256
rombodawg/Rombos-Coder-V2.5-Qwen-7b,62.103884360164365,30.221720429768265,33.383685800604226,4.4742729306487705,7.608854166666666,26.640070921985817
rombodawg/Rombos-LLM-V2.5-Qwen-0.5b,28.466690603155183,8.412218566269734,6.797583081570997,2.2371364653243813,0.7812499999999996,9.620641252955084
rombodawg/Rombos-LLM-V2.5-Qwen-1.5b,34.02461025634206,18.711343783972325,8.534743202416918,5.145413870246088,10.35234375,21.35786052009456
rombodawg/Rombos-LLM-V2.5-Qwen-14b,58.40447789642593,49.38690027144481,45.54380664652568,16.21923937360179,18.832812499999992,48.6184988179669
rombodawg/Rombos-LLM-V2.5-Qwen-32b,68.26631116548536,58.261894086787414,49.546827794561935,19.57494407158837,24.727083333333336,54.621010638297875
rombodawg/Rombos-LLM-V2.5-Qwen-3b,53.42358276040905,27.213596951125695,27.94561933534743,7.718120805369126,8.554166666666667,30.67560579196217
rombodawg/Rombos-LLM-V2.5-Qwen-72b,71.5535889218385,61.26714504573664,54.229607250755286,19.798657718120808,17.322916666666668,54.83340721040189
rombodawg/Rombos-LLM-V2.5-Qwen-7b,62.3711751486057,36.372350414300634,38.14199395770393,9.060402684563762,12.003385416666667,38.54351359338061
rombodawg/Rombos-LLM-V2.5.1-Qwen-3b,25.95125378440316,14.88140918445136,9.138972809667676,3.243847874720355,7.822656250000001,19.104609929078016
rombodawg/Rombos-LLM-V2.6-Nemotron-70b,75.26551771521784,55.80557342514651,33.30815709969788,20.805369127516784,18.391406250000003,48.101359338061464
rombodawg/Rombos-LLM-V2.6-Qwen-14b,84.31550508207113,49.27851764033085,52.11480362537765,11.185682326621922,12.291145833333337,44.01041666666667
rombodawg/rombos_Replete-Coder-Instruct-8b-Merged,53.87571643239937,21.937706578272657,7.779456193353475,2.572706935123044,3.4539062499999993,8.983451536643026
rombodawg/rombos_Replete-Coder-Llama3-8B,47.14125187834945,7.087845117845117,3.927492447129909,2.2371364653243813,7.712760416666666,3.719710401891251
rootxhacker/Apollo-70B,50.9856070781083,53.528405173016914,56.11782477341389,27.628635346756152,23.146354166666654,47.54728132387708
rootxhacker/Apollo_v2-32B,42.8048688590717,58.274951480798315,42.74924471299094,17.114093959731544,23.823177083333334,54.10387115839244
rootxhacker/apollo-7B,29.53330496416176,11.072693643924143,2.56797583081571,3.803131991051453,9.040625,8.309323286052008
rsh345/mistral-ft-optimized-1218-NeuralHermes-2.5-Mistral-7B,38.91807071902552,32.78974404613455,7.326283987915408,7.046979865771815,17.26640625,22.816932624113473
rubenroy/Geneva-12B-GCv2-5m,25.863819111069738,32.64683054938012,8.006042296072508,5.033557046979867,5.193229166666668,24.9963061465721
rubenroy/Gilgamesh-72B,84.86006019583593,61.83602130504769,43.80664652567976,19.239373601789712,17.664062499999996,53.3558658392435
rubenroy/Zurich-14B-GCv2-5m,61.63679038285083,46.7337399544949,30.74018126888218,14.87695749440716,21.364322916666666,47.030141843971634
ruizhe1217/sft-s1-qwen-0.5b,27.48751091548203,8.27626354194646,6.193353474320242,2.796420581655486,0.7812499999999996,9.90691489361702
rwitz/go-bruins-v2,40.958877999264175,12.69326018768569,6.722054380664652,1.6778523489932915,10.985416666666664,19.566341607565015
sabersaleh/Llama2-7B-CPO,15.454881935486728,8.656016246266047,1.3595166163141994,2.348993288590602,9.269531250000002,6.730200945626476
sabersaleh/Llama2-7B-DPO,14.533105493424117,9.362230727907605,1.5861027190332326,2.460850111856823,10.453906250000005,6.951832151300234
sabersaleh/Llama2-7B-IPO,17.685518867715437,9.019805379879918,1.5861027190332326,2.348993288590602,9.328385416666668,6.859485815602836
sabersaleh/Llama2-7B-KTO,15.284999357260956,9.514963942405524,1.8882175226586104,2.348993288590602,11.187239583333335,7.0718823877068555
sabersaleh/Llama2-7B-SPO,15.667207453999833,7.766130774573562,1.9637462235649543,3.5794183445190177,6.728385416666669,8.41090425531915
sabersaleh/Llama2-7B-SimPO,16.58643510330368,8.98121133440231,1.5861027190332326,2.796420581655479,8.587239583333334,7.127290189125294
sabersaleh/Llama3,33.20777758569484,26.70679448256402,5.664652567975831,8.05369127516779,7.101302083333334,24.017434988179662
sabersalehk/Llama3-001-300,31.786437762913515,25.706819355250055,5.287009063444108,6.599552572706939,9.366145833333334,23.98049645390071
sabersalehk/Llama3-SimPO,36.42014299835547,27.448561942356932,5.740181268882175,7.718120805369126,11.007552083333332,23.96202718676123
sabersalehk/Llama3_001_200,32.1836061649756,25.62556750692528,5.13595166163142,7.158836689038028,9.366145833333334,24.257535460992905
sabersalehk/Llama3_01_300,29.588270234089993,25.1552501785412,4.984894259818732,7.718120805369126,9.144531250000002,23.60187647754137
saishf/Fimbulvetr-Kuro-Lotus-10.7B,49.39438467710121,19.90882095261725,5.362537764350453,6.823266219239373,16.03046875,26.547724586288417
saishf/Neural-SOVLish-Devil-8B-L3,41.98803618842449,30.100237081099607,8.91238670694864,7.718120805369126,10.23645833333333,31.19274527186761
saishshinde15/TethysAI_Base_Reasoning,63.68757119997163,23.597502964331113,31.419939577039273,4.809843400447425,9.765625000000002,24.848552009456267
saishshinde15/TethysAI_Vortex,42.97718941297978,26.91431404565564,31.49546827794562,7.38255033557047,15.155989583333335,24.894725177304963
saishshinde15/TethysAI_Vortex_Reasoning,40.211970903868405,25.73813775767069,21.45015105740181,7.270693512304249,9.62265625,26.455378250591018
sakaltcommunity/novablast-preview,45.30279657974175,58.18215998102389,48.94259818731118,17.561521252796418,24.49765625,54.61177600472813
sakaltcommunity/sakaltum-7b,26.038688457736583,23.75264450329209,2.9456193353474323,3.0201342281879207,5.754166666666666,19.65868794326241
sakhan10/quantized_open_llama_3b_v2,18.722212618075595,2.805733273363854,0.0,3.5794183445190177,4.687499999999999,1.0601359338061456
saltlux/luxia-21.4b-alignment-v1.0,36.92967991595633,48.02111296160791,9.743202416918429,6.823266219239373,12.50546875,26.70471335697399
saltlux/luxia-21.4b-alignment-v1.2,41.1536944196953,47.76916471884749,8.459214501510575,7.718120805369126,14.903645833333329,27.48042257683215
sam-paech/Darkest-muse-v1,73.44202272193337,42.61173126837064,21.45015105740181,12.527964205816552,15.276041666666671,35.37603427895981
sam-paech/Delirium-v1,72.07564816908027,42.31507908993327,21.07250755287009,12.416107382550338,15.230989583333338,35.44067671394799
sam-paech/Quill-v1,71.22135932658679,42.59766913903588,21.22356495468278,11.968680089485462,16.13489583333333,35.237514775413715
sarvamai/OpenHathi-7B-Hi-v0.1-Base,18.040244329490196,7.645606515056556,0.8308157099697886,0.4474272930648763,5.030468750000002,6.03760342789598
schnapss/testmerge-7b,39.22281767931311,32.63816624149671,6.873111782477341,6.152125279642054,17.703645833333333,22.89080969267139
sci-m-wang/Mistral-7B-Instruct-sa-v0.1,43.35186194851882,5.7436460774299505,1.4350453172205435,1.230425055928408,6.6833333333333345,15.133717494089836
sci-m-wang/Phi-3-mini-4k-instruct-sa-v0.1,50.206230579307345,36.605419148768114,14.803625377643504,10.514541387024613,9.64609375,33.16895685579196
sci-m-wang/deepseek-llm-7b-chat-sa-v0.1,40.35935761557113,12.05197465522808,2.643504531722054,0.8948545861297527,9.864062499999998,13.434544917257682
securin/Securin-LLM-V2.5-Qwen-1.5B,14.92030035860406,4.863456136709561,2.492447129909366,0.0,2.2460937499999996,6.831781914893617
senseable/WestLake-7B-v2,44.18620371724801,17.858141685089326,4.833836858006042,3.5794183445190177,7.481510416666669,19.60328014184397
sequelbox/Llama3.1-70B-PlumChat,56.16131863455631,52.81275213512472,30.28700906344411,18.791946308724835,20.138541666666665,46.263667257683224
sequelbox/Llama3.1-8B-MOTH,52.449389841176966,27.91633224536528,12.16012084592145,2.460850111856823,4.047916666666668,25.984411938534276
sequelbox/Llama3.1-8B-PlumChat,42.427647530773896,13.935991387298124,3.625377643504532,2.0134228187919474,4.765625000000001,12.520316193853429
sequelbox/Llama3.1-8B-PlumCode,20.448299401144517,8.502927271642019,2.719033232628399,3.467561521252797,8.967968750000002,14.838209219858156
sequelbox/Llama3.1-8B-PlumMath,22.4241678745728,16.44658382894578,4.758308157099698,9.060402684563762,8.981770833333334,21.948877068557916
sequelbox/gemma-2-9B-MOTH,20.58815055164741,3.2122172300496232,1.0574018126888218,1.342281879194629,0.6184895833333329,1.5588061465721037
sethuiyer/Llama-3.1-8B-Experimental-1206-Instruct,69.67014189018471,30.055034247108825,11.178247734138973,6.599552572706939,8.504947916666664,28.09914302600473
sethuiyer/Llama-3.1-8B-Experimental-1208-Instruct,60.99981382731153,29.491580809437377,8.91238670694864,6.152125279642054,7.607031250000003,27.89598108747045
sethuiyer/LlamaZero-3.1-8B-Experimental-1208,60.51022398347496,28.61268788658586,10.80060422960725,2.460850111856823,7.149999999999996,22.21668144208038
sethuiyer/Llamaverse-3.1-8B-Instruct,61.854102669805016,34.78211812089758,18.580060422960727,5.480984340044745,8.420833333333336,28.034500591016545
sethuiyer/Llamazing-3.1-8B-Instruct,57.113015687265346,32.850609039112555,5.438066465256798,8.277404921700223,8.999218749999995,28.95796394799054
sethuiyer/Qwen2.5-7B-Anvita,64.80416406246536,35.482447523885746,20.166163141993955,10.290827740492167,13.473697916666673,35.172872340425535
shadowml/BeagSake-7B,52.15960318621258,25.19294464311316,5.0604229607250755,4.138702460850116,9.844270833333333,17.608599290780138
shadowml/Mixolar-4x7b,38.93303102434873,32.728963576299655,5.81570996978852,5.7046979865771785,12.718749999999996,25.615026595744684
shastraai/Shastra-LLAMA2-Math-Commonsense-SFT,30.415076441619348,13.659523241343653,1.7371601208459215,1.230425055928408,4.8226562500000005,11.079713356973992
shivam9980/NEPALI-LLM,4.166611258128433,13.12524427731519,0.906344410876133,1.5659955257270708,9.991406250000002,11.827718676122933
shivam9980/mistral-7b-news-cnn-merged,46.34192830578421,11.146535574656042,1.8882175226586104,7.829977628635347,15.665885416666669,20.305112293144205
shivank21/mistral_dpo_self,34.0345837932242,5.548411533266127,2.190332326283988,0.0,3.683333333333334,13.48995271867612
shuttleai/shuttle-3,81.5403130360776,64.05301565117443,45.996978851963746,21.58836689038031,14.64427083333333,52.40469858156028
shyamieee/Padma-v7.0,38.410971777106965,31.65752076487425,7.02416918429003,4.809843400447425,14.085677083333332,22.549128250591018
silma-ai/SILMA-9B-Instruct-v1.0,58.419438201749145,30.71300262979214,11.63141993957704,7.38255033557047,17.262239583333336,32.439420803782504
silma-ai/SILMA-Kashif-2B-Instruct-v1.0,11.807781131841292,12.844188209052897,1.1329305135951662,2.684563758389265,8.265885416666668,13.979388297872342
siqi00/Mistral-7B-DFT,55.68668909604294,25.364499387227273,3.776435045317221,7.270693512304249,10.62265625,21.81035756501182
siqi00/Mistral-7B-DFT2,58.037230105010266,15.39381048021219,4.531722054380665,6.599552572706939,14.109114583333335,20.582151300236408
skumar9/Llama-medx_v2,44.62337708391512,27.423041996880624,9.138972809667674,7.38255033557047,3.3656250000000028,27.369606973995275
skymizer/Llama2-7b-sft-chat-custom-template-dpo,23.528238407425633,11.238865074478818,1.4350453172205435,0.0,14.124739583333332,10.51640070921986
someon98/qwen-CoMa-0.5b,22.76637100670665,2.1267939195880374,0.4531722054380665,0.0,8.704947916666667,1.0970744680851066
sometimesanotion/ChocoTrio-14B-v1,70.88912973133507,50.01329228044157,39.72809667673716,18.008948545861294,19.756510416666668,48.55385638297872
sometimesanotion/IF-reasoning-experiment-40,63.29793835910938,44.30640768056546,37.160120845921455,17.337807606263986,25.860416666666666,44.72148345153664
sometimesanotion/IF-reasoning-experiment-80,54.62761029623621,17.482339572802207,9.894259818731117,4.5861297539149914,22.973958333333332,26.307624113475175
sometimesanotion/KytheraMix-7B-v0.2,61.28705168951715,37.50149964913648,29.229607250755286,11.409395973154364,15.927083333333334,38.949837470449175
sometimesanotion/Lamarck-14B-v0.1-experimental,53.53850006870659,50.794907669194664,35.80060422960725,17.561521252796418,18.638802083333335,48.97864952718677
sometimesanotion/Lamarck-14B-v0.3,50.31616111916382,51.27430858821048,34.06344410876133,18.456375838926174,18.001562500000002,49.006353427895974
sometimesanotion/Lamarck-14B-v0.4-Qwenvergence,49.06470387460827,50.20804499847927,33.987915407854985,17.114093959731544,20.385937499999994,48.96018026004729
sometimesanotion/Lamarck-14B-v0.6,69.72510716011294,49.29789462939962,40.40785498489426,18.568232662192393,20.119270833333335,48.88630319148937
sometimesanotion/Lamarck-14B-v0.6-002-model_stock,66.9224324791553,45.00658355961355,37.764350453172206,16.554809843400445,25.45260416666666,45.04469562647754
sometimesanotion/Lamarck-14B-v0.6-model_stock,67.89662539838739,46.491326082885486,42.44712990936556,17.897091722595075,22.68203124999999,46.64228723404256
sometimesanotion/Lamarck-14B-v0.7-Fusion,68.21134589555712,50.42650008400056,40.40785498489426,20.134228187919465,22.125260416666663,48.78472222222222
sometimesanotion/Lamarck-14B-v0.7-rc1,73.0548278567534,49.50816072696898,38.51963746223565,18.568232662192393,18.134895833333335,49.06176122931441
sometimesanotion/Lamarck-14B-v0.7-rc4,72.10811757248545,49.854949919143934,40.25679758308157,18.568232662192393,21.06640625,48.88630319148937
sometimesanotion/LamarckInfusion-14B-v1,71.98322672730578,50.34764346772722,41.69184290030212,18.791946308724835,20.903645833333332,48.62773345153664
sometimesanotion/LamarckInfusion-14B-v2,68.11892445378263,50.84149099483824,43.8821752265861,18.34451901565996,22.40755208333333,49.07099586288417
sometimesanotion/LamarckInfusion-14B-v2-hi,68.5485622592499,50.65842470890095,42.296072507552864,18.456375838926174,20.156510416666663,48.94171099290781
sometimesanotion/LamarckInfusion-14B-v2-lo,67.87911630030541,50.25299157009956,42.37160120845921,18.120805369127517,22.02135416666667,48.85859929078014
sometimesanotion/LamarckInfusion-14B-v3,71.31378076836128,50.091807278816894,41.23867069486405,18.232662192393736,19.652604166666663,48.96941489361702
sometimesanotion/Qwen-14B-ProseStock-v4,49.42186731206532,49.54129977932439,36.40483383685801,18.456375838926174,21.69583333333333,48.73854905437352
sometimesanotion/Qwen-2.5-14B-Virmarckeoso,48.132953895663505,50.65229487013111,35.64954682779456,17.225950782997764,19.519270833333326,48.63696808510639
sometimesanotion/Qwen2.5-14B-Vimarckoso,45.74240792209116,49.178956415446315,33.8368580060423,19.01565995525727,20.466406249999995,48.101359338061464
sometimesanotion/Qwen2.5-14B-Vimarckoso-v2,45.0530148893824,50.419625407805114,35.80060422960725,17.67337807606264,19.503645833333337,48.6646719858156
sometimesanotion/Qwen2.5-14B-Vimarckoso-v3,72.56523801291684,48.581587256263106,40.03021148036254,17.337807606263986,19.385937499999997,48.25834810874704
sometimesanotion/Qwen2.5-14B-Vimarckoso-v3-IF-Variant,64.12973133507981,35.653096662329,25.45317220543807,12.975391498881436,28.389583333333334,39.873300827423165
sometimesanotion/Qwen2.5-14B-Vimarckoso-v3-Prose01,68.72343160591674,47.70662461639211,39.95468277945619,18.232662192393736,19.55651041666667,47.50110815602837
sometimesanotion/Qwen2.5-14B-Vimarckoso-v3-model_stock,71.61852772864887,48.76100556664132,42.44712990936556,17.337807606263986,19.230989583333336,47.953605200945624
sometimesanotion/Qwen2.5-7B-Gordion-v0.1,74.81837081166859,36.01177427952259,29.154078549848943,7.718120805369126,8.569791666666669,36.6688829787234
sometimesanotion/Qwen2.5-7B-Gordion-v0.1-Prose,53.47101246913745,37.44132686992394,28.92749244712991,9.395973154362418,14.70546875,39.17146867612293
sometimesanotion/Qwen2.5-7B-Gordion-v0.1-Reason,49.17208562170596,36.259832032643125,26.208459214501513,12.080536912751676,13.660416666666668,36.74276004728132
sometimesanotion/Qwentessential-14B-v1,62.79083941719083,50.365974711716206,40.70996978851964,18.34451901565996,20.778124999999996,48.68314125295508
sometimesanotion/Qwentinuum-14B-v013,67.11226213114536,43.96523461481209,37.08459214501511,14.317673378076066,24.99374999999999,44.3428634751773
sometimesanotion/Qwentinuum-14B-v1,50.31616111916382,50.73749377731295,36.027190332326285,17.67337807606264,19.156510416666663,48.99711879432624
sometimesanotion/Qwentinuum-14B-v2,53.78329499062488,50.53548026965414,37.53776435045317,18.456375838926174,18.193750000000005,48.9878841607565
sometimesanotion/Qwentinuum-14B-v3,61.57683834448153,50.03761140499875,35.34743202416919,18.34451901565996,20.615364583333328,49.03405732860521
sometimesanotion/Qwentinuum-14B-v5,62.8557782240012,50.28397367122805,34.44108761329305,18.34451901565996,21.089843749999996,49.08946513002365
sometimesanotion/Qwentinuum-14B-v6,63.04062110755019,50.2319102421481,36.027190332326285,18.232662192393736,21.17812499999999,48.88630319148937
sometimesanotion/Qwentinuum-14B-v6-Prose,56.428609422997646,50.14060102445929,37.00906344410876,18.456375838926174,21.340885416666666,48.8031914893617
sometimesanotion/Qwentinuum-14B-v7,61.092235269086025,50.34706507410995,35.725075528700906,18.791946308724835,19.94869791666666,48.99711879432624
sometimesanotion/Qwentinuum-14B-v8,54.115524585876585,50.11142993537886,39.12386706948641,17.785234899328863,20.74869791666666,49.02482269503546
sometimesanotion/Qwentinuum-14B-v9,51.073041751441735,50.80134720526892,34.818731117824775,18.120805369127517,19.364322916666666,49.1264036643026
sometimesanotion/Qwenvergence-14B-qv256,70.06232352380573,47.07821800122079,38.972809667673715,17.114093959731544,21.07421875,46.42065602836879
sometimesanotion/Qwenvergence-14B-v0.6-004-model_stock,68.59854076073707,46.366653802814,40.93655589123867,17.785234899328863,23.348697916666666,46.58687943262411
sometimesanotion/Qwenvergence-14B-v10,67.56938257157675,46.74625368312197,47.88519637462236,17.225950782997764,22.325260416666666,47.10401891252955
sometimesanotion/Qwenvergence-14B-v11,71.92327468893646,47.54895322758622,46.45015105740181,16.33109619686801,18.764322916666668,48.082890070921984
sometimesanotion/Qwenvergence-14B-v12-Prose,54.12051135431766,49.672529400653026,35.34743202416919,18.232662192393736,22.258593749999992,48.68314125295508
sometimesanotion/Qwenvergence-14B-v12-Prose-DS,61.734198593066395,49.86582018521094,43.05135951661632,19.239373601789712,24.78411458333333,48.54462174940899
sometimesanotion/Qwenvergence-14B-v13-Prose-DS,71.78087474567481,48.43969044109607,38.59516616314199,17.785234899328863,21.548697916666654,48.32299054373522
sometimesanotion/Qwenvergence-14B-v15-Prose-MS,50.32114788760489,50.27819609278966,36.329305135951664,19.35123042505593,21.178125,48.81242612293145
sometimesanotion/Qwenvergence-14B-v2-Prose,47.04883043657496,49.93347199164365,35.57401812688822,19.12751677852349,21.47421874999999,48.5723256501182
sometimesanotion/Qwenvergence-14B-v3,50.4410519643435,50.35268751505373,36.933534743202415,17.897091722595075,20.740885416666668,48.73854905437352
sometimesanotion/Qwenvergence-14B-v3-Prose,49.17707239014703,49.79836668099142,36.48036253776435,19.35123042505593,21.7703125,48.55385638297872
sometimesanotion/Qwenvergence-14B-v3-Reason,53.66837768232734,50.69444798867054,35.80060422960725,18.232662192393736,18.45260416666667,48.83089539007093
sometimesanotion/Qwenvergence-14B-v6-Prose,59.900730062899775,50.11997604002554,35.64954682779456,18.456375838926174,21.015364583333326,48.56309101654846
sometimesanotion/Qwenvergence-14B-v6-Prose-model_stock,48.11045802914046,49.91412568099364,36.027190332326285,19.12751677852349,21.036979166666654,48.74778368794326
sometimesanotion/Qwenvergence-14B-v8,59.13387589373972,49.83459258547442,40.48338368580061,17.4496644295302,19.09765625,49.27415780141844
sometimesanotion/Qwenvergence-14B-v9,65.98070896332841,44.84335580801755,41.389728096676734,15.771812080536916,25.23098958333333,45.67265070921986
sometimesanotion/lamarck-14b-prose-model_stock,42.76486389446668,49.383875963761994,34.13897280966767,19.12751677852349,20.274218749999992,48.37839834515367
sometimesanotion/lamarck-14b-reason-model_stock,49.64671516021933,50.715404125684955,35.80060422960725,17.897091722595075,18.793749999999992,48.91400709219858
sonthenguyen/ft-unsloth-zephyr-sft-bnb-4bit-20241014-161415,28.93378458046871,12.789212309485556,1.1329305135951662,0.0,6.024479166666666,4.4584810874704495
sonthenguyen/ft-unsloth-zephyr-sft-bnb-4bit-20241014-164205,31.993776512985548,16.710725154148115,0.8308157099697886,3.467561521252797,12.097135416666667,12.492612293144209
sonthenguyen/ft-unsloth-zephyr-sft-bnb-4bit-20241014-170522,37.64411760794691,14.138281987896178,0.906344410876133,2.0134228187919474,14.11875,11.726137706855791
sonthenguyen/zephyr-sft-bnb-4bit-DPO-mtbc-213steps,42.75489035758454,19.669907319611504,2.56797583081571,1.5659955257270708,9.579427083333336,18.98455969267139
sonthenguyen/zephyr-sft-bnb-4bit-DPO-mtbo-180steps,40.871443325930755,21.35140303187909,2.3413897280966767,3.467561521252797,6.1638020833333345,19.418587470449168
sonthenguyen/zephyr-sft-bnb-4bit-DPO-mtbr-180steps,40.32190144372487,21.21356840671135,2.492447129909366,4.026845637583895,11.785416666666665,19.01226359338061
sophosympatheia/Midnight-Miqu-70B-v1.5,61.18465671086051,38.541461590145985,7.02416918429003,6.152125279642054,11.652083333333332,31.38667257683215
speakleash/Bielik-11B-v2,23.810489501190176,27.817906537862154,7.854984894259818,5.145413870246088,7.555989583333338,23.749630614657207
speakleash/Bielik-11B-v2.0-Instruct,52.52430218486949,33.774676263963016,11.858006042296072,8.948545861297541,14.738541666666668,26.12293144208038
speakleash/Bielik-11B-v2.1-Instruct,50.89817240477488,36.29005304442506,26.661631419939575,11.6331096196868,10.515104166666667,27.184914302600472
speakleash/Bielik-11B-v2.2-Instruct,55.519355310575946,36.95804119871526,26.812688821752268,10.850111856823268,10.107291666666669,27.628176713947987
speakleash/Bielik-11B-v2.3-Instruct,55.829089039304606,38.062787893588194,20.84592145015106,12.080536912751676,16.011197916666664,27.157210401891252
spmurrayzzz/Mistral-Syndicate-7B,24.9595517670891,20.50625197041595,3.3987915407854987,3.467561521252797,13.619010416666669,18.125738770685576
spow12/ChatWaifu_12B_v2.0,47.67583345523211,31.16523957802424,7.099697885196375,3.5794183445190177,15.83046875,26.529255319148938
spow12/ChatWaifu_22B_v2.0_preview,67.44947849483815,45.48829424136917,18.882175226586103,8.7248322147651,3.5343750000000003,33.19666075650118
spow12/ChatWaifu_v1.4,56.90567693719332,31.63055380047582,10.574018126888216,7.606263982102905,20.025,27.498891843971627
spow12/ChatWaifu_v2.0_22B,65.10891102275296,42.28622796334265,18.580060422960727,9.955257270693512,5.5914062499999995,31.506722813238763
ssmits/Qwen2.5-95B-Instruct,84.31051831363006,58.530351322851054,53.02114803625378,15.212527964205815,13.61484375,46.85468380614657
stabilityai/StableBeluga2,37.87140343178322,41.26326112722379,4.380664652567976,8.83668903803132,18.654427083333335,25.845892434988176
stabilityai/stablelm-2-12b,15.69214129620518,22.685797482043984,4.305135951661631,3.803131991051453,14.485677083333334,23.020094562647756
stabilityai/stablelm-2-12b-chat,40.81647805600252,25.253697090812636,5.362537764350453,2.2371364653243813,7.728385416666669,19.270833333333332
stabilityai/stablelm-2-1_6b,11.570521771122843,8.632695204968835,0.7552870090634441,0.0,5.791406249999999,5.1510786052009445
stabilityai/stablelm-2-1_6b-chat,30.59991932516833,7.493378297410634,2.492447129909366,0.0,5.712760416666669,6.905658983451536
stabilityai/stablelm-2-zephyr-1_6b,32.79310008555078,6.708710147938231,3.3232628398791544,0.0,5.993229166666668,7.930703309692672
stabilityai/stablelm-3b-4e1t,22.031986240951785,9.01307034954628,1.0574018126888218,0.0,4.422656249999999,7.432033096926712
stabilityai/stablelm-zephyr-3b,36.832271705740766,14.7591192080273,4.305135951661631,0.0,9.787760416666666,8.530954491725769
sthenno/tempesthenno-0120,53.90319906736349,47.90901771207657,33.53474320241692,19.239373601789712,16.548697916666665,47.667331560283685
sthenno/tempesthenno-fusion-0309,76.91913013027656,50.97985614656526,47.65861027190332,15.99552572706935,13.963802083333333,47.31641548463357
sthenno/tempesthenno-kto-0205-ckpt80,80.54362425032248,50.64379713470144,45.9214501510574,13.087248322147648,12.928385416666666,47.62115839243499
sthenno/tempesthenno-nuslerp-001,79.2646843708028,51.04491084341287,47.583081570996974,16.442953020134222,13.883333333333333,47.29794621749409
sthenno/tempesthenno-nuslerp-0124,70.03982765728267,49.276795334077576,41.1631419939577,18.680089485458616,20.207552083333336,48.35992907801419
sthenno/tempesthenno-ppo-ckpt40,79.23221496739761,50.57317166167434,47.35649546827795,17.00223713646532,14.56380208333333,47.685800827423165
sthenno/tempesthenno-sft-0309-ckpt10,77.43620260907724,50.60090254912357,47.205438066465256,16.21923937360179,14.385416666666664,47.307180851063826
sthenno/tempesthenno-sft-0314-stage1-ckpt50,73.93659933421101,51.25931343801958,46.82779456193353,16.442953020134222,15.058072916666664,47.796616430260045
sthenno/tempestissimo-14b-0309,75.48781677061308,50.92276703756472,47.9607250755287,15.548098434004473,13.83828125,47.56575059101655
sthenno-com/miscii-14b-0130,66.47029880716498,49.8388387063664,43.202416918429,17.561521252796418,20.9625,48.4799793144208
sthenno-com/miscii-14b-0218,76.55941790006072,50.6445656375432,51.43504531722054,17.785234899328863,13.208854166666663,47.75044326241135
sthenno-com/miscii-14b-1028,82.36711924360696,49.26266765557472,50.30211480362537,14.205816554809845,12.002864583333327,46.1436170212766
sthenno-com/miscii-14b-1225,78.7800812954073,50.91280572690238,45.16616314199396,17.00223713646532,14.771614583333331,47.464169621749406
streamerbtw1002/Nexuim-R1-7B-Instruct,69.34289906337406,31.4442193637187,44.5619335347432,1.230425055928408,1.2106770833333331,34.86812943262411
stupidity-ai/Llama-3-8B-Instruct-MultiMoose,23.181048506850715,1.2076926870097695,0.0,0.4474272930648763,2.7343749999999996,1.041666666666666
suayptalha/Clarus-7B-v0.1,74.54110648634511,36.03116366747631,49.24471299093656,7.606263982102905,15.169791666666663,37.63851950354609
suayptalha/Clarus-7B-v0.2,76.79423928509688,36.01880357725931,48.56495468277945,6.935123042505594,15.073697916666664,37.77703900709219
suayptalha/Clarus-7B-v0.3,75.090648368551,36.45786933549141,48.79154078549849,8.277404921700223,14.428645833333336,37.61081560283688
suayptalha/DeepSeek-R1-Distill-Llama-3B,70.92658590318135,21.44875568223163,20.921450151057403,1.45413870246085,2.914583333333334,21.976580969267136
suayptalha/Falcon3-Jessi-v0.4-7B-Slerp,76.76176988169169,37.28589655286154,39.65256797583081,8.277404921700223,20.485677083333332,34.00007387706855
suayptalha/HomerCreativeAnvita-Mix-Qw7B,78.07816593305762,36.98416750362379,36.102719033232624,8.612975391498878,14.732552083333337,38.27570921985816
suayptalha/Komodo-Llama-3.2-3B-v2-fp16,63.405320106207085,20.204328973550357,10.649546827794564,3.691275167785232,3.3716145833333333,20.582151300236408
suayptalha/Lamarckvergence-14B,76.55941790006072,50.32923622182769,54.003021148036254,15.100671140939594,16.336197916666666,47.593454491725765
suayptalha/Lix-14B-v0.1,78.13313120298585,51.473725053502925,52.94561933534743,15.99552572706935,13.422656250000005,47.93513593380615
suayptalha/Luminis-phi-4,69.00069593124022,55.80283046446502,46.37462235649547,13.534675615212524,16.677864583333328,49.15410756501182
suayptalha/Maestro-10B,77.67601076255447,39.54498059710542,19.108761329305135,11.0738255033557,13.832812500000005,35.754654255319146
suayptalha/Rombos-2.5-T.E-8.1,69.25047762159957,36.499861205880386,49.24471299093656,8.165548098434002,10.979427083333336,38.2849438534279
sumink/Qmerft,15.639724819035711,1.949013632691756,0.2265861027190332,0.3355704697986553,3.9283854166666665,1.7434988179669018
sumink/Qwenftmodel,17.290899258412125,14.041351651308329,8.91238670694864,0.8948545861297527,4.61484375,14.875147754137116
sumink/Qwenmplus,20.403307668098424,12.70658883354089,2.492447129909366,4.697986577181204,5.020833333333335,11.024305555555555
sumink/Qwensci,17.398281005509826,6.3198431947642675,2.0392749244712993,1.1185682326621946,3.6106770833333353,2.8885933806146578
sumink/bbhqwen,18.085236062536293,6.631749430919456,1.0574018126888218,1.0067114093959737,13.371614583333336,6.850251182033097
sumink/bbhqwen2,15.329991090307054,3.8643035117477176,0.6042296072507553,1.6778523489932915,14.41484375,1.6603871158392434
sumink/bbhqwen3,19.42911474886634,2.187659932659932,0.0,1.0067114093959737,5.218489583333333,1.8450797872340412
sumink/bbhqwen4,14.48567578469572,4.8923014124501245,0.6042296072507553,0.0,8.295312499999998,5.658983451536641
sumink/bbhqwen5,15.215073782009512,2.8132645692499794,0.2265861027190332,1.342281879194629,10.1421875,1.457225177304964
sumink/bbhqwen6,18.929551368147628,2.129703501956035,0.0755287009063444,1.1185682326621946,2.2460937499999996,1.6973256501182026
sumink/flflmillama,16.756317681529453,13.745933922898066,1.9637462235649543,5.592841163310966,4.02265625,12.178634751773048
sumink/ftgpt,7.871004490307939,1.9312767142279632,0.0,1.9015659955257265,10.097135416666667,1.9097222222222217
sumink/llamaft,16.086871722584963,12.950582368134748,1.6616314199395772,2.796420581655479,3.0598958333333326,12.381796690307327
sumink/llamamerge,26.718107953563212,24.376393916804787,1.5105740181268883,6.487695749440718,11.664062500000002,17.664007092198577
sumink/llftfl7,17.143512546709395,13.272908076195748,1.0574018126888218,4.138702460850116,3.001041666666666,8.253915484633568
sumink/llmer,31.911328608093193,26.830896875618176,6.495468277945619,6.375838926174497,8.189583333333337,28.09914302600473
sumink/qwft,11.965252197502624,2.872788366329503,0.0,0.3355704697986553,2.024479166666666,1.4387559101654843
sumink/qwmer,22.12440768272628,20.382371995631058,0.0755287009063444,4.921700223713646,9.030468750000004,13.499187352245862
sumink/solarmer3,37.41428299135184,33.44249367336016,5.81570996978852,5.480984340044745,15.050260416666664,25.80895390070922
sumink/somer,29.902990731259727,31.718258352659863,4.1540785498489425,6.487695749440718,18.424999999999997,27.19414893617021
sumink/somer2,31.324330554041055,31.37584098110337,4.682779456193353,7.158836689038028,18.654427083333328,27.027925531914892
sumink/somerft,14.305819669587803,3.6167949511136865,1.4350453172205435,0.0,8.99322916666667,1.300236406619384
sunbaby/BrainCog-8B-0.1-Instruct,42.53004250943053,24.283467839476657,9.667673716012084,6.823266219239373,6.332552083333334,20.646793735224584
swap-uniba/LLaMAntino-3-ANITA-8B-Inst-DPO-ITA,48.15046299374548,27.990827697552746,4.833836858006042,6.487695749440718,13.242447916666665,30.26004728132387
synergetic/FrankenQwen2.5-14B,18.69472998311148,44.273555426330965,0.0,2.684563758389265,5.532552083333332,37.57387706855792
talha2001/Beast-Soul-new,48.53510906616666,33.07275916855207,7.401812688821751,4.250559284116329,14.140885416666668,23.352541371158388
tangledgroup/tangled-llama-pints-1.5b-v0.1-instruct,15.090182936829834,3.8421954101765152,1.2084592145015105,0.0,4.850260416666665,1.2078900709219855
tangledgroup/tangled-llama-pints-1.5b-v0.2-instruct,17.24092075692496,4.0802054869970155,1.283987915407855,0.0,4.569791666666666,1.300236406619384
tanliboy/lambda-gemma-2-9b-dpo,45.0080231563363,35.554545346782085,9.441087613293051,8.501118568232664,7.940364583333334,31.017287234042552
tanliboy/lambda-qwen2.5-14b-dpo-test,82.31215397367873,48.45443982860533,54.607250755287005,14.988814317673372,12.587239583333336,42.75450650118203
tanliboy/lambda-qwen2.5-32b-dpo-test,80.83839767372794,54.40796058706255,61.027190332326285,14.205816554809845,13.328385416666665,51.739804964539005
tannedbum/Ellaria-9B,78.25802204816554,41.72156106008432,20.770392749244714,11.0738255033557,10.859895833333336,35.61613475177305
tannedbum/L3-Nymeria-Maid-8B,72.50029920610646,31.240944775904463,9.365558912386708,6.152125279642054,6.481510416666668,30.5186170212766
tannedbum/L3-Nymeria-v2-8B,71.68346653545925,32.262543662000034,9.214501510574015,5.369127516778524,5.134375000000001,30.592494089834517
tannedbum/L3-Rhaenys-8B,73.62686560548235,33.137944169076256,8.761329305135952,6.375838926174497,5.726562500000003,31.100398936170215
teknium/CollectiveCognition-v1.1-Mistral-7B,27.9046263913084,23.47613361696592,3.096676737160121,4.921700223713646,5.732552083333332,20.40669326241135
teknium/OpenHermes-13B,26.680651781716954,18.21332824040884,1.2084592145015105,3.0201342281879207,8.532552083333334,15.438460401891252
teknium/OpenHermes-2-Mistral-7B,52.86151854856226,29.251839211223313,4.531722054380665,4.4742729306487705,16.064062499999995,21.4594414893617
teknium/OpenHermes-2.5-Mistral-7B,55.71417173100706,27.770026367807574,5.0604229607250755,4.4742729306487705,12.058072916666667,22.826167257683213
teknium/OpenHermes-7B,18.12513021006485,12.08139546207365,1.5861027190332326,2.572706935123044,12.681510416666669,10.368646572104018
tensopolis/falcon3-10b-tensopolis-v1,78.16560060639105,45.059280249567784,27.492447129909365,10.626398210290828,14.191406249999996,37.99867021276595
tensopolis/falcon3-10b-tensopolis-v2,77.92080568447275,45.046927308391304,26.661631419939575,10.290827740492167,13.17760416666666,38.04484338061466
tensopolis/lamarckvergence-14b-tensopolis-v1,76.03735865281897,50.983494714854295,51.66163141993958,14.76510067114094,16.832291666666666,47.224069148936174
tensopolis/mistral-small-2501-tensopolis-v1,77.62104549262622,48.693238200527865,44.41087613293052,14.317673378076066,11.930729166666666,38.49734042553191
tensopolis/mistral-small-r1-tensopolis,46.2220242290456,34.60228302469567,29.078549848942597,4.250559284116329,7.385416666666669,33.72303486997636
tensopolis/phi-4-tensopolis-v1,67.66679078179232,55.036574654959814,49.39577039274924,11.297539149888143,10.624479166666667,48.71084515366431
tensopolis/qwen2.5-14b-tensopolis-v1,79.90166092634212,47.96504993841635,52.94561933534743,11.297539149888143,11.283333333333331,43.456338652482266
tensopolis/qwen2.5-3b-or1-tensopolis,35.400958346077296,22.10898759328048,17.29607250755287,5.92841163310962,4.532552083333335,24.414524231678485
tensopolis/qwen2.5-7b-tensopolis-v1,76.60939640154788,34.78352811189759,45.61933534743202,6.152125279642054,13.467708333333334,36.31796690307328
tensopolis/qwen2.5-7b-tensopolis-v2,75.21055244528961,35.224120159606855,48.18731117824773,5.369127516778524,12.24609375,36.03169326241135
tensopolis/virtuoso-lite-tensopolis-v1,80.6910109620252,43.94133513211286,25.45317220543807,12.639821029082771,17.446614583333332,38.16489361702128
tensopolis/virtuoso-lite-tensopolis-v2,80.29384255996311,43.93077957655731,25.0,12.416107382550338,17.676041666666666,38.22030141843972
tensopolis/virtuoso-small-tensopolis-v1,78.56276900845313,48.17122576570145,35.27190332326284,10.402684563758392,13.979427083333327,44.09352836879432
tensopolis/virtuoso-small-tensopolis-v2,80.20142111818863,50.22972026624839,38.74622356495468,10.514541387024613,14.83828125,46.15285165484633
tensopolis/virtuoso-small-v2-tensopolis-v1,84.19061423689145,50.96603012167689,45.2416918429003,12.863534675615217,16.532552083333332,46.39295212765958
tensoropera/Fox-1-1.6B,27.659831469390102,7.399760932518088,1.7371601208459215,1.789709172259505,3.873697916666666,4.12603427895981
tenyx/Llama3-TenyxChat-70B,80.87086707713311,49.61562001611543,23.564954682779454,6.823266219239373,12.520572916666667,46.780806737588655
theo77186/Qwen2.5-Coder-7B-Instruct-20241106,61.01477413263474,28.938504045379137,38.82175226586103,5.592841163310966,9.475520833333334,26.14140070921986
theprint/Boptruth-Agatha-7B,31.241882649148703,29.286422282807493,5.5135951661631415,6.599552572706939,11.758333333333336,20.674497635933804
theprint/CleverBoi-7B-v2,21.699756645700074,23.44418148733149,2.643504531722054,5.145413870246088,18.65807291666667,18.98455969267139
theprint/CleverBoi-7B-v3,23.823011830831085,21.93674717909172,4.003021148036254,2.1252796420581683,9.497135416666667,20.75760933806146
theprint/CleverBoi-Llama-3.1-8B-Instruct,16.816269719898756,24.048603081139294,4.909365558912387,6.711409395973152,8.279687500000003,23.057033096926716
theprint/CleverBoi-Llama-3.1-8B-v2,19.613957632415325,24.132844977310707,5.287009063444108,4.809843400447425,6.716927083333334,24.31294326241135
theprint/CleverBoi-Nemo-12B-v2,20.45827293802666,31.65269522562221,10.347432024169184,8.501118568232664,11.434635416666666,24.756205673758867
theprint/Code-Llama-Bagel-8B,25.29676813078188,25.33815455229531,6.117824773413897,3.467561521252797,7.530729166666667,20.240469858156025
theprint/Conversely-Mistral-7B,26.08113139802391,25.70696557300103,2.794561933534743,4.697986577181204,10.628645833333332,20.286643026004725
theprint/Llama-3.2-3B-VanRossum,47.82820693537591,19.366361887075996,9.743202416918429,2.348993288590602,6.554166666666667,19.66792257683215
theprint/ReWiz-7B,40.479261692309734,23.50442985462492,4.078549848942599,3.355704697986576,16.744531249999998,18.55976654846335
theprint/ReWiz-Llama-3.1-8B-v2,23.790542427425898,23.773287089432596,5.740181268882175,7.046979865771815,9.33854166666667,25.67043439716312
theprint/ReWiz-Llama-3.2-3B,46.48931501748693,19.293728122396512,10.95166163141994,4.4742729306487705,6.938541666666667,20.970005910165483
theprint/ReWiz-Nemo-12B-Instruct,10.623811486854878,29.926389365821837,10.42296072507553,9.843400447427292,10.22864583333333,25.993646572104012
theprint/ReWiz-Qwen-2.5-14B,27.85464788982123,44.86187336352475,29.229607250755286,17.337807606263986,15.436979166666667,45.46948877068559
theprint/ReWiz-Worldbuilder-7B,25.101951710350757,25.07634729001636,3.700906344410875,2.572706935123044,16.389583333333334,21.90270390070922
theprint/RuDolph-Hermes-7B,36.042921670057666,30.709648163100884,5.13595166163142,8.277404921700223,11.026822916666667,23.029329196217496
theprint/WorldBuilder-12B,13.743755457741017,29.277996282041656,4.45619335347432,6.263982102908276,8.997395833333337,24.35911643026005
theprint/phi-3-mini-4k-python,24.08775382651365,28.44601616578647,10.498489425981871,5.480984340044745,9.22083333333333,28.63475177304965
thinkcoder/llama3-8b-instruct-lora-8-sft,64.80416406246536,27.203772889314084,10.196374622356496,2.2371364653243813,2.232291666666667,27.508126477541374
thirdeyeai/elevate360m,4.448862351892978,2.339846843629065,1.5861027190332326,0.0,2.2773437500000004,0.8569739952718666
thomas-yanxin/XinYuan-Qwen2-1_5B,29.85556102253133,12.12557956003766,6.722054380664652,2.684563758389265,2.6244791666666685,15.078309692671397
thomas-yanxin/XinYuan-Qwen2-7B,44.376033369238066,28.40148852275863,14.577039274924472,5.480984340044745,9.259895833333337,32.494828605200944
thomas-yanxin/XinYuan-Qwen2-7B-0917,37.19198393595659,32.61993813582105,19.788519637462233,7.941834451901568,13.6796875,36.059397163120565
thomas-yanxin/XinYuan-Qwen2.5-7B-0917,35.770644113175265,33.43966927024198,19.335347432024168,4.138702460850116,3.677343750000001,32.023862293144205
tianyil1/MistralForCausalLM_Cal_DPO,53.276196048706325,21.78360838715177,2.8700906344410875,3.467561521252797,7.540364583333335,19.59404550827423
tiiuae/Falcon3-10B-Base,36.47754624396601,41.37546218651794,24.924471299093657,12.751677852348994,14.173958333333331,36.003989361702125
tiiuae/Falcon3-10B-Instruct,78.16560060639105,44.82153982483132,27.64350453172205,10.514541387024613,13.607031249999997,38.1002511820331
tiiuae/Falcon3-1B-Base,24.28013227126247,11.343173265854867,3.3232628398791544,3.9149888143176734,9.709114583333331,6.757904846335696
tiiuae/Falcon3-1B-Instruct,55.566785019304334,12.961374062508185,6.3444108761329305,2.2371364653243813,10.561979166666667,9.315898345153665
tiiuae/Falcon3-3B-Base,27.64985793250797,21.584784293773264,11.782477341389727,6.263982102908276,6.273697916666667,20.877659574468087
tiiuae/Falcon3-3B-Instruct,69.76755010040026,26.287229468432695,25.0,5.145413870246088,11.13255208333333,22.281323877068555
tiiuae/Falcon3-7B-Base,34.15947463840388,31.55991854750336,19.410876132930515,12.863534675615217,18.142708333333335,32.337839834515364
tiiuae/Falcon3-7B-Instruct,76.1247933261524,37.91581245917148,40.86102719033233,8.05369127516779,21.167968749999996,34.30481678486997
tiiuae/Falcon3-Mamba-7B-Base,28.911288713945662,25.53404880295316,19.410876132930515,7.941834451901568,4.393229166666667,22.641474586288417
tiiuae/Falcon3-Mamba-7B-Instruct,71.65099713205407,25.20350517239808,30.060422960725074,7.158836689038028,8.258072916666668,26.326093380614655
tiiuae/falcon-11B,32.613243970442866,21.937999462890275,2.794561933534743,2.796420581655479,7.530729166666667,15.438460401891252
tiiuae/falcon-40b,24.964538535530178,16.583304730312175,1.812688821752266,3.1319910514541416,5.193229166666668,16.722074468085104
tiiuae/falcon-40b-instruct,24.54487426694504,17.220114203264526,1.9637462235649543,0.0,5.161979166666666,14.016326832151298
tiiuae/falcon-7b,18.205140139274903,5.963936911876051,0.9818731117824772,0.0,4.497135416666667,1.392582742316784
tiiuae/falcon-7b-instruct,19.68886997610784,4.8231784606744315,1.2084592145015105,0.0,3.2539062500000004,1.725029550827422
tiiuae/falcon-mamba-7b,33.35760227307987,19.876877803543437,4.45619335347432,8.05369127516779,10.862239583333334,14.468823877068557
tinycompany/BiBo-v0.3,51.83989592060178,24.34266236145128,8.761329305135952,2.348993288590602,7.807031249999999,22.16127364066194
tinycompany/BiBo-v0.7,37.38181358794665,19.67472884227719,8.23262839879154,3.5794183445190177,8.585416666666667,18.3381353427896
tinycompany/ShawtyIsBad-bgem3,26.08113139802391,13.857811570359898,4.833836858006042,7.38255033557047,5.916927083333333,17.59013002364066
tinycompany/ShawtyIsBad-e5-large,24.682287441765624,14.177224162496438,4.531722054380665,6.935123042505594,6.138541666666666,17.433141252955085
tinycompany/ShawtyIsBad-ib,25.65149359255664,14.236689579644496,4.909365558912387,6.487695749440718,5.279687499999999,17.56242612293144
tinycompany/ShawtyIsBad-nomic-moe,26.07614462958284,14.318942650237616,4.305135951661631,7.606263982102905,6.671875,17.47007978723404
tinycompany/ShawtyIsBad-nomic1.5,25.439168074043536,14.217971903055156,4.305135951661631,8.165548098434002,5.4875,17.414671985815602
tinycompany/SigmaBoi-base,24.469961923252527,20.769956753887325,7.779456193353475,5.8165548098433995,12.483854166666667,20.18506205673759
tinycompany/SigmaBoi-bge-m3,24.50243132665771,21.20631466545509,7.628398791540786,5.92841163310962,13.254427083333336,20.212765957446805
tinycompany/SigmaBoi-bgem3,24.50243132665771,21.20631466545509,7.628398791540786,5.92841163310962,13.254427083333336,20.212765957446805
tinycompany/SigmaBoi-ib,24.77470888354011,21.076579169361132,7.401812688821751,5.033557046979867,11.254427083333336,20.268173758865245
tinycompany/SigmaBoi-nomic-moe,24.742239480134938,20.96864244921853,7.175226586102719,5.7046979865771785,12.121093750000002,20.40669326241135
tinycompany/SigmaBoi-nomic1.5,24.469961923252527,21.43784511243409,8.308157099697885,6.152125279642054,12.0171875,20.45286643026005
tinycompany/SigmaBoi-nomic1.5-fp32,24.62233540339632,21.43784511243409,8.308157099697885,6.152125279642054,12.0171875,20.45286643026005
tinycompany/Tamed-Shawty,38.30857679845033,14.653983733918906,7.175226586102719,1.6778523489932915,1.5950520833333328,17.793291962174944
tklohj/WindyFloLLM,26.685638550158025,24.39876319785054,1.5861027190332326,3.355704697986576,11.864062500000005,17.57166075650118
togethercomputer/GPT-JT-6B-v1,20.610646418170457,7.318523965141613,1.0574018126888218,1.45413870246085,3.873697916666666,6.951832151300234
togethercomputer/GPT-NeoXT-Chat-Base-20B,18.297561581049393,6.830794983137852,2.3413897280966767,0.0,1.7578124999999991,1.6142139479905429
togethercomputer/LLaMA-2-7B-32K,18.649738250065383,8.089984229889549,1.4350453172205435,0.0,4.320572916666666,8.530954491725769
togethercomputer/Llama-2-7B-32K-Instruct,21.300039450879225,8.563469919446954,1.5861027190332326,0.2237136465324418,9.199218750000002,8.678708628841607
togethercomputer/RedPajama-INCITE-7B-Base,20.822971936683555,5.0872422729164315,1.5861027190332326,0.6711409395973182,3.0166666666666657,2.186761229314421
togethercomputer/RedPajama-INCITE-7B-Chat,15.57977278066641,4.502173664381199,0.6797583081570997,0.3355704697986553,1.8617187499999996,1.3464095744680846
togethercomputer/RedPajama-INCITE-7B-Instruct,20.55069437980115,7.9054164937041635,2.1148036253776437,0.1118568232662209,5.03046875,3.027112884160755
togethercomputer/RedPajama-INCITE-Base-3B-v1,22.936253584932423,3.518607767474259,1.4350453172205435,0.0,4.001041666666667,1.2355939716312052
togethercomputer/RedPajama-INCITE-Chat-3B-v1,16.521496296493304,5.164727927050627,0.906344410876133,0.0,5.089322916666668,1.4110520094562635
togethercomputer/RedPajama-INCITE-Instruct-3B-v1,21.24263620526869,4.510786368926982,1.283987915407855,0.0,6.408854166666669,1.2171247044917255
tokyotech-llm/Llama-3-Swallow-8B-Instruct-v0.1,55.07719517546776,29.267966131617708,7.477341389728097,5.257270693512303,13.795572916666664,23.195552600472812
tomasmcm/sky-t1-coder-32b-flash,77.80090160773415,55.46594372212499,54.229607250755286,15.771812080536916,12.808854166666665,53.13423463356975
trthminh1112/autotrain-llama32-1b-finetune,17.685518867715437,2.852986635695443,1.5105740181268883,0.8948545861297527,3.475520833333334,1.0970744680851066
tugstugi/Qwen2.5-7B-Instruct-QwQ-v0.1,60.173007619782176,30.49889389653247,38.14199395770393,2.460850111856823,5.061718750000002,34.23093971631205
universalml/NepaliGPT-2.0,3.649538779327739,24.216690252212945,0.4531722054380665,4.138702460850116,17.50963541666666,25.550384160756497
unsloth/Llama-3.2-1B-Instruct,58.099730936138336,8.31684951238064,8.23262839879154,2.348993288590602,1.9518229166666672,8.244680851063828
unsloth/Llama-3.2-1B-Instruct-no-system-message,56.49853499824909,9.386371925607728,7.552870090634441,3.0201342281879207,2.291145833333333,7.432033096926712
unsloth/Phi-3-mini-4k-instruct,54.4027624480822,36.73247326561403,16.389728096676738,9.731543624161072,13.118749999999997,33.67686170212765
unsloth/phi-4,68.8208398161323,55.25314499847013,50.0,11.521252796420578,10.128385416666667,48.646202718676115
unsloth/phi-4-bnb-4bit,67.29710501469435,53.53519912141298,46.07250755287009,11.74496644295302,8.424479166666666,47.288711583924346
unsloth/phi-4-unsloth-bnb-4bit,67.93906833867472,53.84008105932037,45.61933534743202,11.521252796420578,8.7578125,47.62115839243499
upstage/SOLAR-10.7B-Instruct-v1.0,47.36609972650345,31.872401888002116,5.664652567975831,7.829977628635347,6.942187500000002,23.758865248226947
upstage/SOLAR-10.7B-v1.0,24.21264467169333,29.789358089019135,2.643504531722054,4.138702460850116,13.67786458333333,26.667774822695034
upstage/solar-pro-preview-instruct,84.15814483348626,54.82235099983529,22.05438066465257,16.10738255033557,15.007031249999995,47.48263888888889
utkmst/chimera-beta-test2-lora-merged,60.542693386880146,25.61316406168906,9.516616314199396,7.158836689038028,9.373958333333336,22.13356973995272
uukuguy/speechless-code-mistral-7b-v1.0,36.652415590632856,24.091412067845624,5.211480362537765,4.5861297539149914,14.772135416666666,23.841976950354617
uukuguy/speechless-codellama-34b-v2.0,46.04216811393768,25.99329326784064,4.305135951661631,2.572706935123052,7.205208333333334,17.137632978723403
uukuguy/speechless-coder-ds-6.7b,25.04698644042252,15.897457343156352,2.1148036253776437,1.9015659955257265,5.3421875000000005,7.986111111111111
uukuguy/speechless-instruct-mistral-7b-v0.2,32.613243970442866,24.558747365322688,4.909365558912387,4.250559284116329,21.172135416666663,21.1362293144208
uukuguy/speechless-llama2-hermes-orca-platypus-wizardlm-13b,45.61751707691148,26.79172729423422,2.0392749244712993,2.684563758389265,17.754166666666666,17.322325650118206
uukuguy/speechless-mistral-dolphin-orca-platypus-samantha-7b,37.00215428396654,29.65312947574292,2.9456193353474323,4.4742729306487705,13.850260416666664,22.11510047281324
uukuguy/speechless-zephyr-code-functionary-7b,26.957916107040433,25.983622785908505,4.229607250755287,6.711409395973152,11.613020833333332,23.269429669030732
v000000/L3-8B-Stheno-v3.2-abliterated,67.17720093795573,30.74630496568445,6.948640483383686,7.941834451901568,5.979427083333337,28.93026004728133
v000000/L3.1-Niitorm-8B-DPO-t0.0001,76.88666072687137,30.51317301580421,16.238670694864048,5.92841163310962,7.2640625,31.848404255319146
v000000/L3.1-Storniitova-8B,78.16560060639105,30.810993185589904,14.652567975830816,5.257270693512303,9.961979166666664,30.841829196217496
v000000/Qwen2.5-14B-Gutenberg-1e-Delta,80.45120280854799,48.6166718794722,52.64350453172205,10.514541387024613,9.379427083333336,43.668735224586285
v000000/Qwen2.5-14B-Gutenberg-Instruct-Slerpeno,81.97493760998594,48.45212383388064,53.24773413897282,10.850111856823268,10.053906250000002,43.59485815602837
v000000/Qwen2.5-Lumen-14B,80.63604569209697,48.50786084405761,53.625377643504535,10.402684563758392,10.291145833333337,43.363992316784866
vhab10/Llama-3.1-8B-Base-Instruct-SLERP,29.0711977552893,29.926041623092612,12.009063444108762,6.152125279642054,9.366145833333334,29.12418735224587
vhab10/Llama-3.2-Instruct-3B-TIES,47.27367828472896,19.183159360187968,9.818731117824774,2.572706935123044,3.873697916666666,21.28398345153665
vhab10/llama-3-8b-merged-linear,59.166345297144915,27.8160513277408,8.157099697885197,6.599552572706939,11.681510416666669,30.04765070921986
vicgalle/CarbonBeagle-11B,54.15298075772285,33.06060419684841,6.193353474320242,6.935123042505594,9.18723958333334,25.29181442080378
vicgalle/CarbonBeagle-11B-truthy,52.12214701436632,33.98837559181831,4.909365558912387,6.599552572706939,4.112760416666666,26.18757387706856
vicgalle/Configurable-Hermes-2-Pro-Llama-3-8B,57.62510139762497,30.50962474895478,7.628398791540786,6.263982102908276,10.062239583333334,23.30636820330969
vicgalle/Configurable-Llama-3.1-8B-Instruct,83.12399987588486,29.661397892084384,17.29607250755287,3.243847874720355,5.934375,28.800975177304966
vicgalle/Configurable-Yi-1.5-9B-Chat,43.234506664538976,35.33444508462291,20.468277945619334,12.416107382550338,12.02265625,33.5014036643026
vicgalle/ConfigurableBeagle-11B,58.34452585805663,32.392022902811185,4.305135951661631,6.935123042505594,7.379427083333333,26.381501182033094
vicgalle/ConfigurableHermes-7B,54.10798902467674,23.158164380406475,4.758308157099698,3.5794183445190177,9.110937500000004,22.50295508274231
vicgalle/ConfigurableSOLAR-10.7B,50.995580614990445,27.45095014166692,6.646525679758309,6.487695749440718,5.193229166666667,24.146719858156025
vicgalle/Humanish-RP-Llama-3.1-8B,66.69259786256023,29.95856031523668,15.181268882175228,4.921700223713646,8.26770833333333,27.51736111111111
vicgalle/Merge-Mistral-Prometheus-7B,48.48014379623842,18.41040626692948,1.812688821752266,1.789709172259505,9.950000000000005,19.076906028368796
vicgalle/Merge-Mixtral-Prometheus-8x7B,57.44025851407598,34.65142126614313,9.290030211480364,7.829977628635347,9.585416666666667,29.81678486997636
vicgalle/Roleplay-Llama-3-8B,73.20221456845613,28.554603909240623,9.138972809667674,1.45413870246085,1.6773437499999992,30.093823877068555
viettelsecurity-ai/security-llama3.2-3b,59.088884160693624,20.597405725871987,12.613293051359516,3.243847874720355,3.9049479166666674,20.41592789598109
vihangd/smart-dan-sft-v0.1,15.764615664215391,3.1255992643495936,0.9818731117824772,0.6711409395973182,1.1067708333333328,1.5772754137115832
voidful/smol-360m-ft,20.131030111216017,3.0227064431492727,0.8308157099697886,0.0,3.787239583333333,0.967789598108746
vonjack/MobileLLM-125M-HF,21.07275362704291,3.146583712799116,0.906344410876133,1.342281879194629,5.106770833333335,1.8173758865248215
vonjack/Phi-3-mini-4k-instruct-LLaMAfied,57.87488308798432,40.20185213345416,13.821752265861026,10.738255033557047,7.110937500000002,32.06080082742317
vonjack/Phi-3.5-mini-instruct-hermes-fc-json,14.15843295788508,2.390836087243887,0.7552870090634441,0.5592841163310973,8.450260416666667,1.540336879432624
vonjack/Qwen2.5-Coder-0.5B-Merged,30.997087727230415,3.5887384386437557,3.776435045317221,0.4474272930648763,0.8263020833333333,2.24216903073286
vonjack/SmolLM2-1.7B-Merged,36.979658417443495,10.766530256983184,6.268882175226587,3.9149888143176734,3.832291666666668,11.643026004728132
vonjack/SmolLM2-135M-Merged,24.829674153468353,4.587041236226676,1.1329305135951662,0.0,3.4401041666666674,1.2448286052009452
vonjack/SmolLM2-360M-Merged,32.05871531979592,4.741734006734007,1.7371601208459215,0.7829977628635317,3.357812500000001,1.087839834515365
w4r10ck/SOLAR-10.7B-Instruct-v1.0-uncensored,38.84060958257423,33.858639234912964,6.570996978851963,5.92841163310962,18.493489583333332,26.03981973995272
wanlige/li-14b-v0.4,81.32798751756451,50.384177102490106,55.740181268882175,11.85682326621924,16.349999999999998,46.30060579196218
wanlige/li-14b-v0.4-slerp,46.059677212019665,51.046628177994485,41.918429003021146,20.02237136465324,19.127083333333335,48.58156028368795
wanlige/li-14b-v0.4-slerp0.1,79.22722819895654,50.88127296750732,53.32326283987915,14.5413870246085,11.750000000000002,47.71350472813239
wannaphong/KhanomTanLLM-Instruct,16.211762567764644,3.944866059804924,1.3595166163141994,1.789709172259505,4.291145833333334,1.3187056737588652
waqasali1707/Beast-Soul-new,50.29865202108184,33.044262388969805,7.02416918429003,4.36241610738255,14.503645833333335,23.417183806146575
wave-on-discord/qwent-7b,20.148539209297997,18.066398100675865,0.3776435045317221,2.0134228187919474,5.473697916666668,6.702497044917257
weathermanj/Menda-3B-500,63.53021095138676,26.596424541570496,37.235649546827794,5.033557046979867,7.565625,27.498891843971627
weathermanj/Menda-3b-750,63.350354836278854,26.375984192530563,37.160120845921455,5.033557046979867,7.240104166666668,27.840573286052013
weathermanj/Menda-3b-Optim-100,63.98234462337709,26.024032164105297,37.160120845921455,5.257270693512303,7.979427083333333,27.341903073286055
weathermanj/Menda-3b-Optim-200,63.74752323834093,26.07213126581908,37.31117824773414,4.36241610738255,8.712760416666667,27.60047281323877
win10/ArliAI-RPMax-v1.3-merge-13.3B,30.38260703821416,23.029799582073213,3.927492447129909,3.243847874720355,14.16380208333333,24.442228132387704
win10/Breeze-13B-32k-Instruct-v1_0,35.84311848118548,25.258698638977545,1.283987915407855,1.9015659955257265,11.058072916666667,17.423906619385342
win10/EVA-Norns-Qwen2.5-v0.1,62.19630580193885,30.060941501467855,26.132930513595166,4.697986577181204,8.563802083333334,26.944813829787233
win10/Llama-3.2-3B-Instruct-24-9-29,73.32211864519475,24.196425775209622,17.069486404833835,3.243847874720355,1.4401041666666683,24.756205673758867
win10/Norns-Qwen2.5-12B,48.969733640075,23.769257476895735,8.38368580060423,4.4742729306487705,2.2028645833333327,18.44895094562648
win10/Norns-Qwen2.5-7B,61.22211288270678,30.250415044309648,26.283987915407852,4.5861297539149914,9.1265625,26.81552895981087
win10/Qwen2.5-2B-Instruct,22.728914834860394,12.07194568570475,2.2658610271903323,2.348993288590602,13.63046875,10.37788120567376
win10/llama3-13.45b-Instruct,41.44348107465968,26.67569043948038,2.416918429003021,1.1185682326621946,6.3283854166666655,26.0582890070922
win10/miscii-14b-1M-0128,41.80818007331658,37.27434361892823,47.73413897280967,17.67337807606264,28.7546875,38.79284869976359
winglian/Llama-3-8b-64k-PoSE,28.569085581811816,13.30731679540503,4.1540785498489425,1.45413870246085,3.077343750000001,16.297281323877066
winglian/llama-3-8b-256k-PoSE,29.091144829053576,5.502848923020156,1.9637462235649543,1.0067114093959737,0.9440104166666662,1.291001773049644
wzhouad/gemma-2-9b-it-WPO-HB,54.37029304467701,36.66169583479774,15.332326283987916,13.31096196868009,3.9656250000000006,26.22451241134752
x0000001/Deepseek-Lumen-R1-Qwen2.5-14B,44.36107306391486,22.725259750809624,27.794561933534744,4.697986577181204,19.04609375,37.54617316784869
xMaulana/FinMatcha-3B-Instruct,75.48283000217202,23.191022969435476,14.350453172205436,2.572706935123044,5.016666666666668,24.23906619385342
xinchen9/Llama3.1_8B_Instruct_CoT,29.73565694579272,21.14286611806116,6.042296072507553,6.935123042505594,13.166145833333337,20.877659574468087
xinchen9/Llama3.1_CoT,22.461624046419058,19.899123541883053,3.8519637462235647,5.145413870246088,11.773958333333333,19.317006501182032
xinchen9/Llama3.1_CoT_V1,24.52991396162183,20.166003338515427,3.3232628398791544,3.9149888143176734,16.419010416666666,20.05577718676123
xinchen9/Mistral-7B-CoT,27.83470081605695,14.80619341451162,2.492447129909366,0.0,8.195052083333335,14.265661938534278
xinchen9/llama3-b8-ft-dis,15.459868703927802,24.72745698442778,3.927492447129909,8.389261744966444,6.405208333333333,24.931663711583923
xkp24/Llama-3-8B-Instruct-SPPO-Iter2_bt_2b-table,63.74752323834093,27.42282120153998,9.214501510574015,1.230425055928408,5.483333333333334,29.844488770685572
xkp24/Llama-3-8B-Instruct-SPPO-Iter2_bt_8b-table,72.74509412802476,29.398353220629613,8.459214501510575,1.342281879194629,5.104947916666667,29.964539007092196
xkp24/Llama-3-8B-Instruct-SPPO-Iter2_gp_2b-table,65.68593553992297,27.695199510550037,8.91238670694864,1.230425055928408,2.291145833333333,30.019946808510632
xkp24/Llama-3-8B-Instruct-SPPO-Iter2_gp_8b-table,66.20799478716472,28.508587310114308,8.610271903323262,1.230425055928408,5.001041666666667,28.88408687943262
xkp24/Llama-3-8B-Instruct-SPPO-score-Iter2_bt_2b-table-0.001,60.42278931014154,27.61371406788812,9.969788519637463,1.230425055928408,5.216666666666668,30.093823877068555
xkp24/Llama-3-8B-Instruct-SPPO-score-Iter2_bt_8b-table-0.002,71.31876753680235,28.574878539626724,8.534743202416918,1.1185682326621946,6.067708333333335,29.604388297872337
xkp24/Llama-3-8B-Instruct-SPPO-score-Iter2_gp_2b-table-0.001,59.4710922574325,26.943904089240508,10.725075528700906,1.230425055928408,2.328385416666666,30.04765070921986
xkp24/Llama-3-8B-Instruct-SPPO-score-Iter2_gp_8b-table-0.002,64.53188650558296,28.046977965255564,9.365558912386708,1.342281879194629,7.334375000000001,28.10837765957446
xukp20/Llama-3-8B-Instruct-SPPO-Iter3_bt_2b-table,57.5601625908146,26.866404089240515,9.969788519637463,1.230425055928408,2.9794270833333325,29.539745862884164
xukp20/Llama-3-8B-Instruct-SPPO-Iter3_bt_8b-table,70.34457461757027,29.73123940180749,9.667673716012084,1.230425055928408,3.904947916666666,29.918365839243503
xukp20/Llama-3-8B-Instruct-SPPO-Iter3_gp_2b-table,60.23794642659256,27.892403263090213,10.42296072507553,1.230425055928408,3.187239583333333,29.53051122931442
xukp20/Llama-3-8B-Instruct-SPPO-Iter3_gp_8b-table,66.20300801872366,28.43982384277912,9.365558912386708,1.230425055928408,5.1265624999999995,29.050310283687946
xukp20/Llama-3-8B-Instruct-SPPO-score-Iter3_bt_2b-table-0.001,53.363630722039744,27.145373836403248,9.818731117824774,1.230425055928408,4.712760416666668,29.161125886524825
xukp20/Llama-3-8B-Instruct-SPPO-score-Iter3_bt_8b-table-0.002,68.5160928558447,29.740550305634912,7.175226586102719,1.1185682326621946,5.630468750000001,29.12418735224587
xukp20/Llama-3-8B-Instruct-SPPO-score-Iter3_gp_2b-table-0.001,54.82242671666733,26.839803365680336,8.91238670694864,1.45413870246085,2.9421874999999997,29.678265366430256
xukp20/llama-3-8b-instruct-sppo-iter1-gp-2b-tau01-table,69.00069593124022,28.11988708608538,10.498489425981871,1.230425055928408,3.0833333333333326,30.17693557919622
xwen-team/Xwen-7B-Chat,68.6409837010244,30.9216327073333,45.090634441087616,1.45413870246085,6.795052083333332,36.55806737588653
xxx777xxxASD/L3.1-ClaudeMaid-4x8B,66.96487541944263,29.437347820739543,14.123867069486405,5.480984340044745,13.750520833333333,28.671690307328607
yam-peleg/Hebrew-Gemma-11B-Instruct,30.207737691547315,16.86274051283721,6.570996978851963,3.467561521252797,9.973437500000005,17.266917848699762
yam-peleg/Hebrew-Mistral-7B,23.28344348550734,20.176940422218426,4.984894259818732,3.9149888143176734,7.673697916666668,19.778738179669027
yam-peleg/Hebrew-Mistral-7B-200K,18.557316808290892,17.49360317518456,2.3413897280966767,3.467561521252797,4.5265625000000025,17.47931442080378
yanng1242/Marcoro14-7B-slerp,40.59916576904835,32.97528227053496,7.477341389728097,8.612975391498878,17.844791666666662,24.09131205673759
yasserrmd/Coder-GRPO-3B,62.07640172520024,22.912311342227735,32.02416918429003,3.691275167785232,10.365625000000003,24.414524231678485
yasserrmd/Text2SQL-1.5B,28.574072350252884,13.675719585052784,6.797583081570997,5.033557046979867,10.179947916666668,15.142952127659573
ycros/BagelMIsteryTour-v2-8x7B,59.9431730031871,31.69928662894613,7.854984894259818,7.270693512304249,11.303125,27.48042257683215
yfzp/Llama-3-8B-Instruct-SPPO-Iter1_bt_2b-table,67.08976626462231,28.170106538118223,11.178247734138973,1.230425055928408,3.85390625,30.17693557919622
yfzp/Llama-3-8B-Instruct-SPPO-Iter1_bt_8b-table,73.32710541363582,29.308127928492553,10.347432024169184,1.342281879194629,5.008854166666667,30.537086288416077
yfzp/Llama-3-8B-Instruct-SPPO-Iter1_gp_2b-table,67.84664689690022,27.469588233937547,11.253776435045316,1.230425055928408,2.7500000000000018,30.1954048463357
yfzp/Llama-3-8B-Instruct-SPPO-Iter1_gp_8b-table,71.31876753680235,28.604424224788858,9.894259818731117,1.230425055928408,3.683333333333333,29.807550236406616
yfzp/Llama-3-8B-Instruct-SPPO-score-Iter1_bt_2b-table-0.001,64.95653754260917,28.09919885125768,10.120845921450153,1.230425055928408,4.8460937500000005,30.223108747044915
yfzp/Llama-3-8B-Instruct-SPPO-score-Iter1_bt_8b-table-0.002,71.96073086078272,28.785910542437534,8.761329305135952,1.342281879194629,5.593229166666667,30.38009751773049
yfzp/Llama-3-8B-Instruct-SPPO-score-Iter1_gp_2b-table-0.001,65.04397221594259,27.82525272195498,9.365558912386708,1.230425055928408,2.853906249999999,30.029181442080382
yfzp/Llama-3-8B-Instruct-SPPO-score-Iter1_gp_8b-table-0.002,70.15973173402128,28.12061516996449,8.685800604229607,1.230425055928408,4.6382812499999995,29.659796099290777
yifAI/Llama-3-8B-Instruct-SPPO-score-Iter3_gp_8b-table-0.002,64.89658550423985,27.28106392287093,7.552870090634441,1.5659955257270708,7.134375000000002,27.997562056737586
ylalain/ECE-PRYMMAL-YL-1B-SLERP-V8,15.05272676498358,15.175392374828268,0.4531722054380665,5.257270693512303,6.765625,15.373817966903072
ymcki/Llama-3.1-8B-GRPO-Instruct,74.45367181301171,30.353176522305507,20.241691842900305,5.92841163310962,7.607031250000003,30.4262706855792
ymcki/Llama-3.1-8B-SFT-GRPO-Instruct,33.54000718094656,4.467782695872583,4.003021148036254,0.4474272930648763,2.408854166666666,1.087839834515365
ymcki/gemma-2-2b-ORPO-jpn-it-abliterated-18,46.30945890237902,16.30199203988385,4.305135951661631,5.145413870246088,4.728385416666668,14.939790189125294
ymcki/gemma-2-2b-ORPO-jpn-it-abliterated-18-merge,52.18209905273564,17.34833699622109,5.438066465256798,4.4742729306487705,3.357812500000001,16.232638888888886
ymcki/gemma-2-2b-jpn-it-abliterated-17,50.815724499882535,16.23474918432881,3.8519637462235647,2.9082774049216997,3.891145833333333,16.16799645390071
ymcki/gemma-2-2b-jpn-it-abliterated-17-18-24,50.54843371144119,13.114728218255616,2.56797583081571,4.138702460850116,2.0695312500000003,14.247192671394798
ymcki/gemma-2-2b-jpn-it-abliterated-17-ORPO,47.478468242042226,14.389413087436518,6.193353474320242,3.243847874720355,4.5283854166666675,13.231382978723405
ymcki/gemma-2-2b-jpn-it-abliterated-17-ORPO-alpaca,30.647349033896724,16.922412033306475,3.2477341389728096,2.572706935123044,7.914583333333336,13.8778073286052
ymcki/gemma-2-2b-jpn-it-abliterated-18,51.75246124726836,17.143414938177205,4.45619335347432,3.1319910514541416,4.269531250000001,16.722074468085104
ymcki/gemma-2-2b-jpn-it-abliterated-18-ORPO,47.42350297211399,16.538078577820993,4.682779456193353,1.5659955257270708,7.416666666666667,13.166740543735225
ymcki/gemma-2-2b-jpn-it-abliterated-24,49.786566310722215,16.772590130572933,4.380664652567976,3.691275167785232,7.002864583333333,16.37115839243499
yuchenxie/ArlowGPT-3B-Multilingual,63.95486198841297,19.503170070297383,11.253776435045316,4.026845637583895,4.083333333333333,20.18506205673759
yuchenxie/ArlowGPT-8B,78.46536079823757,29.842908708676827,20.39274924471299,5.8165548098433995,8.36197916666667,30.961879432624112
yuvraj17/Llama3-8B-SuperNova-Spectrum-Hermes-DPO,46.90897928607207,21.238562899271304,5.664652567975831,6.935123042505594,9.619010416666669,18.162677304964536
yuvraj17/Llama3-8B-SuperNova-Spectrum-dare_ties,40.127085023293745,23.492187889680057,8.459214501510575,3.355704697986576,11.003385416666667,28.59781323877068
yuvraj17/Llama3-8B-abliterated-Spectrum-slerp,28.84878788281759,28.54692976096071,6.042296072507553,6.823266219239373,11.011197916666662,25.07941784869976
zake7749/gemma-2-2b-it-chinese-kyara-dpo,53.82075116247113,19.061804188812648,8.38368580060423,2.2371364653243813,16.761979166666666,17.47931442080378
zake7749/gemma-2-9b-it-chinese-kyara,17.642965110351646,41.100635505919165,10.498489425981871,11.74496644295302,11.991406250000002,35.32062647754137
zelk12/Gemma-2-TM-9B,80.44621604010692,42.04949103777593,20.241691842900305,12.863534675615217,11.238281249999996,34.314051418439725
zelk12/MT-Gen1-gemma-2-9B,78.86252920029965,44.01124668886745,22.20543806646526,12.863534675615217,11.577604166666667,37.56464243498817
zelk12/MT-Gen2-GI-gemma-2-9B,79.13979352562313,44.00259101447648,22.05438066465257,13.422818791946312,12.673697916666669,37.28760342789598
zelk12/MT-Gen2-gemma-2-9B,79.07485471881274,44.10778153097642,21.90332326283988,12.863534675615217,13.303125000000003,37.63851950354609
zelk12/MT-Gen3-gemma-2-9B,80.20142111818863,43.95064827244946,22.9607250755287,13.19910514541387,11.577604166666667,37.28760342789598
zelk12/MT-Gen4-gemma-2-9B,78.83005979689446,43.96040416470536,22.356495468277945,13.982102908277405,11.38359375,37.63851950354609
zelk12/MT-Gen5-gemma-2-9B,79.23221496739761,44.39824361895261,21.52567975830816,13.534675615212524,10.8875,37.80474290780142
zelk12/MT-Gen6-gemma-2-9B,16.15668648075994,39.39691509660613,8.23262839879154,11.0738255033557,8.86588541666667,35.172872340425535
zelk12/MT-Gen6fix-gemma-2-9B,15.759518078697855,40.78635026219728,8.157099697885197,11.6331096196868,9.385416666666666,34.66496749408983
zelk12/MT-Gen7-gemma-2-9B,16.641289556155446,40.939071043896035,8.91238670694864,11.409395973154364,9.755989583333331,34.692671394799056
zelk12/MT-Max-Merge_02012025163610-gemma-2-9B,79.07485471881274,44.5016839041576,22.129909365558913,13.534675615212524,11.250260416666668,37.730865839243506
zelk12/MT-Merge-gemma-2-9B,80.35379459833243,44.32084182103274,22.05438066465257,13.087248322147648,12.103125,37.35224586288417
zelk12/MT-Merge1-gemma-2-9B,79.01490268044344,44.05824559954283,22.885196374622357,13.534675615212524,12.148177083333335,37.49076536643025
zelk12/MT-Merge2-MU-gemma-2-MTg2MT1g2-9B,79.55945779420827,43.840199946938355,21.827794561933533,13.422818791946312,13.228645833333337,37.47229609929077
zelk12/MT-Merge2-gemma-2-9B,78.77010775852516,44.15719687702352,23.48942598187311,13.422818791946312,11.510937500000002,37.57387706855792
zelk12/MT-Merge3-gemma-2-9B,78.58526487497618,44.06607310905077,22.05438066465257,13.19910514541387,12.452083333333336,37.48153073286053
zelk12/MT-Merge4-gemma-2-9B,78.07317916461656,44.05349239999947,21.676737160120847,13.646532438478744,12.479687500000002,37.66622340425532
zelk12/MT-Merge5-gemma-2-9B,78.43787816327344,44.240598262546506,21.827794561933533,13.758389261744966,12.250260416666668,37.63851950354609
zelk12/MT-Merge6-gemma-2-9B,16.946036516443037,41.321961057304115,8.006042296072508,10.514541387024613,9.82265625,34.6095596926714
zelk12/MT-gemma-2-9B,79.68434863938793,43.32424255563143,20.54380664652568,12.751677852348994,9.555989583333336,35.819296690307326
zelk12/MT1-Gen1-gemma-2-9B,79.74430067775725,44.27328174531427,22.432024169184288,12.527964205816552,13.103125000000004,37.50923463356973
zelk12/MT1-Gen2-gemma-2-9B,79.83672211953174,43.91919055805058,22.507552870090635,13.646532438478744,12.844270833333336,37.278368794326234
zelk12/MT1-Gen3-gemma-2-9B,79.5969139660545,43.99030612548967,22.432024169184288,13.19910514541387,12.007031250000002,37.21372635933806
zelk12/MT1-Gen4-gemma-2-9B,79.41207108250552,43.145368161068774,21.6012084592145,12.975391498881436,12.089322916666667,36.51189420803782
zelk12/MT1-Gen5-IF-gemma-2-S2DMv1-9B,79.29216700576691,42.20102785338743,20.31722054380665,12.527964205816552,12.593229166666664,35.754654255319146
zelk12/MT1-Gen5-gemma-2-9B,77.94828831943687,42.49676419899819,20.770392749244714,12.863534675615217,11.459895833333334,35.80082742316785
zelk12/MT1-Gen6-gemma-2-9B,16.33654259586785,41.26198928071469,8.08157099697885,10.402684563758392,8.62265625,34.812721631205676
zelk12/MT1-Gen7-gemma-2-9B,16.33654259586785,41.18207626381973,8.308157099697885,10.402684563758392,10.022656250000002,34.94200650118203
zelk12/MT1-Max-Merge_02012025163610-gemma-2-9B,79.28718023732586,44.2263771296489,22.2809667673716,13.982102908277405,11.8875,37.57387706855792
zelk12/MT1-gemma-2-9B,79.46703635243378,44.16152621661877,22.356495468277945,12.751677852348994,13.161979166666669,37.30607269503546
zelk12/MT2-Gen1-gemma-2-9B,78.55778224001206,44.141103157274806,22.129909365558913,12.416107382550338,12.007031250000002,37.51846926713948
zelk12/MT2-Gen2-gemma-2-9B,78.89001183526376,44.04450256220759,21.827794561933533,12.863534675615217,12.577604166666667,37.64775413711584
zelk12/MT2-Gen3-gemma-2-9B,78.10066179958066,44.007274058843926,21.07250755287009,12.863534675615217,12.052083333333336,37.49076536643025
zelk12/MT2-Gen4-gemma-2-9B,78.95993741051521,43.778361681045226,22.356495468277945,12.751677852348994,10.467708333333336,36.89974881796691
zelk12/MT2-Gen5-gemma-2-9B,77.49116787900549,43.12428137338583,21.07250755287009,13.534675615212524,12.385416666666664,36.68735224586289
zelk12/MT2-Gen6-gemma-2-9B,16.641289556155446,41.771094311913785,8.459214501510575,11.74496644295302,10.748177083333331,35.662307919621746
zelk12/MT2-Gen7-gemma-2-9B,17.615482475387527,43.57419892144867,10.196374622356496,13.982102908277405,11.540364583333336,36.788933215130015
zelk12/MT2-Max-Merge_02012025163610-gemma-2-9B,79.01490268044344,44.04081717896338,22.432024169184288,13.534675615212524,11.354166666666666,37.67545803782505
zelk12/MT2-gemma-2-9B,78.85754243185858,44.16748136989228,22.129909365558913,12.975391498881436,11.540364583333334,37.42612293144209
zelk12/MT3-Gen1-gemma-2-9B,78.37792612490415,44.119494687402835,21.45015105740181,12.863534675615217,10.755989583333337,36.96439125295508
zelk12/MT3-Gen2-gemma-2-9B,78.43289139483238,43.94022574925496,22.356495468277945,14.317673378076066,10.022656250000002,37.02903368794326
zelk12/MT3-Gen3-gemma-2-9B,78.56276900845313,43.78374025194924,21.52567975830816,13.534675615212524,12.518750000000002,36.696586879432616
zelk12/MT3-Gen4-gemma-2-9B,77.37126380226687,43.77959090180507,20.619335347432024,12.975391498881436,14.72109375,37.63851950354609
zelk12/MT3-Gen5-gemma-2-9B,79.90166092634212,43.9511986459128,22.658610271903324,13.758389261744966,11.422656250000005,36.8535756501182
zelk12/MT3-Gen5-gemma-2-9B_v1,79.9616129647114,44.15960180869316,22.2809667673716,13.19910514541387,11.481510416666673,37.32454196217494
zelk12/MT3-Gen6-gemma-2-9B,17.615482475387527,42.63936302517612,8.836858006042297,12.416107382550338,10.638281250000004,34.47104018912529
zelk12/MT3-Max-Merge_02012025163610-gemma-2-9B,17.615482475387527,44.206519793342466,10.120845921450153,13.422818791946312,11.78359375,37.65698877068557
zelk12/MT3-gemma-2-9B,77.86085364610345,44.24846451595969,21.676737160120847,12.639821029082771,11.903125,36.96439125295508
zelk12/MT4-Gen1-gemma-2-9B,78.94996387363307,44.0095244503664,21.978851963746223,12.527964205816552,13.0953125,37.65698877068557
zelk12/MT4-Gen2-gemma-2-9B,80.50616807847622,44.17665766133724,23.26283987915408,12.751677852348994,12.207031250000002,37.41688829787233
zelk12/MT4-Gen3-gemma-2-9B,78.40540875986827,43.894390102514826,21.90332326283988,12.527964205816552,11.940364583333334,37.56464243498817
zelk12/MT4-Gen4-gemma-2-9B,78.74262512356104,43.475810110859705,21.45015105740181,13.646532438478744,12.044270833333336,36.927452718676115
zelk12/MT4-Gen5-gemma-2-9B,77.88833628106758,43.94789156904174,22.658610271903324,14.205816554809845,12.020833333333334,37.60158096926713
zelk12/MT4-Max-Merge_02012025163610-gemma-2-9B,17.70790391716202,44.17398166698081,9.516616314199396,13.534675615212524,11.38359375,37.67545803782505
zelk12/MT4-gemma-2-9B,77.61605872418517,43.55382749958519,20.84592145015106,11.74496644295302,12.999218750000002,37.39841903073286
zelk12/MT5-Gen1-gemma-2-9B,78.31298731809378,44.18333461079421,22.129909365558913,12.975391498881436,11.614843750000004,37.42612293144209
zelk12/MT5-Gen2-gemma-2-9B,79.62439660101863,44.11321466977781,22.05438066465257,13.534675615212524,10.436458333333333,37.54617316784869
zelk12/MT5-Gen3-gemma-2-9B,78.25303527972446,43.88591333925529,21.676737160120847,13.534675615212524,12.081510416666667,37.5
zelk12/MT5-Gen4-gemma-2-9B,78.34545672149895,44.32321082390572,22.432024169184288,13.758389261744966,11.354166666666666,37.74010047281324
zelk12/MT5-Gen5-gemma-2-9B,79.47202312087482,44.1150811115254,22.58308157099698,13.087248322147648,11.555989583333336,36.99209515366431
zelk12/MT5-Max-Merge_02012025163610-gemma-2-9B,17.615482475387527,44.27440650358212,9.818731117824774,13.534675615212524,11.213020833333331,37.66622340425532
zelk12/MT5-gemma-2-9B,80.4786854435121,44.27125659181852,22.58308157099698,12.416107382550338,11.481510416666673,37.4076536643026
zelk12/MTM-Merge-gemma-2-9B,77.98075772284206,44.380677269180374,21.75226586102719,13.982102908277405,11.946354166666666,37.64775413711584
zelk12/MTMaMe-Merge_02012025163610-gemma-2-9B,17.860277397305815,44.16046314846229,9.59214501510574,13.646532438478744,11.4796875,37.57387706855792
zelk12/Rv0.4DMv1t0.25-gemma-2-9B,74.96575752337131,43.66476423073275,22.58308157099698,12.751677852348994,12.932552083333334,37.786273640661946
zelk12/Rv0.4DMv1t0.25Tt0.25-gemma-2-9B,76.46200968984516,43.91481856092577,20.694864048338367,12.304250559284116,12.703125000000002,37.186022458628834
zelk12/Rv0.4MT4g2-gemma-2-9B,73.20221456845613,43.19904579899195,19.486404833836858,13.758389261744966,11.918750000000005,37.97096631205674
zelk12/T31122024203920-gemma-2-9B,76.76176988169169,43.72899711113373,20.54380664652568,13.422818791946312,13.324739583333328,37.47229609929077
zelk12/Test01012025155054,15.552290145702292,1.2805465682883084,0.0,0.0,3.7109375,1.0047281323877066
zelk12/Test01012025155054t0.5_gemma-2,15.552290145702292,1.2805465682883084,0.0,0.0,3.7109375,1.0047281323877066
zelk12/gemma-2-S2MTM-9B,78.22555264476034,43.11572752288462,20.468277945619334,12.751677852348994,12.163802083333328,36.63194444444445
zelk12/recoilme-gemma-2-Ataraxy-9B-v0.1,76.48949232480928,43.706516090138706,22.80966767371601,13.31096196868009,10.303125000000003,36.89974881796691
zelk12/recoilme-gemma-2-Ataraxy-9B-v0.1-t0.25,77.06651684197928,43.85035014659934,21.45015105740181,12.416107382550338,13.132552083333335,37.77703900709219
zelk12/recoilme-gemma-2-Ataraxy-9B-v0.1-t0.75,72.08063493752132,42.487153128065906,20.166163141993955,13.31096196868009,7.755989583333336,34.895833333333336
zelk12/recoilme-gemma-2-Ataraxy-9B-v0.2,75.99990248097271,43.63358839796041,22.2809667673716,13.087248322147648,9.836458333333338,36.91821808510639
zelk12/recoilme-gemma-2-Gutenberg-Doppel-9B-v0.1,76.15227596111652,43.94125829423596,20.996978851963743,12.192393736017896,13.310937499999996,36.83510638297872
zelk12/recoilme-gemma-2-Ifable-9B-v0.1,79.43955371746965,43.39057008013784,22.05438066465257,13.534675615212524,11.0953125,36.927452718676115
zelk12/recoilme-gemma-2-psy10k-mental_healt-9B-v0.1,74.45367181301171,42.1326829485998,18.882175226586103,12.527964205816552,12.18359375,35.33909574468085
zetasepic/Qwen2.5-32B-Instruct-abliterated-v2,83.34131216283905,56.53381848053764,59.51661631419939,15.659955257270694,14.928385416666664,51.35195035460993
zetasepic/Qwen2.5-72B-Instruct-abliterated,71.52610628687438,59.912975835046495,52.416918429003026,20.917225950782996,19.122916666666665,54.13157505910166
zhengr/MixTAO-7Bx2-MoE-v8.1,41.878105648568024,19.17690717348315,6.042296072507553,6.487695749440718,8.303124999999996,20.517508865248228
